﻿TIPO_DE_ELECCIÓN:,CORPORACIÓN MUNICIPAL
26 junio 2023 03:36 (UTC -6)
ACTAS_ESPERADAS,ACTAS_CAPTURADAS,PORCENTAJE_ACTAS_CAPTURADAS,ACTAS_CONTABILIZADAS,PORCENTAJE_ACTAS_CONTABILIZADAS,ACTAS_NO_CONTABILIZADAS,LISTA_NOMINAL_ACTAS_CONTABILIZADAS,VOTOS_EMITIDOS_CONTABILIZADAS,PORCENTAJE_PARTICIPACIÓN_CIUDADANA
55,49,89.0909,49,89.0909,0,19077,13502,70.7763

MESA,DEPARTAMENTO,ID_DEPARTAMENTO,MUNICIPIO,ID_MUNICIPIO,CENTRO_DE_VOTACIÓN,PADRÓN,MLP,VALOR,UNE,VAMOS,PPN,CABAL,VIVA,CAMBIO,TODOS,VOS,PHG,CREO,VÁLIDOS,NULOS,BLANCO,EMITIDOS,INVÁLIDOS,TOTAL,IMPUGNACIONES,PAPELETAS-RECIBIDAS,PAPELETAS-NO-USADAS,VALIDOS_CALCULADO,EMITIDOS_CALCULADO,TOTAL_CALCULADO,OBSERVACIONES,CONTABILIZADA,CÓDIGO_INTEGRIDAD,FECHA_HORA_PUBLICACIÓN,DIGITALIZACIÓN
19053,"Alta Verapaz",16,"Tactic",4,2922,400,2,19,34,77,106,3,6,18,1,5,0,3,274,13,4,291,2,293,--,397,104,274,291,293,Algún campo sin dato,1,6b4e7edf7e853dbd31270fb87cb802852c324fa1358406f152266f70aa437b6d,26/06/2023 02:11:41,ESCANER
19054,"Alta Verapaz",16,"Tactic",4,2922,400,9,16,25,73,125,6,5,13,1,2,2,1,278,22,3,303,0,303,--,403,100,278,303,303,Algún campo sin dato,1,0b09ad51db2e19742f50dddb4fa32515293c7382a5e05c7106973ed2d5de2f86,26/06/2023 01:33:18,ESCANER
19055,"Alta Verapaz",16,"Tactic",4,2922,400,5,26,44,85,105,3,8,13,2,4,3,2,300,14,2,316,0,316,--,407,91,300,316,316,Algún campo sin dato,1,046db420f267afb17fdaa2f98617f5446eff8f6ff9a9e4de742ae10f738de1ff,26/06/2023 02:22:50,ESCANER
19056,"Alta Verapaz",16,"Tactic",4,2922,400,4,16,49,100,101,2,7,10,0,2,2,2,314,19,0,314,0,314,--,400,86,295,314,314,Sumas Asentadas sin cuadrar,1,296ffee31ca3b0d127ccfe808958b8cb40389f1955119dd6a14b1492a40d5c8a,26/06/2023 02:34:18,ESCANER
19057,"Alta Verapaz",16,"Tactic",4,2922,400,4,29,41,102,112,3,5,9,2,5,2,3,317,8,5,330,0,330,--,407,77,317,330,330,Algún campo sin dato,1,4ade80385e23693dee4adbd1fb1f10353c3567e9e4838bccaa691b87de766d3f,26/06/2023 01:50:36,ESCANER
19058,"Alta Verapaz",16,"Tactic",4,2922,400,,,,,,,,,,,,,,,,,,,,,,,,,,0,,,
19059,"Alta Verapaz",16,"Tactic",4,2922,400,2,30,44,78,121,2,6,9,3,3,2,1,301,20,2,323,0,323,--,405,82,301,323,323,Algún campo sin dato,1,6b3a85444e4a67330b22543cf8d730ff452358e69e1089eddcd1e3e08c3c50ff,25/06/2023 23:44:50,ESCANER
19060,"Alta Verapaz",16,"Tactic",4,2922,400,1,32,67,76,113,3,1,8,1,3,1,1,307,24,5,336,0,336,--,400,64,307,336,336,Algún campo sin dato,1,8dfc422a3453b15050b45368595cc91667f4b8e5f3f517dbaa8f63073a8c4cc2,26/06/2023 02:07:47,ESCANER
19061,"Alta Verapaz",16,"Tactic",4,2922,400,1,27,66,100,87,4,9,8,2,2,0,3,309,6,6,321,9,330,--,407,77,309,321,330,Algún campo sin dato,1,0d4fd7b8d47b268c6c3d07efe9a54dedd391a405101e209e3f0608a0d45fcc6b,26/06/2023 01:14:22,ESCANER
19062,"Alta Verapaz",16,"Tactic",4,2923,400,1,40,48,88,89,7,5,6,2,1,0,0,287,29,6,322,0,322,--,411,89,287,322,322,Algún campo sin dato,1,1fcc3527d1aea63a6a046f03094b92874c4aa2ec25ec602e66fc46ef118ec658,26/06/2023 01:46:39,ESCANER
19063,"Alta Verapaz",16,"Tactic",4,2923,400,0,68,45,68,80,8,6,9,2,6,10,2,304,18,7,329,8,337,--,407,70,304,329,337,Algún campo sin dato,1,94cf4bc80ebbc52d759322fd21ba7e193bda4e4dcc6cdf22261dd052b84d2372,26/06/2023 03:32:23,ESCANER
19064,"Alta Verapaz",16,"Tactic",4,2923,400,3,30,52,86,91,6,6,13,0,3,0,1,291,15,2,308,0,308,--,407,99,291,308,308,Algún campo sin dato,1,1dafd4e212e3b490775a4b478d349f085856dae8ec632d8ccef698ec96b24406,26/06/2023 03:13:18,ESCANER
19065,"Alta Verapaz",16,"Tactic",4,2923,400,1,35,31,87,108,4,3,6,0,3,2,2,282,11,3,296,0,296,--,407,111,282,296,296,Algún campo sin dato,1,8997484c334009f836c7d0eebc271cc645acbe2f6b201e740b39e50ba998b79b,25/06/2023 23:59:58,ESCANER
19066,"Alta Verapaz",16,"Tactic",4,2923,400,1,35,33,77,90,0,4,17,1,3,2,1,264,5,0,269,1,270,1,404,134,264,269,270,,1,cfe44839587f5a8951a2171a846afbfa203e13e31aacf53eed47f32bf249f953,26/06/2023 01:39:19,ESCANER
19067,"Alta Verapaz",16,"Tactic",4,2923,400,0,25,31,65,108,3,7,10,3,7,3,2,264,8,0,272,0,272,--,407,135,264,272,272,Algún campo sin dato,1,3f3855baa0c9af9fa451eac8c2d92ab0e4086c31d25e10c56545df32921f3c70,26/06/2023 02:21:57,ESCANER
19068,"Alta Verapaz",16,"Tactic",4,2923,400,0,32,35,61,100,5,4,16,5,4,3,7,272,10,0,282,0,282,--,400,118,272,282,282,Algún campo sin dato,1,5f0621a099a8ff6e0f7c325ae87fb1964005af11fe82076d092941499d33b66a,26/06/2023 03:25:21,ESCANER
19069,"Alta Verapaz",16,"Tactic",4,2923,400,3,25,27,70,103,4,4,14,2,6,1,4,263,9,1,273,0,273,--,407,134,263,273,273,Algún campo sin dato,1,ef7fca914a181bc1e4bcddaacd49f8fce7675917dc7dd0921e240bcf2b44b08c,26/06/2023 02:58:18,ESCANER
19070,"Alta Verapaz",16,"Tactic",4,2923,400,1,27,25,71,133,5,2,8,1,3,0,3,279,14,1,294,0,294,--,407,113,279,294,294,Algún campo sin dato,1,6b0ec3426156756157bca4bebbac7c056d3139a1bed1c522fa8023404a265178,26/06/2023 02:29:05,ESCANER
19071,"Alta Verapaz",16,"Tactic",4,2924,400,1,35,25,79,83,3,8,11,1,3,0,5,245,14,11,270,0,270,--,405,135,254,279,279,Sumas Asentadas sin cuadrar,1,c78967f57f58f1ec17d0f4b5d6e3975e1e35d3d2bb30dc1d4976160a5648e60e,26/06/2023 02:17:31,ESCANER
19072,"Alta Verapaz",16,"Tactic",4,2924,400,2,19,22,78,101,3,2,13,2,4,1,5,252,9,0,261,4,265,--,407,142,252,261,265,Algún campo sin dato,1,75c1db9f8b2d333a7522bd2ef9e869351f165cf9674824f21fc9aabd88dcbaa7,26/06/2023 02:23:12,ESCANER
19073,"Alta Verapaz",16,"Tactic",4,2924,400,3,19,28,63,110,4,4,10,2,5,2,2,253,10,2,264,1,265,--,407,142,252,264,265,Sumas Asentadas sin cuadrar,1,4c4b78bfc60e40e141975b20dab52780f1aff58799b9072747661e07b33450f8,26/06/2023 01:26:02,ESCANER
19074,"Alta Verapaz",16,"Tactic",4,2924,400,5,29,39,63,75,1,5,11,1,3,2,0,234,14,0,248,0,248,--,407,159,234,248,248,Algún campo sin dato,1,a7ac395b35d954959e0f098f6ba5970d994ece46921bec4b471b8686da59e1e8,26/06/2023 01:32:10,ESCANER
19075,"Alta Verapaz",16,"Tactic",4,2924,400,5,18,19,63,100,1,2,12,3,3,2,0,228,4,0,232,0,232,--,400,168,228,232,232,Algún campo sin dato,1,2a8f4326a18cf2cfb046fb733721898731b07161c75173865ae6cdf94fc1da1a,26/06/2023 01:09:55,ESCANER
19076,"Alta Verapaz",16,"Tactic",4,2924,400,0,26,26,64,105,5,0,6,1,5,1,1,240,5,0,245,0,245,--,404,159,240,245,245,Algún campo sin dato,1,f13e434ed5029e98affe500fdfc59a1813f0296bba12d1286385dfe1cbf562fb,26/06/2023 01:56:21,ESCANER
19077,"Alta Verapaz",16,"Tactic",4,2925,400,2,53,17,53,95,0,3,12,2,2,3,0,242,5,0,247,0,247,1,400,152,242,247,247,,1,db993a002357def2bf021ed698ff63936eb952496b3d9efff1fa9de96255bc6b,26/06/2023 01:27:41,ESCANER
19078,"Alta Verapaz",16,"Tactic",4,2925,400,,,,,,,,,,,,,,,,,,,,,,,,,,0,,,
19079,"Alta Verapaz",16,"Tactic",4,2925,400,5,49,20,75,102,0,1,12,1,4,0,0,269,6,1,276,0,276,--,400,124,269,276,276,Algún campo sin dato,1,5eaf23e5d5170063577bf0c0af68cda7a8456111dd381eb46f09040a96068111,26/06/2023 01:01:25,ESCANER
19080,"Alta Verapaz",16,"Tactic",4,2925,400,2,30,27,47,99,6,3,8,2,2,2,3,231,2,2,235,0,235,--,414,179,231,235,235,Algún campo sin dato,1,7074a183f2a16eaede0ecdd981511af2b8266458244b87a7f5ae611bfba75d5f,26/06/2023 01:44:01,ESCANER
19081,"Alta Verapaz",16,"Tactic",4,2925,378,,,,,,,,,,,,,,,,,,,,,,,,,,0,,,
19082,"Alta Verapaz",16,"Tactic",4,2925,377,3,23,27,50,78,4,2,8,0,2,0,2,199,8,2,209,0,209,--,381,172,199,209,209,Algún campo sin dato,1,32cabcefa6a3eff5d3e3b79d4c070971dc98cc9f2235cb602046f287de08e182,25/06/2023 23:36:36,ESCANER
19083,"Alta Verapaz",16,"Tactic",4,2926,400,3,13,41,72,124,4,7,2,2,2,11,1,282,15,6,303,0,303,--,404,101,282,303,303,Algún campo sin dato,1,a9c1917c55dc614bd87f955507689eb4c801c66a73f22d01bc45fda6501d3188,26/06/2023 01:56:24,ESCANER
19084,"Alta Verapaz",16,"Tactic",4,2926,322,4,25,16,34,94,13,5,3,2,2,8,2,208,21,1,230,0,230,--,325,95,208,230,230,Algún campo sin dato,1,aaf2af959f40de64ec06d46dd9df055e04e4acb28a7369029fab2783dd6a9684,26/06/2023 00:01:02,ESCANER
19085,"Alta Verapaz",16,"Tactic",4,2926,322,0,28,11,52,85,3,4,7,0,2,8,2,202,3,1,206,0,206,--,322,116,202,206,206,Algún campo sin dato,1,2676e5b44afb35e5913a4aec7e95516a826d2e28bf2913fda22de397f6594275,26/06/2023 02:14:21,ESCANER
19086,"Alta Verapaz",16,"Tactic",4,2927,400,3,17,49,105,60,4,14,15,2,4,4,1,278,26,7,311,0,311,--,407,96,278,311,311,Algún campo sin dato,1,43f505cd2ddf81f9dfae779779f14180df4fcf1258773e17070ebfeb5e702f1f,26/06/2023 02:46:04,ESCANER
19087,"Alta Verapaz",16,"Tactic",4,2927,400,3,27,45,95,66,3,7,8,6,1,1,1,263,36,8,307,0,307,--,407,100,263,307,307,Algún campo sin dato,1,9b52a8199f62d48f7538ce65a8e6bfb6ad03af8a2a3e24d8251f28d36a71868b,26/06/2023 01:37:42,ESCANER
19088,"Alta Verapaz",16,"Tactic",4,2927,400,2,26,24,59,97,4,4,11,5,1,5,0,238,29,7,274,0,274,--,400,126,238,274,274,Algún campo sin dato,1,2b204e28603c1ce465f4d273361d171892a498474cdd9c18cbbee9afde1ca656,25/06/2023 23:57:28,ESCANER
19089,"Alta Verapaz",16,"Tactic",4,2927,278,1,21,22,43,47,4,2,9,4,2,2,0,157,8,1,166,0,166,--,278,112,157,166,166,Algún campo sin dato,1,ca68c9d1c0d0159115a1a0f5d7360105cdb81addd958631025022228699e6fe7,26/06/2023 00:29:58,ESCANER
19090,"Alta Verapaz",16,"Tactic",4,2927,278,0,18,18,40,54,0,3,8,1,1,4,1,148,1,0,149,11,160,--,281,121,148,149,160,Algún campo sin dato,1,62e37bafee49580309944607c0d901330ea6815c33893a621f39c52abbb5ad96,26/06/2023 00:25:58,ESCANER
19091,"Alta Verapaz",16,"Tactic",4,2928,380,,,,,,,,,,,,,,,,,,,,,,,,,,0,,,
19092,"Alta Verapaz",16,"Tactic",4,2928,380,1,18,39,102,96,3,13,1,1,1,4,0,279,27,2,308,1,309,--,383,74,279,308,309,Algún campo sin dato,1,d396d483e8a5fb673f931511a35c950682a60ff8cf56b43bd4d72a07438cb77e,26/06/2023 01:28:41,ESCANER
19093,"Alta Verapaz",16,"Tactic",4,2928,380,,,,,,,,,,,,,,,,,,,,,,,,,,0,,,
19094,"Alta Verapaz",16,"Tactic",4,2928,380,8,17,25,102,106,8,12,2,1,1,7,1,290,13,4,312,0,312,--,384,72,290,307,307,Sumas Asentadas sin cuadrar,1,7fb13884c035c8dd8b61725043525add9d70fefaa8f8fd1a7ebb995c26cbc66f,26/06/2023 02:05:28,ESCANER
19095,"Alta Verapaz",16,"Tactic",4,2928,380,1,10,42,91,98,1,7,4,3,1,2,0,260,6,7,273,0,274,1,380,106,260,273,273,Sumas Asentadas sin cuadrar,1,9e214d20cde84e3ef18e829bc127c6bb503ce45f4e39d023d3ac9aa86da9c400,26/06/2023 01:15:26,ESCANER
19096,"Alta Verapaz",16,"Tactic",4,2928,340,0,16,35,66,85,6,7,1,0,1,0,0,219,10,4,233,0,233,--,341,108,217,231,231,Sumas Asentadas sin cuadrar,1,6077a31e1eb167250a4084a4d727591aa956a6e6dd7e8172ac36cf0b2484471d,25/06/2023 23:59:28,ESCANER
19097,"Alta Verapaz",16,"Tactic",4,2928,339,,,,,,,,,,,,,,,,,,,,,,,,,,0,,,
19098,"Alta Verapaz",16,"Tactic",4,2929,380,4,19,54,68,98,1,8,8,4,13,3,0,280,18,4,302,0,302,1,384,82,280,302,302,,1,098f588bb1f8f6b247788a39e682288a1e8994944ccbebd501477622b369cdaf,26/06/2023 02:32:31,ESCANER
19099,"Alta Verapaz",16,"Tactic",4,2929,380,9,26,85,77,76,3,10,13,3,10,1,2,315,17,3,335,0,335,0,384,49,315,335,335,,1,b81b9a710b0ca3facc717f59c341c4be4ce7a5ce6f85b4989016ed0a622344b6,26/06/2023 02:28:01,ESCANER
19100,"Alta Verapaz",16,"Tactic",4,2929,380,9,21,60,67,103,4,8,24,1,2,1,0,300,18,2,320,1,321,--,384,63,300,320,321,Algún campo sin dato,1,e76389e8cce54707758d9065eb145b51c93f37e12e3da5559b41cd85eea17031,25/06/2023 23:51:37,ESCANER
19101,"Alta Verapaz",16,"Tactic",4,2929,380,3,16,71,48,113,2,6,33,7,2,2,0,303,15,0,318,0,318,--,384,66,303,318,318,Algún campo sin dato,1,5d3987050d280e320f4eb12e90139194d4a58c2af826c6f27513e8deaccc2dc6,26/06/2023 02:36:00,ESCANER
19102,"Alta Verapaz",16,"Tactic",4,2929,380,2,27,55,69,71,2,8,17,2,4,3,0,260,13,0,273,0,273,0,384,111,260,273,273,,1,7f807bbc219d83ac9951d4d154dfdb1f263c4cbe1821956753a38f6b1e154dc2,26/06/2023 01:57:06,ESCANER
19103,"Alta Verapaz",16,"Tactic",4,2929,380,1,25,59,66,80,3,4,14,1,3,2,0,258,11,0,269,0,269,1,381,112,258,269,269,,1,cdbf8bc3ad5b889c1f67d3f6752c811e1b7fe4198a4deaa53f3326aa82325ccb,26/06/2023 02:30:51,ESCANER
19104,"Alta Verapaz",16,"Tactic",4,2929,355,0,12,54,58,82,2,5,20,2,7,2,0,244,1,2,247,0,247,--,355,108,244,247,247,Algún campo sin dato,1,b5bd83759062419b554b6f672d8b08b169819c97230148c2ae5564a918527e9e,26/06/2023 01:15:41,ESCANER
19105,"Alta Verapaz",16,"Tactic",4,2929,354,0,18,51,38,83,0,4,22,0,3,3,0,222,5,0,227,0,227,--,354,127,222,227,227,Algún campo sin dato,1,b023c72a642d2ae2f212e9f42c6d54041a604f2ef6acbea83266beee8476e127,25/06/2023 23:25:59,ESCANER
19106,"Alta Verapaz",16,"Tactic",4,2930,516,5,34,33,67,79,3,4,18,2,1,4,1,251,12,8,271,0,271,--,521,250,251,271,271,Algún campo sin dato,1,f038f66e2482a844d15551cc1f810ef2890c7afa4967d1fa6fe0a4e59a264660,26/06/2023 02:29:46,ESCANER
19107,"Alta Verapaz",16,"Tactic",4,2930,515,1,16,21,51,82,3,3,10,0,3,1,5,196,3,1,200,8,208,--,520,312,196,200,208,Algún campo sin dato,1,50943399a28f7d747e80892a7ad10ab7cd46b39aa584aa20f92a04bee9b99eee,26/06/2023 00:45:07,ESCANER