﻿TIPO_DE_ELECCIÓN:,CORPORACIÓN MUNICIPAL
26 junio 2023 03:36 (UTC -6)
ACTAS_ESPERADAS,ACTAS_CAPTURADAS,PORCENTAJE_ACTAS_CAPTURADAS,ACTAS_CONTABILIZADAS,PORCENTAJE_ACTAS_CONTABILIZADAS,ACTAS_NO_CONTABILIZADAS,LISTA_NOMINAL_ACTAS_CONTABILIZADAS,VOTOS_EMITIDOS_CONTABILIZADAS,PORCENTAJE_PARTICIPACIÓN_CIUDADANA
146,132,90.4109,132,90.4109,0,50411,23137,45.8967

MESA,DEPARTAMENTO,ID_DEPARTAMENTO,MUNICIPIO,ID_MUNICIPIO,CENTRO_DE_VOTACIÓN,PADRÓN,U R N G - MAIZ,MLP,VALOR,UNE,PODEMOS,AZUL,WINAQ,VAMOS,BIEN,VICTORIA,CABAL,VOS,VIVA,PHG,ELEFANTE,TODOS,CAMBIO,PR,VÁLIDOS,NULOS,BLANCO,EMITIDOS,INVÁLIDOS,TOTAL,IMPUGNACIONES,PAPELETAS-RECIBIDAS,PAPELETAS-NO-USADAS,VALIDOS_CALCULADO,EMITIDOS_CALCULADO,TOTAL_CALCULADO,OBSERVACIONES,CONTABILIZADA,CÓDIGO_INTEGRIDAD,FECHA_HORA_PUBLICACIÓN,DIGITALIZACIÓN
16348,"Huehuetenango",13,"Barillas",26,2432,400,9,4,8,53,10,0,23,51,23,4,2,3,4,5,1,1,0,0,201,7,9,217,10,227,--,400,173,201,217,227,Algún campo sin dato,1,a14f8c86ca25e35888e6ed83d1b515852e33000876c790189462f6ad63271aca,26/06/2023 00:50:14,ESCANER
16349,"Huehuetenango",13,"Barillas",26,2432,400,13,5,6,45,9,3,8,58,39,1,4,4,2,8,0,0,0,0,205,17,7,229,0,229,--,400,171,205,229,229,Algún campo sin dato,1,17667dddc34b97b33214b4bb4a29358afae4152fa182c71a0afe2393685b41e5,26/06/2023 00:19:13,ESCANER
16350,"Huehuetenango",13,"Barillas",26,2432,400,11,5,10,36,10,0,11,42,42,0,5,2,4,4,0,2,0,0,184,22,10,216,0,216,--,400,184,184,216,216,Algún campo sin dato,1,aad456950abcffabb9706307ca5aa3389312f403e144d5dfbef8b05bec446882,26/06/2023 01:03:41,ESCANER
16351,"Huehuetenango",13,"Barillas",26,2432,400,5,1,4,26,4,2,14,69,39,2,4,6,1,5,0,1,0,0,183,17,6,206,0,206,--,206,0,183,206,206,Algún campo sin dato,1,85fa37fadedd82c4a6dbe53d20e07c87f7437549bdd92e9b21a7b046deafc7ec,26/06/2023 00:50:06,ESCANER
16352,"Huehuetenango",13,"Barillas",26,2432,400,11,3,9,36,9,0,7,55,44,3,6,4,5,6,2,1,0,0,201,22,3,226,0,226,--,400,174,201,226,226,Algún campo sin dato,1,403c70c140c91345fdf9362fe64b40a2b9d16c513d93e81d6c64137d5b7c7d72,25/06/2023 22:22:57,ESCANER
16353,"Huehuetenango",13,"Barillas",26,2432,400,14,1,7,35,7,3,23,54,33,1,6,2,4,4,0,0,0,0,194,12,12,218,0,218,--,400,182,194,218,218,Algún campo sin dato,1,9526572df407adac8e26701a808d161c3f7e48a771a21b48edd977737beff86f,25/06/2023 21:21:56,ESCANER
16354,"Huehuetenango",13,"Barillas",26,2432,400,10,5,9,31,10,2,8,66,35,1,3,6,4,6,0,0,0,0,196,19,11,226,0,226,--,400,174,196,226,226,Algún campo sin dato,1,97c6f2c3aca92c46c28fd590ae01cd2f145cf21c7f669e949e4c71c1dff2465c,25/06/2023 22:00:57,ESCANER
16355,"Huehuetenango",13,"Barillas",26,2432,400,5,2,11,45,8,0,13,66,40,2,7,2,2,2,0,1,0,0,206,19,8,233,0,233,--,400,167,206,233,233,Algún campo sin dato,1,d83d722e2fd250a4c7c7a5be5c80079bd7d756b71bc54d4ff571057ef0528335,26/06/2023 00:18:21,ESCANER
16356,"Huehuetenango",13,"Barillas",26,2432,400,9,6,4,48,5,0,10,64,36,3,4,3,1,4,0,1,0,0,198,27,4,229,0,229,--,400,171,198,229,229,Algún campo sin dato,1,d1a5ddc8fcf39e73d6b3017a73609891937d54ea71137babff81b5295cfacc4a,26/06/2023 00:46:56,ESCANER
16357,"Huehuetenango",13,"Barillas",26,2432,400,8,7,7,44,9,1,20,54,36,0,3,2,2,2,0,2,0,2,199,14,3,216,0,216,--,400,184,199,216,216,Algún campo sin dato,1,38d2a39bbde5eaa94658904a32aa2629d482fe89183684db246e79f4476099aa,26/06/2023 02:34:43,ESCANER
16358,"Huehuetenango",13,"Barillas",26,2432,400,14,5,8,52,12,1,6,51,34,1,3,4,5,10,0,0,1,0,207,10,5,222,0,222,--,400,178,207,222,222,Algún campo sin dato,1,caca376ef5b7a943397762b5a3c8f47a82f313590f162916fc0c00c19ed72c24,25/06/2023 22:52:04,ESCANER
16359,"Huehuetenango",13,"Barillas",26,2432,400,18,7,6,48,8,1,5,65,39,2,7,3,2,5,0,0,0,0,216,18,5,239,0,239,--,400,161,216,239,239,Algún campo sin dato,1,f2eb5ff0672a18056ceb840a7965762b919f01c57785834f6b57a154adc8df50,26/06/2023 01:33:00,ESCANER
16360,"Huehuetenango",13,"Barillas",26,2432,400,15,4,5,31,12,1,7,47,47,0,4,4,2,5,0,0,0,1,185,9,4,198,0,198,--,400,202,185,198,198,Algún campo sin dato,1,889ddc78148365a02dfa97e143a9022ad2339774a318438ff68ad9ad40c44660,26/06/2023 02:37:09,ESCANER
16361,"Huehuetenango",13,"Barillas",26,2432,400,6,2,4,27,7,0,11,59,24,1,1,3,1,7,0,0,0,0,153,4,2,159,0,159,--,400,241,153,159,159,Algún campo sin dato,1,249b267aa2094c638e2ad4227a946e04723bb8528e0994caa39e70b9ae5a13d1,26/06/2023 00:42:25,ESCANER
16362,"Huehuetenango",13,"Barillas",26,2433,400,12,6,5,33,13,1,9,50,25,4,6,0,4,3,2,0,0,0,173,13,3,189,0,189,--,400,211,173,189,189,Algún campo sin dato,1,e2885caf1edc6d3a65a317f4cb4a718f5e8dd27e5862b404f60b1780c03aa3b7,25/06/2023 23:54:57,ESCANER
16363,"Huehuetenango",13,"Barillas",26,2433,400,9,5,3,30,10,0,10,43,37,2,3,3,2,3,0,0,0,1,161,19,5,185,0,185,--,400,215,161,185,185,Algún campo sin dato,1,a8959d7db85dea49cd2a370ac980a4056a82c985a10cac05527bad8e4964c311,25/06/2023 20:40:42,ESCANER
16364,"Huehuetenango",13,"Barillas",26,2433,400,10,2,8,47,14,1,16,45,30,3,6,2,4,6,1,0,0,0,195,19,5,219,0,219,--,398,179,195,219,219,Algún campo sin dato,1,df904d4db19ca5546e85875942f3b613544b52e4837e57d3658c627bcf2af735,26/06/2023 02:51:56,ESCANER
16365,"Huehuetenango",13,"Barillas",26,2433,400,14,0,0,33,5,0,10,56,35,3,3,2,1,7,0,0,0,0,169,11,7,187,0,187,--,400,213,169,187,187,Algún campo sin dato,1,d08d5b215e3d40df5b15f1e243d5f33b6a4f8b3e6b1bb050ca7b986439046421,25/06/2023 23:39:57,ESCANER
16366,"Huehuetenango",13,"Barillas",26,2433,400,15,6,8,38,13,0,4,52,32,1,5,2,5,7,1,0,0,0,189,10,3,202,0,202,--,399,197,189,202,202,Algún campo sin dato,1,75fb5386952c767e351520fa610676bf6a9f5abc77c8639df794fe0de7b9d1b1,26/06/2023 00:09:09,ESCANER
16367,"Huehuetenango",13,"Barillas",26,2433,400,,,,,,,,,,,,,,,,,,,,,,,,,,,,,,,,0,,,
16368,"Huehuetenango",13,"Barillas",26,2433,400,13,1,14,36,11,1,3,42,39,1,7,4,4,3,1,0,1,0,181,7,2,190,0,190,--,400,210,181,190,190,Algún campo sin dato,1,7f984ca72a905b1c4f2964543a38f87b229e10f49f62dc5338bce41d76619c6b,26/06/2023 01:05:30,ESCANER
16369,"Huehuetenango",13,"Barillas",26,2433,400,18,2,11,39,2,1,7,49,39,2,5,1,2,9,0,0,0,0,187,13,5,205,0,205,--,400,195,187,205,205,Algún campo sin dato,1,20913b20e9f6ada0ca9aeba345493d0bf93e03d9fe5f1e0c592cd5c9b1c9f62b,25/06/2023 23:45:52,ESCANER
16370,"Huehuetenango",13,"Barillas",26,2433,400,8,4,9,32,5,1,11,38,43,4,5,1,0,7,0,0,0,0,168,10,4,182,0,182,--,400,218,168,182,182,Algún campo sin dato,1,141b45cd1153685e7ae6af2f6c6cd1259da55f297daa3a06386221fea664f398,25/06/2023 22:44:56,ESCANER
16371,"Huehuetenango",13,"Barillas",26,2433,400,17,4,6,41,6,2,7,42,38,3,11,3,2,7,0,0,0,0,189,14,4,207,0,207,--,400,193,189,207,207,Algún campo sin dato,1,cf786d8b2c0775263dd7cdb0f38d16f5b7dc1518ba9da98beedd90cde46ac049,26/06/2023 01:13:59,ESCANER
16372,"Huehuetenango",13,"Barillas",26,2433,400,12,2,11,30,5,0,6,55,34,1,5,0,3,9,0,0,0,0,173,18,9,200,0,200,--,400,200,173,200,200,Algún campo sin dato,1,b58fa3ae3c9d262fb68bd44e9fa47a0f15ede672623620c413a4be2539344287,26/06/2023 01:11:21,ESCANER
16373,"Huehuetenango",13,"Barillas",26,2433,400,10,2,2,28,9,1,7,39,39,2,4,1,2,8,0,0,0,0,154,14,13,181,0,--,--,397,217,154,181,181,Algún campo sin dato,1,90f3fba9b1226316c7a120320938a472b28f309b8e310b57c17e871c99f199ca,25/06/2023 23:58:34,ESCANER
16374,"Huehuetenango",13,"Barillas",26,2434,400,10,2,7,27,6,1,4,44,40,2,4,3,0,5,0,0,0,0,155,16,3,174,0,174,--,400,226,155,174,174,Algún campo sin dato,1,6301bdcff141776a5b5122adb54843c13854340f71f41b9c5db425fb955e3442,25/06/2023 21:06:45,ESCANER
16375,"Huehuetenango",13,"Barillas",26,2434,400,9,3,3,24,8,0,10,44,24,2,2,1,0,6,0,0,0,0,136,11,3,150,0,150,--,400,250,136,150,150,Algún campo sin dato,1,9c20b59e52ca54349c37be25c67f76f699d5ed661e9b8294a0d905cb0957b5d9,25/06/2023 21:42:54,ESCANER
16376,"Huehuetenango",13,"Barillas",26,2434,400,6,5,9,33,8,0,8,50,47,1,3,0,2,4,0,0,0,0,176,5,2,183,0,183,--,398,215,176,183,183,Algún campo sin dato,1,53443f2e24a31ea214089ab97b35d14320da6009439e6882f349e92f7bd7b479,26/06/2023 00:18:05,ESCANER
16377,"Huehuetenango",13,"Barillas",26,2434,400,3,11,4,24,11,0,11,54,37,3,4,0,2,3,0,0,0,0,167,6,0,173,0,173,--,400,227,167,173,173,Algún campo sin dato,1,5f62a2e104ba01ac24dde69df64c352c3d95d38dfed9c47ba50203581b1c18d1,26/06/2023 00:09:12,ESCANER
16378,"Huehuetenango",13,"Barillas",26,2434,400,3,2,4,27,6,0,5,37,34,1,4,6,3,6,0,0,0,0,138,8,3,149,0,149,--,400,251,138,149,149,Algún campo sin dato,1,5c606a2ba2082848dc8aefd78ae71228a596fa44fc16e14ffb4333c432ec9b82,25/06/2023 21:49:25,ESCANER
16379,"Huehuetenango",13,"Barillas",26,2434,400,12,6,4,27,11,0,4,43,34,0,3,1,1,4,0,0,0,0,150,10,2,162,0,162,--,400,238,150,162,162,Algún campo sin dato,1,40c9b2379d6e814e3e70d60f6202d00b73b04444298f4300f0440b46b4fb49b7,26/06/2023 00:37:42,ESCANER
16380,"Huehuetenango",13,"Barillas",26,2434,400,,,,,,,,,,,,,,,,,,,,,,,,,,,,,,,,0,,,
16381,"Huehuetenango",13,"Barillas",26,2434,400,8,4,6,40,3,1,6,46,24,2,1,4,3,4,0,0,0,0,152,4,3,159,0,159,--,400,241,152,159,159,Algún campo sin dato,1,dec391d4e7b96333df2e2bba26cc14c8ffc0780bce627f370b34ceb1477a8ff1,25/06/2023 22:23:36,ESCANER
16382,"Huehuetenango",13,"Barillas",26,2434,400,8,1,9,32,8,0,9,50,40,0,3,4,1,6,0,0,0,0,171,15,0,186,0,186,--,400,214,171,186,186,Algún campo sin dato,1,93d6d970169649bba16c1bfefa722d348562500e0814e9944f519673b02c0899,25/06/2023 22:14:06,ESCANER
16383,"Huehuetenango",13,"Barillas",26,2434,395,7,2,9,22,9,0,8,54,38,0,4,4,3,7,0,0,0,0,167,9,0,176,--,--,--,395,219,167,176,176,Algún campo sin dato,1,d1bf51fe9a1c130bedfd967e2d0c12da8f03d2f42a0961cdb745294d2b522fd7,25/06/2023 21:56:47,ESCANER
16384,"Huehuetenango",13,"Barillas",26,2434,394,4,4,5,27,7,0,14,42,15,1,3,4,0,0,0,0,0,0,126,5,4,135,0,135,--,394,259,126,135,135,Algún campo sin dato,1,033525d6ef7f5c5f465d30f31c1af6411ca2072528e86d2298311146b592a103,25/06/2023 21:34:54,ESCANER
16385,"Huehuetenango",13,"Barillas",26,2435,400,6,5,2,55,12,1,21,65,22,2,3,2,0,2,0,1,0,0,199,11,11,221,--,--,--,400,179,199,221,221,Algún campo sin dato,1,c1bbdaeda05ef5f072d18f972e132ef39319dfa58a4ceece7be00c2e0638b47e,26/06/2023 01:06:59,ESCANER
16386,"Huehuetenango",13,"Barillas",26,2435,400,3,1,10,33,7,0,18,84,26,0,1,4,0,3,1,0,0,0,191,16,9,216,0,216,--,400,184,191,216,216,Algún campo sin dato,1,0d295989bed86614a42fa3f59dda9a5ed264fe0d13cd7e935d53d0e87eb0ac2c,25/06/2023 21:26:55,ESCANER
16387,"Huehuetenango",13,"Barillas",26,2435,400,3,2,4,35,15,4,17,77,40,0,1,1,3,2,1,0,0,1,206,11,6,223,0,223,--,--,--,206,223,223,Algún campo sin dato,1,581cd7e86e62f63c52c8085818762130b02d862333dae471869e2988816232b3,26/06/2023 01:16:58,ESCANER
16388,"Huehuetenango",13,"Barillas",26,2435,400,4,1,4,39,10,1,13,75,37,1,7,2,1,1,0,0,0,0,196,16,12,224,0,224,--,397,173,196,224,224,Algún campo sin dato,1,5f6e672c47ae154266cc2b2688f8a8bfb9f2b0f7a01cffd33f2a2fce62d6d1ce,26/06/2023 01:15:12,ESCANER
16389,"Huehuetenango",13,"Barillas",26,2435,400,5,2,5,53,14,0,14,87,22,0,0,6,1,3,1,0,0,0,213,9,4,226,0,226,--,400,174,213,226,226,Algún campo sin dato,1,370ba1bdc16aa47b1505ca57562c9fafcabd3f6cf4bd4c543d67676bcb7d86aa,25/06/2023 22:04:29,ESCANER
16390,"Huehuetenango",13,"Barillas",26,2435,400,,,,,,,,,,,,,,,,,,,,,,,,,,,,,,,,0,,,
16391,"Huehuetenango",13,"Barillas",26,2435,400,5,0,5,32,8,1,18,102,37,1,0,3,1,2,0,0,0,1,216,15,8,239,0,239,--,400,161,216,239,239,Algún campo sin dato,1,9a5e17432f0ef0fe77aa974b4edaa4a58ccbb5c7d3706e152144e5b4b65ad9a1,25/06/2023 23:52:33,ESCANER
16392,"Huehuetenango",13,"Barillas",26,2435,400,2,2,4,47,4,3,35,88,34,0,5,1,3,2,0,0,0,1,231,13,2,246,0,246,--,400,154,231,246,246,Algún campo sin dato,1,958a9a8408a0d08cf62c4aea0c6cd88ae1fe94077b242537b33c95adb629e297,25/06/2023 23:41:06,ESCANER
16393,"Huehuetenango",13,"Barillas",26,2435,400,3,8,4,40,12,2,18,82,37,0,4,3,3,2,0,0,0,0,218,14,6,238,0,238,--,400,162,218,238,238,Algún campo sin dato,1,bfe4de3d7e8bf01c8ea4a3f71759674bda44ef17d53f88c5dc344c66801f2f78,26/06/2023 03:05:06,ESCANER
16394,"Huehuetenango",13,"Barillas",26,2435,400,3,3,2,32,11,1,15,80,22,0,3,1,0,2,0,1,0,0,176,9,3,188,0,188,--,396,208,176,188,188,Algún campo sin dato,1,27ad151951147605299abe2fcb2e6aac8c7804af1a4543cabdf771ce413fd527,26/06/2023 02:59:19,ESCANER
16395,"Huehuetenango",13,"Barillas",26,2436,400,3,4,2,40,15,2,18,71,24,0,0,0,4,3,2,0,0,0,188,11,8,207,0,207,--,400,193,188,207,207,Algún campo sin dato,1,047773fba70ab2158463f56266022e4160f2004c9c35cdd83b394212e29d37c2,26/06/2023 01:25:01,ESCANER
16396,"Huehuetenango",13,"Barillas",26,2436,400,2,7,3,36,18,0,8,79,22,2,6,1,0,0,0,0,0,1,185,14,5,204,0,204,--,400,196,185,204,204,Algún campo sin dato,1,d4f418f8321e669ce3b67d98a823506d2d67c2ea296ffa61bb15dcf19f46c193,25/06/2023 22:46:14,ESCANER
16397,"Huehuetenango",13,"Barillas",26,2436,400,3,3,6,27,8,1,14,62,27,3,2,6,1,4,0,0,0,0,167,9,7,183,0,183,0,400,217,167,183,183,,1,5310dc5f81c1422511f36b1b7f7b505f7be7750b9ae458c0f2bc25316c742331,26/06/2023 00:23:31,ESCANER
16398,"Huehuetenango",13,"Barillas",26,2436,400,3,4,3,38,6,2,8,52,27,2,4,2,2,1,0,0,0,0,154,12,3,169,0,169,--,400,231,154,169,169,Algún campo sin dato,1,5ddafe2735f37c0b02ec655fb1e122c83bd9e54d6ae501267fb9732c37964bde,25/06/2023 22:09:14,ESCANER
16399,"Huehuetenango",13,"Barillas",26,2436,400,6,1,3,29,9,1,10,60,25,0,1,2,1,0,1,0,0,0,149,7,6,162,0,162,--,397,235,149,162,162,Algún campo sin dato,1,9acd4bdbc25087477080e93d7a6fe72188f93aabd4fb1dd2cd8b13a0a9e9be41,25/06/2023 22:35:49,ESCANER
16400,"Huehuetenango",13,"Barillas",26,2437,400,4,3,2,30,6,0,14,73,16,2,3,2,1,1,1,0,0,0,158,7,1,166,0,166,--,400,234,158,166,166,Algún campo sin dato,1,b53e969cc3751b17552d3e96829b469e177daa005e0fc60299a954f2f48c4340,25/06/2023 23:44:01,ESCANER
16401,"Huehuetenango",13,"Barillas",26,2437,400,3,6,3,34,4,0,11,57,20,2,2,1,2,1,0,0,0,0,146,6,2,154,0,154,--,400,246,146,154,154,Algún campo sin dato,1,4ac0b3876ab0f3479dd2a8acd58d64fe33ea44e6f05db5c8cc5bccc936eabc07,26/06/2023 00:31:20,ESCANER
16402,"Huehuetenango",13,"Barillas",26,2437,400,8,4,0,29,12,0,18,78,27,1,2,2,0,0,2,0,0,0,183,9,3,195,2,197,--,400,203,183,195,197,Algún campo sin dato,1,7af32499485808bd116ea810b807b2a785215cb4e356f5274a65300f7a70a9f8,25/06/2023 21:38:03,ESCANER
16403,"Huehuetenango",13,"Barillas",26,2437,335,3,1,2,17,3,0,15,54,17,1,0,2,1,4,0,0,0,0,120,7,3,130,0,130,--,332,202,120,130,130,Algún campo sin dato,1,f2b9058ddac572b276ab3cd83239c60e67f21fe53a56fe1cbf4fc892fa8349c1,25/06/2023 23:44:07,ESCANER
16404,"Huehuetenango",13,"Barillas",26,2437,334,2,4,5,27,3,0,15,48,14,0,1,0,2,0,0,0,0,0,121,1,4,126,0,126,--,334,208,121,126,126,Algún campo sin dato,1,5d3860da4389761df5426579d91dace42ffeb80c7a50539f560942a0c1c3cce9,26/06/2023 01:33:08,ESCANER
16405,"Huehuetenango",13,"Barillas",26,2438,380,20,2,2,36,14,0,3,19,37,1,5,0,2,1,0,0,0,0,142,30,11,183,0,183,--,380,197,142,183,183,Algún campo sin dato,1,f3b05db1d643d0d0581bbd4b4ac8e2a15f0a8180e5c141edcb779df549bb8f3b,26/06/2023 00:18:32,ESCANER
16406,"Huehuetenango",13,"Barillas",26,2438,380,9,0,6,41,9,0,6,14,59,1,0,2,3,3,0,0,0,0,153,12,7,172,0,172,--,380,208,153,172,172,Algún campo sin dato,1,3278b3b7e2e928305a78eae0b0761feefef0a137f06d6834335ba42cac6cb607,26/06/2023 00:24:14,ESCANER
16407,"Huehuetenango",13,"Barillas",26,2438,380,10,0,5,19,15,2,4,8,42,1,3,0,4,1,2,0,0,0,116,11,253,380,0,380,--,380,253,116,380,380,Algún campo sin dato,1,0a774bb3b1ea1157de8592a93f060dbebb46e9bc51660f6bd8ba83057abd139f,26/06/2023 00:10:17,ESCANER
16408,"Huehuetenango",13,"Barillas",26,2438,372,6,0,3,37,14,1,3,5,32,3,3,2,1,4,0,0,0,0,114,11,247,372,0,372,--,372,247,114,372,372,Algún campo sin dato,1,671a71afb7184d441321f0a4d01305549966f1a90c342ccb85bf81a910909186,25/06/2023 22:36:15,ESCANER
16409,"Huehuetenango",13,"Barillas",26,2438,371,5,1,2,22,7,0,2,5,31,2,2,1,2,4,0,0,0,0,86,6,9,101,0,101,--,371,270,86,101,101,Algún campo sin dato,1,284c40b0313b81792dd5f6eb78323e2b40279a3982891495903915f1806acdfd,25/06/2023 23:37:54,ESCANER
16410,"Huehuetenango",13,"Barillas",26,2439,380,1,0,5,30,4,2,14,26,31,0,1,1,3,6,0,1,0,0,125,18,14,157,0,157,--,380,223,125,157,157,Algún campo sin dato,1,d166487360d2325883776b2d43de4ed8707160cb2bcb7dd92973e4ac4c700343,26/06/2023 00:19:09,ESCANER
16411,"Huehuetenango",13,"Barillas",26,2439,380,4,1,4,21,10,1,12,33,54,0,1,3,0,1,0,1,0,0,146,25,4,175,0,175,--,380,205,146,175,175,Algún campo sin dato,1,5fbe01ead02e78dd97400609003d324df9ad3774c1ec1d956c3fbaae8eae9ca9,26/06/2023 00:27:55,ESCANER
16412,"Huehuetenango",13,"Barillas",26,2439,380,3,0,4,33,9,3,18,41,49,0,3,1,1,1,0,0,0,0,166,18,7,191,0,191,--,380,189,166,191,191,Algún campo sin dato,1,4476fbefd466978e072ff4598c13ab1713c0fcfd579fef11f7eabb65b624fe18,25/06/2023 23:25:16,ESCANER
16413,"Huehuetenango",13,"Barillas",26,2439,380,3,0,4,44,13,1,20,45,37,0,1,3,1,1,0,0,0,1,174,10,7,191,0,191,--,380,189,174,191,191,Algún campo sin dato,1,33b8ff07058296cb15d4fa9b50f41677392d62fe56d64a6aea66c57840147f66,25/06/2023 23:31:41,ESCANER
16414,"Huehuetenango",13,"Barillas",26,2439,380,1,0,2,36,7,1,12,49,30,1,0,1,0,1,0,1,0,0,142,10,4,156,0,156,--,--,--,142,156,156,Algún campo sin dato,1,71f4fe01fc861d2d301957c3e63b9deeaaaf410fc9aa9826852d5a72507de3a7,25/06/2023 22:36:37,ESCANER
16415,"Huehuetenango",13,"Barillas",26,2439,380,2,1,2,38,7,0,14,39,48,0,4,1,1,0,0,0,0,0,157,19,4,180,0,180,--,380,200,157,180,180,Algún campo sin dato,1,d9c99fa873c08922a65eca61bcdde4666ba6b8db4b94e589c2661a1df0e97c9b,25/06/2023 22:59:59,ESCANER
16416,"Huehuetenango",13,"Barillas",26,2439,380,4,2,2,47,7,0,12,51,36,0,4,2,1,3,0,0,0,0,171,19,3,193,0,193,--,381,188,171,193,193,Algún campo sin dato,1,44af7d035f9e55d4a692155bb0ee0e4411bf16567fcd9c7081c93793bf8c0a47,25/06/2023 23:31:49,ESCANER
16417,"Huehuetenango",13,"Barillas",26,2439,380,3,3,3,41,4,3,26,46,32,0,3,1,4,5,1,0,0,1,173,10,7,190,0,190,--,--,--,176,193,193,Sumas Asentadas sin cuadrar,1,fa2f6a1dfaf071425af55c4e98db2e36fa03db61ef302590ea78e98f2afd6268,26/06/2023 00:16:04,ESCANER
16418,"Huehuetenango",13,"Barillas",26,2439,380,3,0,1,33,7,1,11,38,36,1,4,2,1,2,0,0,0,0,140,15,6,161,0,161,--,380,219,140,161,161,Algún campo sin dato,1,2fe75999e7cd3501c57fcea3e1ddb0d621e5e29344896abf6fba058fdff2bf43,25/06/2023 21:11:54,ESCANER
16419,"Huehuetenango",13,"Barillas",26,2439,380,4,0,0,25,6,0,13,29,31,1,1,0,0,1,0,0,0,0,111,9,8,128,0,128,--,380,252,111,128,128,Algún campo sin dato,1,fef220f489e47fc172862f7ef2f16e40b397140b9936257dc71804bee2b20429,25/06/2023 22:13:11,ESCANER
16420,"Huehuetenango",13,"Barillas",26,2440,380,3,1,0,25,7,1,17,45,29,0,0,2,1,1,0,1,0,0,133,7,11,151,0,151,--,380,229,133,151,151,Algún campo sin dato,1,d4fd8877a86da1bdcd76b8177d4dec30b79a43d2df9c883385e7dce25e8eb4fb,25/06/2023 22:59:41,ESCANER
16421,"Huehuetenango",13,"Barillas",26,2440,380,1,1,2,21,3,0,10,38,21,0,2,2,1,0,0,0,0,0,102,6,13,121,0,121,--,380,259,102,121,121,Algún campo sin dato,1,2ebae5e77307608d78d2fbc0b5c9ed32ebb6d3750f4ee5cdf10d0e410c4b4b90,25/06/2023 21:58:35,ESCANER
16422,"Huehuetenango",13,"Barillas",26,2440,380,2,1,4,25,4,1,9,31,27,0,2,1,1,1,0,0,0,0,109,5,1,115,265,380,--,380,265,109,115,380,Algún campo sin dato,1,3a172c199b7ccecf3dd1aff1817fe75a75fa335a70eac781aa02cfa392d9e48e,25/06/2023 21:01:44,ESCANER
16423,"Huehuetenango",13,"Barillas",26,2440,380,3,0,4,19,10,0,13,31,24,0,1,3,0,4,1,0,0,0,113,8,4,125,0,125,--,377,252,113,125,125,Algún campo sin dato,1,5376955cc6b685e825b1e934b55a18d992e39ab8b7794f38e1d454122a03c070,25/06/2023 21:41:57,ESCANER
16424,"Huehuetenango",13,"Barillas",26,2440,380,2,0,5,19,2,0,14,25,28,0,2,1,0,2,0,1,0,0,101,3,3,107,0,107,--,379,272,101,107,107,Algún campo sin dato,1,cb26bdc0e0ea37e454ec2c5556d3180d61c14cfbc50fb5c2c3a77112a36de5b4,25/06/2023 21:52:25,ESCANER
16425,"Huehuetenango",13,"Barillas",26,2441,380,1,0,3,25,4,0,15,32,25,0,3,2,0,1,0,0,0,0,111,2,0,113,0,113,--,380,267,111,113,113,Algún campo sin dato,1,8be3b45c50abdf9c7e85f34d213e22257d3f570295c3e71478eecc776fc35636,26/06/2023 00:11:48,ESCANER
16426,"Huehuetenango",13,"Barillas",26,2441,380,0,0,4,24,5,0,8,37,35,0,3,0,0,1,0,0,0,0,117,1,2,120,1,120,--,380,260,117,120,121,Sumas Asentadas sin cuadrar,1,11e1f2fbade5d4aaeaa06b25a9644e3acb1ffe04d10ceee9d2386589869ed119,26/06/2023 00:42:02,ESCANER
16427,"Huehuetenango",13,"Barillas",26,2441,380,1,0,5,20,9,1,15,21,30,1,2,0,0,0,0,0,0,0,105,6,5,116,0,116,--,380,264,105,116,116,Algún campo sin dato,1,4328db1f937edf7f3a71fe37a64e97d2531933a7ce8ac49151d17358ea860733,25/06/2023 23:36:17,ESCANER
16428,"Huehuetenango",13,"Barillas",26,2441,256,4,1,3,25,5,0,7,28,24,0,4,0,1,0,0,0,0,0,102,3,4,109,0,109,--,257,148,102,109,109,Algún campo sin dato,1,0543c00133268b6621c85f00d238c40e2b3a85048cee2aa914268e73065ce852,26/06/2023 00:20:10,ESCANER
16429,"Huehuetenango",13,"Barillas",26,2441,256,1,0,1,24,3,0,7,15,18,0,1,0,1,1,0,0,0,1,73,4,0,77,0,77,--,253,176,73,77,77,Algún campo sin dato,1,b7d7be1aac33aabd206c0a16ed2dc0bff89a9e940399409ad4771790e5462795,26/06/2023 00:28:20,ESCANER
16430,"Huehuetenango",13,"Barillas",26,2442,380,4,3,6,36,10,2,8,52,19,1,6,8,1,1,0,1,0,0,158,21,9,188,0,188,--,380,192,158,188,188,Algún campo sin dato,1,b8aa21c2499e918dabcc3a33528bac11f8c8be83df29d4b7748e06ecddd90ad3,25/06/2023 23:42:54,ESCANER
16431,"Huehuetenango",13,"Barillas",26,2442,380,1,2,6,32,10,4,3,76,22,0,10,7,2,2,0,1,0,0,178,11,4,193,0,193,--,380,187,178,193,193,Algún campo sin dato,1,cfd754344e8fb83b6da3b090c7387d52dd77a5934d699028dd982afc440fe918,25/06/2023 22:58:55,ESCANER
16432,"Huehuetenango",13,"Barillas",26,2442,380,3,2,5,37,12,2,7,67,17,0,9,2,3,1,0,0,0,0,167,15,10,192,0,192,--,--,--,167,192,192,Algún campo sin dato,1,079ddafe2312c9313cc7bbbe61a36ee27ed07f083451e6e33f899de5a28974ea,25/06/2023 23:23:59,ESCANER
16433,"Huehuetenango",13,"Barillas",26,2442,380,3,1,9,54,6,1,4,72,31,0,5,5,5,6,0,0,0,0,202,16,7,225,0,225,--,380,155,202,225,225,Algún campo sin dato,1,e9c4896afc4cba6c8188f9fa237c270b468c9b7da2936da74461835443b9b10e,25/06/2023 22:46:41,ESCANER
16434,"Huehuetenango",13,"Barillas",26,2442,380,2,0,7,46,10,2,4,54,29,0,2,6,0,1,0,0,0,0,163,13,4,180,0,180,--,--,--,163,180,180,Algún campo sin dato,1,b3ea3943229c487726cf00bd7290a90a5386f2a074d0472f56eb8b4784cb8029,25/06/2023 23:07:44,ESCANER
16435,"Huehuetenango",13,"Barillas",26,2442,380,3,0,4,43,7,2,6,58,22,0,4,8,3,1,0,0,0,0,161,14,12,187,0,187,--,380,193,161,187,187,Algún campo sin dato,1,f71c3d41052a2fafdf7ade9a2a8e28a62f1c30800c4b8e311ec388cde63253b5,25/06/2023 23:13:35,ESCANER
16436,"Huehuetenango",13,"Barillas",26,2442,380,1,2,5,31,2,1,5,45,15,0,7,10,1,3,1,0,0,0,129,8,6,143,0,143,--,380,237,129,143,143,Algún campo sin dato,1,85e7e8e22e54ecc8afa8faa8215d7d8595c12f9cdd920170520ae0741321a61f,25/06/2023 21:49:52,ESCANER
16437,"Huehuetenango",13,"Barillas",26,2442,380,1,1,9,39,6,0,3,42,17,0,1,3,0,0,0,0,0,0,122,7,4,133,0,133,--,380,247,122,133,133,Algún campo sin dato,1,3e4f70aa195b72c7ee05cbe66aefadec2ed4d23cf4eeca321f9e4f85dc7e52fd,25/06/2023 22:36:16,ESCANER
16438,"Huehuetenango",13,"Barillas",26,2442,326,0,1,6,27,8,0,3,41,12,1,5,4,0,2,0,0,0,0,110,6,4,120,0,120,--,323,203,110,120,120,Algún campo sin dato,1,6aed4e1476a30a25c67dca590d9943d08ffc816ada024e75b1d0fe9a8e01be84,25/06/2023 22:11:56,ESCANER
16439,"Huehuetenango",13,"Barillas",26,2442,325,2,1,3,12,9,0,3,39,19,0,3,15,2,1,0,0,0,0,109,9,6,124,0,124,--,325,201,109,124,124,Algún campo sin dato,1,d453cccc864e13f8df71f995461698b5bcdde19e46c0b9a09dd381d626dc00b0,25/06/2023 23:43:40,ESCANER
16440,"Huehuetenango",13,"Barillas",26,2443,380,2,3,4,41,15,1,6,32,15,0,6,0,3,2,0,0,0,1,131,19,7,157,0,157,--,380,223,131,157,157,Algún campo sin dato,1,9f1e61bc2a228fd62230e97565e054a09a5cbeefcd0b79732389d2f5022f8188,26/06/2023 00:10:21,ESCANER
16441,"Huehuetenango",13,"Barillas",26,2443,380,1,4,7,44,12,1,9,28,32,0,6,0,3,1,0,1,0,0,149,17,8,174,0,174,--,380,206,149,174,174,Algún campo sin dato,1,00fd5f2eb5621cd8721047c0c3dfb29fb832045f563abdb76b4c7c187af3734f,26/06/2023 00:22:47,ESCANER
16442,"Huehuetenango",13,"Barillas",26,2443,380,3,1,0,38,23,1,6,46,33,0,4,1,1,1,0,2,0,0,160,12,6,178,5,183,--,380,197,160,178,183,Algún campo sin dato,1,02d1aa5251e84733f288fae1961d2cab2cf4ebfe80da2967afe329a0f67b7d77,25/06/2023 23:59:53,ESCANER
16443,"Huehuetenango",13,"Barillas",26,2443,380,3,4,3,45,12,0,8,39,30,1,4,1,3,2,0,1,0,0,156,23,9,188,0,188,0,380,192,156,188,188,,1,a00ce661450710cea5a36060461618a348e8154b0788e7a6152671a19de22b5c,25/06/2023 22:26:20,ESCANER
16444,"Huehuetenango",13,"Barillas",26,2443,380,3,1,4,36,16,0,6,30,29,1,5,1,0,0,1,1,0,0,133,12,3,18,0,148,--,380,232,134,149,149,Sumas Asentadas sin cuadrar,1,af8073686c9ff8e42372a8c21d976978fd7c8f574b0a4500bc8ce36fa283dd56,26/06/2023 02:51:47,ESCANER
16445,"Huehuetenango",13,"Barillas",26,2443,380,5,3,2,33,27,2,6,30,16,0,3,2,0,1,0,0,0,0,130,11,6,147,0,147,--,380,233,130,147,147,Algún campo sin dato,1,7bc6635f80b9716eaa2b656ef4645cc98bb36330907aed14a3354a22a45314ea,25/06/2023 23:01:15,ESCANER
16446,"Huehuetenango",13,"Barillas",26,2443,380,2,1,3,37,11,1,4,21,25,0,6,0,6,1,0,0,0,0,118,12,5,135,0,135,--,380,245,118,135,135,Algún campo sin dato,1,56776c0bdcf91e0fa8ea8e1c88c22bcbc907282ea391b31e6c289124c0656228,25/06/2023 22:35:55,ESCANER
16447,"Huehuetenango",13,"Barillas",26,2443,380,4,3,7,36,16,1,6,33,23,0,8,0,1,3,0,1,0,0,142,11,10,163,0,163,--,380,217,142,163,163,Algún campo sin dato,1,a5c7d92c8f207f82cee78edcc60d209ac8a250cc2e46b09807bbb50ce8353b3b,26/06/2023 00:14:12,ESCANER
16448,"Huehuetenango",13,"Barillas",26,2443,380,1,1,1,49,13,0,3,34,18,0,3,0,0,1,0,2,0,0,126,8,0,134,0,134,--,382,248,126,134,134,Algún campo sin dato,1,4af244294cf35533800acbb90e796a4a00260e1aec3af66e037e966824a2dd4b,25/06/2023 23:29:54,ESCANER
16449,"Huehuetenango",13,"Barillas",26,2443,323,0,0,2,32,13,0,3,29,30,0,5,0,7,0,0,0,0,0,121,9,1,131,0,131,--,320,189,121,131,131,Algún campo sin dato,1,0ba69079717231d74e32a35861ec2069753f371fece034beaa99b852edbfa3cb,25/06/2023 23:15:52,ESCANER
16450,"Huehuetenango",13,"Barillas",26,2443,323,2,3,1,33,13,1,1,23,21,0,4,3,3,1,0,1,0,0,110,5,2,117,0,117,--,323,206,110,117,117,Algún campo sin dato,1,8e38fe6cc68408bf93d540b9c4cc6b17fa022823ede9837970c73dbcbdf083e2,25/06/2023 22:51:17,ESCANER
16451,"Huehuetenango",13,"Barillas",26,2444,380,14,1,1,44,14,0,1,32,35,9,3,2,2,1,0,0,0,0,159,26,7,192,0,192,--,377,185,159,192,192,Algún campo sin dato,1,e85a650878d6d463baa678960f4f6cf12b069d0f7379ae98e75f16609827955b,25/06/2023 23:21:24,MOVIL
16452,"Huehuetenango",13,"Barillas",26,2444,380,10,1,1,35,12,3,0,14,55,5,4,0,1,0,0,1,0,0,142,26,9,177,0,177,--,380,203,142,177,177,Algún campo sin dato,1,1cd250dead169083df0b60a1287ffc63658467c8bf8305822e29b2df12b6afd2,26/06/2023 00:44:57,MOVIL
16453,"Huehuetenango",13,"Barillas",26,2444,380,11,0,6,31,11,2,1,18,67,3,1,1,1,6,0,0,0,0,159,22,9,190,0,380,--,380,186,159,190,190,Sumas Asentadas sin cuadrar,1,59ffc641f3aad20638db66c1943c795d54ab553c0b73abde667811c00ce5757e,26/06/2023 00:50:45,MOVIL
16454,"Huehuetenango",13,"Barillas",26,2444,242,0,0,1,11,15,0,8,23,29,3,3,1,0,2,0,0,0,0,96,7,1,104,0,104,--,241,137,96,104,104,Algún campo sin dato,1,e8e544ed5db1dbdf9a51f3873fa858343f6cef258187978e7c0392e715848bc5,25/06/2023 23:00:13,MOVIL
16455,"Huehuetenango",13,"Barillas",26,2444,241,3,0,2,27,11,0,0,12,39,6,0,0,2,2,0,0,0,0,104,4,4,112,0,112,--,241,129,104,112,112,Algún campo sin dato,1,6895f5c23e8d6d512b53d887d5c4e54d8417a8d44718863c0db1d71929146a03,26/06/2023 00:15:09,MOVIL
16456,"Huehuetenango",13,"Barillas",26,2445,380,,,,,,,,,,,,,,,,,,,,,,,,,,,,,,,,0,,,
16457,"Huehuetenango",13,"Barillas",26,2445,380,,,,,,,,,,,,,,,,,,,,,,,,,,,,,,,,0,,,
16458,"Huehuetenango",13,"Barillas",26,2445,380,,,,,,,,,,,,,,,,,,,,,,,,,,,,,,,,0,,,
16459,"Huehuetenango",13,"Barillas",26,2445,380,,,,,,,,,,,,,,,,,,,,,,,,,,,,,,,,0,,,
16460,"Huehuetenango",13,"Barillas",26,2445,380,,,,,,,,,,,,,,,,,,,,,,,,,,,,,,,,0,,,
16461,"Huehuetenango",13,"Barillas",26,2445,380,,,,,,,,,,,,,,,,,,,,,,,,,,,,,,,,0,,,
16462,"Huehuetenango",13,"Barillas",26,2445,380,,,,,,,,,,,,,,,,,,,,,,,,,,,,,,,,0,,,
16463,"Huehuetenango",13,"Barillas",26,2445,380,,,,,,,,,,,,,,,,,,,,,,,,,,,,,,,,0,,,
16464,"Huehuetenango",13,"Barillas",26,2445,380,,,,,,,,,,,,,,,,,,,,,,,,,,,,,,,,0,,,
16465,"Huehuetenango",13,"Barillas",26,2445,249,,,,,,,,,,,,,,,,,,,,,,,,,,,,,,,,0,,,
16466,"Huehuetenango",13,"Barillas",26,2445,248,,,,,,,,,,,,,,,,,,,,,,,,,,,,,,,,0,,,
16467,"Huehuetenango",13,"Barillas",26,2446,380,6,1,3,36,10,0,0,8,53,2,31,1,3,8,0,0,1,0,163,24,9,196,0,196,--,377,181,163,196,196,Algún campo sin dato,1,d92fab87616f8572041a38ac65e6aafed52afa0aff6e9c3ad5f2166381a087f3,26/06/2023 00:33:43,ESCANER
16468,"Huehuetenango",13,"Barillas",26,2446,380,5,2,9,19,8,2,2,11,56,10,32,3,6,23,0,0,0,0,188,18,11,217,0,217,--,380,163,188,217,217,Algún campo sin dato,1,6a5dde0a500123989b5d348155e91bb50207e21f8698edc9fc35fe3b5460456a,26/06/2023 00:05:03,ESCANER
16469,"Huehuetenango",13,"Barillas",26,2446,380,3,3,3,8,5,3,1,14,49,4,32,2,1,15,0,0,0,0,143,13,10,166,0,166,--,380,214,143,166,166,Algún campo sin dato,1,18a414a67576e67669ef24c0bb13c935460819a6c73eaf9a04bebb3ec5195cc5,25/06/2023 21:39:46,ESCANER
16470,"Huehuetenango",13,"Barillas",26,2446,378,1,2,7,9,10,3,0,8,51,6,29,2,1,14,0,0,0,0,143,13,6,162,0,162,--,378,216,143,162,162,Algún campo sin dato,1,76ee958813052957e6239b34643ebf0a1a77bc4410e806c469eec609ec356365,25/06/2023 23:06:53,ESCANER
16471,"Huehuetenango",13,"Barillas",26,2446,378,0,2,4,15,9,1,1,9,52,5,23,1,1,10,1,0,0,0,134,13,0,147,0,147,--,375,228,134,147,147,Algún campo sin dato,1,8e0bcb6edfb801e895f70d18d4a0357c02171c90783a02284870c13fc001d28f,25/06/2023 23:25:57,ESCANER
16472,"Huehuetenango",13,"Barillas",26,2447,380,1,0,5,55,12,1,0,15,46,12,4,3,0,10,0,0,0,0,164,13,3,180,0,180,--,380,200,164,180,180,Algún campo sin dato,1,1a82f2a8c53a5d745d594f932212f0a31a3f8d3307b4b17defd2769ee7da3d41,26/06/2023 00:45:30,ESCANER
16473,"Huehuetenango",13,"Barillas",26,2447,357,1,0,4,26,9,1,1,13,47,8,0,0,0,8,0,0,0,0,118,14,6,138,0,138,--,357,219,118,138,138,Algún campo sin dato,1,02046d6908e7a53fbf7f6f52cbfa4fe7231fea7301278138a7446ed901dcc28f,26/06/2023 00:51:03,ESCANER
16474,"Huehuetenango",13,"Barillas",26,2447,356,0,2,8,26,10,1,0,8,58,8,2,3,0,18,0,0,0,0,144,11,5,160,0,160,--,356,196,144,160,160,Algún campo sin dato,1,9f002d82269e5941161cbf816ec698337438d54eb37e0a8c216a9b73a09f2b89,26/06/2023 00:25:01,ESCANER
16475,"Huehuetenango",13,"Barillas",26,2448,380,4,2,1,93,6,1,0,9,65,0,23,3,1,1,0,0,1,0,210,14,5,229,0,229,--,380,151,210,229,229,Algún campo sin dato,1,e6b16abbdd11d4140591ea2ef881640e5895ab725ccbdf425f0a39f6fe64f7f0,26/06/2023 01:28:18,ESCANER
16476,"Huehuetenango",13,"Barillas",26,2448,380,10,1,2,66,5,0,2,16,73,0,15,0,1,4,0,0,0,0,195,26,3,224,0,224,--,380,156,195,224,224,Algún campo sin dato,1,ca40f7df5d3a58022090e80134c64edde026f2211e4e36c984f946c45b75eb9d,26/06/2023 00:06:25,ESCANER
16477,"Huehuetenango",13,"Barillas",26,2448,380,4,1,1,36,3,0,3,5,56,0,8,0,1,4,0,0,0,0,122,20,5,147,0,147,--,380,233,122,147,147,Algún campo sin dato,1,6595978a3b11357ec43dfd8138c40c7fbfc8d9cb34ba9ca32742b0f83ca8eba9,25/06/2023 23:34:47,ESCANER
16478,"Huehuetenango",13,"Barillas",26,2448,380,9,0,2,64,3,0,1,6,66,0,31,0,0,0,0,0,0,0,182,4,2,188,0,188,--,380,192,182,188,188,Algún campo sin dato,1,9dcfe6e5f67bd8141e71bcfce97199fde273e2b7dae3b35cdf06560c5b814168,26/06/2023 00:43:46,ESCANER
16479,"Huehuetenango",13,"Barillas",26,2448,349,7,0,3,54,4,0,0,5,61,0,14,0,1,0,0,0,0,0,149,6,4,159,0,159,--,348,189,149,159,159,Algún campo sin dato,1,3759e3b500de404f3ab7e6afbd05e4e4c12ffb242cff9ffd830c1f2bbf4240ec,26/06/2023 01:28:50,ESCANER
16480,"Huehuetenango",13,"Barillas",26,2448,349,4,0,1,74,7,0,0,11,59,0,23,0,1,0,0,0,0,0,180,5,1,186,0,186,--,349,163,180,186,186,Algún campo sin dato,1,304096d3cf01d12fe9095c2be6c9851f453e8226cd13434ae0e29a575b5d2233,26/06/2023 00:30:36,ESCANER
16481,"Huehuetenango",13,"Barillas",26,2449,380,5,1,3,80,19,3,18,37,19,2,1,0,0,1,0,0,0,0,189,16,12,217,--,217,--,380,163,189,217,217,Algún campo sin dato,1,a2fad094fd4f2617e913803d1777b1d1da31bf7025a6dc6e9b1a6d639352a454,26/06/2023 00:06:56,ESCANER
16482,"Huehuetenango",13,"Barillas",26,2449,328,0,0,1,56,16,0,2,34,21,1,2,0,0,1,0,0,0,0,134,10,9,153,0,153,--,328,175,134,153,153,Algún campo sin dato,1,315bd692f2bb22eb6f7070dcd3ff3c67c14427828393912bdfbe4844a73c5e8f,25/06/2023 22:21:57,ESCANER
16483,"Huehuetenango",13,"Barillas",26,2449,327,1,0,0,69,9,0,6,26,12,1,2,0,0,0,0,0,0,0,126,11,5,142,0,142,--,327,185,126,142,142,Algún campo sin dato,1,301b8df02906d4a7620667f04743cf4f609b92ebb421f91dada04f4479b3a1db,25/06/2023 23:09:17,ESCANER
16484,"Huehuetenango",13,"Barillas",26,2450,380,14,1,5,24,9,3,1,22,75,3,2,0,7,7,0,0,0,0,173,28,8,209,0,209,--,380,171,173,209,209,Algún campo sin dato,1,614f26db5ab61f8fffe2707cea132e260fc38cc1e84c61951d8d3cbf4cd3951e,26/06/2023 01:56:21,ESCANER
16485,"Huehuetenango",13,"Barillas",26,2450,293,5,1,5,29,2,1,1,27,47,1,2,0,19,6,0,0,0,0,147,18,5,170,0,170,--,293,123,146,169,169,Sumas Asentadas sin cuadrar,1,5c4587d8e9ef2816f3c7f25e7374c3e02b734c02688072862bd47348df0c9c94,26/06/2023 01:41:52,ESCANER
16486,"Huehuetenango",13,"Barillas",26,2450,293,3,0,4,16,7,1,0,18,69,3,2,0,3,2,0,1,0,0,129,24,5,158,--,--,--,--,--,129,158,158,Algún campo sin dato,1,2de8a94496f623dcc2e84d85452e849d5ecab1f013369c65f0b896c18880aac2,26/06/2023 00:40:13,ESCANER
16487,"Huehuetenango",13,"Barillas",26,2451,380,6,0,5,38,22,7,5,28,31,1,10,4,7,5,0,0,0,0,169,20,11,200,0,200,--,380,180,169,200,200,Algún campo sin dato,1,003f6f394e51790a806781b5af5519b4559f15d27cbcd8b921053f18603d9acf,25/06/2023 21:51:51,ESCANER
16488,"Huehuetenango",13,"Barillas",26,2451,362,9,2,3,32,13,3,3,22,37,1,9,1,3,2,0,1,0,0,141,20,10,171,0,171,--,361,190,141,171,171,Algún campo sin dato,1,5d1f210390ce7089050e16df69f841db1577aeedd80318904dd4e6d2e51e9f4f,25/06/2023 22:43:30,ESCANER
16489,"Huehuetenango",13,"Barillas",26,2451,362,5,0,2,33,21,1,2,14,32,2,14,4,4,2,0,0,0,0,136,4,4,144,0,144,--,365,221,136,144,144,Algún campo sin dato,1,6cabdf4decec71af99891625701c37f30a799f3fa0fc65c68c375cddc04eea7d,25/06/2023 22:43:58,ESCANER
16490,"Huehuetenango",13,"Barillas",26,2452,600,3,2,2,16,5,0,10,22,16,2,4,2,2,8,0,0,0,0,94,8,6,108,0,108,--,599,491,94,108,108,Algún campo sin dato,1,2ba32b964352bdd00c697cdb75dce61ac56ba6859b4ae916fb9e9aa5e431d032,25/06/2023 23:45:52,ESCANER
16491,"Huehuetenango",13,"Barillas",26,2452,600,8,2,4,25,2,1,5,29,25,3,0,2,2,4,0,0,0,0,112,10,0,122,0,122,--,600,478,112,122,122,Algún campo sin dato,1,c877885cedbd09f06bf147fbf5e5c04c5f24134afabddde37bc131c67a810fbf,25/06/2023 23:46:12,ESCANER
16492,"Huehuetenango",13,"Barillas",26,2453,413,2,2,3,11,2,0,3,11,8,1,3,1,1,4,0,0,0,0,52,1,1,54,0,54,--,413,359,52,54,54,Algún campo sin dato,1,e0451b4092b1c7c70587ce0405558f241e8693ae4bed9231c92e9d77576cdc0b,25/06/2023 21:19:13,ESCANER
16493,"Huehuetenango",13,"Barillas",26,2453,413,3,1,0,4,1,0,2,4,3,1,0,1,0,2,0,0,1,0,23,2,1,26,0,26,--,413,387,23,26,26,Algún campo sin dato,1,54584fae52fd269ea760790c87415bf055304c94067dbcf9985f4ab407b011a8,25/06/2023 21:26:00,ESCANER