﻿TIPO_DE_ELECCIÓN:,CORPORACIÓN MUNICIPAL
26 junio 2023 03:36 (UTC -6)
ACTAS_ESPERADAS,ACTAS_CAPTURADAS,PORCENTAJE_ACTAS_CAPTURADAS,ACTAS_CONTABILIZADAS,PORCENTAJE_ACTAS_CONTABILIZADAS,ACTAS_NO_CONTABILIZADAS,LISTA_NOMINAL_ACTAS_CONTABILIZADAS,VOTOS_EMITIDOS_CONTABILIZADAS,PORCENTAJE_PARTICIPACIÓN_CIUDADANA
117,87,74.3589,87,74.3589,0,32436,23133,71.3189

MESA,DEPARTAMENTO,ID_DEPARTAMENTO,MUNICIPIO,ID_MUNICIPIO,CENTRO_DE_VOTACIÓN,PADRÓN,VIVA,MLP,VALOR,UNE,CABAL,PODEMOS,WINAQ,UR,VAMOS,P A N,VOS,PHG,VÁLIDOS,NULOS,BLANCO,EMITIDOS,INVÁLIDOS,TOTAL,IMPUGNACIONES,PAPELETAS-RECIBIDAS,PAPELETAS-NO-USADAS,VALIDOS_CALCULADO,EMITIDOS_CALCULADO,TOTAL_CALCULADO,OBSERVACIONES,CONTABILIZADA,CÓDIGO_INTEGRIDAD,FECHA_HORA_PUBLICACIÓN,DIGITALIZACIÓN
19982,"Alta Verapaz",16,"Chisec",13,3093,400,71,5,137,8,1,82,0,0,2,0,0,0,306,16,1,323,0,323,--,400,77,306,323,323,Algún campo sin dato,1,ab47d65ec97e44bf9c599054fd6cfc2c1c58382b0fc5a3aa16f3a003f8e96a5e,25/06/2023 23:30:41,ESCANER
19983,"Alta Verapaz",16,"Chisec",13,3093,400,100,1,124,17,0,72,3,0,10,1,0,0,328,8,0,336,0,336,--,400,64,328,336,336,Algún campo sin dato,1,57f9af2364581812e6a994766d51990c2031c89b2daf410b1fc33d88928305b9,26/06/2023 00:53:42,ESCANER
19984,"Alta Verapaz",16,"Chisec",13,3093,400,95,1,103,10,1,92,2,0,3,4,1,0,312,9,7,328,0,328,--,400,72,312,328,328,Algún campo sin dato,1,b1f096f6827007a30cba5a5a864703b62762dbea14522d130e1729aa10bbe12b,26/06/2023 01:10:52,ESCANER
19985,"Alta Verapaz",16,"Chisec",13,3093,400,78,5,118,8,0,81,3,0,7,3,0,0,303,20,1,324,0,324,--,400,76,303,324,324,Algún campo sin dato,1,27676f5ceb3e003ed243cc5d2dcb50c5defb01d211c804e87741cecee54fabdc,26/06/2023 01:38:26,ESCANER
19986,"Alta Verapaz",16,"Chisec",13,3094,400,,,,,,,,,,,,,,,,,,,,,,,,,,0,,,
19987,"Alta Verapaz",16,"Chisec",13,3094,400,,,,,,,,,,,,,,,,,,,,,,,,,,0,,,
19988,"Alta Verapaz",16,"Chisec",13,3094,400,,,,,,,,,,,,,,,,,,,,,,,,,,0,,,
19989,"Alta Verapaz",16,"Chisec",13,3095,400,,,,,,,,,,,,,,,,,,,,,,,,,,0,,,
19990,"Alta Verapaz",16,"Chisec",13,3095,400,82,0,111,3,0,78,0,0,4,0,0,0,278,9,2,289,0,289,--,400,111,278,289,289,Algún campo sin dato,1,3c0bfe54aa8599a909a9baa2b3dbedd749693585c7d8831d08bd70b18b606571,26/06/2023 02:15:56,ESCANER
19991,"Alta Verapaz",16,"Chisec",13,3095,400,,,,,,,,,,,,,,,,,,,,,,,,,,0,,,
19992,"Alta Verapaz",16,"Chisec",13,3095,400,80,7,105,10,0,87,0,0,4,1,0,0,294,13,4,311,0,311,--,400,89,294,311,311,Algún campo sin dato,1,cb0a85a8f0fea4d82ccc61118108aa065014425a7d89fbc61685847e5353abf5,26/06/2023 02:46:50,ESCANER
19993,"Alta Verapaz",16,"Chisec",13,3095,400,58,4,142,8,1,81,0,0,9,1,0,1,305,15,1,321,0,321,--,397,76,305,321,321,Algún campo sin dato,1,d6e7574a85cbc94df694a471c7f44f0030514334a61fa5f6d16f354c2f8dd5de,26/06/2023 02:08:52,ESCANER
19994,"Alta Verapaz",16,"Chisec",13,3096,400,85,--,112,4,--,76,--,--,6,3,--,--,286,12,4,302,16,302,--,400,98,286,302,318,Sumas Asentadas sin cuadrar,1,f266a972554a87146b96c0f2684ff85d61d398513ed7fb3a92fd0ba58314f491,26/06/2023 03:19:16,ESCANER
19995,"Alta Verapaz",16,"Chisec",13,3096,400,,,,,,,,,,,,,,,,,,,,,,,,,,0,,,
19996,"Alta Verapaz",16,"Chisec",13,3096,400,,,,,,,,,,,,,,,,,,,,,,,,,,0,,,
19997,"Alta Verapaz",16,"Chisec",13,3096,400,74,1,115,7,--,102,--,1,10,--,--,--,310,--,5,315,9,324,--,400,76,310,315,324,Algún campo sin dato,1,9362b4f5aa1f6fb40ce65551467078428d54525bf502570275668f9b2202d4f1,26/06/2023 01:20:55,ESCANER
19998,"Alta Verapaz",16,"Chisec",13,3096,400,,,,,,,,,,,,,,,,,,,,,,,,,,0,,,
19999,"Alta Verapaz",16,"Chisec",13,3096,400,81,1,109,9,0,86,0,0,2,1,0,0,289,16,5,310,0,310,--,400,90,289,310,310,Algún campo sin dato,1,5b76e29ec88cd6108dcad0dbb8f675f3fd43fbf0737968be1f87e2e5bada1e56,25/06/2023 23:03:55,ESCANER
20000,"Alta Verapaz",16,"Chisec",13,3096,400,72,3,119,6,0,84,0,0,3,1,0,1,289,7,5,301,0,301,--,400,99,289,301,301,Algún campo sin dato,1,43ee9ab5bf4b4a83a777f3fa0f04804db226c61e932b8a99b5991f6ffc53b5c9,26/06/2023 01:27:07,ESCANER
20001,"Alta Verapaz",16,"Chisec",13,3096,400,,,,,,,,,,,,,,,,,,,,,,,,,,0,,,
20002,"Alta Verapaz",16,"Chisec",13,3097,400,69,1,116,11,0,69,0,0,4,2,0,0,272,10,2,284,0,284,--,400,116,272,284,284,Algún campo sin dato,1,bc519776b5c7f8a2bf262f8fa5ae91e801f7fed62e609f37ba65aa8886d6f0a9,26/06/2023 01:09:42,ESCANER
20003,"Alta Verapaz",16,"Chisec",13,3097,400,83,1,118,13,0,80,0,0,8,1,0,0,304,4,2,310,0,620,--,400,90,304,310,310,Sumas Asentadas sin cuadrar,1,4e23213aa6e27183017228d4571cdd31580ce8bd71842e6a83cfc985a04a854a,26/06/2023 01:59:21,ESCANER
20004,"Alta Verapaz",16,"Chisec",13,3097,400,,,,,,,,,,,,,,,,,,,,,,,,,,0,,,
20005,"Alta Verapaz",16,"Chisec",13,3097,400,85,0,118,11,1,67,0,0,2,1,0,0,285,3,0,288,0,288,--,400,112,285,288,288,Algún campo sin dato,1,7e1063dfb2461841c4fb7af866d84e8f040193d498638ac884679376731c4f83,26/06/2023 00:27:12,ESCANER
20006,"Alta Verapaz",16,"Chisec",13,3097,400,,,,,,,,,,,,,,,,,,,,,,,,,,0,,,
20007,"Alta Verapaz",16,"Chisec",13,3097,400,78,1,123,9,0,100,0,0,4,0,0,0,315,1,0,316,0,316,--,400,84,315,316,316,Algún campo sin dato,1,b57c46f662004f7c4f372f660762307b68cca47bd4a04aec4081b996b771ae88,26/06/2023 00:56:39,ESCANER
20008,"Alta Verapaz",16,"Chisec",13,3097,400,87,1,129,4,0,78,0,0,4,1,1,0,305,7,1,313,0,313,--,400,87,305,313,313,Algún campo sin dato,1,a05978af9f398676156d3cdf2e076383e55116c55bf327a5e8e3211361021e04,26/06/2023 01:52:47,ESCANER
20009,"Alta Verapaz",16,"Chisec",13,3098,400,89,2,135,4,0,87,0,0,2,0,0,0,319,1,0,320,0,320,--,400,80,319,320,320,Algún campo sin dato,1,b2a6f567ef82ca570d3238801c6adbc6ed7e5c9fdff9cf8a3410206235854372,26/06/2023 00:46:24,ESCANER
20010,"Alta Verapaz",16,"Chisec",13,3098,267,49,2,87,6,0,57,0,0,2,1,0,0,204,4,0,208,0,208,--,267,59,204,208,208,Algún campo sin dato,1,70a7eb28ce86c557d6a2ce6da7783b835a823861d6de6826da4d513bbf29587f,26/06/2023 00:24:17,ESCANER
20011,"Alta Verapaz",16,"Chisec",13,3098,267,51,1,73,5,0,51,0,0,2,1,0,1,185,5,1,191,0,191,--,267,76,185,191,191,Algún campo sin dato,1,4ee6a415d867a88e4042e092b801c57ba3b9cdc3adfc1c792f486a2ebc667fa4,26/06/2023 00:58:32,ESCANER
20012,"Alta Verapaz",16,"Chisec",13,3099,400,78,0,79,34,1,85,3,0,7,4,0,0,291,19,11,321,0,321,--,400,79,291,321,321,Algún campo sin dato,1,83335580437a6bfc189970dbbe31b8a656be59ec22be964ddb8f42c1bb76af8e,26/06/2023 01:25:55,ESCANER
20013,"Alta Verapaz",16,"Chisec",13,3099,400,66,1,89,49,1,79,4,0,7,6,0,0,324,10,11,--,1,--,--,400,76,302,323,324,Sumas Asentadas sin cuadrar,1,f937e5f9bd3fbd035d4a77f85bb2d4ddf5d2d57b6f233b410836f21a8aad8d8c,26/06/2023 00:57:52,ESCANER
20014,"Alta Verapaz",16,"Chisec",13,3099,400,68,0,90,40,1,88,0,1,6,4,0,0,298,19,2,319,0,319,0,397,78,298,319,319,,1,da143875a77a7a999830a52b9f3eb30af88603c398a4545d28f7f1b5b3cd91b9,26/06/2023 00:19:06,ESCANER
20015,"Alta Verapaz",16,"Chisec",13,3099,400,62,1,83,43,0,97,2,0,10,2,0,1,301,11,4,316,0,316,--,400,84,301,316,316,Algún campo sin dato,1,0a8fb3d429461ddef32de66e87fe826a531dddaabe159bbd0a9e9c034ce6f44c,26/06/2023 01:31:24,ESCANER
20016,"Alta Verapaz",16,"Chisec",13,3099,400,,,,,,,,,,,,,,,,,,,,,,,,,,0,,,
20017,"Alta Verapaz",16,"Chisec",13,3099,400,86,11,70,82,3,61,4,0,3,2,0,0,322,10,0,332,0,332,--,400,68,322,332,332,Algún campo sin dato,1,14a92b14410a014274f7a4a3391e3f5bb2859516456777b44e2f0bd18841a0c5,26/06/2023 03:25:40,ESCANER
20018,"Alta Verapaz",16,"Chisec",13,3099,400,69,0,70,75,1,68,2,0,4,2,0,0,291,9,4,304,0,304,--,397,93,291,304,304,Algún campo sin dato,1,3b69321fd259cb4429abf33ab52843ecda1b0c08da0a4562fdd653f5cafbeb50,26/06/2023 00:30:16,ESCANER
20019,"Alta Verapaz",16,"Chisec",13,3099,400,80,0,76,29,1,86,0,0,4,2,0,0,278,10,2,290,0,290,--,400,110,278,290,290,Algún campo sin dato,1,3c0cd6b14b33847482f17a9a501b9bcf4bc4a0e4d7a244dcaa65f20a3c3ad90e,25/06/2023 23:32:38,ESCANER
20020,"Alta Verapaz",16,"Chisec",13,3099,400,55,0,86,40,2,71,0,1,18,2,1,0,276,15,4,295,0,295,--,400,105,276,295,295,Algún campo sin dato,1,cfd1ce7e47c4ed7e3c72be7b8d79f220289db395e94fea994f33240f253f80e4,26/06/2023 00:09:08,ESCANER
20021,"Alta Verapaz",16,"Chisec",13,3099,400,49,0,97,25,1,75,2,0,6,8,0,0,263,10,6,279,0,279,--,397,118,263,279,279,Algún campo sin dato,1,5954919085929fb59672a5a1b9eb4e9f48c8195505f737c6d788a20698e891e4,26/06/2023 01:53:45,ESCANER
20022,"Alta Verapaz",16,"Chisec",13,3100,400,68,1,86,35,1,74,3,0,10,3,0,0,281,11,5,297,0,297,--,400,103,281,297,297,Algún campo sin dato,1,ab7420a7caf0943e79d740ce5bf899fd06ca5291376079673512b2b3235981c1,25/06/2023 22:35:06,ESCANER
20023,"Alta Verapaz",16,"Chisec",13,3100,400,66,1,73,41,0,74,3,0,7,0,0,0,265,15,5,285,0,285,--,400,115,265,285,285,Algún campo sin dato,1,1565f4c1fb67bab42c769f4fec64a5cdf5dc35b82e261988b567fa3714ea2773,26/06/2023 01:23:08,ESCANER
20024,"Alta Verapaz",16,"Chisec",13,3100,400,,,,,,,,,,,,,,,,,,,,,,,,,,0,,,
20025,"Alta Verapaz",16,"Chisec",13,3100,400,56,1,67,26,2,92,1,0,10,3,0,1,259,11,9,279,0,279,--,400,121,259,279,279,Algún campo sin dato,1,714d61976b6010281935cba64db517e87321e174b7a1a82e9b865990e7396549,26/06/2023 01:40:31,ESCANER
20026,"Alta Verapaz",16,"Chisec",13,3100,400,57,1,75,40,1,80,0,0,3,7,0,0,264,8,2,274,0,274,0,400,126,264,274,274,,1,60fbc4cb6e38cd0dba0c1c296352f77fb9f9f1961a1cfe83595740044e0f7b49,26/06/2023 00:29:04,ESCANER
20027,"Alta Verapaz",16,"Chisec",13,3100,400,67,0,86,58,3,87,1,0,3,0,0,0,305,3,1,309,0,309,--,402,93,305,309,309,Algún campo sin dato,1,0aa86de25a89d0a24d08480e33eb561662c16e4688526db439995a1a888b8719,26/06/2023 00:48:23,ESCANER
20028,"Alta Verapaz",16,"Chisec",13,3100,400,79,0,83,55,2,83,1,0,2,1,0,0,306,2,1,309,0,309,0,400,91,306,309,309,,1,57df2496f95da9e4e1558d78d8809442728cded665d8abe4984cc102f2c8bdf4,26/06/2023 01:16:21,ESCANER
20029,"Alta Verapaz",16,"Chisec",13,3100,251,46,0,64,30,1,49,0,0,2,1,0,0,193,0,2,195,0,195,--,251,56,193,195,195,Algún campo sin dato,1,44f895c9d3ac002d74dc1bec0819dada93b3fcc39917456e4445b428360e3b5b,25/06/2023 22:42:07,ESCANER
20030,"Alta Verapaz",16,"Chisec",13,3100,250,49,0,35,31,0,57,1,0,5,3,0,0,181,4,2,187,0,187,--,250,60,181,187,187,Algún campo sin dato,1,6c4560e176b731be6e23ebb7464f8d8a5904ef629aabe5615aaf7dce00119fd3,26/06/2023 01:27:02,ESCANER
20031,"Alta Verapaz",16,"Chisec",13,3101,400,71,0,73,10,0,68,2,0,8,0,0,0,232,2,3,237,16,253,--,398,145,232,237,253,Algún campo sin dato,1,1b330847fdc8f89237efbb4c94049f3834c8254c26d8439a4836682bf52e49c1,26/06/2023 00:18:58,ESCANER
20032,"Alta Verapaz",16,"Chisec",13,3101,400,75,2,76,27,0,45,1,0,9,0,0,0,235,12,5,252,2,254,--,400,146,235,252,254,Algún campo sin dato,1,f3e9e59b4f5da9202c04aac3aedf67194115929d08ffae05349e234957fa3113,26/06/2023 01:08:42,ESCANER
20033,"Alta Verapaz",16,"Chisec",13,3101,400,70,2,67,28,0,51,0,0,0,0,0,0,218,41,2,261,0,261,0,400,139,218,261,261,,1,911c8ce9cbf7d2270459f76d42ee324ef4c962c06dcb2a635c7f79445cb96c38,25/06/2023 23:27:10,ESCANER
20034,"Alta Verapaz",16,"Chisec",13,3101,400,61,0,61,13,0,70,1,0,10,0,0,0,233,1,4,233,12,233,--,399,166,216,221,233,Sumas Asentadas sin cuadrar,1,2822cae936a6fcff47d15d63f01e0339b8764f673404201dd58eb4784a041df4,26/06/2023 01:46:15,ESCANER
20035,"Alta Verapaz",16,"Chisec",13,3102,400,67,1,70,9,2,63,2,0,15,0,0,0,229,20,3,252,0,252,0,397,145,229,252,252,,1,3e4dc86962441faba3cd972d5c8c5d92f2359b7dc21aa4613ebec38f0aeb29b3,26/06/2023 00:08:29,ESCANER
20036,"Alta Verapaz",16,"Chisec",13,3102,400,60,0,63,21,0,49,0,0,14,0,0,0,207,13,7,227,3,230,0,400,170,207,227,230,,1,5c4d7df9d3ec2e382f88ee693fde6810aa565cedd788bec0fd4c649bbf0dae99,25/06/2023 23:51:29,ESCANER
20037,"Alta Verapaz",16,"Chisec",13,3102,400,52,4,63,5,1,40,1,1,4,0,0,0,171,15,7,193,0,193,0,400,207,171,193,193,,1,89604172312741975f5f0d36548d48962f89b1df5af57383f79888d0e7885e93,25/06/2023 23:06:02,ESCANER
20038,"Alta Verapaz",16,"Chisec",13,3103,400,69,0,44,11,0,53,0,0,9,0,0,0,186,8,0,4,0,4,--,400,206,186,194,194,Sumas Asentadas sin cuadrar,1,0b7043340c000f615cb28def30ee567ae8141c7481750bdf6776be870919f789,25/06/2023 21:58:52,ESCANER
20039,"Alta Verapaz",16,"Chisec",13,3103,306,66,0,69,5,0,40,0,0,2,0,0,0,182,1,2,185,0,185,--,303,118,182,185,185,Algún campo sin dato,1,bba7f273b90723859d1951948be8f7c3e247d15240cd64acb6cf299947ac35d3,25/06/2023 23:10:00,ESCANER
20040,"Alta Verapaz",16,"Chisec",13,3103,306,65,0,55,10,0,35,0,0,5,0,0,0,170,5,0,175,0,175,--,306,131,170,175,175,Algún campo sin dato,1,8b2b187c8bb79890213fe247cd82ba9badac9eb174e60994f523a0ad58650f3b,25/06/2023 22:55:52,ESCANER
20041,"Alta Verapaz",16,"Chisec",13,3104,380,28,10,23,33,1,82,4,0,9,7,0,0,197,45,5,247,0,247,0,380,133,197,247,247,,1,cb6a3d0d61cce17d07c84023125e0580a37cb6690a5b3cffaa76f2a00f93f562,25/06/2023 23:18:42,ESCANER
20042,"Alta Verapaz",16,"Chisec",13,3105,380,38,9,26,31,2,89,1,0,2,2,0,0,200,36,2,238,0,238,--,380,142,200,238,238,Algún campo sin dato,1,3297b8aaebce4aebc0c5bfbf958fcc9486e50c0448c476995bb4877b58f35bc7,26/06/2023 00:47:09,ESCANER
20043,"Alta Verapaz",16,"Chisec",13,3105,380,42,12,28,28,1,79,3,1,10,5,1,0,210,26,17,253,0,253,--,383,130,210,253,253,Algún campo sin dato,1,2af52ffbb784f8d96680f73d9f3abd7e155dfc92cf0580b0d55ab8fd9c5e5c76,25/06/2023 23:56:14,ESCANER
20044,"Alta Verapaz",16,"Chisec",13,3105,380,42,5,26,28,0,75,1,0,12,10,1,0,200,28,7,235,0,235,--,376,141,200,235,235,Algún campo sin dato,1,c1d5106f232cf8ed14d4f42c08316c7133545285f085337ae2e7f3d47c15b846,25/06/2023 22:48:20,ESCANER
20045,"Alta Verapaz",16,"Chisec",13,3106,380,35,6,29,19,1,105,6,0,7,1,0,0,209,15,5,229,0,229,0,380,151,209,229,229,,1,fd17f70bb2b230f112439f5e6fa305b6d4358fa1784336e4cee53dc842caf133,26/06/2023 01:34:59,ESCANER
20046,"Alta Verapaz",16,"Chisec",13,3106,380,25,8,20,29,1,104,6,2,4,3,0,0,202,25,5,232,0,232,--,380,148,202,232,232,Algún campo sin dato,1,be69aa3e64b40fca5a91e25ea338ec3ca6d80a50832baab959c5f9350fa1f86a,25/06/2023 21:48:59,ESCANER
20047,"Alta Verapaz",16,"Chisec",13,3106,380,36,5,23,17,0,94,3,1,6,3,0,1,189,16,4,209,0,209,0,380,171,189,209,209,,1,2209b7123502c26f47f96a82a32f0b9717de04b4b2436e38e0bdedd8524c67f0,26/06/2023 00:30:55,ESCANER
20048,"Alta Verapaz",16,"Chisec",13,3106,380,34,6,25,28,2,72,3,0,9,0,0,0,179,29,3,211,0,211,0,381,170,179,211,211,,1,120f118c3b859a4c3be56d7ad7fd265f58a27fa1b1e168ab1394d07d7c654771,25/06/2023 23:11:35,ESCANER
20049,"Alta Verapaz",16,"Chisec",13,3106,380,32,4,24,36,0,76,1,0,8,6,0,0,187,2,6,195,10,205,0,380,175,187,195,205,,1,d70a7e1520640da4f8cde9e43d460bc041f0884c50d8f35e188dc6cb47a27e9c,25/06/2023 23:26:26,ESCANER
20050,"Alta Verapaz",16,"Chisec",13,3106,380,39,0,28,44,0,114,1,0,9,4,0,0,239,13,1,253,1,254,0,380,126,239,253,254,,1,da4e9eb294a379c539faa98289b746a1aabc1d8222a640a0ecd7cfd91d347786,25/06/2023 22:04:09,ESCANER
20051,"Alta Verapaz",16,"Chisec",13,3107,320,32,7,10,23,0,92,2,0,13,2,0,0,181,8,1,190,0,190,--,317,127,181,190,190,Algún campo sin dato,1,c1d5209cce7ca9a6329d0d6d52f0cc8d1f1346c2554c3d01dbf2d43c6ab1cabc,26/06/2023 00:36:01,ESCANER
20052,"Alta Verapaz",16,"Chisec",13,3107,320,19,3,21,15,0,91,0,0,3,2,0,0,154,11,2,167,0,167,--,320,153,154,167,167,Algún campo sin dato,1,8b9bf16107f70464894611d91f46032e6b31b46ae907f0627de2457500fbf2ac,25/06/2023 22:59:05,ESCANER
20053,"Alta Verapaz",16,"Chisec",13,3108,380,,,,,,,,,,,,,,,,,,,,,,,,,,0,,,
20054,"Alta Verapaz",16,"Chisec",13,3108,380,81,2,47,15,0,70,2,0,1,7,0,1,269,36,7,269,0,269,--,380,111,226,269,269,Sumas Asentadas sin cuadrar,1,e8b8fa5b68e05d3d959edc111466ce3487013e20101575e8c69b79b3b483e90d,26/06/2023 00:25:34,ESCANER
20055,"Alta Verapaz",16,"Chisec",13,3108,380,,,,,,,,,,,,,,,,,,,,,,,,,,0,,,
20056,"Alta Verapaz",16,"Chisec",13,3108,380,69,0,41,11,1,107,2,0,1,6,1,0,239,7,8,254,18,272,--,380,108,239,254,272,Algún campo sin dato,1,81a3729668b549856133fa885545f60a6392793a3a6adf38b21b116e6b8be694,26/06/2023 01:53:22,ESCANER
20057,"Alta Verapaz",16,"Chisec",13,3108,380,73,3,47,15,0,77,1,0,3,0,1,0,220,19,3,242,1,243,--,380,137,220,242,243,Algún campo sin dato,1,56d53d54e61ecb67e07eeb1ed942b884c96e1026c47c71252ac984e92a0608e8,26/06/2023 00:54:12,ESCANER
20058,"Alta Verapaz",16,"Chisec",13,3108,380,74,3,46,14,0,89,0,0,5,10,0,0,241,35,5,281,0,--,--,381,97,241,281,281,Algún campo sin dato,1,3a7553da3250df68ddd377f756e7426d946298732af86bec6e297762366cffae,26/06/2023 00:02:29,ESCANER
20059,"Alta Verapaz",16,"Chisec",13,3108,380,,,,,,,,,,,,,,,,,,,,,,,,,,0,,,
20060,"Alta Verapaz",16,"Chisec",13,3108,380,61,2,32,17,0,77,1,0,3,5,0,0,198,26,4,228,0,228,--,376,148,198,228,228,Algún campo sin dato,1,78e73e83e51b555f8fc78adc29da094debe8cece145e955d094f1b55da08d4e7,26/06/2023 00:33:15,ESCANER
20061,"Alta Verapaz",16,"Chisec",13,3109,380,83,2,37,9,1,100,0,0,3,5,0,0,240,13,4,380,0,380,--,380,123,240,257,257,Sumas Asentadas sin cuadrar,1,0100b132755c30fee58faabc22ccaf49dcf38fe166bcd26b818a3e0b10f12174,26/06/2023 01:34:31,ESCANER
20062,"Alta Verapaz",16,"Chisec",13,3109,380,78,0,58,8,0,108,0,0,0,0,0,0,252,15,0,267,0,267,--,378,111,252,267,267,Algún campo sin dato,1,550af49db3fffdb8428f17bb440a7b0912b57afb0ae2a7cfb673696eac27c6ca,25/06/2023 23:57:44,ESCANER
20063,"Alta Verapaz",16,"Chisec",13,3109,215,41,5,41,5,0,47,0,0,1,4,0,0,144,8,1,153,0,153,0,215,62,144,153,153,,1,23805d45ca9dd06d97e28c982f8a7d5ffe224bbdbfd2499a7d5f4af89cf464fe,25/06/2023 23:37:48,ESCANER
20064,"Alta Verapaz",16,"Chisec",13,3109,215,39,1,19,6,--,50,--,--,1,3,1,--,120,7,--,127,1,128,--,212,84,120,127,128,Algún campo sin dato,1,6326ecc46a7b8ac96711e674c9b8ad4da55ef35dda8a3053b020cf1a6c4e7bca,25/06/2023 23:19:19,ESCANER
20065,"Alta Verapaz",16,"Chisec",13,3110,380,,,,,,,,,,,,,,,,,,,,,,,,,,0,,,
20066,"Alta Verapaz",16,"Chisec",13,3111,380,,,,,,,,,,,,,,,,,,,,,,,,,,0,,,
20067,"Alta Verapaz",16,"Chisec",13,3111,380,,,,,,,,,,,,,,,,,,,,,,,,,,0,,,
20068,"Alta Verapaz",16,"Chisec",13,3111,380,,,,,,,,,,,,,,,,,,,,,,,,,,0,,,
20069,"Alta Verapaz",16,"Chisec",13,3111,380,,,,,,,,,,,,,,,,,,,,,,,,,,0,,,
20070,"Alta Verapaz",16,"Chisec",13,3111,380,,,,,,,,,,,,,,,,,,,,,,,,,,0,,,
20071,"Alta Verapaz",16,"Chisec",13,3111,380,,,,,,,,,,,,,,,,,,,,,,,,,,0,,,
20072,"Alta Verapaz",16,"Chisec",13,3112,380,,,,,,,,,,,,,,,,,,,,,,,,,,0,,,
20073,"Alta Verapaz",16,"Chisec",13,3112,379,,,,,,,,,,,,,,,,,,,,,,,,,,0,,,
20074,"Alta Verapaz",16,"Chisec",13,3112,379,,,,,,,,,,,,,,,,,,,,,,,,,,0,,,
20075,"Alta Verapaz",16,"Chisec",13,3113,380,50,1,26,54,1,93,3,1,14,6,1,0,250,33,4,287,0,287,--,381,94,250,287,287,Algún campo sin dato,1,67588418bab56825b469d7db3a299a1058ef939731ff22038ee6672d236530d0,26/06/2023 00:51:47,ESCANER
20076,"Alta Verapaz",16,"Chisec",13,3113,380,53,2,38,42,1,84,0,0,8,8,0,0,236,27,4,267,0,267,--,380,113,236,267,267,Algún campo sin dato,1,1ef1fd59e991c905e71f7762e8a24469110067484c9d495ab08a05f588a1da52,26/06/2023 00:39:44,ESCANER
20077,"Alta Verapaz",16,"Chisec",13,3113,380,37,3,35,64,0,80,0,0,10,11,0,1,241,17,1,259,0,259,--,380,121,241,259,259,Algún campo sin dato,1,4e5923d61b08e9c4cbd7b48212635309044185dc39bab7a037006d82b985756b,26/06/2023 01:28:45,ESCANER
20078,"Alta Verapaz",16,"Chisec",13,3114,380,48,0,22,55,0,70,1,0,11,8,0,0,215,25,6,246,0,246,--,377,131,215,246,246,Algún campo sin dato,1,c50bf59d28f5db1a6a909083958bb2414d158742584c85a496c4892b0710da0a,25/06/2023 23:16:44,ESCANER
20079,"Alta Verapaz",16,"Chisec",13,3114,343,46,1,27,32,0,96,0,0,2,10,0,0,214,8,3,225,0,225,--,340,115,214,225,225,Algún campo sin dato,1,32186f0264da686cb2649e7794e0994b213140e7ebd0b96efedf63b1f9a41b57,25/06/2023 23:43:31,ESCANER
20080,"Alta Verapaz",16,"Chisec",13,3114,342,29,1,31,73,1,77,0,0,5,7,0,0,224,11,4,239,0,239,--,340,101,224,239,239,Algún campo sin dato,1,9a0b5983fa562febe851a87a807ab022c1c06e49f953eee84bc4d4d1454053c4,25/06/2023 23:58:02,ESCANER
20081,"Alta Verapaz",16,"Chisec",13,3115,380,122,1,104,6,0,78,0,0,21,4,0,0,336,14,4,354,0,354,--,380,26,336,354,354,Algún campo sin dato,1,ae1ef3e234db1dd9de178e5aa300bf24816cba5be23c2a4c8a844b53bd38b3b6,26/06/2023 00:48:50,ESCANER
20082,"Alta Verapaz",16,"Chisec",13,3115,380,112,1,101,1,1,85,1,0,18,5,0,0,325,19,5,349,0,349,1,380,30,325,349,349,,1,3519fb443fe3f24b47b936fd48e70f5edd65ded0c72281a6b7c756b21382a4ed,26/06/2023 00:17:27,ESCANER
20083,"Alta Verapaz",16,"Chisec",13,3115,380,99,0,109,5,0,94,0,0,21,8,0,0,336,18,1,355,0,355,2,380,25,336,355,355,,1,ea96955546dfe497efb0270f125c5448f0135d582d1d08ca10dced0144cb8431,26/06/2023 00:13:04,ESCANER
20084,"Alta Verapaz",16,"Chisec",13,3115,380,135,0,112,4,1,67,2,1,13,3,0,0,338,9,5,352,0,352,--,380,28,338,352,352,Algún campo sin dato,1,d742cf13c44c477e6186a899deafcca54b099d93b743276e03d6e260ef7cfea1,25/06/2023 22:58:47,ESCANER
20085,"Alta Verapaz",16,"Chisec",13,3116,380,87,2,86,1,0,105,2,0,19,7,1,0,310,26,3,339,0,339,--,380,41,310,339,339,Algún campo sin dato,1,31aec046d984597810b1c845f7cab51926be020b202638fc1db75d4324824320,26/06/2023 00:44:21,ESCANER
20086,"Alta Verapaz",16,"Chisec",13,3116,380,86,0,104,2,0,82,0,0,7,5,0,0,299,7,6,299,0,299,--,380,81,286,299,299,Sumas Asentadas sin cuadrar,1,cb783c9107783ec31baa2464d20d2b228631a7d7e40752fdd20b024b67493f17,26/06/2023 00:32:23,ESCANER
20087,"Alta Verapaz",16,"Chisec",13,3116,380,139,0,92,1,0,55,0,0,12,3,0,0,302,1,3,306,0,306,0,381,75,302,306,306,,1,9570b4a0043741cd05a5933633fdc366b1a841f8318de582359eaf00e29b6f18,25/06/2023 23:51:26,ESCANER
20088,"Alta Verapaz",16,"Chisec",13,3116,261,49,0,75,1,0,72,0,0,6,2,0,0,205,0,1,206,0,206,--,258,52,205,206,206,Algún campo sin dato,1,170f86e6dc0678aa38d336af5ce076a16cfb708afcf01a143cdce94b308920e0,25/06/2023 22:40:30,ESCANER
20089,"Alta Verapaz",16,"Chisec",13,3116,260,75,0,67,2,0,49,0,0,5,1,0,0,199,3,3,205,0,205,--,257,52,199,205,205,Algún campo sin dato,1,22d3d616cf7db57057d1c6374ca67a0d0dfc85738388a76d6042bd82077f4f97,25/06/2023 22:49:45,ESCANER
20090,"Alta Verapaz",16,"Chisec",13,3117,380,127,0,103,7,0,70,1,0,7,10,0,0,325,12,6,343,0,343,--,380,37,325,343,343,Algún campo sin dato,1,5a04ec220981e3ff2f041b8ac7e8c0bfdcd72236f9cafb31086049d46d676d05,26/06/2023 00:34:20,ESCANER
20091,"Alta Verapaz",16,"Chisec",13,3117,380,97,0,113,3,0,68,3,0,17,0,1,0,302,8,3,313,1,314,--,380,66,302,313,314,Algún campo sin dato,1,fbb17400334678c687dd94047f5124bb0b717404be1ec76633069ea22ee1d550,26/06/2023 02:00:58,ESCANER
20092,"Alta Verapaz",16,"Chisec",13,3117,380,114,0,80,8,0,75,3,0,12,3,0,0,295,5,9,309,0,309,--,380,71,295,309,309,Algún campo sin dato,1,4bde38e9f0428c6e1e3615fe5a4befa93a14009c26b9c9225c644ca5de605b64,26/06/2023 00:21:53,ESCANER
20093,"Alta Verapaz",16,"Chisec",13,3117,380,97,0,81,9,0,81,1,0,3,4,0,0,276,5,7,288,0,288,--,380,92,276,288,288,Algún campo sin dato,1,e0e40e5cd9f1421869400216dded5af2270c1edc78928981d737610a28e6ffc7,26/06/2023 02:14:05,ESCANER
20094,"Alta Verapaz",16,"Chisec",13,3117,380,,,,,,,,,,,,,,,,,,,,,,,,,,0,,,
20095,"Alta Verapaz",16,"Chisec",13,3118,380,,,,,,,,,,,,,,,,,,,,,,,,,,0,,,
20096,"Alta Verapaz",16,"Chisec",13,3118,367,,,,,,,,,,,,,,,,,,,,,,,,,,0,,,
20097,"Alta Verapaz",16,"Chisec",13,3118,366,,,,,,,,,,,,,,,,,,,,,,,,,,0,,,
20098,"Alta Verapaz",16,"Chisec",13,3119,353,13,1,9,3,0,12,0,0,4,0,0,0,42,8,4,54,0,54,--,353,299,42,54,54,Algún campo sin dato,1,994bbb76fcaaaada7ce6c51128e7d72a40cece71a977686dcceb92b34259cd9d,25/06/2023 21:53:38,ESCANER