﻿TIPO_DE_ELECCIÓN:,CORPORACIÓN MUNICIPAL
26 junio 2023 03:36 (UTC -6)
ACTAS_ESPERADAS,ACTAS_CAPTURADAS,PORCENTAJE_ACTAS_CAPTURADAS,ACTAS_CONTABILIZADAS,PORCENTAJE_ACTAS_CONTABILIZADAS,ACTAS_NO_CONTABILIZADAS,LISTA_NOMINAL_ACTAS_CONTABILIZADAS,VOTOS_EMITIDOS_CONTABILIZADAS,PORCENTAJE_PARTICIPACIÓN_CIUDADANA
43,34,79.0697,34,79.0697,0,13666,9091,66.5227

MESA,DEPARTAMENTO,ID_DEPARTAMENTO,MUNICIPIO,ID_MUNICIPIO,CENTRO_DE_VOTACIÓN,PADRÓN,VALOR,UNE,CREO,PODEMOS,VOS,VICTORIA,TODOS,PHG,VAMOS,CAMBIO,FCN-NACION,MI FAMILIA,BIEN,VÁLIDOS,NULOS,BLANCO,EMITIDOS,INVÁLIDOS,TOTAL,IMPUGNACIONES,PAPELETAS-RECIBIDAS,PAPELETAS-NO-USADAS,VALIDOS_CALCULADO,EMITIDOS_CALCULADO,TOTAL_CALCULADO,OBSERVACIONES,CONTABILIZADA,CÓDIGO_INTEGRIDAD,FECHA_HORA_PUBLICACIÓN,DIGITALIZACIÓN
7586,"Escuintla",5,"Siquinalá",4,857,400,120,12,37,40,5,37,1,9,14,0,6,1,2,284,15,4,303,0,303,--,400,97,284,303,303,Algún campo sin dato,1,e93e1054ad31ebbd00cb0e825d629a2957af3fed548c17238f8429ae2ff0c7ca,26/06/2023 02:37:57,ESCANER
7587,"Escuintla",5,"Siquinalá",4,857,400,110,9,30,28,2,48,0,5,14,0,4,2,2,254,22,5,254,27,281,--,398,117,254,281,308,Sumas Asentadas sin cuadrar,1,dabbb10ab35419b2e74a8089846e17b800cd9efe5eaf0caed858883ad1e92b70,26/06/2023 02:55:39,ESCANER
7588,"Escuintla",5,"Siquinalá",4,857,400,,,,,,,,,,,,,,,,,,,,,,,,,,,0,,,
7589,"Escuintla",5,"Siquinalá",4,857,400,106,13,24,37,11,38,1,10,13,1,6,2,0,262,15,3,280,0,280,--,400,120,262,280,280,Algún campo sin dato,1,c8cecaebe9fd2a8e4f1500726a4b95a803cb4bd1ba8b048e8b6369680ad1476e,26/06/2023 02:17:47,ESCANER
7590,"Escuintla",5,"Siquinalá",4,857,400,113,14,36,37,8,41,1,8,14,0,4,0,3,279,11,3,293,0,293,0,400,107,279,293,293,,1,ed0ae0c67f8939d268921e1f2e4df83bd821eb6e3f97a0307f31389a2237756b,26/06/2023 00:55:23,ESCANER
7591,"Escuintla",5,"Siquinalá",4,857,400,123,14,33,39,7,41,1,6,11,0,8,0,0,283,20,1,304,0,304,--,--,--,283,304,304,Algún campo sin dato,1,5997a444de2c52817b79000a5db1b3af0162b6aaa42bb5194b9c359a1d709ec9,26/06/2023 02:50:20,ESCANER
7592,"Escuintla",5,"Siquinalá",4,857,400,112,14,23,52,11,44,2,10,14,0,7,0,1,290,13,2,305,0,305,--,400,95,290,305,305,Algún campo sin dato,1,cc165faf70a544edb4eb8be843d4e8f95f0537916c4f3c80846479c8d20af950,26/06/2023 03:22:33,ESCANER
7593,"Escuintla",5,"Siquinalá",4,857,400,116,20,28,36,1,31,4,11,13,2,4,0,1,267,13,3,283,0,283,--,400,117,267,283,283,Algún campo sin dato,1,59b4d086c6e0b543874240257d1020ffcc1f62f1492d2e29576c69f8fcb92718,26/06/2023 02:56:15,ESCANER
7594,"Escuintla",5,"Siquinalá",4,857,400,118,15,26,39,2,42,2,12,7,0,4,1,1,269,12,2,283,0,283,--,400,117,269,283,283,Algún campo sin dato,1,60f278cb0d9743b16aabac9158279f5cceb73b5d0051509c593426bacdf110e5,26/06/2023 02:15:12,ESCANER
7595,"Escuintla",5,"Siquinalá",4,857,400,,,,,,,,,,,,,,,,,,,,,,,,,,,0,,,
7596,"Escuintla",5,"Siquinalá",4,857,400,,,,,,,,,,,,,,,,,,,,,,,,,,,0,,,
7597,"Escuintla",5,"Siquinalá",4,857,400,,,,,,,,,,,,,,,,,,,,,,,,,,,0,,,
7598,"Escuintla",5,"Siquinalá",4,857,400,117,17,30,38,3,39,1,9,12,0,7,1,0,274,12,7,293,0,293,--,400,107,274,293,293,Algún campo sin dato,1,0650770f6681b4620f8505e0d1086798f440e58193ad30cb7994bb0a4c2db899,26/06/2023 02:48:22,ESCANER
7599,"Escuintla",5,"Siquinalá",4,857,400,99,14,30,54,4,35,1,8,13,0,5,1,2,266,10,0,276,0,276,--,400,124,266,276,276,Algún campo sin dato,1,eb7ab62c683f5e8da4ebbff8b1a068f364eebd2f3041d7a1a19f8b44480ee5c4,26/06/2023 03:29:49,ESCANER
7600,"Escuintla",5,"Siquinalá",4,858,400,101,18,23,39,4,34,1,11,11,0,4,0,2,248,8,0,256,0,256,0,400,144,248,256,256,,1,6f9c20e6ad9d7142bf67eb82f95bb8e1a452959d7945407ed0e7abcdb95afbfc,26/06/2023 00:25:14,ESCANER
7601,"Escuintla",5,"Siquinalá",4,858,400,105,20,33,38,3,36,1,8,9,0,2,0,0,255,13,5,273,0,273,0,400,127,255,273,273,,1,81fa8856adb5ad154ceffa8bb8844815d9b5faf85e4a6d13bf4f5108c8c9fd70,26/06/2023 00:10:26,ESCANER
7602,"Escuintla",5,"Siquinalá",4,858,400,110,12,28,37,6,34,1,4,21,0,3,0,0,256,17,3,276,0,276,0,399,123,256,276,276,,1,6d4a6b32b106ec97e5ea38240c5fc9946e69f466d4051ab4c401906ba3a601a3,26/06/2023 00:44:04,ESCANER
7603,"Escuintla",5,"Siquinalá",4,858,400,116,10,31,37,6,35,2,6,14,0,4,0,0,261,15,2,278,--,278,--,390,119,261,278,278,Algún campo sin dato,1,8a9342fcba6b3274d4a9d37f7a1f94881f8982de33d25a7ee2ef5146c4629b9f,26/06/2023 02:34:02,ESCANER
7604,"Escuintla",5,"Siquinalá",4,858,400,103,13,29,36,10,44,2,8,7,0,3,0,2,257,12,3,272,0,272,0,385,113,257,272,272,,1,f1530f8286b596521df334e4283fe97cca00c1ede1da16b00a12b27ba0d89329,26/06/2023 01:16:39,ESCANER
7605,"Escuintla",5,"Siquinalá",4,858,400,117,12,37,37,4,34,4,4,13,0,4,1,1,268,14,4,286,0,286,--,400,114,268,286,286,Algún campo sin dato,1,358a65f08c31f04b0d2dec8da442662d86f757196b779cdef1e36c9e83355a5d,26/06/2023 01:54:02,ESCANER
7606,"Escuintla",5,"Siquinalá",4,858,400,97,5,26,45,0,39,4,8,11,0,4,1,0,240,18,2,260,0,260,0,400,140,240,260,260,,1,6646c36276af8ff84d3ac4c3edbe49c7ebb0fb49222109c9abd99bac74dab0de,26/06/2023 01:13:49,ESCANER
7607,"Escuintla",5,"Siquinalá",4,858,400,93,10,26,37,5,41,0,1,15,0,4,0,0,232,20,9,261,0,261,1,400,139,232,261,261,,1,a2600f5de51b78af0f7865052d7dfc7b2e62c5285b7c19dc1f614745ec6a1b52,26/06/2023 02:10:52,ESCANER
7608,"Escuintla",5,"Siquinalá",4,858,400,95,13,31,35,5,45,1,3,11,0,4,1,0,244,14,3,261,0,261,0,400,139,244,261,261,,1,36e6c7ca2ce3e54a34504e5eb95497ac71d691ee8fa7840fbf0fa75a3c30b9f9,26/06/2023 02:00:21,ESCANER
7609,"Escuintla",5,"Siquinalá",4,858,400,109,12,31,38,5,33,1,5,9,0,4,1,2,250,12,2,264,0,264,0,400,136,250,264,264,,1,c2eaf7d0fd350672dfee393ada40f5db9ee18a678210c1076234ed77c79bd7e2,26/06/2023 00:24:31,ESCANER
7610,"Escuintla",5,"Siquinalá",4,859,400,107,13,27,29,3,36,4,4,5,0,5,0,2,235,23,8,266,0,266,--,397,131,235,266,266,Algún campo sin dato,1,e94989e9fa86b03c8c0c45fb6945ebb3eccc8b56e24df0b14d2ca0acf0475a05,26/06/2023 03:33:45,ESCANER
7611,"Escuintla",5,"Siquinalá",4,859,400,99,13,30,28,6,47,3,8,19,0,7,1,2,263,14,3,280,0,280,--,400,120,263,280,280,Algún campo sin dato,1,4c307daf211d86228a7bfc9a3f2f08098d2a8936bb7ea7f7776f184a4b80d794,26/06/2023 03:23:47,ESCANER
7612,"Escuintla",5,"Siquinalá",4,859,400,,,,,,,,,,,,,,,,,,,,,,,,,,,0,,,
7613,"Escuintla",5,"Siquinalá",4,859,400,97,14,30,38,3,35,2,6,14,0,3,0,0,242,30,4,276,0,276,--,401,125,242,276,276,Algún campo sin dato,1,0620b9621eaacf3c23cc4a16285a07f5029fd914e8e36081fa619adad582a04d,26/06/2023 02:09:02,ESCANER
7614,"Escuintla",5,"Siquinalá",4,859,400,84,13,26,42,4,39,5,5,11,0,6,2,1,238,20,3,261,0,261,1,400,138,238,261,261,,1,6c92138282306aff59e430addb8fcc9fed298f308e29ec782971e33cff25a589,26/06/2023 01:32:20,ESCANER
7615,"Escuintla",5,"Siquinalá",4,859,400,,,,,,,,,,,,,,,,,,,,,,,,,,,0,,,
7616,"Escuintla",5,"Siquinalá",4,860,400,105,14,23,37,7,37,4,9,14,0,4,1,1,256,9,1,266,0,266,--,400,134,256,266,266,Algún campo sin dato,1,c4e8dc2b47e492a75a39c8dcbc4bed7eaa0ef66afd76035be80a267d6975c945,26/06/2023 01:41:39,ESCANER
7617,"Escuintla",5,"Siquinalá",4,860,400,,,,,,,,,,,,,,,,,,,,,,,,,,,0,,,
7618,"Escuintla",5,"Siquinalá",4,860,400,103,10,22,47,4,32,7,7,9,0,3,0,1,256,10,1,256,0,256,--,400,144,245,256,256,Sumas Asentadas sin cuadrar,1,aba5f8a3cf1eee6a5afa34741a0660a7de8af5b68c408d2abe2f208cbeb0feb6,26/06/2023 03:23:08,ESCANER
7619,"Escuintla",5,"Siquinalá",4,860,400,95,11,27,51,5,25,4,6,10,0,2,0,0,236,7,1,244,--,--,--,400,156,236,244,244,Algún campo sin dato,1,f2a8075ba04693fc7e31771a1424c90f0a4b6c8adf1f8f9a324b875a14e0332b,26/06/2023 02:41:22,ESCANER
7620,"Escuintla",5,"Siquinalá",4,860,400,,,,,,,,,,,,,,,,,,,,,,,,,,,0,,,
7621,"Escuintla",5,"Siquinalá",4,860,400,123,9,27,52,0,47,4,8,9,0,1,0,0,280,4,0,284,0,284,--,400,116,280,284,284,Algún campo sin dato,1,33b501593e2c45980e786d004f867c438b1c7942cb4fcca922b5efeb36214480,26/06/2023 02:21:01,ESCANER
7622,"Escuintla",5,"Siquinalá",4,860,400,104,11,38,51,4,31,1,11,11,1,2,1,0,266,4,3,273,0,273,--,398,125,266,273,273,Algún campo sin dato,1,fc6e331d73df7d2910409f5978e86220c4794d2678c718fbe28ad8f5cc9a2180,26/06/2023 02:06:47,ESCANER
7623,"Escuintla",5,"Siquinalá",4,860,400,106,7,23,35,4,34,6,5,5,0,1,0,0,226,12,2,240,0,240,--,400,160,226,240,240,Algún campo sin dato,1,b986064b040923f4ae863296b061dbd896ac84a5de465a38162ac596d597a935,26/06/2023 03:11:24,ESCANER
7624,"Escuintla",5,"Siquinalá",4,860,400,79,21,34,33,0,41,2,6,8,0,3,0,2,229,6,1,236,0,236,--,396,160,229,236,236,Algún campo sin dato,1,a6f354d0d3a154c8fb0f31b2024ce21d79351f3365e26267fc143fe083054bfd,26/06/2023 01:34:21,ESCANER
7625,"Escuintla",5,"Siquinalá",4,860,213,47,4,18,13,0,17,2,1,11,0,3,0,0,116,7,1,124,0,124,--,213,89,116,124,124,Algún campo sin dato,1,ec13f3013359932eb27aedd681b94b2b9d26220cc072b0d57eca01eeb8592674,26/06/2023 02:52:46,ESCANER
7626,"Escuintla",5,"Siquinalá",4,861,213,,,,,,,,,,,,,,,,,,,,,,,,,,,0,,,
7627,"Escuintla",5,"Siquinalá",4,862,527,118,14,27,39,6,40,2,10,9,0,3,0,2,270,15,3,288,--,--,1,527,235,270,288,288,Algún campo sin dato,1,fb1c43d83f4e7ca27f833f9312649cd7489a9f6cb9f6229cd5875b8ca1fd8687,26/06/2023 02:29:28,ESCANER
7628,"Escuintla",5,"Siquinalá",4,862,526,80,9,19,13,8,47,3,2,9,0,3,0,1,194,13,2,209,0,209,--,523,314,194,209,209,Algún campo sin dato,1,8e2a27851302ae0b7db6a8bbcbe92f88ce4156e053c1fab092b0aceb1ee9e63a,26/06/2023 01:33:43,ESCANER