﻿TIPO_DE_ELECCIÓN:,CORPORACIÓN MUNICIPAL
26 junio 2023 03:36 (UTC -6)
ACTAS_ESPERADAS,ACTAS_CAPTURADAS,PORCENTAJE_ACTAS_CAPTURADAS,ACTAS_CONTABILIZADAS,PORCENTAJE_ACTAS_CONTABILIZADAS,ACTAS_NO_CONTABILIZADAS,LISTA_NOMINAL_ACTAS_CONTABILIZADAS,VOTOS_EMITIDOS_CONTABILIZADAS,PORCENTAJE_PARTICIPACIÓN_CIUDADANA
49,49,100.0000,49,100.0000,0,18190,13802,75.8768

MESA,DEPARTAMENTO,ID_DEPARTAMENTO,MUNICIPIO,ID_MUNICIPIO,CENTRO_DE_VOTACIÓN,PADRÓN,BIEN,UNE,CABAL,VIVA,SEMILLA,U R N G - MAIZ,UR,CAMBIO,VICTORIA,AZUL,MLP,VALOR,PODEMOS,WINAQ,TODOS,PPN,VAMOS,VÁLIDOS,NULOS,BLANCO,EMITIDOS,INVÁLIDOS,TOTAL,IMPUGNACIONES,PAPELETAS-RECIBIDAS,PAPELETAS-NO-USADAS,VALIDOS_CALCULADO,EMITIDOS_CALCULADO,TOTAL_CALCULADO,OBSERVACIONES,CONTABILIZADA,CÓDIGO_INTEGRIDAD,FECHA_HORA_PUBLICACIÓN,DIGITALIZACIÓN
10095,"Totonicapán",8,"San Andrés Xecul",4,1307,400,17,130,11,2,5,0,4,18,7,1,1,8,12,1,7,22,29,275,13,8,296,0,296,0,400,104,275,296,296,,1,15bc39325a8102f43eb22c7eaa3e22dc6aae79dab25a1879a2352c33b1175d56,25/06/2023 23:00:36,ESCANER
10096,"Totonicapán",8,"San Andrés Xecul",4,1307,400,10,140,12,3,9,5,4,14,8,0,2,7,12,3,11,23,35,298,20,4,322,0,322,0,400,78,298,322,322,,1,58ac098ba8cc07dcbcacdcc54a1099778d452bbf88baf2c8b2dc9f18eae26b77,25/06/2023 23:03:58,ESCANER
10097,"Totonicapán",8,"San Andrés Xecul",4,1307,400,11,133,13,7,4,3,3,22,3,1,3,11,9,2,13,24,40,302,19,4,325,0,325,0,400,75,302,325,325,,1,ea46d9782f66f3b4b82e977c81ef6f94ce2a72ddecd24460c6df9bd7d4775ea5,25/06/2023 23:41:07,ESCANER
10098,"Totonicapán",8,"San Andrés Xecul",4,1307,400,19,180,15,3,6,1,3,15,2,1,1,4,8,0,6,21,29,314,10,7,331,0,331,0,400,69,314,331,331,,1,496759b1f0c1e9eeaa36d1db6f8aa22fb4644a14e3f83b6edccb671486ea895b,26/06/2023 00:48:54,ESCANER
10099,"Totonicapán",8,"San Andrés Xecul",4,1307,400,16,179,15,4,6,0,2,19,4,0,2,2,12,0,5,23,13,302,10,8,320,0,320,0,400,80,302,320,320,,1,3d385660f21a8c50fdfba18e793577c0ef68b4851720e4f889531090b16ea5d2,26/06/2023 00:01:43,ESCANER
10100,"Totonicapán",8,"San Andrés Xecul",4,1308,400,9,168,18,7,2,3,6,12,5,0,0,5,10,0,8,17,10,280,15,10,305,0,305,0,400,95,280,305,305,,1,bc23b87e3f5999797639b59a35debd6f4c1799342f6d08fce63a765a88d0fd6c,25/06/2023 23:25:26,ESCANER
10101,"Totonicapán",8,"San Andrés Xecul",4,1308,400,12,122,12,3,4,1,0,17,8,2,0,3,11,1,4,17,24,241,6,4,251,0,251,0,400,149,241,251,251,,1,783b1bb23900ee829074950cc574222d17c761734a8d08291f9de5b0ebe48c54,25/06/2023 22:00:16,ESCANER
10102,"Totonicapán",8,"San Andrés Xecul",4,1308,400,9,129,17,3,5,1,2,16,8,1,1,5,8,4,3,11,28,251,5,1,257,0,257,0,400,143,251,257,257,,1,0a6d96f4c3ccb60caaf2bafceb6c16d0b1b4e4e665d54971cfe2441815ee6172,25/06/2023 23:06:06,ESCANER
10103,"Totonicapán",8,"San Andrés Xecul",4,1308,400,9,128,12,1,2,0,1,19,4,0,0,4,9,0,6,17,21,233,5,2,240,0,240,0,400,160,233,240,240,,1,19361989d5348b9129646732a4d2d5b4cf23a3b46b41bfabb7dec4d0ac5ff6bf,25/06/2023 23:38:25,ESCANER
10104,"Totonicapán",8,"San Andrés Xecul",4,1308,400,8,107,15,4,3,0,1,18,6,1,0,6,7,3,8,20,26,233,2,1,236,0,236,0,398,162,233,236,236,,1,905a5ec39da3b334de22292ac1e0068189cdf6bee487ab12e187b788596ab999,25/06/2023 22:51:53,ESCANER
10105,"Totonicapán",8,"San Andrés Xecul",4,1309,245,4,68,8,1,4,1,1,19,3,0,0,6,3,1,3,11,14,147,2,0,149,0,149,0,245,96,147,149,149,,1,c4f88a28e4f4655a41abc08b66177e7d1ff9b55f822b294bc561818b6fab537f,25/06/2023 21:45:25,ESCANER
10106,"Totonicapán",8,"San Andrés Xecul",4,1309,244,5,60,7,4,2,0,1,6,4,0,1,6,5,1,7,20,17,146,3,0,149,0,149,0,241,92,146,149,149,,1,58bb1006cc4719eac1608a5ab5670fd220cc701be6a1931d6b6f7fa3ba06af24,25/06/2023 22:12:19,ESCANER
10107,"Totonicapán",8,"San Andrés Xecul",4,1310,400,52,37,5,5,14,1,1,2,5,2,0,81,5,0,11,2,57,280,21,11,312,0,312,0,400,88,280,312,312,,1,b40b0b8a546ce86a127232826fb3305ee687fff12389674f956de08c359ebc8c,25/06/2023 23:21:25,ESCANER
10108,"Totonicapán",8,"San Andrés Xecul",4,1310,400,57,24,3,6,19,5,4,3,1,2,2,88,7,0,7,3,60,291,23,11,325,0,325,0,400,75,291,325,325,,1,7387e84e1a1d888798ad12c684852e2c3a6908e41f148df18ef3a425833b661b,25/06/2023 23:49:50,ESCANER
10109,"Totonicapán",8,"San Andrés Xecul",4,1310,400,49,23,8,6,10,2,1,1,0,4,0,93,9,0,20,1,58,285,31,10,326,0,326,0,400,74,285,326,326,,1,2c98a204024b9529ba6b2e466d0ae464fd1f23929ff9fd3f4dd3ce8c8be95065,25/06/2023 23:02:37,ESCANER
10110,"Totonicapán",8,"San Andrés Xecul",4,1310,400,42,27,9,4,15,1,2,0,2,1,1,105,5,0,21,3,57,295,20,10,325,0,325,0,400,75,295,325,325,,1,f6e5f8d14a66e24e63ba5d7f53eac5d1cb5093b2b9688b1f3130654560fa28ea,25/06/2023 23:54:48,ESCANER
10111,"Totonicapán",8,"San Andrés Xecul",4,1311,400,36,26,3,2,12,2,3,2,1,0,0,91,2,0,11,4,45,240,13,4,257,0,257,0,400,143,240,257,257,,1,51c8728753804f0d5815e990ec2c84b4ea318e0d72794d49bf3d51eccfc39f25,25/06/2023 20:53:14,ESCANER
10112,"Totonicapán",8,"San Andrés Xecul",4,1311,400,50,34,12,5,12,2,4,3,4,0,1,65,4,0,10,1,45,252,6,2,260,0,260,0,400,140,252,260,260,,1,969606c147dee9c4c68959e608515fce67f9c4edb6f859f8d33c7493667ed9e7,25/06/2023 22:44:50,ESCANER
10113,"Totonicapán",8,"San Andrés Xecul",4,1311,362,42,30,5,1,12,0,3,1,0,0,0,83,6,0,23,2,51,259,3,5,267,0,267,0,362,96,259,267,267,,1,3ff5e943d0ecbe61403c556c1241babcb6d6afedfd7fc38353b1171d1fb72fa5,25/06/2023 23:22:08,ESCANER
10114,"Totonicapán",8,"San Andrés Xecul",4,1311,362,38,22,11,3,9,0,1,3,1,0,0,83,3,0,11,0,39,224,6,5,235,0,235,0,362,127,224,235,235,,1,bc9074eb9fbb084a15cc20854058bad639ba7418ea7df4676a8eeb0863823cc1,25/06/2023 22:05:16,ESCANER
10115,"Totonicapán",8,"San Andrés Xecul",4,1312,380,24,65,32,7,2,1,1,3,2,4,2,0,105,1,14,5,29,297,13,9,319,0,319,0,380,61,297,319,319,,1,08752e8860bf5af3be612b72dcedf3f7ee7bcecbac333ec87cb77e2d28f4a19d,26/06/2023 00:43:11,ESCANER
10116,"Totonicapán",8,"San Andrés Xecul",4,1312,380,22,75,39,10,3,3,1,10,1,4,1,1,95,0,18,2,36,321,9,5,335,0,335,0,380,45,321,335,335,,1,e7fcabd7a1f8fb2033045891104f82d5152745b0b928d6c950ea8ff2e9d081a3,25/06/2023 23:54:59,ESCANER
10117,"Totonicapán",8,"San Andrés Xecul",4,1312,380,20,64,64,10,2,1,1,3,1,2,0,1,89,0,18,4,48,328,14,7,349,0,349,0,380,31,328,349,349,,1,987a6c4ba415ad9b6c3cd12b3ca22d2ff9696de48368aa049907a5a6088630ea,26/06/2023 01:12:08,ESCANER
10118,"Totonicapán",8,"San Andrés Xecul",4,1312,380,24,83,33,5,7,1,0,8,1,4,0,3,70,0,21,4,39,303,10,13,326,0,326,0,380,54,303,326,326,,1,5f6d441b140ede42a72b91bda84601f5589337ca11ecdd4fd89b6d6182fb7ac4,26/06/2023 01:05:14,ESCANER
10119,"Totonicapán",8,"San Andrés Xecul",4,1312,380,23,96,20,5,1,1,0,4,0,2,1,3,72,0,14,2,34,278,2,3,283,0,283,0,380,97,278,283,283,,1,a51feb79ac9b29c6304913d2bfb50a92134cef37d8d339763154c116472de194,26/06/2023 00:27:04,ESCANER
10120,"Totonicapán",8,"San Andrés Xecul",4,1313,380,26,72,39,4,2,1,1,1,2,1,0,2,80,0,12,2,33,278,9,8,295,0,295,0,380,85,278,295,295,,1,36564347a918bdf3d086894d4c2027143645385ba7596d54cd66af6b511be4cc,25/06/2023 23:36:17,ESCANER
10121,"Totonicapán",8,"San Andrés Xecul",4,1313,380,20,68,36,9,0,1,2,3,0,1,0,4,69,0,10,2,42,267,3,5,275,0,275,0,380,105,267,275,275,,1,5bec0e3869730ab543720d709e3e5f806e0bf8872befaad1b203c3b92d4ff012,26/06/2023 01:06:36,ESCANER
10122,"Totonicapán",8,"San Andrés Xecul",4,1313,380,14,65,28,6,0,1,0,3,1,2,0,2,73,0,18,4,39,256,6,0,262,0,262,0,380,118,256,262,262,,1,a533df5551702b8df121970e80a078a7dcabc23233d940ae44bb9d463cd579de,26/06/2023 01:08:17,ESCANER
10123,"Totonicapán",8,"San Andrés Xecul",4,1314,205,12,30,13,3,1,1,1,0,1,1,1,0,39,0,11,5,24,143,2,0,145,0,145,0,205,60,143,145,145,,1,405786d7bae3f5d6dd35f3f6339c563c80ea184dbd1ebcee500842e83f0a7291,26/06/2023 00:00:53,ESCANER
10124,"Totonicapán",8,"San Andrés Xecul",4,1314,205,8,35,10,3,1,2,0,3,0,0,1,1,51,0,11,3,20,149,2,0,151,0,151,--,205,54,149,151,151,Algún campo sin dato,1,6d3c95c45a67aba94c858310736716377f476ff78999fc94906a6f2bc2d98029,26/06/2023 00:42:09,ESCANER
10125,"Totonicapán",8,"San Andrés Xecul",4,1315,380,37,44,7,11,6,17,2,3,31,8,9,5,35,0,15,9,63,302,13,5,320,0,320,0,380,60,302,320,320,,1,438537dfd3e8eab758acfcbc04a98bef4fa7676cef47f3a6664f7b6ce62fc2a5,25/06/2023 23:48:40,ESCANER
10126,"Totonicapán",8,"San Andrés Xecul",4,1315,380,54,48,14,11,8,8,1,3,27,3,12,6,39,0,15,6,50,305,17,12,334,0,334,0,380,46,305,334,334,,1,aa5264703c7ccf9cef8ea3739265995ee2eec75c34858ba9563b3ce5f3624efc,26/06/2023 00:47:36,ESCANER
10127,"Totonicapán",8,"San Andrés Xecul",4,1315,380,54,66,15,2,2,6,0,5,25,8,6,12,28,0,14,11,66,320,10,10,340,0,340,0,380,40,320,340,340,,1,bd94786c5ca0b6fca0bcbf51a74748d4c3032feb18a5544a0b3a4aa03f67e76f,26/06/2023 00:38:34,ESCANER
10128,"Totonicapán",8,"San Andrés Xecul",4,1315,380,57,62,12,3,7,14,2,2,28,2,8,2,20,0,13,6,70,308,14,4,326,0,326,0,380,54,308,326,326,,1,cd90bbe9e17b807b14aaaa31ab1dc969cf4d7ac711594bec8048e528bcb6c1d1,26/06/2023 01:23:25,ESCANER
10129,"Totonicapán",8,"San Andrés Xecul",4,1316,380,42,51,7,7,12,14,0,1,28,8,12,10,16,0,17,5,47,277,8,4,289,0,289,0,380,91,277,289,289,,1,aee070b9c31deaeee81433b73d1f71b794b270e04b25a77306eaeccddf289e8a,26/06/2023 01:05:49,ESCANER
10130,"Totonicapán",8,"San Andrés Xecul",4,1316,380,48,42,12,9,6,12,1,3,27,5,9,6,17,0,25,6,49,277,4,4,285,0,285,0,380,95,277,285,285,,1,7d03d5c4ac7be872fe7b6cb693fa214e049da8b994befe436abb6da0d6d6d998,26/06/2023 00:54:14,ESCANER
10131,"Totonicapán",8,"San Andrés Xecul",4,1316,380,46,46,7,5,2,6,1,5,32,3,12,11,38,0,21,20,55,310,5,3,318,0,318,0,380,62,310,318,318,,1,892d9cfb9f52e925e25c4ba80b01b59e3bdb4b070ef452d14f8944524d43a0c5,26/06/2023 02:20:38,ESCANER
10132,"Totonicapán",8,"San Andrés Xecul",4,1316,266,44,37,3,8,7,5,0,3,13,2,3,5,15,0,14,7,42,208,3,0,211,0,211,0,266,55,208,211,211,,1,df9c07733ed2f4cb6cdb01e88b0cd2bbde169dd7ef0c56f7b27f053275e9fb58,25/06/2023 23:27:47,ESCANER
10133,"Totonicapán",8,"San Andrés Xecul",4,1316,265,37,29,6,5,3,6,2,2,19,4,4,4,11,0,11,6,46,195,1,0,196,0,196,0,265,69,195,196,196,,1,1cfb36ef7cbd14ab10e8e3d2d4db450c7a59613cffc3d1bccf515317c65b8bb7,26/06/2023 00:05:29,ESCANER
10134,"Totonicapán",8,"San Andrés Xecul",4,1317,380,37,35,8,3,4,1,2,1,0,1,5,2,5,0,24,1,176,305,16,11,332,0,332,0,380,48,305,332,332,,1,5a21e6a94246acd2bbfe211db8993c77e6371776eefe242cd9a1f7428a70ebc4,26/06/2023 00:40:11,ESCANER
10135,"Totonicapán",8,"San Andrés Xecul",4,1317,380,32,31,8,1,5,2,1,2,2,2,1,1,3,1,43,3,179,317,12,9,338,0,338,0,382,44,317,338,338,,1,a71d81db96b999f97064fabbc736103127c36e61a7ff422ae926873100287261,26/06/2023 00:48:46,ESCANER
10136,"Totonicapán",8,"San Andrés Xecul",4,1317,380,24,38,7,2,9,2,1,1,1,4,2,2,7,0,41,0,171,312,15,19,346,0,346,0,380,34,312,346,346,,1,af383e57b4c2d51f8fdd7891d645eae86d0611cc66ac761fbf56157af2a28ccd,26/06/2023 00:51:35,ESCANER
10137,"Totonicapán",8,"San Andrés Xecul",4,1317,380,27,42,9,12,4,2,0,2,1,6,1,2,6,2,29,0,169,314,16,9,339,0,339,0,380,41,314,339,339,,1,7501f7225c5b908a61dd232dba70a9da5e8754a4e81c896c559062625e2e1c94,26/06/2023 01:02:50,ESCANER
10138,"Totonicapán",8,"San Andrés Xecul",4,1317,380,32,24,6,1,8,0,2,1,1,3,0,3,4,0,30,2,167,284,7,5,296,0,296,0,380,84,284,296,296,,1,85bbae909078dfbdcdfc63734f61bba9bf1443e9450153d87a0e96d8b48d8171,26/06/2023 01:08:10,ESCANER
10139,"Totonicapán",8,"San Andrés Xecul",4,1318,380,35,23,9,2,8,6,0,1,3,2,5,2,4,0,38,0,149,287,11,3,301,0,301,0,380,79,287,301,301,,1,5ad42b82239df24c80fac40f285dbf8068a46055ad447e598a5f51821eada637,26/06/2023 00:11:52,ESCANER
10140,"Totonicapán",8,"San Andrés Xecul",4,1318,380,30,31,5,1,4,0,2,3,2,0,2,2,7,0,31,2,174,296,2,4,302,0,303,1,380,77,296,302,302,Sumas Asentadas sin cuadrar,1,b5bf1973a66f12a08eba6442d38901c7cac008825b8120211fe94f3f91605109,26/06/2023 00:00:41,ESCANER
10141,"Totonicapán",8,"San Andrés Xecul",4,1318,376,23,38,2,3,2,0,2,1,0,0,2,2,4,0,35,1,177,292,1,0,293,0,293,0,376,83,292,293,293,,1,3b2f49a6f33e7da30943607a5e75c07cf224681b73eb3f10627f4947b754355d,26/06/2023 00:04:47,ESCANER
10142,"Totonicapán",8,"San Andrés Xecul",4,1318,376,22,28,4,2,14,2,1,4,0,1,2,4,9,0,39,1,143,276,5,2,283,0,283,0,376,93,276,283,283,,1,41829c5b592ef7d32e3ba5242dc407d9defad25ff444b2bb4acfc209485d1663,26/06/2023 00:42:26,ESCANER
10143,"Totonicapán",8,"San Andrés Xecul",4,1319,524,9,38,6,4,3,2,3,8,2,0,2,5,13,0,2,11,10,118,5,2,125,0,125,0,536,411,118,125,125,,1,730460e45e49016ea2a598c46f3921a5b583992e38fcc9a05ef12afc5236dfc6,25/06/2023 21:49:30,ESCANER