﻿TIPO_DE_ELECCIÓN:,CORPORACIÓN MUNICIPAL
26 junio 2023 03:36 (UTC -6)
ACTAS_ESPERADAS,ACTAS_CAPTURADAS,PORCENTAJE_ACTAS_CAPTURADAS,ACTAS_CONTABILIZADAS,PORCENTAJE_ACTAS_CONTABILIZADAS,ACTAS_NO_CONTABILIZADAS,LISTA_NOMINAL_ACTAS_CONTABILIZADAS,VOTOS_EMITIDOS_CONTABILIZADAS,PORCENTAJE_PARTICIPACIÓN_CIUDADANA
41,30,73.1707,30,73.1707,0,11311,6889,60.9053

MESA,DEPARTAMENTO,ID_DEPARTAMENTO,MUNICIPIO,ID_MUNICIPIO,CENTRO_DE_VOTACIÓN,PADRÓN,WINAQ,AZUL,CABAL,VAMOS,TODOS,BIEN,VOS,PPN,UNE,CAMBIO,VALOR UNIONISTA,VÁLIDOS,NULOS,BLANCO,EMITIDOS,INVÁLIDOS,TOTAL,IMPUGNACIONES,PAPELETAS-RECIBIDAS,PAPELETAS-NO-USADAS,VALIDOS_CALCULADO,EMITIDOS_CALCULADO,TOTAL_CALCULADO,OBSERVACIONES,CONTABILIZADA,CÓDIGO_INTEGRIDAD,FECHA_HORA_PUBLICACIÓN,DIGITALIZACIÓN
10745,"Quetzaltenango",9,"Olintepeque",3,1425,400,21,5,39,123,23,40,9,5,0,3,0,268,9,2,279,0,279,--,400,121,268,279,279,Algún campo sin dato,1,8269be6f62d483323f53d87a6f3793c0366be6aebc153c6b48b5cf908ff3806d,26/06/2023 03:33:41,ESCANER
10746,"Quetzaltenango",9,"Olintepeque",3,1425,400,,,,,,,,,,,,,,,,,,,,,,,,,0,,,
10747,"Quetzaltenango",9,"Olintepeque",3,1425,400,,,,,,,,,,,,,,,,,,,,,,,,,0,,,
10748,"Quetzaltenango",9,"Olintepeque",3,1425,400,,,,,,,,,,,,,,,,,,,,,,,,,0,,,
10749,"Quetzaltenango",9,"Olintepeque",3,1425,400,19,7,30,129,34,35,2,4,1,1,0,262,10,5,277,0,277,--,400,123,262,277,277,Algún campo sin dato,1,f391ce608d1fdf0470d8df5dbfa620ca5d963cf71cbd0b28ad108ad626ab1d2e,26/06/2023 03:27:23,ESCANER
10750,"Quetzaltenango",9,"Olintepeque",3,1425,400,,,,,,,,,,,,,,,,,,,,,,,,,0,,,
10751,"Quetzaltenango",9,"Olintepeque",3,1426,400,25,7,24,137,14,26,12,6,1,2,3,257,13,2,272,--,272,--,400,128,257,272,272,Algún campo sin dato,1,22e19ff14c800f2d5e3a4312abc335b0a30b1bb8659bec88c9f73bcb14e13b12,26/06/2023 03:01:09,ESCANER
10752,"Quetzaltenango",9,"Olintepeque",3,1426,400,15,7,35,133,19,35,13,5,1,2,2,267,10,5,282,0,282,--,404,122,267,282,282,Algún campo sin dato,1,bfd76568cdf3d5135bc213b5f71ba93656024cb6353e526e5326029ecea538a4,26/06/2023 00:03:58,ESCANER
10753,"Quetzaltenango",9,"Olintepeque",3,1426,400,22,3,26,96,21,34,14,6,2,1,3,228,7,2,237,0,237,--,400,163,228,237,237,Algún campo sin dato,1,bfcd8f8ac2920f8dbca9552c5d421acd81ba72b0252973b995a90342ebb287f2,26/06/2023 00:56:12,ESCANER
10754,"Quetzaltenango",9,"Olintepeque",3,1426,400,,,,,,,,,,,,,,,,,,,,,,,,,0,,,
10755,"Quetzaltenango",9,"Olintepeque",3,1426,400,,,,,,,,,,,,,,,,,,,,,,,,,0,,,
10756,"Quetzaltenango",9,"Olintepeque",3,1426,400,33,5,32,87,14,54,10,4,0,1,6,246,10,3,259,0,259,--,400,141,246,259,259,Algún campo sin dato,1,614d2f33e80f29f6dbfd52cb1e98ea2986652f187a2ecc448412d441c0f04ed8,25/06/2023 23:41:41,ESCANER
10757,"Quetzaltenango",9,"Olintepeque",3,1426,400,29,10,36,113,12,40,7,5,2,1,5,260,11,2,273,0,273,--,404,131,260,273,273,Algún campo sin dato,1,9317a30412cd2a84d2a63e0c84172cbde7b2e252c5f3708b6246099ccdc0f0da,26/06/2023 00:37:59,ESCANER
10758,"Quetzaltenango",9,"Olintepeque",3,1427,400,26,7,34,118,14,31,8,3,0,1,3,245,10,3,258,0,258,--,400,142,245,258,258,Algún campo sin dato,1,b68d7c287902ab26bb081d6b5da669cf0e4d5db7a7dab5a894697817d6727936,26/06/2023 00:40:50,ESCANER
10759,"Quetzaltenango",9,"Olintepeque",3,1427,400,,,,,,,,,,,,,,,,,,,,,,,,,0,,,
10760,"Quetzaltenango",9,"Olintepeque",3,1427,400,,,,,,,,,,,,,,,,,,,,,,,,,0,,,
10761,"Quetzaltenango",9,"Olintepeque",3,1427,317,22,3,26,108,12,23,8,4,2,0,1,209,3,0,212,0,212,--,317,105,209,212,212,Algún campo sin dato,1,985c4d198c766034bc92d5b70e0b34b62861421ad4e2c7d85f39cc2da53dafa3,26/06/2023 00:21:56,ESCANER
10762,"Quetzaltenango",9,"Olintepeque",3,1427,317,22,5,24,69,10,29,11,3,0,1,3,177,2,0,179,0,179,--,317,138,177,179,179,Algún campo sin dato,1,386521bc822487585509fb9de62bdb109daa9a8f8f0625ff940a2fa74aafa468,26/06/2023 00:44:29,ESCANER
10763,"Quetzaltenango",9,"Olintepeque",3,1428,380,15,3,59,49,27,39,10,11,1,6,1,221,19,5,245,0,245,--,380,135,221,245,245,Algún campo sin dato,1,f3f4f8109c60a4ab4e3dc3306f6e10805820817020134456f0bd60c0afb153d8,26/06/2023 02:35:43,ESCANER
10764,"Quetzaltenango",9,"Olintepeque",3,1428,380,19,3,59,73,19,44,7,19,2,4,3,252,12,3,267,0,267,--,380,113,252,267,267,Algún campo sin dato,1,2bc3268da7875aa07f5bea8e06b4bbd5944345bdd091b1e5be8cecc8195d2431,26/06/2023 03:31:43,ESCANER
10765,"Quetzaltenango",9,"Olintepeque",3,1428,380,18,4,65,78,14,32,3,11,2,5,6,238,14,5,257,0,257,--,380,123,238,257,257,Algún campo sin dato,1,948a373053e26cadbc95443ab62e9109e43d0e9ffd474e94419803b194c5fe99,26/06/2023 01:58:23,ESCANER
10766,"Quetzaltenango",9,"Olintepeque",3,1428,380,,,,,,,,,,,,,,,,,,,,,,,,,0,,,
10767,"Quetzaltenango",9,"Olintepeque",3,1428,380,10,2,70,63,20,42,7,10,2,5,2,233,17,4,254,0,254,--,380,126,233,254,254,Algún campo sin dato,1,43baa7b1699b0cad9fc8e6c98d9dc9a0f99876cffae402282adf22e92e177a3f,26/06/2023 02:27:55,ESCANER
10768,"Quetzaltenango",9,"Olintepeque",3,1428,380,21,2,50,53,24,30,8,14,1,4,6,213,6,0,219,0,219,--,380,161,213,219,219,Algún campo sin dato,1,8d57d0416126427d6f739079e7321a339feefe117748c923fd97bbd5b0ba9267,26/06/2023 03:06:26,ESCANER
10769,"Quetzaltenango",9,"Olintepeque",3,1428,380,16,3,65,61,14,35,12,8,4,6,4,228,7,0,235,0,235,--,380,145,228,235,235,Algún campo sin dato,1,5f87d934540cf8ea937c239ab371e67669eb387497c91ca54366aea245cc3df5,26/06/2023 02:45:02,ESCANER
10770,"Quetzaltenango",9,"Olintepeque",3,1428,279,19,3,37,51,7,36,9,9,2,2,2,177,5,0,182,0,182,--,279,97,177,182,182,Algún campo sin dato,1,358d52736a1a278fec82884e652f8213d3e47d9e65af14d95a5e4af2bbf24f78,26/06/2023 02:11:14,ESCANER
10771,"Quetzaltenango",9,"Olintepeque",3,1428,278,13,1,48,49,13,25,6,6,0,5,1,167,4,0,171,1,172,--,276,104,167,171,172,Algún campo sin dato,1,ea15782a3ccce5f52cc587a583a0e46d558ce19bdb3c628115e4ec60821d4772,26/06/2023 02:59:47,ESCANER
10772,"Quetzaltenango",9,"Olintepeque",3,1429,380,24,4,22,34,89,46,3,1,0,2,1,226,18,6,250,0,250,--,380,130,226,250,250,Algún campo sin dato,1,b38e5ee9df957a58d8aa6940588f3aedfa6e873ce7a91c3479c72aa717c0be5c,26/06/2023 01:19:54,ESCANER
10773,"Quetzaltenango",9,"Olintepeque",3,1429,380,20,5,23,28,84,28,4,3,2,0,6,203,23,7,233,0,233,--,380,147,203,233,233,Algún campo sin dato,1,6284edd29ebcf716792a887918d793b1862a12e75d31170907115dc1f1e98dc7,26/06/2023 01:59:46,ESCANER
10774,"Quetzaltenango",9,"Olintepeque",3,1429,380,11,4,20,47,65,50,1,2,0,0,1,201,13,7,221,0,221,--,380,159,201,221,221,Algún campo sin dato,1,ca8d651c95cbc33a4a5c3c4b7fa8921a4b44cfde82b27b108912ea6decf571d6,26/06/2023 01:11:44,ESCANER
10775,"Quetzaltenango",9,"Olintepeque",3,1429,380,14,6,16,55,70,43,4,3,1,2,1,215,9,7,231,0,231,--,380,149,215,231,231,Algún campo sin dato,1,1f6e8c167cf7d06e30689744e3561c53819c8d19f6ba4f98d276e3e296a87a23,26/06/2023 01:42:42,ESCANER
10776,"Quetzaltenango",9,"Olintepeque",3,1429,380,17,6,18,55,66,47,1,5,1,3,3,222,12,4,238,0,238,--,380,142,222,238,238,Algún campo sin dato,1,d63966e8de06f498319babfee7a959012307662c0e95f178a8c517b415766434,26/06/2023 01:51:57,ESCANER
10777,"Quetzaltenango",9,"Olintepeque",3,1429,380,15,8,18,39,80,36,3,2,0,1,2,204,1,0,205,0,205,--,380,175,204,205,205,Algún campo sin dato,1,0782ea72cd8dabef85a7ab64a18d118c882fbb8be64b400ca3926b2eadfb0629,26/06/2023 01:34:22,ESCANER
10778,"Quetzaltenango",9,"Olintepeque",3,1429,232,25,7,15,21,55,19,4,1,1,1,0,149,1,0,150,0,150,--,232,82,149,150,150,Algún campo sin dato,1,3581c68da6a1f15b6f8952645db78647ddd2829ef418bfd585e09edb6b1b1230,26/06/2023 01:02:53,ESCANER
10779,"Quetzaltenango",9,"Olintepeque",3,1429,231,16,2,19,23,53,28,0,1,0,0,0,142,2,0,144,0,144,--,231,87,142,144,144,Algún campo sin dato,1,6e32bfc0cf3727706c6a1b59681de028e047765cb63489907d8d16131de3bb17,26/06/2023 01:27:05,ESCANER
10780,"Quetzaltenango",9,"Olintepeque",3,1430,380,2,12,20,75,24,123,4,4,1,0,2,267,8,6,281,0,281,--,380,99,267,281,281,Algún campo sin dato,1,1f91b01432632bf287f846065599744e1f479a841ea07bfba6aa8cf576344610,26/06/2023 03:15:39,ESCANER
10781,"Quetzaltenango",9,"Olintepeque",3,1430,380,,,,,,,,,,,,,,,,,,,,,,,,,0,,,
10782,"Quetzaltenango",9,"Olintepeque",3,1430,355,6,3,17,62,21,98,0,4,2,0,2,215,10,3,228,0,228,--,352,124,215,228,228,Algún campo sin dato,1,3eb3f885075e73e00e9ff7cbbc3b4a795e4ffbee7ca57c94372799bdc18af836,26/06/2023 03:28:59,ESCANER
10783,"Quetzaltenango",9,"Olintepeque",3,1430,354,,,,,,,,,,,,,,,,,,,,,,,,,0,,,
10784,"Quetzaltenango",9,"Olintepeque",3,1431,581,19,4,40,48,13,40,4,2,0,0,2,172,21,6,199,0,199,--,585,386,172,199,199,Algún campo sin dato,1,f865fdbf0b4ff4a1a8a6c13b94e87f4a6e4db30272845e538ede28838c8a402c,26/06/2023 00:10:57,ESCANER
10785,"Quetzaltenango",9,"Olintepeque",3,1431,581,16,2,17,53,10,29,6,2,1,0,4,140,7,4,151,0,151,--,581,430,140,151,151,Algún campo sin dato,1,efa760f280ad9e20e8dc421f6d19d011241262acad0e049faa59d895a7c711b4,26/06/2023 00:27:41,ESCANER