﻿TIPO_DE_ELECCIÓN:,CORPORACIÓN MUNICIPAL
26 junio 2023 03:36 (UTC -6)
ACTAS_ESPERADAS,ACTAS_CAPTURADAS,PORCENTAJE_ACTAS_CAPTURADAS,ACTAS_CONTABILIZADAS,PORCENTAJE_ACTAS_CONTABILIZADAS,ACTAS_NO_CONTABILIZADAS,LISTA_NOMINAL_ACTAS_CONTABILIZADAS,VOTOS_EMITIDOS_CONTABILIZADAS,PORCENTAJE_PARTICIPACIÓN_CIUDADANA
97,95,97.9381,95,97.9381,0,35672,19037,53.3667

MESA,DEPARTAMENTO,ID_DEPARTAMENTO,MUNICIPIO,ID_MUNICIPIO,CENTRO_DE_VOTACIÓN,PADRÓN,VAMOS,TODOS,VALOR,MLP,VIVA,ELEFANTE,CAMBIO,UNE,PPN,VÁLIDOS,NULOS,BLANCO,EMITIDOS,INVÁLIDOS,TOTAL,IMPUGNACIONES,PAPELETAS-RECIBIDAS,PAPELETAS-NO-USADAS,VALIDOS_CALCULADO,EMITIDOS_CALCULADO,TOTAL_CALCULADO,OBSERVACIONES,CONTABILIZADA,CÓDIGO_INTEGRIDAD,FECHA_HORA_PUBLICACIÓN,DIGITALIZACIÓN
21793,"Izabal",18,"Los Amates",5,3376,400,64,116,2,1,6,1,0,67,1,258,7,0,265,0,265,--,400,135,258,265,265,Algún campo sin dato,1,8111bc25e906dd64ed8921b154f1ace4117089bce4d8939907b9640e17e5ff97,26/06/2023 03:18:28,ESCANER
21794,"Izabal",18,"Los Amates",5,3376,400,74,113,1,2,10,1,2,62,0,265,14,1,280,0,280,--,400,120,265,280,280,Algún campo sin dato,1,44519943a53989c5ebfa245738b60f3e68f9239682f118fe2fc24091eca6fa5e,26/06/2023 02:07:52,ESCANER
21795,"Izabal",18,"Los Amates",5,3376,400,,,,,,,,,,,,,,,,,,,,,,,0,,,
21796,"Izabal",18,"Los Amates",5,3376,400,56,112,0,3,3,3,0,49,0,226,8,2,236,0,236,--,397,161,226,236,236,Algún campo sin dato,1,8cbacd07aac98fa50509fafceaba58da5575b93259aad593731d196db7e209ce,26/06/2023 01:49:59,ESCANER
21797,"Izabal",18,"Los Amates",5,3376,400,57,128,3,1,5,1,2,41,1,239,5,6,250,0,250,--,400,150,239,250,250,Algún campo sin dato,1,b033970c6a75192f41227bdb4b99022f6714c03332498bcc8665dd789ae6a16f,26/06/2023 00:58:32,ESCANER
21798,"Izabal",18,"Los Amates",5,3376,400,70,119,1,1,5,2,2,45,0,245,8,0,253,0,253,--,400,147,245,253,253,Algún campo sin dato,1,77fb056c131ea15a67c24c02ba8c4596e1b399b571c5c344506ef716f2528909,25/06/2023 23:19:52,ESCANER
21799,"Izabal",18,"Los Amates",5,3376,400,62,100,0,0,2,0,3,46,0,213,8,3,224,0,224,--,400,176,213,224,224,Algún campo sin dato,1,b2e62a436a79a211f10096264bc937677b95f81b58561642fe97d76e61f242ce,26/06/2023 00:46:27,ESCANER
21800,"Izabal",18,"Los Amates",5,3376,400,62,105,2,0,8,1,2,42,2,224,3,0,227,173,400,--,400,173,224,227,400,Algún campo sin dato,1,80d2acde60fbd8f46ad246f2bc293d773bb2576aefbc1be49e3a9c0eba75f1a9,26/06/2023 02:22:05,ESCANER
21801,"Izabal",18,"Los Amates",5,3376,400,68,144,1,0,1,1,1,43,1,260,1,0,261,0,261,--,400,136,260,261,261,Algún campo sin dato,1,2c7517fe79f8864c07add5d0d1d86579b570422947cb4240d34c3783f6ef311f,26/06/2023 02:31:41,ESCANER
21802,"Izabal",18,"Los Amates",5,3377,287,53,86,1,2,4,0,1,29,0,176,2,0,178,0,178,--,287,109,176,178,178,Algún campo sin dato,1,13004d3469089a3eccb64bce5317d0d9ec6415f00943958a939ab5613f5628bc,25/06/2023 22:42:29,ESCANER
21803,"Izabal",18,"Los Amates",5,3377,286,31,74,0,1,1,0,1,22,0,130,4,2,136,0,136,--,286,150,130,136,136,Algún campo sin dato,1,57a86481f98e1c9906ee2a7c017e63fe1e4cc5eab8f34a120c4b76f0bca789ab,25/06/2023 22:59:23,ESCANER
21804,"Izabal",18,"Los Amates",5,3378,228,35,53,0,0,3,0,0,30,0,121,12,1,134,0,134,--,228,94,121,134,134,Algún campo sin dato,1,f5eae916cce4a7c3e2e514e1177150c132ce083ebc3288cfd8b65977e5f63af9,25/06/2023 22:10:06,ESCANER
21805,"Izabal",18,"Los Amates",5,3379,400,48,101,3,3,7,0,3,61,0,226,22,4,252,0,252,--,400,148,226,252,252,Algún campo sin dato,1,8df722cfaf4a130ea630751d5407bf2ad3db43b5d5424b4a208d9ebf033e16ee,26/06/2023 01:49:54,ESCANER
21806,"Izabal",18,"Los Amates",5,3379,400,68,81,4,5,7,0,1,65,0,231,14,2,247,0,247,--,400,153,231,247,247,Algún campo sin dato,1,343aa79eb09a394dd57e898a95b31404551496fc0b295b5f113ea9b83cadf9e3,26/06/2023 00:56:44,ESCANER
21807,"Izabal",18,"Los Amates",5,3379,400,39,104,0,5,7,5,0,76,0,236,11,0,247,0,247,--,400,153,236,247,247,Algún campo sin dato,1,5fd0a2f6125400d1e5c6b11f33bc39df19e93c2b9581adece306c19d7f83e8b1,26/06/2023 01:38:00,ESCANER
21808,"Izabal",18,"Los Amates",5,3379,400,41,106,3,0,5,1,1,62,1,220,7,0,227,0,227,--,400,173,220,227,227,Algún campo sin dato,1,65a30779f7b12863136629a812c47d2124f922ab1454f57e0478f68dc01de87c,26/06/2023 01:27:24,ESCANER
21809,"Izabal",18,"Los Amates",5,3379,400,52,86,2,2,2,1,4,55,1,205,16,1,222,0,222,--,400,178,205,222,222,Algún campo sin dato,1,aa34ed068a04547fddb7a5a2ae59bec730bfc958d044f73e0d3ff2cffd993209,26/06/2023 00:22:17,ESCANER
21810,"Izabal",18,"Los Amates",5,3379,400,37,85,5,2,2,1,3,66,1,202,12,3,217,0,217,--,400,183,202,217,217,Algún campo sin dato,1,270a9b259b73d4b4deeb1b8bb95856b55e218ba713a8d55443194ee05bdbaa38,26/06/2023 00:48:12,ESCANER
21811,"Izabal",18,"Los Amates",5,3379,400,36,89,2,3,5,1,5,68,0,209,9,2,11,0,220,--,400,180,209,220,220,Sumas Asentadas sin cuadrar,1,11e1f9d0ab30d882d399eb6cac3bfdae1e991702548fec0d654e3c769bdc7831,25/06/2023 23:56:22,ESCANER
21812,"Izabal",18,"Los Amates",5,3379,400,39,91,1,2,7,2,6,56,2,206,11,0,217,0,217,--,400,183,206,217,217,Algún campo sin dato,1,68151252da7fcf93e5086ef8dce0a0cdcc00cf4787347efef24509535ee4d4eb,26/06/2023 01:21:48,ESCANER
21813,"Izabal",18,"Los Amates",5,3379,388,44,113,2,1,0,1,1,40,0,202,2,0,204,1,205,--,388,187,202,204,205,Algún campo sin dato,1,707de7631fc863d0f9bfe82b1c8b8f01bcd69e6b2fe0c38e63c7045ed46729ec,26/06/2023 01:32:54,ESCANER
21814,"Izabal",18,"Los Amates",5,3379,387,46,67,0,0,1,1,0,39,0,154,6,3,163,0,163,--,387,224,154,163,163,Algún campo sin dato,1,4663775df0a1e4edf6a0d93929caf1d34a49ec35a1c760c8c63d4e72d02d757f,26/06/2023 01:13:50,ESCANER
21815,"Izabal",18,"Los Amates",5,3380,400,69,75,1,1,0,0,0,79,0,225,14,5,244,0,244,--,400,156,225,244,244,Algún campo sin dato,1,b0e704fbe882a4f4b0da1ff7cd9ee6892d2e86700d1b10e9af43c662b2bf565b,26/06/2023 01:56:27,ESCANER
21816,"Izabal",18,"Los Amates",5,3380,400,50,85,1,0,3,0,1,85,0,225,8,4,237,0,237,--,400,163,225,237,237,Algún campo sin dato,1,8757c28f0070f49dfc5a55cbd5e156d82feff7f6b5a9a4c90830e1839e14d73a,26/06/2023 02:17:36,ESCANER
21817,"Izabal",18,"Los Amates",5,3380,311,46,65,0,0,0,0,1,44,0,156,2,2,160,3,163,1,311,148,156,160,163,,1,705426f7452b77cf64d8477b976f0f30317f9ffa95e2c1d087976dcddcf7f387,26/06/2023 01:32:56,ESCANER
21818,"Izabal",18,"Los Amates",5,3380,311,37,68,1,0,0,0,0,41,0,147,2,0,149,0,149,--,308,159,147,149,149,Algún campo sin dato,1,05f8e1ce5416812dfabab2e2171a9eb4ffbe3d380508dc85d1985a0808a23fd3,26/06/2023 01:20:18,ESCANER
21819,"Izabal",18,"Los Amates",5,3381,400,96,65,4,0,2,1,7,62,0,237,28,2,267,0,267,--,400,130,237,267,267,Algún campo sin dato,1,3c999bc5cf924e02b64ba61d17d32f3f8b3a1393fcf412c749f93e73006fd486,26/06/2023 02:38:12,ESCANER
21820,"Izabal",18,"Los Amates",5,3381,400,73,102,0,0,4,2,6,69,0,256,13,1,270,0,270,--,397,127,256,270,270,Algún campo sin dato,1,dd836e1f0cf304cdea074adac3097fd4de38c3458249b7792b3889f12f95b2ec,26/06/2023 02:56:15,ESCANER
21821,"Izabal",18,"Los Amates",5,3381,400,77,82,0,1,1,2,5,49,0,217,12,1,230,0,230,--,400,170,217,230,230,Algún campo sin dato,1,e15d56a1c89ce3162b15ff8e225957ca1174730f94d8c2dccee96cdf098935a4,26/06/2023 00:32:58,ESCANER
21822,"Izabal",18,"Los Amates",5,3381,294,49,66,1,0,0,0,0,42,0,158,5,1,164,0,164,--,294,130,158,164,164,Algún campo sin dato,1,8de7617a65c52d2d2a3fa151a22a09cddd48b728f0df32159425895a015c7160,26/06/2023 00:13:00,ESCANER
21823,"Izabal",18,"Los Amates",5,3381,293,33,94,0,0,0,1,1,35,0,164,3,1,168,0,168,--,293,125,164,168,168,Algún campo sin dato,1,97d68a5c7192291517646508c9293f73bb7385822f0f122154c6ac0a95f1dadb,25/06/2023 22:09:26,ESCANER
21824,"Izabal",18,"Los Amates",5,3382,380,,,,,,,,,,,,,,,,,,,,,,,0,,,
21825,"Izabal",18,"Los Amates",5,3382,380,37,42,1,3,0,1,2,63,0,149,8,7,164,0,164,0,377,213,149,164,164,,1,531ee62bc5878aad28924b02476f7954211a68ec0301d9647df8b1e2000d9d81,26/06/2023 01:11:29,ESCANER
21826,"Izabal",18,"Los Amates",5,3382,380,46,72,1,2,1,0,1,54,0,177,6,8,191,0,191,--,380,189,177,191,191,Algún campo sin dato,1,9cf1e95c07e7138de413a9aa83846076bc5ff13c40e8ad4bea508811be80ccac,25/06/2023 23:43:25,ESCANER
21827,"Izabal",18,"Los Amates",5,3382,380,48,46,2,2,0,0,0,72,0,170,14,8,192,0,192,--,380,188,170,192,192,Algún campo sin dato,1,3b4b862d44cbd6eefbf4f97258fd6da6448dc7447198328c4e16755065c138c8,26/06/2023 00:47:27,ESCANER
21828,"Izabal",18,"Los Amates",5,3382,380,40,58,0,1,0,0,0,41,0,140,11,1,152,0,152,--,380,228,140,152,152,Algún campo sin dato,1,e6c23d09e36637c21ee83fc85ee048fe54c1d554a90a6fc0cd49e3f9b047350d,25/06/2023 23:28:54,ESCANER
21829,"Izabal",18,"Los Amates",5,3382,276,34,47,1,1,0,0,0,41,0,124,3,1,128,0,128,--,276,148,124,128,128,Algún campo sin dato,1,234c7284ce3a1752a64cf822fd24ae4d1550057b280fe29611be4dcfd7c2d4c6,25/06/2023 23:16:00,ESCANER
21830,"Izabal",18,"Los Amates",5,3382,275,30,24,3,1,0,0,0,20,0,78,7,0,85,2,87,--,272,185,78,85,87,Algún campo sin dato,1,c04c84dc11e57f8dc98fdd4b189c122e21b84b168a35a9ff980a47d3fec3b8f2,25/06/2023 23:00:28,ESCANER
21831,"Izabal",18,"Los Amates",5,3383,380,71,23,1,1,1,0,0,102,0,199,11,4,214,0,214,--,380,166,199,214,214,Algún campo sin dato,1,94e7a2e082b77bba29ba09b746e9f2a31d95fd7d905afeafd52260e7fa2899eb,26/06/2023 01:19:27,ESCANER
21832,"Izabal",18,"Los Amates",5,3383,380,87,24,1,0,2,0,1,72,0,187,18,7,212,0,212,--,380,168,187,212,212,Algún campo sin dato,1,72f18c99e20f481625c207a043ba37af663652ec978983bf08a1eee7b43bef04,26/06/2023 01:36:18,ESCANER
21833,"Izabal",18,"Los Amates",5,3383,380,63,21,0,0,1,0,0,93,0,178,8,7,193,0,193,--,380,187,178,193,193,Algún campo sin dato,1,470e13bc29b6a609adc4ebce4dff64f5d3d2d37b91aaa0f019fb4ee5cb12fc25,26/06/2023 00:48:39,ESCANER
21834,"Izabal",18,"Los Amates",5,3383,380,44,23,2,1,4,0,0,118,0,192,8,4,204,0,204,--,379,176,192,204,204,Algún campo sin dato,1,5b82e8060972454a2a959ec9839f8ec41be3459321f80b6eeaa356f46e29bae6,26/06/2023 01:03:25,ESCANER
21835,"Izabal",18,"Los Amates",5,3383,380,75,22,1,1,1,0,0,70,0,170,22,3,195,0,195,--,380,185,170,195,195,Algún campo sin dato,1,9288aef1d6994d2edcfc6a27abc4d20966d0a5fa7dd4cba319f44c1dfc60d087,25/06/2023 23:30:17,ESCANER
21836,"Izabal",18,"Los Amates",5,3383,380,106,36,0,0,1,1,0,47,0,191,5,2,198,0,198,--,380,182,191,198,198,Algún campo sin dato,1,aa01679664e95a842baa795a02be088a7fbfebf6f3075dac3ba454c81bf6ee65,26/06/2023 01:14:39,ESCANER
21837,"Izabal",18,"Los Amates",5,3383,268,53,26,0,0,0,0,0,63,0,142,3,1,146,0,146,1,268,122,142,146,146,,1,07ce59fe37de109703a74427834f81b35b9b274cde4408fda72b718e5e7d698d,25/06/2023 23:15:20,ESCANER
21838,"Izabal",18,"Los Amates",5,3383,267,37,13,0,1,0,0,0,35,0,86,4,6,96,2,96,--,267,169,86,96,98,Sumas Asentadas sin cuadrar,1,15578432a48bf682f76b28865e17ae71bead7c2140925cb7622dde267daebc14,26/06/2023 00:43:57,ESCANER
21839,"Izabal",18,"Los Amates",5,3384,380,38,60,2,3,8,0,0,82,0,193,12,3,208,0,208,--,380,169,193,208,208,Algún campo sin dato,1,31c95e4e60a84143cc8e1bcc6dc6cfcbc0f0e06cf9460c7dbbe1653a102cde57,25/06/2023 23:39:13,ESCANER
21840,"Izabal",18,"Los Amates",5,3384,380,34,70,3,5,2,0,0,84,0,198,21,4,223,0,223,--,380,157,198,223,223,Algún campo sin dato,1,289363638a79a9c05463da94da95986524251e695e801a6e20352f89ba7adc19,25/06/2023 22:18:51,ESCANER
21841,"Izabal",18,"Los Amates",5,3384,380,41,58,0,7,2,0,0,72,0,180,22,4,206,0,206,--,380,174,180,206,206,Algún campo sin dato,1,0c5a5a88397eb8aa44c411d190727a5c3993ecbacf08166a8c8b5df821bafd1f,25/06/2023 23:25:09,ESCANER
21842,"Izabal",18,"Los Amates",5,3384,380,45,75,1,2,0,0,0,87,0,210,19,1,210,0,230,--,380,150,210,230,230,Sumas Asentadas sin cuadrar,1,8c1949a1d3523e1b4af78fa4f1694e1e88ec9636221db8e922c31b46546cd4f8,26/06/2023 02:13:04,ESCANER
21843,"Izabal",18,"Los Amates",5,3384,380,39,69,1,3,1,0,0,81,1,195,9,4,208,0,208,1,377,169,195,208,208,,1,7199bd61517f566f90ad6e03e92386207f9a968d637cbab4f7b3119e797ad3a7,26/06/2023 02:27:28,ESCANER
21844,"Izabal",18,"Los Amates",5,3384,380,32,54,0,1,1,0,0,101,0,189,9,3,201,0,201,--,380,179,189,201,201,Algún campo sin dato,1,72768bd0c5acdda7292b8b21c4e83e8c91039b2b1f298c2526bdd89ec014e77f,26/06/2023 02:34:26,ESCANER
21845,"Izabal",18,"Los Amates",5,3384,380,40,56,1,0,1,0,1,94,0,193,10,0,203,0,204,1,380,176,193,203,203,Sumas Asentadas sin cuadrar,1,d7420f2e286af9fde8d80039142b341a3dc2d1ac590cf4ce5ed3a8eea3e45a2e,25/06/2023 22:33:57,ESCANER
21846,"Izabal",18,"Los Amates",5,3384,380,31,62,1,3,3,0,1,77,0,178,8,3,189,0,189,--,380,191,178,189,189,Algún campo sin dato,1,5e20b0f121b9af717d45e9a7f032fa404fcc9dbcba4f47b610ec5b55ff81875d,25/06/2023 23:16:03,ESCANER
21847,"Izabal",18,"Los Amates",5,3385,380,35,71,0,2,0,0,1,70,0,179,7,2,188,0,188,--,380,192,179,188,188,Algún campo sin dato,1,7b67825f0d31dc7fa5e404504e5e1e5d8438f38ed70a0bff08f8951b784cc271,25/06/2023 23:48:09,ESCANER
21848,"Izabal",18,"Los Amates",5,3385,256,28,45,0,0,0,0,1,45,0,119,4,2,125,0,125,--,256,131,119,125,125,Algún campo sin dato,1,269e2ed0a6838fc6a1435f7f0ba247bf157ff92cde010adbf109e6bc8031a351,25/06/2023 22:42:51,ESCANER
21849,"Izabal",18,"Los Amates",5,3385,255,21,35,0,0,0,0,0,41,0,97,3,3,103,0,103,1,255,152,97,103,103,,1,66be7140ecddc1e3f3b6bb31fb9181bd48a18d09cfcdadccf2bff4eff4a12bfa,25/06/2023 23:08:04,ESCANER
21850,"Izabal",18,"Los Amates",5,3386,380,50,57,1,3,3,2,9,59,0,184,22,5,211,0,211,--,377,166,184,211,211,Algún campo sin dato,1,2eab44f5808a09d1e1b5f7c0bb16e8afef0e3b38834dc84554d81c52aa75f801,26/06/2023 01:18:07,ESCANER
21851,"Izabal",18,"Los Amates",5,3386,380,101,68,2,0,0,4,12,46,0,233,20,6,259,0,259,1,380,117,233,259,259,,1,3fa02925e7421f11fa23f8126d03df9874c49f473740fc60a990dda7947e114b,26/06/2023 00:47:03,ESCANER
21852,"Izabal",18,"Los Amates",5,3386,380,71,92,0,0,3,2,7,50,0,225,34,4,263,0,263,0,380,117,225,263,263,,1,82e7e7f365ac2fbda287168b1e60ed1b9d242ebf3ddbadb4cfe599d4e7315026,26/06/2023 00:23:04,ESCANER
21853,"Izabal",18,"Los Amates",5,3386,380,46,61,2,0,3,6,16,52,0,186,10,2,198,0,198,--,377,179,186,198,198,Algún campo sin dato,1,51d1aa4439a9ae4284345bf07cacb0efc33050f439990e8b74daeae7b98b9ae8,26/06/2023 00:28:25,ESCANER
21854,"Izabal",18,"Los Amates",5,3386,380,63,51,3,1,0,4,6,58,0,186,20,4,210,0,210,--,381,171,186,210,210,Algún campo sin dato,1,9f22c84cff39373a0a1698d5667bda2d5fdf20fe3afa036f6e514b18e3d5dbb4,25/06/2023 22:44:15,ESCANER
21855,"Izabal",18,"Los Amates",5,3386,380,61,49,1,3,3,2,6,54,0,179,23,9,211,0,211,--,380,169,179,211,211,Algún campo sin dato,1,f115653088d57d3eeb6656fb0af7c72fe329714d8cd39baa00d66b4261c14ee0,26/06/2023 00:36:25,ESCANER
21856,"Izabal",18,"Los Amates",5,3386,380,42,68,2,0,2,2,5,49,0,170,11,6,187,0,187,--,380,193,170,187,187,Algún campo sin dato,1,82793612e4d63309f8c24ba6b29bbaba88d8141114ac69da27441ed24a46b596,25/06/2023 23:36:33,ESCANER
21857,"Izabal",18,"Los Amates",5,3386,328,51,70,1,0,0,1,5,38,0,166,7,0,173,0,173,--,327,154,166,173,173,Algún campo sin dato,1,9fe33761970350d47564bab07a93c6c300fcb629716e0dde2dcd526ff2568f3a,26/06/2023 00:05:53,ESCANER
21858,"Izabal",18,"Los Amates",5,3386,327,52,42,0,0,0,2,4,28,0,128,10,1,139,0,139,--,327,188,128,139,139,Algún campo sin dato,1,9f07466c781f2eaa3660d5f22c8a4421ba9126ea3385e11b1f102cbf2fc579d3,25/06/2023 23:58:10,ESCANER
21859,"Izabal",18,"Los Amates",5,3387,380,91,80,2,14,4,0,2,58,0,251,14,4,269,0,269,--,380,111,251,269,269,Algún campo sin dato,1,46726d9fc47bbd85eedea4df9c6ceb273cf633840f7d604ad34498e6ea27cb1d,26/06/2023 01:40:23,ESCANER
21860,"Izabal",18,"Los Amates",5,3387,380,72,83,1,5,2,0,3,60,0,226,12,5,243,0,243,2,380,137,226,243,243,,1,6d594f1730a07ab94377db672391e438916b3fb7032898a30e12a7cdf0e1a5f5,26/06/2023 01:53:43,ESCANER
21861,"Izabal",18,"Los Amates",5,3388,380,103,66,0,7,4,1,2,47,0,230,18,5,253,0,253,--,380,127,230,253,253,Algún campo sin dato,1,c274a18d9f1302347a3afa8edbe25e680770129b1841bb8a4884df366e3f3a81,26/06/2023 01:56:32,ESCANER
21862,"Izabal",18,"Los Amates",5,3388,380,99,71,0,2,5,1,6,49,0,233,12,5,250,0,250,1,380,130,233,250,250,,1,fa8b3579bc295bcbb06acd2d0ae05bae554ff64b6a636a51bd9febb00ed38df7,26/06/2023 02:09:08,ESCANER
21863,"Izabal",18,"Los Amates",5,3388,380,95,77,1,5,0,0,6,50,0,234,6,0,240,0,240,--,380,140,234,240,240,Algún campo sin dato,1,240ffb41512e52ab51bb6fd578067547598a769e720d4b362fcc4b7d923b885f,26/06/2023 01:09:46,ESCANER
21864,"Izabal",18,"Los Amates",5,3388,202,49,55,0,1,1,0,1,22,0,129,1,0,130,0,130,--,199,69,129,130,130,Algún campo sin dato,1,604703e57b64c1cea3f7fb79d4c2ec94d5dfb58659396d8f59cf081c3c1a195d,26/06/2023 00:23:05,ESCANER
21865,"Izabal",18,"Los Amates",5,3388,202,53,44,3,2,1,0,2,19,0,124,1,0,125,0,125,--,202,77,124,125,125,Algún campo sin dato,1,d0aeb2c3368f06696c81e62616107d9314cd0b8458bc61e7378a9ac261b9aae1,26/06/2023 00:47:33,ESCANER
21866,"Izabal",18,"Los Amates",5,3389,380,112,49,1,1,5,2,2,66,1,239,28,2,269,111,380,--,380,111,239,269,380,Algún campo sin dato,1,e347f9f83626c7f81ed4b3b5df6d2f113b054fdb3b6d080748e0dfb983119cbe,26/06/2023 00:55:25,ESCANER
21867,"Izabal",18,"Los Amates",5,3389,380,106,40,0,0,4,0,0,76,0,226,12,2,240,0,240,--,377,137,226,240,240,Algún campo sin dato,1,e0da56658a262abb7a9df45b42025fb15387c7beeb644eb9a9129c64288f3858,26/06/2023 00:36:12,ESCANER
21868,"Izabal",18,"Los Amates",5,3389,332,79,45,0,0,2,2,0,35,1,164,25,2,191,1,192,--,329,137,164,191,192,Algún campo sin dato,1,4ba6c43cf8b6514e1bd2f0ec4419ba76b9354083de4e517353a2d56517a2cf77,26/06/2023 01:19:39,ESCANER
21869,"Izabal",18,"Los Amates",5,3389,332,86,55,1,0,1,0,0,40,0,183,7,0,190,0,190,--,329,139,183,190,190,Algún campo sin dato,1,d4df08bdfaa13d8082b1a13c68a13e80cdfaa5a27d7f117117618fd72c6bc265,25/06/2023 23:05:41,ESCANER
21870,"Izabal",18,"Los Amates",5,3390,380,116,57,3,2,3,0,0,43,1,225,17,3,245,0,245,--,380,135,225,245,245,Algún campo sin dato,1,8a050d63f48e6390fd905f07fd36652f1ecfd13b7b4f9bb28580d2d9e4212cb4,26/06/2023 00:30:50,ESCANER
21871,"Izabal",18,"Los Amates",5,3390,380,114,69,1,1,6,1,1,47,0,240,21,0,261,0,261,--,380,119,240,261,261,Algún campo sin dato,1,02d4459e9183a8fab32abd13064cce653462e3f24c6b0e4d1b40a9f088ebd553,26/06/2023 00:45:29,ESCANER
21872,"Izabal",18,"Los Amates",5,3390,380,102,80,0,0,5,0,2,60,1,250,21,7,278,--,--,--,378,100,250,278,278,Algún campo sin dato,1,3d56ca6c2d190f12086ffcfdf8f8cedf87e4d2c5c4f270a2c94513e5e4943963,26/06/2023 01:28:39,ESCANER
21873,"Izabal",18,"Los Amates",5,3390,380,109,70,0,1,3,0,2,63,0,248,10,5,263,0,263,--,380,117,248,263,263,Algún campo sin dato,1,ee37869548964e7c7cefb8f6c0a2973c9635e3e83201de0e3a5f341da4057614,26/06/2023 02:20:27,ESCANER
21874,"Izabal",18,"Los Amates",5,3390,380,108,71,0,0,1,1,0,43,1,225,7,2,234,0,234,--,380,146,225,234,234,Algún campo sin dato,1,0f68316ebab6452098ac735fa38f51f9777cea840fbcda7b347d5730143af46e,26/06/2023 00:57:19,ESCANER
21875,"Izabal",18,"Los Amates",5,3390,380,91,66,0,2,4,2,0,67,0,232,11,2,245,0,245,1,380,135,232,245,245,,1,377a0151ada937191417dbf3a92a725f85f7382b7263418564b7f466f1f45330,26/06/2023 01:14:22,ESCANER
21876,"Izabal",18,"Los Amates",5,3390,380,96,77,2,0,0,1,0,56,0,232,10,2,244,0,244,--,377,133,232,244,244,Algún campo sin dato,1,4655eb0a6243667d1caf99e67b25d78b1e3c85817944173da5cff7f14003ba11,25/06/2023 23:41:02,ESCANER
21877,"Izabal",18,"Los Amates",5,3390,380,101,77,1,0,7,1,0,50,0,237,11,1,249,0,249,--,380,131,237,249,249,Algún campo sin dato,1,45f939f89e262f0ffc353cfae3f6b852aed9fe15e24e117c120eae2fddc995c6,26/06/2023 02:47:17,ESCANER
21878,"Izabal",18,"Los Amates",5,3391,380,95,69,0,3,3,0,1,59,0,230,13,1,244,0,244,--,378,134,230,244,244,Algún campo sin dato,1,0c64a9187b41ffc92fa3d7f7db33ae0d406d6513d5a1cf4eac11bcc2bdabc75c,26/06/2023 01:03:47,ESCANER
21879,"Izabal",18,"Los Amates",5,3391,380,79,87,1,0,1,3,1,54,0,226,9,2,237,0,237,--,377,140,226,237,237,Algún campo sin dato,1,05f31c1c36fc9cca917f847f57f0d00accf1058dbbd0ae811ef423f9a26234b8,26/06/2023 00:24:32,ESCANER
21880,"Izabal",18,"Los Amates",5,3391,380,91,79,0,0,2,0,0,27,0,199,3,0,202,0,202,--,380,178,199,202,202,Algún campo sin dato,1,14516c263b8292779131530424b0c0cd3a75f291182a3fc9e981a9f8d1ddd894,26/06/2023 00:14:09,ESCANER
21881,"Izabal",18,"Los Amates",5,3391,336,84,83,1,0,4,2,1,29,1,205,3,1,209,1,210,--,336,126,205,209,210,Algún campo sin dato,1,321a5f4a29294d74aa3b81db02b490fd401b11ee682af263cfb379c5362ca200,26/06/2023 00:29:48,ESCANER
21882,"Izabal",18,"Los Amates",5,3391,336,64,52,1,0,3,0,0,38,1,159,1,3,163,1,164,--,336,172,159,163,164,Algún campo sin dato,1,ee20b04d873034bf8fbc08efb7c8f6c834cf3c32bfe31392e69b72c19b403268,25/06/2023 23:13:03,ESCANER
21883,"Izabal",18,"Los Amates",5,3392,600,58,48,1,3,2,2,1,37,0,152,14,0,166,0,166,--,600,434,152,166,166,Algún campo sin dato,1,4b85ca3db21490b9e8ce49cf48c14413993acc182f76b215372147ee678fe42b,26/06/2023 00:07:55,ESCANER
21884,"Izabal",18,"Los Amates",5,3392,600,42,55,2,0,2,0,3,22,0,126,12,6,144,0,144,--,600,456,126,144,144,Algún campo sin dato,1,7929462aa1e68ff3ae8d27ab9224cd0c288546cec4387e223cee131a3465d67f,25/06/2023 23:10:51,ESCANER
21885,"Izabal",18,"Los Amates",5,3392,600,41,36,3,1,3,0,3,34,0,121,12,3,136,0,136,--,600,464,121,136,136,Algún campo sin dato,1,9383d2c3856d4af5ae34e10accf08fc6ba5ab75952dba5be9f00358158ad27a2,25/06/2023 22:59:40,ESCANER
21886,"Izabal",18,"Los Amates",5,3392,600,39,47,1,1,3,--,3,32,--,126,8,7,141,--,--,--,600,459,126,141,141,Algún campo sin dato,1,e6d63a40a2bcfcc6be564b9e32cabb9b5dffbfde6af2799cb0254903dc325a37,25/06/2023 22:46:30,ESCANER
21887,"Izabal",18,"Los Amates",5,3392,600,22,29,1,1,1,0,0,21,1,76,6,3,85,0,85,--,552,467,76,85,85,Algún campo sin dato,1,05014f68906aa1c02454333db180e49880d501e2cd8ca2911403f66d88c7172c,25/06/2023 21:29:04,ESCANER
21888,"Izabal",18,"Los Amates",5,3392,388,6,4,0,0,0,0,0,12,0,22,1,0,23,0,23,--,388,365,22,23,23,Algún campo sin dato,1,bc9d593eba086537d9cea605126ace0f87e5e02fb0ce1218d103195b0415ce7c,25/06/2023 22:05:25,ESCANER
21889,"Izabal",18,"Los Amates",5,3392,387,3,4,0,0,0,0,1,5,0,13,1,0,14,0,14,--,387,373,13,14,14,Algún campo sin dato,1,513d80551e8a3088a5ab655044ebd1b11cf2fd1f1e43313f85d5a9404452d80c,25/06/2023 22:06:58,ESCANER