﻿TIPO_DE_ELECCIÓN:,CORPORACIÓN MUNICIPAL
26 junio 2023 03:36 (UTC -6)
ACTAS_ESPERADAS,ACTAS_CAPTURADAS,PORCENTAJE_ACTAS_CAPTURADAS,ACTAS_CONTABILIZADAS,PORCENTAJE_ACTAS_CONTABILIZADAS,ACTAS_NO_CONTABILIZADAS,LISTA_NOMINAL_ACTAS_CONTABILIZADAS,VOTOS_EMITIDOS_CONTABILIZADAS,PORCENTAJE_PARTICIPACIÓN_CIUDADANA
67,65,97.0149,65,97.0149,0,24799,14833,59.8128

MESA,DEPARTAMENTO,ID_DEPARTAMENTO,MUNICIPIO,ID_MUNICIPIO,CENTRO_DE_VOTACIÓN,PADRÓN,VALOR,VAMOS,UNE,PODEMOS,CABAL,VIVA,VICTORIA,MI FAMILIA,PR,VÁLIDOS,NULOS,BLANCO,EMITIDOS,INVÁLIDOS,TOTAL,IMPUGNACIONES,PAPELETAS-RECIBIDAS,PAPELETAS-NO-USADAS,VALIDOS_CALCULADO,EMITIDOS_CALCULADO,TOTAL_CALCULADO,OBSERVACIONES,CONTABILIZADA,CÓDIGO_INTEGRIDAD,FECHA_HORA_PUBLICACIÓN,DIGITALIZACIÓN
7807,"Escuintla",5,"La Gomera",7,884,400,20,87,22,49,7,25,1,1,2,214,35,3,252,0,252,--,400,148,214,252,252,Algún campo sin dato,1,ae3e26a1f4ef8210c38a539630c9353051a4aec7878a55ffadfed95daea95c4b,26/06/2023 01:09:37,ESCANER
7808,"Escuintla",5,"La Gomera",7,884,400,16,63,25,45,8,31,4,1,0,193,41,3,237,0,237,--,400,163,193,237,237,Algún campo sin dato,1,9385855b2a3e664812add797cf16852fb61ebab54e9f0d3c62960328fe2cd3a5,26/06/2023 01:06:54,ESCANER
7809,"Escuintla",5,"La Gomera",7,884,400,16,85,21,52,10,37,4,4,0,229,35,2,266,0,266,--,397,131,229,266,266,Algún campo sin dato,1,d26923198c3c85311a6d4bb9126387dbf57fe515c65a69ca7e895eab9db8c445,26/06/2023 00:15:25,ESCANER
7810,"Escuintla",5,"La Gomera",7,884,400,28,88,22,52,3,42,6,3,0,244,41,0,285,0,285,--,400,115,244,285,285,Algún campo sin dato,1,9acc3ca334f00890135afa41ce75c0ba74821d5609304f6375b95bf310131864,26/06/2023 01:00:48,ESCANER
7811,"Escuintla",5,"La Gomera",7,884,400,12,80,22,58,7,38,5,0,3,225,33,3,261,0,261,--,400,139,225,261,261,Algún campo sin dato,1,e0421149ab58a550818778b69a5a23445651227ac8e4e2a7d998f359dd41a143,26/06/2023 01:10:36,ESCANER
7812,"Escuintla",5,"La Gomera",7,884,400,27,79,17,59,14,29,8,3,4,240,35,0,275,0,275,--,400,125,240,275,275,Algún campo sin dato,1,0fb77a9a2361012f3263fe617a591f0443bce3d4adb946a4e67f486e2c629f77,26/06/2023 01:14:26,ESCANER
7813,"Escuintla",5,"La Gomera",7,884,400,,,,,,,,,,,,,,,,,,,,,,,0,,,
7814,"Escuintla",5,"La Gomera",7,884,400,20,112,17,52,6,31,2,0,1,241,40,2,283,0,283,--,400,117,241,283,283,Algún campo sin dato,1,51e9a2efa119875f30a4908706e2414cbe9c73a78d3577709b5346dd1729e2f4,26/06/2023 01:02:25,ESCANER
7815,"Escuintla",5,"La Gomera",7,884,400,27,90,15,46,2,51,6,3,1,241,34,2,277,0,277,0,400,123,241,277,277,,1,dc5d2422836d98add34c74c6161760ad70e04e8fa1ce31b48977b0c884a09ef5,26/06/2023 00:00:31,ESCANER
7816,"Escuintla",5,"La Gomera",7,884,400,17,93,27,58,8,30,8,4,0,245,35,5,--,--,285,--,400,115,245,285,285,Algún campo sin dato,1,de2e242bc5d2660194811260f950577dacc87014cc0d6143cb7ec2bd8c75a6f0,25/06/2023 22:29:54,ESCANER
7817,"Escuintla",5,"La Gomera",7,884,400,27,72,13,49,5,34,4,1,3,208,22,4,234,0,234,--,400,166,208,234,234,Algún campo sin dato,1,222746f257d9f5e0ad87cfe0380308a19395133795ccb060345e15b39b9af427,25/06/2023 22:32:19,ESCANER
7818,"Escuintla",5,"La Gomera",7,884,400,30,73,22,38,6,31,5,0,2,207,24,4,235,0,235,--,401,765,207,235,235,Algún campo sin dato,1,f4ddada6351f86cf229e8811076208f41b2b8a77b33f65a53093e4f3cc964ca4,26/06/2023 00:46:40,ESCANER
7819,"Escuintla",5,"La Gomera",7,885,400,31,74,23,54,5,34,4,2,0,227,30,2,259,0,227,0,400,141,227,259,259,Sumas Asentadas sin cuadrar,1,3b6e29af0acfa5fe0d9be6805f1ae19218c3d5b87a91a519c91766d2efa5d1b7,26/06/2023 01:01:19,ESCANER
7820,"Escuintla",5,"La Gomera",7,885,400,18,70,20,52,8,30,2,2,1,203,34,1,238,0,238,0,400,162,203,238,238,,1,7f15f1713ff95445205d1c1ecadfadf2aaa53cb985f1aa9b2148875d6b220195,26/06/2023 01:12:25,ESCANER
7821,"Escuintla",5,"La Gomera",7,885,400,12,67,25,42,4,30,4,3,1,188,26,5,219,0,219,--,400,181,188,219,219,Algún campo sin dato,1,713a55220d63ec8b6aa6a752560c14d6c0b48a54b38ca983b2d13fb02369e2fc,25/06/2023 23:24:00,ESCANER
7822,"Escuintla",5,"La Gomera",7,885,400,21,55,25,53,11,33,3,3,1,205,31,2,238,0,238,--,400,162,205,238,238,Algún campo sin dato,1,350daf87f6942268ad484450d01290305bfe8cd127a1c14dbed9fcc908833e6f,25/06/2023 22:24:20,ESCANER
7823,"Escuintla",5,"La Gomera",7,885,400,22,62,19,33,6,26,3,2,3,176,39,7,222,0,222,0,400,178,176,222,222,,1,68fbbf317968075004c9f225565160a0dc851d2cb89316cc691ee7e7613ca9c0,25/06/2023 22:47:09,ESCANER
7824,"Escuintla",5,"La Gomera",7,885,400,12,61,19,38,11,21,2,3,1,168,34,3,205,0,205,--,400,195,168,205,205,Algún campo sin dato,1,2b8c1ea72dcc58896f0e621ce0d0bb22959e0b4a20b2683d4248843130725801,26/06/2023 01:26:20,ESCANER
7825,"Escuintla",5,"La Gomera",7,885,400,20,76,19,43,5,27,4,2,2,198,27,1,226,0,226,--,396,170,198,226,226,Algún campo sin dato,1,95d1b824311917470f90a49a0064e5c46c39f5a2866208e09f42a9daf1e9dcbb,25/06/2023 22:45:04,ESCANER
7826,"Escuintla",5,"La Gomera",7,885,400,15,75,17,46,6,29,2,1,2,193,17,5,215,0,215,--,--,--,193,215,215,Algún campo sin dato,1,c3aa52c86f1d3e58953cdddf6dd6eb3e8a6d13945623ea29b581598e160170f4,26/06/2023 01:41:27,ESCANER
7827,"Escuintla",5,"La Gomera",7,885,400,28,74,17,53,2,31,2,1,1,209,29,0,238,0,238,0,400,162,209,238,238,,1,5a6064879f52cc379d2fcb320b8494b0d92d2b4acd646668bfa732629ddda44f,26/06/2023 01:07:52,ESCANER
7828,"Escuintla",5,"La Gomera",7,885,400,22,69,15,53,5,36,2,2,1,205,25,0,230,0,230,0,400,170,205,230,230,,1,db1be0f7e12f9f53021c23e23b93a2b1af577b531d7475c672b2caa7663475b1,25/06/2023 23:23:11,ESCANER
7829,"Escuintla",5,"La Gomera",7,885,219,8,37,7,30,5,16,2,0,2,107,9,2,118,0,118,0,219,101,107,118,118,,1,5083a5c04b8230f6521aab7a2b67957621287995a1a00f5b43e42f90b62bab78,25/06/2023 22:07:26,ESCANER
7830,"Escuintla",5,"La Gomera",7,885,218,3,27,8,19,0,12,1,0,2,72,15,1,88,0,88,--,218,130,72,88,88,Algún campo sin dato,1,460475f3bcc47df73e072af418c725c9334a8c38e38d1c253d1d2c68442c30bd,25/06/2023 20:29:28,ESCANER
7831,"Escuintla",5,"La Gomera",7,886,400,26,91,17,40,6,33,4,2,1,220,45,3,268,0,268,--,399,131,220,268,268,Algún campo sin dato,1,7497c2ab145ca77b9a5cf62228afe65489d91cf7bb4c4fce549c96e7080f3b4b,25/06/2023 23:25:39,ESCANER
7832,"Escuintla",5,"La Gomera",7,886,400,25,93,20,48,7,21,6,2,0,222,58,2,282,0,282,--,400,118,222,282,282,Algún campo sin dato,1,8825a08b63f8d0be73868a06802029646ec13a32fae064dc6a1a039271f7cfe1,25/06/2023 22:44:14,ESCANER
7833,"Escuintla",5,"La Gomera",7,886,400,30,85,28,52,6,25,3,2,4,235,39,4,278,0,278,--,397,119,235,278,278,Algún campo sin dato,1,51628acd406f1ec2ed337712a966a80bbdc77c7f7baa6fe1b0ffc3d488e1f2cc,25/06/2023 22:49:44,ESCANER
7834,"Escuintla",5,"La Gomera",7,886,400,30,95,23,43,5,32,4,2,2,236,42,2,280,0,280,--,400,120,236,280,280,Algún campo sin dato,1,b4805d8f66dd6edd44d03a3a194ab3a1747a3336eb4874041c8314ddc206b1e8,25/06/2023 22:14:17,ESCANER
7835,"Escuintla",5,"La Gomera",7,886,400,23,96,23,48,9,38,3,1,1,242,42,4,288,0,288,--,400,112,242,288,288,Algún campo sin dato,1,b430ddbd68e7a2a882c4d6d4a21ed087598d2ca9510a4c5c6afa96dc3840321d,25/06/2023 23:02:44,ESCANER
7836,"Escuintla",5,"La Gomera",7,886,400,21,109,20,57,7,33,2,2,2,253,41,3,297,0,297,--,400,103,253,297,297,Algún campo sin dato,1,929ee77db1743840267fb2c703ed04587e51466bc6f93edab1248f75c00e8a68,25/06/2023 23:32:28,ESCANER
7837,"Escuintla",5,"La Gomera",7,886,400,29,104,23,41,4,36,2,3,3,245,45,2,292,0,292,--,400,108,245,292,292,Algún campo sin dato,1,004accf700448643035623827bf485c2f3bd7e06f9d28b3d774e13ce598a6b0f,25/06/2023 23:37:30,ESCANER
7838,"Escuintla",5,"La Gomera",7,886,400,16,80,19,36,8,37,4,0,0,200,37,2,239,0,239,--,400,161,200,239,239,Algún campo sin dato,1,ddc5aee8b512343f83baa7a31de891e7ac9346c2631dc32e3b3b860c44f49abc,25/06/2023 22:30:56,ESCANER
7839,"Escuintla",5,"La Gomera",7,886,400,27,81,18,52,5,21,6,0,2,212,33,1,246,0,246,--,400,154,212,246,246,Algún campo sin dato,1,b904f0fb3ee09af03d62c466fb8a7f2924bfc45c1838752e3f489ccb796c7a77,25/06/2023 22:59:31,ESCANER
7840,"Escuintla",5,"La Gomera",7,886,400,18,96,26,39,2,24,3,1,1,210,32,2,244,0,244,--,400,156,210,244,244,Algún campo sin dato,1,f0207fd09f6b00b6fbdf5afcef1040ad97f326246a49105ed1e983b2e337a4cd,25/06/2023 23:24:18,ESCANER
7841,"Escuintla",5,"La Gomera",7,887,400,21,70,20,45,8,22,6,0,0,192,35,4,231,0,231,0,400,165,192,231,231,,1,461e40225330964970995df963671673b1b2ae23faaedcbba44de7ee01477289,26/06/2023 00:13:51,ESCANER
7842,"Escuintla",5,"La Gomera",7,887,400,18,87,25,39,8,18,3,3,2,203,36,1,240,0,240,0,400,160,203,240,240,,1,e7ae513a73264ed29eaa9b37c579868923656e3a8bc6d2c31c4696a64c988fbe,25/06/2023 21:09:51,ESCANER
7843,"Escuintla",5,"La Gomera",7,887,400,16,78,15,58,4,19,0,0,2,192,32,2,226,0,226,0,397,171,192,226,226,,1,d380cedf4e061078d47e6239cc959d3c20a81eabb82faaaee69b006191436a17,26/06/2023 00:50:10,ESCANER
7844,"Escuintla",5,"La Gomera",7,887,233,16,51,10,38,0,13,0,1,0,129,21,0,150,0,150,0,233,83,129,150,150,,1,8938156e56c7f5e2d0a55bccfe04c57bfbe59b521b624b356b9d07687b165bfd,26/06/2023 00:30:18,ESCANER
7845,"Escuintla",5,"La Gomera",7,887,233,13,35,7,24,2,9,0,0,1,111,19,1,111,0,111,0,230,119,91,111,111,Sumas Asentadas sin cuadrar,1,e30bd2fafde634c717b505b765a4a402108d1e3618a08bd403dbc5b6412aab77,25/06/2023 21:50:28,ESCANER
7846,"Escuintla",5,"La Gomera",7,888,400,72,68,16,26,12,24,6,2,0,226,22,7,255,0,255,0,400,145,226,255,255,,1,19acc852661786a307e04c8b22e3c0ab62c96cf77417a5f7e2d42ec4275e6733,25/06/2023 22:45:15,ESCANER
7847,"Escuintla",5,"La Gomera",7,888,296,44,48,8,19,7,11,4,2,1,144,15,8,167,0,167,0,292,125,144,167,167,,1,7bcbc6f992d90ccd4aca28268b16dfce608aa503d33dd2bff6e1561020e5752d,25/06/2023 22:13:00,ESCANER
7848,"Escuintla",5,"La Gomera",7,888,296,42,40,6,10,3,7,4,1,0,113,8,4,125,0,0,0,293,168,113,125,125,,1,c8b2c4f7d5aed56fc0457a9dac54dc318974695592d55fae626492b09ac5401b,25/06/2023 23:04:17,ESCANER
7849,"Escuintla",5,"La Gomera",7,889,380,21,114,13,18,5,28,1,1,0,201,39,4,244,0,201,--,380,133,201,244,244,Sumas Asentadas sin cuadrar,1,4fdffaea8d43739ab1f29921e19a430a0c3a42a40ec18aac2892a3b2285066d9,26/06/2023 01:37:04,ESCANER
7850,"Escuintla",5,"La Gomera",7,889,380,16,116,11,21,4,34,7,0,1,210,39,4,253,0,253,0,380,127,210,253,253,,1,752f11cde3a3ed2c718c919f255a8a8eef7994dd20c809bbcc6afb8475588d06,26/06/2023 00:52:32,ESCANER
7851,"Escuintla",5,"La Gomera",7,889,380,23,110,16,24,3,31,8,1,0,216,36,2,254,0,254,0,381,127,216,254,254,,1,b546e83b687643b63a7e94bb0ee153e1fe6d835f500733526f7e8a8549c44015,26/06/2023 00:52:17,ESCANER
7852,"Escuintla",5,"La Gomera",7,889,380,15,106,11,18,2,50,5,2,1,210,40,6,256,0,256,--,380,124,210,256,256,Algún campo sin dato,1,c7ab0f4786cba59468bf7fee71fb0d6ae2f04472e0ba99d4a6d2292e7929f9af,26/06/2023 00:41:12,ESCANER
7853,"Escuintla",5,"La Gomera",7,889,380,16,103,11,14,1,29,3,1,0,178,26,1,205,0,205,0,380,175,178,205,205,,1,fab12354e9442181787866f7d51a6ff9d44f36248629a937f359b4c9620704a0,25/06/2023 23:44:02,ESCANER
7854,"Escuintla",5,"La Gomera",7,889,380,12,98,13,12,4,34,3,3,0,179,33,5,217,0,217,--,380,163,179,217,217,Algún campo sin dato,1,7ffdf34febe6a15801a2fd6f7721be9fc47054ebc5eceda3667577a6743f577c,25/06/2023 22:10:50,ESCANER
7855,"Escuintla",5,"La Gomera",7,889,380,14,126,12,18,0,31,7,0,1,209,34,4,247,0,247,0,379,132,209,247,247,,1,66f91063c8eeedd797f3b118681735394811fdd8be4c4eef47542d15198ea452,25/06/2023 23:33:14,ESCANER
7856,"Escuintla",5,"La Gomera",7,890,380,9,88,17,20,1,37,5,2,1,180,31,1,212,0,212,0,380,168,180,212,212,,1,cf65638894dacedd39d27ba54a277a8103531418e0c5d8c48ce1b953af9f879b,26/06/2023 03:35:24,ESCANER
7857,"Escuintla",5,"La Gomera",7,890,380,18,97,8,16,1,19,5,0,0,164,21,1,186,0,186,0,380,194,164,186,186,,1,b28125725c165f14d0f0d5f6d22ce271c3d674b25277bf625823fe5bea560d96,26/06/2023 00:14:20,ESCANER
7858,"Escuintla",5,"La Gomera",7,890,328,14,103,4,22,0,20,6,1,0,170,16,0,186,0,186,--,328,142,170,186,186,Algún campo sin dato,1,e101df52dbed2b92e62dddff4fb954d17687bbe3cb8d3b2fd8ffeef3f5ed8693,25/06/2023 23:36:32,ESCANER
7859,"Escuintla",5,"La Gomera",7,890,327,,,,,,,,,,,,,,,,,,,,,,,0,,,
7860,"Escuintla",5,"La Gomera",7,891,380,18,94,17,113,6,12,4,2,0,266,32,5,303,0,303,0,380,77,266,303,303,,1,cdfab3ad2c502a4cb8c95054982bdfcaa8a9066b41a06014cacba5a644a9e614,26/06/2023 00:07:47,ESCANER
7861,"Escuintla",5,"La Gomera",7,891,380,24,95,21,93,4,21,3,0,2,263,39,6,308,0,308,0,376,68,263,308,308,,1,7187ee91768ee2a69b918dd4963637a876e1d8dc85cc9e6ee5a77247f26930a5,25/06/2023 22:56:18,ESCANER
7862,"Escuintla",5,"La Gomera",7,891,380,21,91,22,99,3,14,6,0,2,258,40,4,302,0,302,0,380,78,258,302,302,,1,d888db5dbf97ff5afb680a9c7bd45e6d578b8fb19bfee02637f6b3839afd006f,26/06/2023 00:56:03,ESCANER
7863,"Escuintla",5,"La Gomera",7,891,380,24,79,13,74,5,23,5,0,0,223,16,4,243,0,243,0,380,137,223,243,243,,1,30a44a9bedc7edb208e46cfefde8159ffa1c814790c022c8ba694454f59d1a1f,25/06/2023 23:03:39,ESCANER
7864,"Escuintla",5,"La Gomera",7,891,241,26,48,13,52,3,9,2,0,0,153,15,2,170,0,170,0,238,68,153,170,170,,1,f93488f8dd16b5a606c5de5d5f1aa0cc5dad2eff3b826b89f0997c032e16f42d,25/06/2023 21:19:22,ESCANER
7865,"Escuintla",5,"La Gomera",7,891,241,21,38,7,69,2,12,2,0,0,151,17,0,168,0,168,0,241,73,151,168,168,,1,8d89fa9aa442bc217f8a9371904915644fc2ac0fd64e26d8ad6fb09afc83b304,25/06/2023 21:49:42,ESCANER
7866,"Escuintla",5,"La Gomera",7,892,380,43,113,36,20,6,29,9,3,--,259,31,5,295,0,295,--,380,82,259,295,295,Algún campo sin dato,1,0990133448f7db509667f21d8e009217b4f36c1940f4c6416a22f508c5fdbf2a,26/06/2023 00:23:21,ESCANER
7867,"Escuintla",5,"La Gomera",7,892,380,39,107,39,13,8,18,4,0,1,229,24,1,254,0,254,0,380,126,229,254,254,,1,f2164fe756c779df92c2a395fe08da8dc0c02167ba4ce50abf923bd4adba3e26,25/06/2023 22:37:59,ESCANER
7868,"Escuintla",5,"La Gomera",7,892,358,29,104,35,11,5,21,5,1,0,211,22,4,237,--,--,--,358,121,211,237,237,Algún campo sin dato,1,5dd1f42278dc3fa6483fdb3f57d85ab7fc909d4b569987c3503240093f51eb26,26/06/2023 00:46:21,ESCANER
7869,"Escuintla",5,"La Gomera",7,892,358,36,106,27,10,9,9,4,3,1,205,13,3,219,0,219,0,355,136,205,221,221,Sumas Asentadas sin cuadrar,1,d70f1ded81aef8320705e1ed7a904347e60838822b525420d0d07a2530283d5b,26/06/2023 01:41:55,ESCANER
7870,"Escuintla",5,"La Gomera",7,893,600,29,77,15,36,3,26,4,0,1,191,35,2,228,0,228,--,600,372,191,228,228,Algún campo sin dato,1,5b4cd6aa2e0091c09e2ae5a2addedfdeb5b81233657c30a532bea55a5176c249,26/06/2023 00:55:46,ESCANER
7871,"Escuintla",5,"La Gomera",7,893,600,12,56,7,23,3,18,1,2,1,123,19,2,144,0,144,--,596,452,123,144,144,Algún campo sin dato,1,1078d30ce49257b8b2bd9bf660f03377ec40ae31c1c34fa5db01795bf435ddbf,26/06/2023 01:19:30,ESCANER
7872,"Escuintla",5,"La Gomera",7,893,439,10,25,6,11,3,10,1,0,1,67,12,0,79,0,79,--,439,360,67,79,79,Algún campo sin dato,1,4fde2055228b303d6d0b865c9444597480c03201491ee8b2ddfaaa9c0ae4432a,25/06/2023 21:48:45,ESCANER
7873,"Escuintla",5,"La Gomera",7,893,439,1,5,1,3,1,3,0,0,0,14,2,0,16,0,16,--,439,423,14,16,16,Algún campo sin dato,1,e8968f4f8f6aedbe710e9ceb4c9b3258a6d8f5b23c36796f27af797cc9fae76c,25/06/2023 20:32:31,ESCANER