﻿TIPO_DE_ELECCIÓN:,CORPORACIÓN MUNICIPAL
26 junio 2023 03:36 (UTC -6)
ACTAS_ESPERADAS,ACTAS_CAPTURADAS,PORCENTAJE_ACTAS_CAPTURADAS,ACTAS_CONTABILIZADAS,PORCENTAJE_ACTAS_CONTABILIZADAS,ACTAS_NO_CONTABILIZADAS,LISTA_NOMINAL_ACTAS_CONTABILIZADAS,VOTOS_EMITIDOS_CONTABILIZADAS,PORCENTAJE_PARTICIPACIÓN_CIUDADANA
26,26,100.0000,26,100.0000,0,9785,5734,58.5998

MESA,DEPARTAMENTO,ID_DEPARTAMENTO,MUNICIPIO,ID_MUNICIPIO,CENTRO_DE_VOTACIÓN,PADRÓN,VICTORIA,CREO,VAMOS,CABAL,MI FAMILIA,SEMILLA,TODOS,UNE,VÁLIDOS,NULOS,BLANCO,EMITIDOS,INVÁLIDOS,TOTAL,IMPUGNACIONES,PAPELETAS-RECIBIDAS,PAPELETAS-NO-USADAS,VALIDOS_CALCULADO,EMITIDOS_CALCULADO,TOTAL_CALCULADO,OBSERVACIONES,CONTABILIZADA,CÓDIGO_INTEGRIDAD,FECHA_HORA_PUBLICACIÓN,DIGITALIZACIÓN
11701,"Quetzaltenango",9,"Palestina De Los Altos",24,1570,400,12,60,45,7,32,62,17,2,237,13,11,261,0,261,--,400,139,237,261,261,Algún campo sin dato,1,f637db584f37f50d358bb0a23412d883e2071df6012a26c9df360bd3c75250bd,25/06/2023 23:29:18,ESCANER
11702,"Quetzaltenango",9,"Palestina De Los Altos",24,1570,400,15,61,72,8,31,51,13,1,252,7,7,266,0,266,--,400,134,252,266,266,Algún campo sin dato,1,ce34cc436431e85c8cf71fa04b40639f060b3bab9b3636f9be12a5db3dba37a1,26/06/2023 00:05:02,ESCANER
11703,"Quetzaltenango",9,"Palestina De Los Altos",24,1570,400,18,71,39,9,35,60,21,2,255,12,12,279,0,279,--,400,121,255,279,279,Algún campo sin dato,1,d9740ff56d3b83db003eac1bb697dd56059be7bd48593161ff8d21475f9675e9,25/06/2023 23:16:40,ESCANER
11704,"Quetzaltenango",9,"Palestina De Los Altos",24,1570,400,21,44,42,7,45,65,11,2,237,10,9,256,0,256,--,400,144,237,256,256,Algún campo sin dato,1,bb3388fd6c83be9815cee060f175fe9a834f235b9f41d67fcb21539947009be4,25/06/2023 23:53:52,ESCANER
11705,"Quetzaltenango",9,"Palestina De Los Altos",24,1570,400,15,65,54,5,52,53,11,1,256,11,21,288,0,288,--,400,112,256,288,288,Algún campo sin dato,1,06d164fefffc7ead8dcbac4e9b9eaddf946f9525daf84ca6940d1aa5dc4bfc2d,26/06/2023 00:00:41,ESCANER
11706,"Quetzaltenango",9,"Palestina De Los Altos",24,1570,400,10,64,49,4,30,37,16,0,210,8,5,223,0,223,--,400,177,210,223,223,Algún campo sin dato,1,1b7ee52b99ab1d770b0b60b917bf984ca550a738f60068d5fbf1ede31d1087f2,26/06/2023 00:09:44,ESCANER
11707,"Quetzaltenango",9,"Palestina De Los Altos",24,1570,400,18,56,44,2,24,51,16,2,214,3,10,227,0,227,1,400,173,213,226,226,Sumas Asentadas sin cuadrar,1,16362e662bc873f1ddd2dd27b58afdccb23913a3b2f8b29ae3114bf0ae82e74e,25/06/2023 23:46:08,ESCANER
11708,"Quetzaltenango",9,"Palestina De Los Altos",24,1570,393,12,58,62,4,30,39,9,1,215,3,1,219,0,219,--,--,--,215,219,219,Algún campo sin dato,1,4562f6eb35853f3e6325e629c8245b7802f163b837ca0cffcfec6556fa2e6183,26/06/2023 00:23:51,ESCANER
11709,"Quetzaltenango",9,"Palestina De Los Altos",24,1570,392,28,39,48,6,33,37,12,0,203,2,1,206,0,206,--,392,186,203,206,206,Algún campo sin dato,1,fe5b7109fdcc2bb3e02aefb5b611a4578234d735792b404d81f75fa49233876c,25/06/2023 22:15:42,ESCANER
11710,"Quetzaltenango",9,"Palestina De Los Altos",24,1571,380,5,98,62,3,3,16,9,4,200,7,4,211,0,211,--,403,192,200,211,211,Algún campo sin dato,1,7d83449871b58c68e5413c3f833516af1bcea63d794152cee09eccff7209e553,25/06/2023 23:14:02,ESCANER
11711,"Quetzaltenango",9,"Palestina De Los Altos",24,1571,379,5,78,69,3,6,21,14,1,197,4,8,209,0,209,--,379,170,197,209,209,Algún campo sin dato,1,09ae0dbc9cc0f7b4fc960efea0dcb52f1a209caeecacc1b3d95fc2125355b3a9,25/06/2023 23:02:20,ESCANER
11712,"Quetzaltenango",9,"Palestina De Los Altos",24,1571,378,14,88,59,3,2,20,7,1,194,3,3,200,0,200,--,379,179,194,200,200,Algún campo sin dato,1,810df152ff16cc9d74123adab30ffecb491e2b9fb7b22f2a18670ed5cfb79197,25/06/2023 23:57:08,ESCANER
11713,"Quetzaltenango",9,"Palestina De Los Altos",24,1572,380,12,15,46,4,52,105,4,1,239,3,14,256,0,256,--,403,147,239,256,256,Algún campo sin dato,1,213d50b96769221d0cf4f7e855613a314e9954c51781094db966addc77b921cc,25/06/2023 23:04:22,ESCANER
11714,"Quetzaltenango",9,"Palestina De Los Altos",24,1572,380,16,19,46,4,56,96,4,2,243,12,14,269,0,269,--,380,111,243,269,269,Algún campo sin dato,1,aa21ac4b8b8473663aa60a740ffed9e3dbb663d4bf56dd55898d155dd69c9f9a,25/06/2023 23:26:30,ESCANER
11715,"Quetzaltenango",9,"Palestina De Los Altos",24,1572,380,21,17,50,4,51,94,1,2,240,8,13,261,0,261,--,380,119,240,261,261,Algún campo sin dato,1,727817080a8f2b0b09b50371200aedd61799d1cf1317daa64488f3853c17ebf7,25/06/2023 23:13:14,ESCANER
11716,"Quetzaltenango",9,"Palestina De Los Altos",24,1572,380,15,20,51,2,54,92,0,2,236,14,16,266,0,266,--,378,112,236,266,266,Algún campo sin dato,1,4f777a8f1557c070cf2c393c3773495f415cc8b9d667675e0594f334955b2ce0,25/06/2023 23:48:37,ESCANER
11717,"Quetzaltenango",9,"Palestina De Los Altos",24,1573,380,7,23,28,1,37,82,0,1,179,5,10,194,0,194,--,380,186,179,194,194,Algún campo sin dato,1,c7e788defe20becd75ab430d9720282716378b49bff236e1e8a6877fdd421bcf,26/06/2023 00:05:55,ESCANER
11718,"Quetzaltenango",9,"Palestina De Los Altos",24,1573,352,22,13,59,0,31,74,3,2,204,6,1,211,0,211,--,352,141,204,211,211,Algún campo sin dato,1,6eb1da2138489b83d07c07a67cb0824c900663853c673b3c484db0990124126b,25/06/2023 23:23:37,ESCANER
11719,"Quetzaltenango",9,"Palestina De Los Altos",24,1573,352,25,14,39,0,32,83,1,0,194,2,4,200,--,--,--,352,152,194,200,200,Algún campo sin dato,1,b4e9e6c32f074c1954658e28e0378d4d5dd2eb5d53a225ec7f6aef96fb35aab8,25/06/2023 23:13:16,ESCANER
11720,"Quetzaltenango",9,"Palestina De Los Altos",24,1574,380,13,47,22,6,28,106,9,3,234,11,6,251,0,251,--,403,152,234,251,251,Algún campo sin dato,1,3fa6a19fc845b53261d7bdc8c178fcc7e0144a2419ad013388c7692083351742,25/06/2023 23:28:44,MOVIL
11721,"Quetzaltenango",9,"Palestina De Los Altos",24,1574,380,10,123,27,3,9,64,2,1,239,18,8,265,0,265,--,380,115,239,265,265,Algún campo sin dato,1,4dd92f66e62802f0517444ef37e0884e6d8e2f6d2cc8296916ce816b28d3f788,25/06/2023 23:26:24,ESCANER
11722,"Quetzaltenango",9,"Palestina De Los Altos",24,1574,380,5,59,24,11,23,87,7,0,216,5,10,231,0,231,--,403,172,216,231,231,Algún campo sin dato,1,6f20500402c1650b860632a11f23c27f864cee29d87d0c0bcc6b406edb1c49b4,25/06/2023 22:44:57,ESCANER
11723,"Quetzaltenango",9,"Palestina De Los Altos",24,1575,267,8,50,16,3,10,55,3,0,145,4,3,152,0,152,--,268,116,145,152,152,Algún campo sin dato,1,c9c359c127f8f562b105aea75902d89eb10fa3b77e072285ba70d829db3d91a7,25/06/2023 22:38:18,ESCANER
11724,"Quetzaltenango",9,"Palestina De Los Altos",24,1575,267,12,63,16,3,10,57,2,1,164,3,2,169,0,169,--,268,99,164,169,169,Algún campo sin dato,1,193f1f9f70ad75b1d743758c99df58adc04a7bdaec69fc098f171723a41a7f84,25/06/2023 22:44:01,ESCANER
11725,"Quetzaltenango",9,"Palestina De Los Altos",24,1576,393,4,31,20,3,16,17,6,0,97,11,9,117,0,117,--,396,279,97,117,117,Algún campo sin dato,1,1e66fd2db37aae6f67e55c500040c4396b0cf6fe6e22954032387323d5a9a7a6,25/06/2023 22:02:19,ESCANER
11726,"Quetzaltenango",9,"Palestina De Los Altos",24,1576,392,1,8,12,2,5,9,4,1,42,5,1,48,0,48,--,392,344,42,48,48,Algún campo sin dato,1,315c943fef540f1ac856e72e2ac3c15f868c2a9bdf633b4c81bcb0ca48835766,25/06/2023 23:04:09,ESCANER