﻿TIPO_DE_ELECCIÓN:,CORPORACIÓN MUNICIPAL
26 junio 2023 03:36 (UTC -6)
ACTAS_ESPERADAS,ACTAS_CAPTURADAS,PORCENTAJE_ACTAS_CAPTURADAS,ACTAS_CONTABILIZADAS,PORCENTAJE_ACTAS_CONTABILIZADAS,ACTAS_NO_CONTABILIZADAS,LISTA_NOMINAL_ACTAS_CONTABILIZADAS,VOTOS_EMITIDOS_CONTABILIZADAS,PORCENTAJE_PARTICIPACIÓN_CIUDADANA
90,84,93.3333,84,93.3333,0,31758,17792,56.0236

MESA,DEPARTAMENTO,ID_DEPARTAMENTO,MUNICIPIO,ID_MUNICIPIO,CENTRO_DE_VOTACIÓN,PADRÓN,VAMOS,BIEN,CABAL,PPG,UNE,WINAQ,AZUL,PODEMOS,MLP,VICTORIA,P A N,CREO,ELEFANTE,VALOR,VÁLIDOS,NULOS,BLANCO,EMITIDOS,INVÁLIDOS,TOTAL,IMPUGNACIONES,PAPELETAS-RECIBIDAS,PAPELETAS-NO-USADAS,VALIDOS_CALCULADO,EMITIDOS_CALCULADO,TOTAL_CALCULADO,OBSERVACIONES,CONTABILIZADA,CÓDIGO_INTEGRIDAD,FECHA_HORA_PUBLICACIÓN,DIGITALIZACIÓN
2633,"Guatemala",1,"San Pedro Ayampuc",7,232,400,98,4,85,1,15,1,1,24,1,2,0,3,13,1,249,14,4,267,0,267,--,401,134,249,267,267,Algún campo sin dato,1,8dd66bd9081723513ec72e2b9e197c0a22cb3a521ad526e588ad42780beff24e,25/06/2023 23:40:04,ESCANER
2634,"Guatemala",1,"San Pedro Ayampuc",7,232,400,88,5,90,1,18,5,1,17,2,--,--,3,10,1,241,15,5,261,--,261,--,380,119,241,261,261,Algún campo sin dato,1,4b37a2ee9adaa454887838d219b8f6399d806bc0a5621ec010b7d8bdaeac6b06,26/06/2023 00:41:42,ESCANER
2635,"Guatemala",1,"San Pedro Ayampuc",7,232,400,,,,,,,,,,,,,,,,,,,,,,,,,,,,0,,,
2636,"Guatemala",1,"San Pedro Ayampuc",7,232,400,88,8,90,0,21,0,2,12,3,0,0,7,13,2,246,15,3,264,0,264,--,40,136,246,264,264,Algún campo sin dato,1,bed1d0d9b91b443ec7dd9fc2a3e9c57c9e3dd36bfb40858d9a4a1daf65cce491,26/06/2023 00:46:58,ESCANER
2637,"Guatemala",1,"San Pedro Ayampuc",7,232,400,110,4,105,2,10,1,--,11,1,--,1,7,9,--,261,20,1,282,--,282,--,400,118,261,282,282,Algún campo sin dato,1,415f80c8030be7cf4a546fc9e53c162eb9ce42efc7e3ff52dd7f263345d0bff9,26/06/2023 00:02:03,ESCANER
2638,"Guatemala",1,"San Pedro Ayampuc",7,232,400,114,--,98,1,17,--,2,9,--,--,--,8,17,2,268,19,3,290,--,290,--,400,110,268,290,290,Algún campo sin dato,1,5a57f135d2094857acb950a28c05364a2b3f153337871e8955ae7da8e18c0a9c,26/06/2023 01:54:28,ESCANER
2639,"Guatemala",1,"San Pedro Ayampuc",7,232,400,87,3,122,2,9,1,5,13,--,--,--,3,15,--,260,28,6,294,--,294,--,400,106,260,294,294,Algún campo sin dato,1,3ef926e45c452c58df4ebbf8ba284447db3b3cd89c1c160b35fc213f95025c43,26/06/2023 01:53:05,ESCANER
2640,"Guatemala",1,"San Pedro Ayampuc",7,232,400,105,4,117,0,13,0,1,18,0,0,0,3,12,0,273,14,2,289,0,289,--,400,111,273,289,289,Algún campo sin dato,1,05bc7012961949d3251073f162c96b9970e0073a0733f9ec704acf0f0c13344f,26/06/2023 03:00:39,ESCANER
2641,"Guatemala",1,"San Pedro Ayampuc",7,233,400,83,2,109,1,9,1,1,10,2,--,--,1,22,--,241,28,7,276,--,276,--,400,124,241,276,276,Algún campo sin dato,1,9a6addfa72de58088c6ebbd4ca971ddf86265ebfc637199c2a9e95c8a0eae56d,26/06/2023 01:25:30,ESCANER
2642,"Guatemala",1,"San Pedro Ayampuc",7,233,400,76,4,109,1,4,0,1,17,0,1,0,9,12,0,234,13,0,247,0,247,--,400,153,234,247,247,Algún campo sin dato,1,f9738cd91f470797af5e056670a0bbacb401c55b7e11f3d369067128cb406348,26/06/2023 01:19:33,ESCANER
2643,"Guatemala",1,"San Pedro Ayampuc",7,233,400,75,4,89,2,14,1,1,12,5,1,--,2,17,--,223,10,--,233,--,233,--,400,167,223,233,233,Algún campo sin dato,1,cbc1c54e83f4c9c9a2bbdba9331c8bba77c90a7aebf59a8aaf305fc1cdbc12fe,26/06/2023 01:48:21,ESCANER
2644,"Guatemala",1,"San Pedro Ayampuc",7,233,400,84,1,92,2,8,1,2,15,2,1,1,5,10,1,225,17,1,243,0,243,--,400,157,225,243,243,Algún campo sin dato,1,860f045497dc1a8acef4cad27cb6cb1407c4f4ca1b9c8838c8ed582a3e8eaa74,26/06/2023 00:27:50,ESCANER
2645,"Guatemala",1,"San Pedro Ayampuc",7,233,400,81,7,99,1,12,1,4,11,1,1,0,3,15,0,236,16,0,252,0,252,--,400,148,236,252,252,Algún campo sin dato,1,a080626ed98cf5cc806aa8a8589432ddc8a064d05f785415b99cf02bb5410e5a,26/06/2023 01:21:20,ESCANER
2646,"Guatemala",1,"San Pedro Ayampuc",7,233,400,87,5,88,1,7,1,1,11,--,--,--,3,9,1,214,11,--,225,--,225,--,396,171,214,225,225,Algún campo sin dato,1,48bf371d75220ee57ea6b97f8fa1be109a1c6f81bdcb1e58f5c7acb4da8f2b0f,25/06/2023 22:58:21,ESCANER
2647,"Guatemala",1,"San Pedro Ayampuc",7,234,400,73,4,88,1,15,1,1,5,1,0,0,3,14,1,207,14,1,222,0,222,--,400,178,207,222,222,Algún campo sin dato,1,96c5668621465c136db787e9673eca022a538481bf12d02f5701ecb89f81855c,26/06/2023 01:43:43,ESCANER
2648,"Guatemala",1,"San Pedro Ayampuc",7,234,400,90,7,116,0,9,1,3,8,0,0,0,3,22,0,259,1,1,261,0,261,--,400,139,259,261,261,Algún campo sin dato,1,cf19f9a487188df5a91efaad1e45806e4aba7c74676c3a6d8c5f0d3c8c734a9c,26/06/2023 02:49:51,ESCANER
2649,"Guatemala",1,"San Pedro Ayampuc",7,234,400,84,9,110,0,5,3,1,10,1,1,1,3,25,0,253,1,1,255,0,255,--,400,145,253,255,255,Algún campo sin dato,1,7c26ebf795ebac7bd4b18c2ad54d4f7889c09f0e22f775679f2f1c38f75d0198,26/06/2023 02:12:24,ESCANER
2650,"Guatemala",1,"San Pedro Ayampuc",7,234,400,65,8,102,2,10,0,3,10,2,0,0,5,16,0,223,4,2,229,0,229,--,400,171,223,229,229,Algún campo sin dato,1,f687165474fbc02de88c0ed37a0ffe8ede1baa90d35c72ad8a2d8db8235d1836,26/06/2023 01:59:19,ESCANER
2651,"Guatemala",1,"San Pedro Ayampuc",7,234,264,,,,,,,,,,,,,,,,,,,,,,,,,,,,0,,,
2652,"Guatemala",1,"San Pedro Ayampuc",7,234,263,37,7,48,2,4,--,2,6,--,--,1,2,10,--,123,3,1,123,--,123,--,263,140,119,123,123,Sumas Asentadas sin cuadrar,1,5981970cd6a4be7d012bcd1547b0ad5f3c4addf1ec3d3bfed65b6a6b82cc916e,26/06/2023 02:21:48,ESCANER
2653,"Guatemala",1,"San Pedro Ayampuc",7,235,380,13,6,17,0,15,4,3,29,7,0,1,1,4,2,102,19,5,126,1,127,--,380,253,102,126,127,Algún campo sin dato,1,7625e28d5345c25f46e1a12d066d684a91f0b586416337000ffcd452da21b598,26/06/2023 01:13:43,ESCANER
2654,"Guatemala",1,"San Pedro Ayampuc",7,235,380,,,,,,,,,,,,,,,,,,,,,,,,,,,,0,,,
2655,"Guatemala",1,"San Pedro Ayampuc",7,235,253,8,2,16,0,12,1,0,19,4,0,0,0,1,0,63,11,2,76,0,76,--,253,177,63,76,76,Algún campo sin dato,1,59400c1a122dd55d0599de75de173bc6e0d40d3c8017ca327ea5a2626f18f016,25/06/2023 22:12:57,ESCANER
2656,"Guatemala",1,"San Pedro Ayampuc",7,235,252,10,4,21,--,9,--,--,25,7,--,1,1,3,2,83,7,2,92,--,92,--,252,160,83,92,92,Algún campo sin dato,1,32b519723e2691f684c8fed330f0b76cce7f1977cea3ff37bad3a7822d6cba05,25/06/2023 22:45:51,ESCANER
2657,"Guatemala",1,"San Pedro Ayampuc",7,236,380,48,17,41,10,33,18,5,8,8,3,5,17,1,0,214,12,1,227,0,227,--,380,153,214,227,227,Algún campo sin dato,1,23f4d412a2f276e37c7f1e3168c3c13b7843be9a96b64c289aca9c1d6d8ba0d0,25/06/2023 23:53:29,ESCANER
2658,"Guatemala",1,"San Pedro Ayampuc",7,236,380,54,11,51,5,32,13,1,13,6,4,2,10,4,4,210,32,1,243,0,243,--,380,137,210,243,243,Algún campo sin dato,1,9442bc867b4003d40ec013dd623757341b1277b7fd73663c56b81cff2e3ad5a6,26/06/2023 01:08:22,ESCANER
2659,"Guatemala",1,"San Pedro Ayampuc",7,236,380,51,18,46,6,31,8,10,7,5,4,1,15,4,3,209,22,1,232,0,232,--,381,149,209,232,232,Algún campo sin dato,1,9d64e336257e7720a598c9f8bcc562a62daa8539f0de30d66e10bdd1e2c854c4,26/06/2023 01:28:36,ESCANER
2660,"Guatemala",1,"San Pedro Ayampuc",7,236,380,49,12,55,5,23,6,5,11,6,4,4,8,7,3,198,22,2,222,0,222,--,396,174,198,222,222,Algún campo sin dato,1,74ba0d8170724486198cb12b4dedd908e06c4cdd188b0c19239eda17b1095d87,26/06/2023 00:18:11,ESCANER
2661,"Guatemala",1,"San Pedro Ayampuc",7,236,380,,,,,,,,,,,,,,,,,,,,,,,,,,,,0,,,
2662,"Guatemala",1,"San Pedro Ayampuc",7,236,380,50,9,60,2,26,14,8,14,8,1,4,12,9,0,217,16,1,234,0,234,--,380,146,217,234,234,Algún campo sin dato,1,947d774309fe853fece3a5eb5b99d031f25fffb34aab79687f320e56988cad32,25/06/2023 23:13:14,ESCANER
2663,"Guatemala",1,"San Pedro Ayampuc",7,236,380,49,13,64,6,26,15,5,13,12,3,0,14,3,3,226,20,2,248,0,248,1,380,132,226,248,248,,1,e369c763a2498c93830b814d01f934be20f9d699e29cd119a8c092b6af97687b,26/06/2023 01:35:57,ESCANER
2664,"Guatemala",1,"San Pedro Ayampuc",7,236,380,59,16,48,4,21,17,5,12,6,7,1,12,5,2,215,18,2,235,0,235,--,380,145,215,235,235,Algún campo sin dato,1,359b7676f4b2e4d27619b4defcf8ed226250689e6c0ad19f32dc99503e19ef71,25/06/2023 22:45:18,ESCANER
2665,"Guatemala",1,"San Pedro Ayampuc",7,236,380,45,12,53,5,26,9,8,11,8,8,1,18,6,2,212,25,2,239,0,239,--,380,141,212,239,239,Algún campo sin dato,1,d6d3ea1aae138e48d9494a9a5f4d66f25b6d1acfd861e842b8077442a2bd76ee,26/06/2023 01:05:37,ESCANER
2666,"Guatemala",1,"San Pedro Ayampuc",7,236,380,46,6,56,6,27,13,4,12,12,6,3,17,9,3,220,20,3,243,0,243,--,380,134,220,243,243,Algún campo sin dato,1,332921bb0822500ef330b935a969f1c9760e3d4eeb6c03b74556ac6d185af80e,26/06/2023 01:20:39,ESCANER
2667,"Guatemala",1,"San Pedro Ayampuc",7,236,380,57,15,63,4,23,20,4,14,7,6,0,10,5,2,230,18,0,248,0,248,--,381,133,230,248,248,Algún campo sin dato,1,cf79bb794cb40b076cbf586c7af1f5123247f2baead3de5a204686857d62cc42,25/06/2023 23:13:54,ESCANER
2668,"Guatemala",1,"San Pedro Ayampuc",7,236,380,45,17,49,7,24,12,8,15,8,3,3,16,10,1,218,15,4,237,0,237,--,380,143,218,237,237,Algún campo sin dato,1,e32f97b3c1e9dd3e522206142809a8cc29138b2d8791721f02f4b1e440f19c18,26/06/2023 00:13:42,ESCANER
2669,"Guatemala",1,"San Pedro Ayampuc",7,236,380,49,11,46,8,22,12,2,11,9,2,2,21,3,3,201,21,5,227,0,227,--,377,150,201,227,227,Algún campo sin dato,1,a4ffed85a1d4b30f7a9e8ad5c0dba4c5342a6096d390b6083c3b203016cc359b,25/06/2023 23:04:21,ESCANER
2670,"Guatemala",1,"San Pedro Ayampuc",7,236,380,50,10,59,4,18,8,4,17,6,7,1,17,4,3,208,13,2,223,0,223,--,380,157,208,223,223,Algún campo sin dato,1,e9c811e211829e23457fdd477a9bfbe4d493e42a73ec7398507fcceb626fe94e,25/06/2023 23:55:50,ESCANER
2671,"Guatemala",1,"San Pedro Ayampuc",7,237,380,51,11,45,2,21,16,8,13,7,4,3,13,5,2,201,15,5,221,0,221,--,380,159,201,221,221,Algún campo sin dato,1,91e43d3e69b0bf98f87101bf093107ea60e54cab73b1423a491c4765b186ca12,25/06/2023 23:57:05,ESCANER
2672,"Guatemala",1,"San Pedro Ayampuc",7,237,380,52,11,45,6,23,19,7,13,4,2,2,15,5,3,207,17,--,224,--,224,--,380,156,207,224,224,Algún campo sin dato,1,d35b9ce44cd3780c4f82a6debafde5ed95a021aa3f2fd484c024054319545a7f,25/06/2023 22:59:14,ESCANER
2673,"Guatemala",1,"San Pedro Ayampuc",7,237,380,47,13,54,7,21,13,3,11,10,2,2,16,2,1,202,14,0,216,0,216,--,380,164,202,216,216,Algún campo sin dato,1,bba16437b6d1fd273911adcfd225004f5eb64ee132484995643df534640b7a2d,25/06/2023 22:22:15,ESCANER
2674,"Guatemala",1,"San Pedro Ayampuc",7,237,380,35,8,51,7,20,12,2,19,9,2,1,18,5,1,190,11,2,203,0,203,--,380,177,190,203,203,Algún campo sin dato,1,c162658cb11557160d801a0306dd465f84f057cc542cdd064bdbe26afd74f8e1,25/06/2023 23:40:27,ESCANER
2675,"Guatemala",1,"San Pedro Ayampuc",7,237,380,53,12,47,6,34,12,6,7,3,5,0,7,4,2,198,16,3,217,0,217,--,380,163,198,217,217,Algún campo sin dato,1,4200a1bf69f319da34b5b3e2a33dafb97138f4c5d67d6a3aa918836764b20f66,26/06/2023 00:18:54,ESCANER
2676,"Guatemala",1,"San Pedro Ayampuc",7,237,380,62,8,51,5,19,6,4,8,3,0,3,13,5,4,191,20,0,211,0,211,--,380,169,191,211,211,Algún campo sin dato,1,5f7f20b1578d930bdaecfabc6a684496f77540470623df8339f297ae89c898e3,26/06/2023 01:32:00,ESCANER
2677,"Guatemala",1,"San Pedro Ayampuc",7,237,380,39,7,65,4,21,15,4,10,4,4,2,7,4,4,190,20,5,215,0,215,--,380,165,190,215,215,Algún campo sin dato,1,ecf4c870873146cfd0f2122e52f2037a0c065e62b3a3b9e73872a528171de51c,25/06/2023 22:21:07,ESCANER
2678,"Guatemala",1,"San Pedro Ayampuc",7,237,380,64,13,56,1,25,17,7,12,2,1,0,7,7,1,213,13,1,227,0,227,--,379,152,213,227,227,Algún campo sin dato,1,fda5c82d0f2f7296e8c4b930ed3f2de2f6f664f3456595b6c27d4937b361393c,26/06/2023 00:59:26,ESCANER
2679,"Guatemala",1,"San Pedro Ayampuc",7,238,380,41,13,53,2,23,16,9,13,4,4,4,8,4,3,197,16,2,215,0,215,--,380,165,197,215,215,Algún campo sin dato,1,d004d97d204d197d0001fbdaea9da9fd38b07513b03440df68ad9be97c7e9fa7,26/06/2023 01:28:24,ESCANER
2680,"Guatemala",1,"San Pedro Ayampuc",7,238,380,49,15,56,6,23,10,5,13,7,4,0,13,3,2,206,7,0,213,0,213,--,380,167,206,213,213,Algún campo sin dato,1,c94c2649c10f3c7a1bd99a6441acae4889c8b340e01786846ac844aeb170ed40,25/06/2023 23:51:39,ESCANER
2681,"Guatemala",1,"San Pedro Ayampuc",7,238,380,30,19,53,8,11,9,6,18,8,2,4,18,7,1,194,13,2,209,--,209,--,380,171,194,209,209,Algún campo sin dato,1,c41580b882bd932a4a7cdff228cfa0b8903206d62d3c75db6705f659e3c0ac96,25/06/2023 22:55:55,ESCANER
2682,"Guatemala",1,"San Pedro Ayampuc",7,238,380,35,9,55,4,24,8,7,14,3,3,1,13,4,2,182,18,3,203,0,203,--,380,174,182,203,203,Algún campo sin dato,1,6d4abdf0a84dc86a3a3412bafaa182fb21395af90a1deedd120033acb3142af0,25/06/2023 23:15:31,ESCANER
2683,"Guatemala",1,"San Pedro Ayampuc",7,238,380,32,14,42,8,27,8,9,16,3,5,4,10,6,5,189,8,1,198,0,198,--,--,--,189,198,198,Algún campo sin dato,1,68cad5eafbf6829393ed618f2571d269ec62f2fedaaf4c9897a37ba071b66ce2,26/06/2023 01:38:22,ESCANER
2684,"Guatemala",1,"San Pedro Ayampuc",7,239,380,45,11,47,4,24,13,11,11,4,5,--,13,5,--,193,20,1,214,--,214,--,380,166,193,214,214,Algún campo sin dato,1,e57e6808dead5c2a29a32727c8b288c321a411c3d9971910c4d9c9a047e67e09,26/06/2023 00:03:21,ESCANER
2685,"Guatemala",1,"San Pedro Ayampuc",7,239,380,43,16,35,1,27,14,7,18,3,7,0,8,6,2,187,15,2,204,0,204,--,380,176,187,204,204,Algún campo sin dato,1,7011a17640de4b16e1f5e23614f371fad4ff88f61d221c6b5162c652e2e6881f,26/06/2023 01:18:54,ESCANER
2686,"Guatemala",1,"San Pedro Ayampuc",7,239,380,48,6,72,6,25,7,7,14,7,2,1,9,6,1,211,20,2,233,--,233,--,380,147,211,233,233,Algún campo sin dato,1,b9546486218a4fc1a83a627acb48371340d2eb46003f3f921c7f4f371f2458a5,25/06/2023 22:44:48,ESCANER
2687,"Guatemala",1,"San Pedro Ayampuc",7,239,380,39,17,56,7,21,9,4,19,5,6,3,13,8,1,208,16,5,229,--,229,--,381,152,208,229,229,Algún campo sin dato,1,9d44f76d78f100ca4e07a744aa295564445986a49f385a62b5711c178ddaeda7,26/06/2023 01:50:16,ESCANER
2688,"Guatemala",1,"San Pedro Ayampuc",7,239,380,55,10,58,4,13,8,12,4,4,3,3,14,3,--,191,10,4,205,--,205,--,380,175,191,205,205,Algún campo sin dato,1,1f33f17e49531caf486e87af88b67bf43b199685571b3234932912e997508c6f,26/06/2023 00:30:43,ESCANER
2689,"Guatemala",1,"San Pedro Ayampuc",7,239,380,38,7,52,8,17,10,4,9,2,3,2,12,8,2,174,14,5,193,187,380,--,380,187,174,193,380,Algún campo sin dato,1,55df2335fa62492246462616af3a8aa4e695f98901f8cda685ab7f35e2b7afb5,26/06/2023 02:20:03,ESCANER
2690,"Guatemala",1,"San Pedro Ayampuc",7,239,380,42,16,49,7,23,8,5,13,7,4,2,17,3,5,201,14,2,217,--,217,--,380,163,201,217,217,Algún campo sin dato,1,889b58e86090634857382752e37a80a9d1f4312046550730b21ec5d51435c860,25/06/2023 21:50:05,ESCANER
2691,"Guatemala",1,"San Pedro Ayampuc",7,239,380,42,14,25,4,27,11,3,20,7,5,2,13,3,3,179,21,2,202,0,202,--,380,177,179,202,202,Algún campo sin dato,1,9b0d530365329874d4ca4c853ae2910d08730e477b17cec8371d7ba8155feee9,26/06/2023 02:18:48,ESCANER
2692,"Guatemala",1,"San Pedro Ayampuc",7,239,380,44,12,59,7,24,13,2,13,3,2,1,17,2,--,199,18,2,219,--,219,--,380,161,199,219,219,Algún campo sin dato,1,7ff6ae00d8a6276eb8b28cb5eb8fbda6aca5f0abc3d60986d91c0e6a00f8ad14,25/06/2023 22:31:12,ESCANER
2693,"Guatemala",1,"San Pedro Ayampuc",7,239,380,43,11,50,2,23,13,3,10,1,8,1,13,5,1,184,14,2,200,--,200,--,380,180,184,200,200,Algún campo sin dato,1,1b488e549a2bceb716cae17b0c432bc9ae0023d58af5fc9840801e0314127611,25/06/2023 23:55:32,ESCANER
2694,"Guatemala",1,"San Pedro Ayampuc",7,239,380,37,17,45,2,21,15,5,6,4,5,2,15,8,2,184,10,3,197,--,197,--,380,183,184,197,197,Algún campo sin dato,1,673f3d85581ada260bfd6c6639341ab7d1585c225ffadbc18aab8efea7c598a4,26/06/2023 01:35:55,ESCANER
2695,"Guatemala",1,"San Pedro Ayampuc",7,239,380,57,21,67,11,18,14,2,12,4,1,--,8,2,2,219,11,2,232,--,232,--,380,148,219,232,232,Algún campo sin dato,1,7ddfc0a68a24f357050f868fd62fc6a037e187c8d69fa35212a8127ea95adb37,26/06/2023 02:15:03,ESCANER
2696,"Guatemala",1,"San Pedro Ayampuc",7,239,380,,,,,,,,,,,,,,,,,,,,,,,,,,,,0,,,
2697,"Guatemala",1,"San Pedro Ayampuc",7,239,380,50,11,62,6,8,7,2,9,7,4,6,14,9,2,197,9,--,206,--,206,--,380,174,197,206,206,Algún campo sin dato,1,f957b9ea886d49354e3d87eafe199f6d416cd639bc4ea16221e046c9d30f0867,25/06/2023 23:22:31,ESCANER
2698,"Guatemala",1,"San Pedro Ayampuc",7,240,380,,,,,,,,,,,,,,,,,,,,,,,,,,,,0,,,
2699,"Guatemala",1,"San Pedro Ayampuc",7,240,380,33,13,48,9,22,9,8,10,10,1,2,10,15,1,191,6,--,197,--,197,--,380,183,191,197,197,Algún campo sin dato,1,60363bdb26fbef3312e840841a16b4b13ddf879dd3e7230ba9a5966edaabdcf6,26/06/2023 01:44:34,ESCANER
2700,"Guatemala",1,"San Pedro Ayampuc",7,240,380,35,17,52,7,13,12,6,11,6,3,1,13,7,2,185,5,--,190,1,191,--,380,189,185,190,191,Algún campo sin dato,1,8914aac17cd4a38dd30c4534078585fb44ceb6e7ff6911ad2d1fc74413648112,25/06/2023 22:57:27,ESCANER
2701,"Guatemala",1,"San Pedro Ayampuc",7,240,380,33,23,69,3,10,7,3,7,8,1,0,9,8,3,184,9,0,193,0,193,--,380,187,184,193,193,Algún campo sin dato,1,2a03268aae0d53c9d2978f36c1a03c22447c6d9b3b47ac01a263bae24188e1c4,26/06/2023 00:45:21,ESCANER
2702,"Guatemala",1,"San Pedro Ayampuc",7,240,380,36,12,76,7,11,12,1,9,8,3,4,20,12,--,209,7,--,216,2,218,--,373,155,211,218,220,Sumas Asentadas sin cuadrar,1,41d7d41855172b9632b164e08d8efebccf2c5f202e3b9adda9e258a83e104491,26/06/2023 02:52:01,ESCANER
2703,"Guatemala",1,"San Pedro Ayampuc",7,240,380,43,16,72,4,12,5,4,12,11,1,--,17,4,1,202,10,--,212,--,212,--,380,168,202,212,212,Algún campo sin dato,1,0fd0b28413c1ed23c92fcbdd7f5653b4f3951150c437f2b439ca68d1c2c9deae,26/06/2023 01:32:32,ESCANER
2704,"Guatemala",1,"San Pedro Ayampuc",7,240,380,34,16,52,2,6,4,3,6,5,1,0,13,5,1,148,6,0,154,0,154,--,380,226,148,154,154,Algún campo sin dato,1,a24610fac5486bd3398797457b71eb8d4a0a2982f425e01a34f3a15c86534457,26/06/2023 01:33:04,ESCANER
2705,"Guatemala",1,"San Pedro Ayampuc",7,240,380,49,10,40,5,11,6,7,10,2,1,--,14,3,2,160,10,--,170,1,171,--,380,209,160,170,171,Algún campo sin dato,1,e561f752970ab7b87df3151be6b97cdcc540186d6794c3b11b6a1ff65ebf2158,26/06/2023 01:58:37,ESCANER
2706,"Guatemala",1,"San Pedro Ayampuc",7,240,292,20,9,48,9,9,--,4,5,5,2,2,5,5,--,123,9,--,132,--,132,--,289,157,123,132,132,Algún campo sin dato,1,520144eb2fde09a63a6748cb1cccfffcbbdbef06a527f9bb7925df114abf43e8,25/06/2023 22:18:44,ESCANER
2707,"Guatemala",1,"San Pedro Ayampuc",7,240,292,23,7,23,4,7,5,3,4,5,1,0,6,4,1,93,4,1,93,0,98,--,292,191,93,98,98,Sumas Asentadas sin cuadrar,1,71629dcfc346e1a4778344253de06668bb4a8fcb163a9b692476ea943a0064cc,26/06/2023 00:38:03,ESCANER
2708,"Guatemala",1,"San Pedro Ayampuc",7,241,380,37,19,34,--,17,1,1,68,1,2,2,11,5,1,199,16,6,221,0,221,--,380,159,199,221,221,Algún campo sin dato,1,afb88abae4cd78d96c0726f99c7fc8737b00d53a024a44ed2cf5e4e87a53d9ee,26/06/2023 01:56:44,ESCANER
2709,"Guatemala",1,"San Pedro Ayampuc",7,241,380,43,21,29,3,11,1,2,70,0,1,0,8,1,3,193,21,9,223,0,223,--,380,157,193,223,223,Algún campo sin dato,1,08ae3d1ef086d298d90339132b228a2a5abafd96a86c6a60c0dfb91f9071473a,26/06/2023 00:16:29,ESCANER
2710,"Guatemala",1,"San Pedro Ayampuc",7,241,380,42,12,39,0,16,1,1,75,1,3,0,9,3,1,203,27,4,234,0,234,--,380,146,203,234,234,Algún campo sin dato,1,7bd740be3fa997197cb3cf4df39be1247f55076f92968b74e19f46dd37fb481a,26/06/2023 01:35:10,ESCANER
2711,"Guatemala",1,"San Pedro Ayampuc",7,242,380,56,30,32,--,16,2,2,72,2,1,2,10,2,2,229,19,4,252,0,252,0,380,128,229,252,252,Algún campo sin dato,1,9a1e343eea3e37476a329d352f4efea61560e1eb2156d47ea73b807c44dd8926,26/06/2023 03:18:09,ESCANER
2712,"Guatemala",1,"San Pedro Ayampuc",7,242,380,66,22,38,0,14,0,2,70,1,0,3,12,1,5,234,29,2,265,0,265,--,380,115,234,265,265,Algún campo sin dato,1,acda655225f0b30ec36bf5f2dde8183f1238ba66327a824698bf9c91ac1d2695,26/06/2023 02:11:07,ESCANER
2713,"Guatemala",1,"San Pedro Ayampuc",7,242,380,52,20,30,1,6,2,1,86,1,1,0,15,0,1,216,13,0,229,0,229,--,380,151,216,229,229,Algún campo sin dato,1,0edd578a539209e91a8e4067673074fb6b4021ec83386246d40c09aff821e884,26/06/2023 02:07:09,ESCANER
2714,"Guatemala",1,"San Pedro Ayampuc",7,242,380,49,12,33,1,8,1,1,74,4,1,1,11,2,3,201,12,9,222,0,222,--,376,154,201,222,222,Algún campo sin dato,1,0ef9e17dde0f6a5a9f8b1ecd8a3cbc2aa6aa91256539c4dd5c37e432a6a3fe60,26/06/2023 02:02:15,ESCANER
2715,"Guatemala",1,"San Pedro Ayampuc",7,243,380,43,16,31,0,9,2,6,55,1,1,0,14,0,4,182,20,4,206,0,206,--,380,174,182,206,206,Algún campo sin dato,1,778b1f4a548c94061eaa6d4ee9d26218aa1f7db7c5de181690f20e3f7a880568,25/06/2023 22:55:17,ESCANER
2716,"Guatemala",1,"San Pedro Ayampuc",7,243,380,44,19,23,0,6,2,1,57,3,1,0,13,1,4,174,26,4,204,0,204,--,380,176,174,204,204,Algún campo sin dato,1,8725369a32f8275c9b808043d12d3bf42d02fd8026e2714675d6754b9fc6e50e,25/06/2023 23:51:18,ESCANER
2717,"Guatemala",1,"San Pedro Ayampuc",7,243,380,43,11,32,1,5,0,0,56,0,0,1,4,2,1,156,11,4,171,0,171,--,380,209,156,171,171,Algún campo sin dato,1,3e554fa3d0ff52a70ca2dca860fb86bd7a4ceb6034805545c98572feac99ca8b,26/06/2023 00:27:02,ESCANER
2718,"Guatemala",1,"San Pedro Ayampuc",7,243,380,49,13,25,0,3,1,0,80,0,1,0,6,5,4,187,5,0,192,2,194,--,367,173,187,192,194,Algún campo sin dato,1,f39f16c5d92152032d6f82b076a9a15cfecc6b8a4d30670e23fb1bddd52ea041,25/06/2023 22:58:36,ESCANER
2719,"Guatemala",1,"San Pedro Ayampuc",7,243,223,21,11,23,0,4,0,0,50,0,0,0,3,0,1,113,5,0,118,0,118,--,223,105,113,118,118,Algún campo sin dato,1,05307f51a2cfc4ef7cf2d61f393ce4c83b7c94a39833a50424fb132d80470bd3,25/06/2023 21:57:48,ESCANER
2720,"Guatemala",1,"San Pedro Ayampuc",7,243,223,26,13,10,0,6,0,1,28,0,2,0,10,1,1,98,0,1,99,6,105,--,223,115,98,99,105,Algún campo sin dato,1,3a95a08c834c56394314c88d0e1870b6a2bfe79bd8037aca3890f803d2e3fe88,25/06/2023 23:01:29,ESCANER
2721,"Guatemala",1,"San Pedro Ayampuc",7,244,560,25,5,38,1,9,2,2,20,3,2,2,5,5,0,119,17,0,136,0,136,--,560,424,119,136,136,Algún campo sin dato,1,4a26daba985cf4561e59e1fdf7867b82641f4af3908e522380669b96a66165ee,26/06/2023 03:01:28,ESCANER
2722,"Guatemala",1,"San Pedro Ayampuc",7,244,560,18,2,20,0,3,3,0,7,1,0,0,4,2,1,61,5,2,68,0,68,--,560,492,61,68,68,Algún campo sin dato,1,8789b5aa00bb7ff157bdd82f355a76e012edb94518b7794275010444056694d2,26/06/2023 02:15:39,ESCANER