﻿TIPO_DE_ELECCIÓN:,CORPORACIÓN MUNICIPAL
26 junio 2023 03:36 (UTC -6)
ACTAS_ESPERADAS,ACTAS_CAPTURADAS,PORCENTAJE_ACTAS_CAPTURADAS,ACTAS_CONTABILIZADAS,PORCENTAJE_ACTAS_CONTABILIZADAS,ACTAS_NO_CONTABILIZADAS,LISTA_NOMINAL_ACTAS_CONTABILIZADAS,VOTOS_EMITIDOS_CONTABILIZADAS,PORCENTAJE_PARTICIPACIÓN_CIUDADANA
167,151,90.4191,151,90.4191,0,59836,36673,61.2891

MESA,DEPARTAMENTO,ID_DEPARTAMENTO,MUNICIPIO,ID_MUNICIPIO,CENTRO_DE_VOTACIÓN,PADRÓN,VALOR,AZUL,UNE,CAMBIO,VAMOS,VIVA,CABAL,SEMILLA,MLP,TODOS,PPN,PR,ELEFANTE,VOS,PODER,BIEN,PHG,VÁLIDOS,NULOS,BLANCO,EMITIDOS,INVÁLIDOS,TOTAL,IMPUGNACIONES,PAPELETAS-RECIBIDAS,PAPELETAS-NO-USADAS,VALIDOS_CALCULADO,EMITIDOS_CALCULADO,TOTAL_CALCULADO,OBSERVACIONES,CONTABILIZADA,CÓDIGO_INTEGRIDAD,FECHA_HORA_PUBLICACIÓN,DIGITALIZACIÓN
7367,"Escuintla",5,"Santa Lucía Cotzumalguapa",2,823,400,,,,,,,,,,,,,,,,,,,,,,,,,,,,,,,0,,,
7368,"Escuintla",5,"Santa Lucía Cotzumalguapa",2,823,400,,,,,,,,,,,,,,,,,,,,,,,,,,,,,,,0,,,
7369,"Escuintla",5,"Santa Lucía Cotzumalguapa",2,823,400,13,42,44,5,59,8,31,6,2,3,10,0,2,3,0,0,0,228,18,5,251,0,251,0,400,149,228,251,251,,1,a668bb27d5f26a65cf8d7e2ec9fdc57d1834aec725ed74b98895c42cfcc871d8,26/06/2023 03:20:55,ESCANER
7370,"Escuintla",5,"Santa Lucía Cotzumalguapa",2,823,400,12,40,57,4,74,9,41,9,0,0,10,5,1,1,1,0,2,266,29,1,296,0,296,0,399,103,266,296,296,,1,aacf5ce224c879e270b59b18d920642ac44f8454f2e6926381fd292675c288ad,26/06/2023 00:36:18,ESCANER
7371,"Escuintla",5,"Santa Lucía Cotzumalguapa",2,823,400,,,,,,,,,,,,,,,,,,,,,,,,,,,,,,,0,,,
7372,"Escuintla",5,"Santa Lucía Cotzumalguapa",2,823,400,,,,,,,,,,,,,,,,,,,,,,,,,,,,,,,0,,,
7373,"Escuintla",5,"Santa Lucía Cotzumalguapa",2,823,400,8,34,55,8,75,10,31,8,0,2,8,6,1,7,0,0,1,254,26,3,283,0,283,0,400,117,254,283,283,,1,22c6ebb54a6329790789a7ed77ff400ed9216886ab7e8ee87abda8aad58b7e0e,26/06/2023 01:37:39,ESCANER
7374,"Escuintla",5,"Santa Lucía Cotzumalguapa",2,823,400,14,31,47,2,72,4,35,7,1,2,9,3,4,1,0,0,0,232,25,5,262,0,262,0,400,138,232,262,262,,1,c36b3ccc97825a85cf017a6991178db1dd7926e1c30208ab6a85792a2436af6a,26/06/2023 01:11:25,ESCANER
7375,"Escuintla",5,"Santa Lucía Cotzumalguapa",2,823,400,14,44,49,2,61,13,26,11,0,4,11,7,2,5,0,1,0,274,19,5,274,0,400,0,400,126,250,274,274,Sumas Asentadas sin cuadrar,1,70a97a30c78b778bb731827db17f1e16a66b0e00a2844c739a7933e57920bfd0,26/06/2023 03:13:15,ESCANER
7376,"Escuintla",5,"Santa Lucía Cotzumalguapa",2,823,400,16,41,55,4,66,5,35,8,3,4,8,2,4,7,0,0,0,258,12,2,272,1,273,0,400,127,258,272,273,,1,251f45f4a452cd46fa85eaf353f44c7261fe5701022d145d266ba4beaf8373ae,26/06/2023 02:21:22,ESCANER
7377,"Escuintla",5,"Santa Lucía Cotzumalguapa",2,823,400,15,51,45,6,70,8,44,4,1,3,8,3,4,5,0,1,0,293,19,4,400,0,400,0,400,107,268,291,291,Sumas Asentadas sin cuadrar,1,d6f9cb188688cfbc0fb6bb744be5efbb9450d416e1c851539ca84476ed47df21,26/06/2023 03:20:12,ESCANER
7378,"Escuintla",5,"Santa Lucía Cotzumalguapa",2,823,400,,,,,,,,,,,,,,,,,,,,,,,,,,,,,,,0,,,
7379,"Escuintla",5,"Santa Lucía Cotzumalguapa",2,824,400,11,42,52,4,65,13,51,3,0,3,6,4,5,4,1,0,0,264,4,1,269,14,283,0,400,117,264,269,283,,1,eea8b3bd9dc1a382d84bd9b4bf9aaff6d4800d59a4a3cd98e06560c6845e0280,26/06/2023 02:12:30,ESCANER
7380,"Escuintla",5,"Santa Lucía Cotzumalguapa",2,824,400,15,41,42,5,64,6,44,7,3,7,11,8,3,5,1,0,0,262,19,4,285,0,285,0,400,115,262,285,285,,1,8ad7c1b1d7ae53c89ea454b8527da15361c75ec1778f80e29d5867c0f04143ab,26/06/2023 02:25:18,ESCANER
7381,"Escuintla",5,"Santa Lucía Cotzumalguapa",2,824,400,,,,,,,,,,,,,,,,,,,,,,,,,,,,,,,0,,,
7382,"Escuintla",5,"Santa Lucía Cotzumalguapa",2,824,400,13,38,52,5,66,5,34,13,1,2,7,9,3,7,1,0,0,256,24,2,282,0,282,0,400,118,256,282,282,,1,4b33f75624e5f861408f6f78c672811eb568b4608a0a481633a6eb5242d30345,26/06/2023 02:11:18,ESCANER
7383,"Escuintla",5,"Santa Lucía Cotzumalguapa",2,824,400,21,46,53,5,68,6,21,11,0,3,12,3,5,3,0,0,0,257,23,3,283,0,283,0,400,117,257,283,283,,1,b7f6d2178e6e1edd4fed3b27632c138cc66013c37b6fa7896c0ab0a0975c00a7,26/06/2023 02:34:25,ESCANER
7384,"Escuintla",5,"Santa Lucía Cotzumalguapa",2,824,400,15,36,46,6,73,6,37,17,0,7,13,4,1,8,1,0,0,270,21,3,294,0,294,1,400,105,270,294,294,,1,abd46280e36bcacc77bffde4dd7343618cbbf86c97f979a9dabb6d97a0f35977,26/06/2023 03:25:09,ESCANER
7385,"Escuintla",5,"Santa Lucía Cotzumalguapa",2,824,400,12,45,52,7,73,9,32,6,0,4,10,6,6,4,1,2,0,269,15,116,284,0,284,0,400,116,269,400,400,Sumas Asentadas sin cuadrar,1,d55fca60db7eb265c6249f6fe59e840fa27a72560333645d8e19924f51a8ac69,26/06/2023 03:06:37,ESCANER
7386,"Escuintla",5,"Santa Lucía Cotzumalguapa",2,824,400,6,47,44,4,65,3,40,12,2,2,9,3,5,9,0,0,0,251,20,0,271,0,271,--,396,125,251,271,271,Algún campo sin dato,1,c5988d07d0a9278a669828314d839337d9c72b29900514c81f0e1a55495bbb92,26/06/2023 03:31:02,ESCANER
7387,"Escuintla",5,"Santa Lucía Cotzumalguapa",2,824,400,11,39,47,7,79,2,27,9,1,0,5,7,3,5,0,0,1,243,7,4,254,0,254,0,400,146,243,254,254,,1,091bfeca633342edc8e52ebeaeb8acfe155c2e6bf63347e813a54e1bcd57c659,26/06/2023 00:53:55,ESCANER
7388,"Escuintla",5,"Santa Lucía Cotzumalguapa",2,824,400,12,42,47,5,69,2,29,9,1,3,8,5,4,4,0,0,1,241,11,3,255,0,255,0,400,145,241,255,255,,1,6d9099cd694953309a738583802a44965fd33276bcfb468b3c25b2cb22d03129,26/06/2023 01:52:21,ESCANER
7389,"Escuintla",5,"Santa Lucía Cotzumalguapa",2,824,400,,,,,,,,,,,,,,,,,,,,,,,,,,,,,,,0,,,
7390,"Escuintla",5,"Santa Lucía Cotzumalguapa",2,824,400,12,41,45,6,67,8,25,6,0,5,11,4,3,5,3,1,1,243,23,0,266,0,266,0,400,134,243,266,266,,1,75030aaf9ce6e7131f61712eca4a9e12d82cc51fa282e4254d2eb5859d9e1a05,26/06/2023 03:13:09,ESCANER
7391,"Escuintla",5,"Santa Lucía Cotzumalguapa",2,825,400,14,43,44,5,62,27,27,7,1,7,9,0,1,2,0,3,0,239,17,3,259,1,260,0,400,140,252,272,273,Sumas Asentadas sin cuadrar,1,25739d29646a6f541cd5787e829401c11e485282fa31f54c157696946c13b48a,26/06/2023 02:33:49,ESCANER
7392,"Escuintla",5,"Santa Lucía Cotzumalguapa",2,825,400,10,37,49,7,51,3,36,8,0,7,11,5,2,2,0,0,2,230,21,2,253,0,253,0,400,147,230,253,253,,1,06712e03e4f25302099788557a92c7753aecd5d52468ddb9d38b5bb4344321da,26/06/2023 01:46:19,ESCANER
7393,"Escuintla",5,"Santa Lucía Cotzumalguapa",2,825,400,15,36,44,7,60,6,27,12,1,6,6,3,3,10,0,0,1,237,13,4,254,0,254,0,400,146,237,254,254,,1,5d399fd6d9b679c119d10efd396037cc3e84141605db6eff5a2f8b0902a1adf6,26/06/2023 02:41:21,ESCANER
7394,"Escuintla",5,"Santa Lucía Cotzumalguapa",2,825,400,5,45,45,0,63,2,36,8,3,2,7,7,3,6,1,0,0,233,21,2,256,0,256,--,400,144,233,256,256,Algún campo sin dato,1,2af00c3bfdc437061455cf13219df8c85e7b1f3eea5422651248d82db52452f4,26/06/2023 00:06:10,ESCANER
7395,"Escuintla",5,"Santa Lucía Cotzumalguapa",2,825,400,7,40,43,2,59,7,36,7,3,3,7,2,2,2,0,0,1,221,26,0,247,0,247,0,400,153,221,247,247,,1,e4dafc8916d4b1c11ec825addd626af50afad1b5e64492cc1532263b59411a92,26/06/2023 02:00:26,ESCANER
7396,"Escuintla",5,"Santa Lucía Cotzumalguapa",2,825,400,11,26,56,5,63,3,41,9,0,2,12,2,2,6,0,1,0,239,14,0,253,0,253,0,400,147,239,253,253,,1,0b61e44ca20ed4fe15d9657fc24c1bb63fed92298dc8fe64bd6647ce82b913e2,26/06/2023 02:18:52,ESCANER
7397,"Escuintla",5,"Santa Lucía Cotzumalguapa",2,825,400,,,,,,,,,,,,,,,,,,,,,,,,,,,,,,,0,,,
7398,"Escuintla",5,"Santa Lucía Cotzumalguapa",2,825,400,11,32,51,8,66,6,38,9,1,4,7,2,6,1,1,0,0,243,14,1,258,0,258,0,400,142,243,258,258,,1,7790580f1a5408bbe5fbfe9817a35b57e8172a02f3d98bb144ed72e8fe84e7ed,26/06/2023 01:56:36,ESCANER
7399,"Escuintla",5,"Santa Lucía Cotzumalguapa",2,825,400,12,34,41,3,69,4,46,5,0,5,6,2,1,5,0,1,0,234,22,1,257,0,257,0,400,143,234,257,257,,1,dae7f259830e69e8c1825220b19e05f2d2965909be302cfa729ef58e555ad4d7,26/06/2023 01:50:01,ESCANER
7400,"Escuintla",5,"Santa Lucía Cotzumalguapa",2,825,400,11,44,36,9,62,5,34,7,0,4,12,2,4,9,0,0,1,240,17,2,259,0,259,0,400,138,240,259,259,,1,beb6fa2ba7e1ee960c47c64e216fab441c7a31eb3da0970c236672cbe148ade2,26/06/2023 02:06:14,ESCANER
7401,"Escuintla",5,"Santa Lucía Cotzumalguapa",2,825,400,10,34,53,5,72,5,26,9,1,2,14,0,1,8,1,2,1,244,18,3,265,0,265,--,397,132,244,265,265,Algún campo sin dato,1,b50a90337de138bcea5fd145a28496fb2673854fc4e2fb09916fdda63d3b3f29,26/06/2023 03:18:46,ESCANER
7402,"Escuintla",5,"Santa Lucía Cotzumalguapa",2,825,400,16,39,31,6,67,4,35,10,2,7,10,2,3,4,0,0,1,237,17,0,254,0,254,--,400,146,237,254,254,Algún campo sin dato,1,280539470c2f64165adf4eb5450a5d4702f8c168ce3f46b04084fc6630a61261,26/06/2023 00:24:50,ESCANER
7403,"Escuintla",5,"Santa Lucía Cotzumalguapa",2,826,400,11,40,47,4,58,3,38,12,1,6,12,4,2,5,0,0,0,243,14,1,258,0,258,0,400,142,243,258,258,,1,3afec6e111bdb927af769b1f01bf0d728193d243522f071991732bdbd51c8afe,26/06/2023 01:55:33,ESCANER
7404,"Escuintla",5,"Santa Lucía Cotzumalguapa",2,826,400,12,40,42,2,63,5,35,13,2,4,7,3,1,5,0,2,0,236,19,3,258,0,258,0,400,142,236,258,258,,1,14574979a768eca829b4db54d09efb84bfc3545b38f37bd4d741d9abba55916a,26/06/2023 01:12:31,ESCANER
7405,"Escuintla",5,"Santa Lucía Cotzumalguapa",2,826,400,10,28,48,2,64,3,31,6,1,1,8,4,3,7,3,1,0,220,18,4,242,0,242,0,400,158,220,242,242,,1,494420aa46c1da2b2e54972568da5bf58c19624541b576d698ed20e624cd7cf1,26/06/2023 00:10:55,ESCANER
7406,"Escuintla",5,"Santa Lucía Cotzumalguapa",2,826,400,15,38,39,10,61,8,28,9,0,5,8,5,4,0,0,0,0,230,21,2,253,0,253,0,400,147,230,253,253,,1,c20d28513bb3ec0520e978ddd8e9800a09b91b96604cf1899f4f0261efd9f4dd,26/06/2023 02:14:00,ESCANER
7407,"Escuintla",5,"Santa Lucía Cotzumalguapa",2,826,400,6,33,43,6,64,5,44,4,0,7,11,4,0,6,1,1,0,235,10,3,248,0,248,0,400,152,235,248,248,,1,fb69c5e85d23d5bd56c797118037ec663db3faf1251559320599aa507ec1b6d4,26/06/2023 01:58:17,ESCANER
7408,"Escuintla",5,"Santa Lucía Cotzumalguapa",2,826,400,10,35,48,3,68,5,44,4,1,2,10,1,4,4,1,1,1,242,9,4,255,0,255,0,400,145,242,255,255,,1,fcd125c4a5d3bea76640b66ce1bb34c5038aa5824f242124a7093f5ef9a7f836,26/06/2023 02:19:50,ESCANER
7409,"Escuintla",5,"Santa Lucía Cotzumalguapa",2,826,400,9,45,46,2,49,2,28,5,1,2,9,1,3,4,2,0,1,209,14,3,226,0,226,0,400,174,209,226,226,,1,b179c4314b000fc3e9acd36bd0c62014c6f5c097fd38538cf066004a2b2da7d1,26/06/2023 02:12:03,ESCANER
7410,"Escuintla",5,"Santa Lucía Cotzumalguapa",2,826,400,8,38,52,3,55,3,34,5,1,2,8,5,3,7,0,1,1,226,13,1,240,0,240,0,400,160,226,240,240,,1,37922b1ad42ff5f602bb980c6e85149b8eecfd6b93cd9072765bda2beb5aedbd,26/06/2023 02:50:40,ESCANER
7411,"Escuintla",5,"Santa Lucía Cotzumalguapa",2,826,400,14,45,45,3,68,5,33,5,0,1,12,1,1,2,0,0,0,235,13,1,249,0,249,0,400,151,235,249,249,,1,8d254fbf82e86830e7fa19b3e43e0c9675f51f95fe653744ecefbdac9babfc38,26/06/2023 02:48:16,ESCANER
7412,"Escuintla",5,"Santa Lucía Cotzumalguapa",2,826,400,12,32,50,7,55,5,37,10,1,3,1,4,3,8,1,1,0,230,6,3,239,0,239,0,400,161,230,239,239,,1,54dd21f1ec6960084523e7783684ecb50909067a7813a91eb627c9022eea6484,26/06/2023 02:04:44,ESCANER
7413,"Escuintla",5,"Santa Lucía Cotzumalguapa",2,826,400,13,27,52,1,61,3,25,13,1,6,13,1,2,3,0,1,1,223,7,0,230,0,230,0,400,170,223,230,230,,1,ede807201e826fa4a9da5a2196dd2c82c16d78c5e0129df23bdc033741618efb,26/06/2023 01:34:14,ESCANER
7414,"Escuintla",5,"Santa Lucía Cotzumalguapa",2,826,400,10,34,35,2,60,3,40,13,0,3,11,2,3,2,0,0,0,218,12,2,232,0,232,0,400,168,218,232,232,,1,5b391e6557e30cbaf43f9e00b6bbe79eb58ca817a6a6a4499f73dbb08a45aee3,26/06/2023 02:45:36,ESCANER
7415,"Escuintla",5,"Santa Lucía Cotzumalguapa",2,827,400,5,35,37,1,55,1,37,11,0,0,2,0,2,8,0,0,0,194,8,1,203,0,203,0,0,0,194,203,203,,1,18643096bcdef95335a4e556889465a35c4766823af838fc191985421efea0a0,26/06/2023 00:35:47,ESCANER
7416,"Escuintla",5,"Santa Lucía Cotzumalguapa",2,827,400,6,46,52,5,74,3,28,13,0,2,6,2,6,3,1,0,0,247,13,2,262,0,262,0,401,139,247,262,262,,1,a35f8198385f5975c894b3b56ffa9f379ca79e62a104e71c73ce8d63c0229075,25/06/2023 23:58:37,ESCANER
7417,"Escuintla",5,"Santa Lucía Cotzumalguapa",2,827,400,7,32,46,5,70,2,25,19,0,1,14,4,1,1,0,0,1,228,11,0,239,0,239,0,400,161,228,239,239,,1,ccd8edf6b950462d9476075ef835585ca3ce69ef7d09c76d05cf4f299677d96d,26/06/2023 02:13:38,ESCANER
7418,"Escuintla",5,"Santa Lucía Cotzumalguapa",2,827,400,11,41,35,2,57,2,33,11,1,1,8,0,0,2,0,1,0,205,4,0,209,0,209,0,400,191,205,209,209,,1,d8983bd30b05d9e6a0d33511eb200cb667d03d08a3f0fcc1e133c2349dfc524e,26/06/2023 01:54:34,ESCANER
7419,"Escuintla",5,"Santa Lucía Cotzumalguapa",2,827,400,6,30,42,6,53,0,26,8,0,2,6,3,3,1,0,0,1,187,5,0,192,0,192,0,400,208,187,192,192,,1,2d2890da876127a77b7cde457fcf431075acfb4fac7158ece24d5cd9c20999c2,26/06/2023 01:23:25,ESCANER
7420,"Escuintla",5,"Santa Lucía Cotzumalguapa",2,827,400,12,50,48,10,77,1,31,14,0,2,7,2,4,5,0,0,0,263,10,0,273,0,273,0,400,127,263,273,273,,1,dc90bc6fcca5f798f1152aa51eea549dd7e1f6aa63c53cdff4a3c48833a1c22d,26/06/2023 00:44:19,ESCANER
7421,"Escuintla",5,"Santa Lucía Cotzumalguapa",2,827,400,12,60,51,3,63,1,38,7,0,0,5,1,1,3,0,0,1,246,8,0,254,0,254,0,400,146,246,254,254,,1,4966f24835449df9b32546d846231f7488b6be6fc7200b2270277ff14c4c02e4,26/06/2023 01:32:53,ESCANER
7422,"Escuintla",5,"Santa Lucía Cotzumalguapa",2,827,400,11,40,47,3,72,2,26,13,0,2,4,4,3,4,1,0,0,232,7,0,239,0,239,0,400,161,232,239,239,,1,247d7133c185c23aca383a786b9a26d43d3809bacd0b5b42bfb541740b9b202f,26/06/2023 01:01:22,ESCANER
7423,"Escuintla",5,"Santa Lucía Cotzumalguapa",2,827,400,10,34,47,2,68,2,34,18,0,2,8,3,1,7,0,0,1,237,9,1,247,1,248,0,400,152,237,247,248,,1,5a74e0b3e7423fa8091cfa51036657dd57d4bdc6f45c723c1d6122fa28d05f78,26/06/2023 01:28:34,ESCANER
7424,"Escuintla",5,"Santa Lucía Cotzumalguapa",2,827,400,9,40,24,1,69,5,21,10,0,2,5,1,1,3,0,0,0,191,10,3,204,0,204,0,400,196,191,204,204,,1,59beaab0b2238fde137cc8c750b4a907c32a5550cb5dfc2a65a99d6e2dfd55e9,26/06/2023 01:45:40,ESCANER
7425,"Escuintla",5,"Santa Lucía Cotzumalguapa",2,827,216,7,21,17,3,35,3,15,3,1,0,4,0,0,1,0,0,2,112,7,0,119,0,119,0,216,97,112,119,119,,1,be350813ba6dbfd3e997e5c6167c8a61f81a481d6d1afa55837dc173d685b6da,26/06/2023 01:36:00,ESCANER
7426,"Escuintla",5,"Santa Lucía Cotzumalguapa",2,827,215,2,5,9,3,21,0,12,4,0,2,3,0,0,0,0,0,0,61,4,1,66,0,66,0,215,149,61,66,66,,1,07ab392a36473a5c9cf6eef0dc653f89489512dd32c684fb61c07b98aa7ea40f,25/06/2023 23:55:16,ESCANER
7427,"Escuintla",5,"Santa Lucía Cotzumalguapa",2,828,400,9,37,37,6,76,7,27,12,0,3,15,4,0,5,0,1,0,239,26,4,269,0,269,0,400,131,239,269,269,,1,5866b2f3e65e5fb0413e4d606572e46d45d5c15e7923a749cbff22b322832b0c,26/06/2023 03:04:53,ESCANER
7428,"Escuintla",5,"Santa Lucía Cotzumalguapa",2,828,400,,,,,,,,,,,,,,,,,,,,,,,,,,,,,,,0,,,
7429,"Escuintla",5,"Santa Lucía Cotzumalguapa",2,828,400,12,37,31,8,61,5,46,18,1,6,13,2,0,5,0,0,1,246,19,5,270,0,270,0,400,130,246,270,270,,1,02cf3d82119abcb1cc9fef6b29e6d04de92ffc0b107f0b6b65cda3607e4420c6,26/06/2023 02:41:36,ESCANER
7430,"Escuintla",5,"Santa Lucía Cotzumalguapa",2,828,400,13,29,39,9,79,6,38,21,0,6,14,8,3,4,0,1,0,270,15,0,285,0,285,1,400,114,270,285,285,,1,04bb0a4860f079b4d8078708de6b085779b2b7a5fb55a084fb98ca4a7a040ef7,26/06/2023 03:12:16,ESCANER
7431,"Escuintla",5,"Santa Lucía Cotzumalguapa",2,828,400,10,34,38,10,67,9,33,21,1,5,11,3,3,8,0,0,0,253,19,1,273,0,273,0,400,127,253,273,273,,1,2a8b4177288d5882ab0ab95d39b47d243db06a8299bffe0cc35108fad385fbba,26/06/2023 03:21:50,ESCANER
7432,"Escuintla",5,"Santa Lucía Cotzumalguapa",2,828,400,14,42,42,8,70,7,27,23,0,4,13,0,3,6,1,1,0,273,17,3,293,0,0,0,399,106,261,281,281,Sumas Asentadas sin cuadrar,1,4fc4c4e3bf7bf954a02a526867092728469f1521cd39843f0866735562cf50a3,26/06/2023 03:13:44,ESCANER
7433,"Escuintla",5,"Santa Lucía Cotzumalguapa",2,828,400,12,29,40,7,83,2,36,14,1,5,11,5,0,5,0,0,0,250,13,5,268,0,268,0,400,132,250,268,268,,1,9c6a97af659e62e0f0211845f6fd1f5ebbb7deed68224c5b654051b1dfa37b40,26/06/2023 03:10:01,ESCANER
7434,"Escuintla",5,"Santa Lucía Cotzumalguapa",2,828,400,,,,,,,,,,,,,,,,,,,,,,,,,,,,,,,0,,,
7435,"Escuintla",5,"Santa Lucía Cotzumalguapa",2,828,400,11,25,42,3,43,12,35,14,0,6,18,3,2,5,0,1,0,220,17,4,241,0,241,0,394,153,220,241,241,,1,aa91b803cfd3c3b26596e59f334bda557675390a3f0664069c432b91147291a1,26/06/2023 03:32:21,ESCANER
7436,"Escuintla",5,"Santa Lucía Cotzumalguapa",2,828,400,10,22,41,1,78,7,23,12,1,2,15,3,1,3,0,0,0,219,19,3,241,0,0,0,400,159,219,241,241,,1,b73bfd3a14ef72ffe7d1d5f4a160ada1951137a8944c399a2bbcd084d6a0e298,26/06/2023 03:18:10,ESCANER
7437,"Escuintla",5,"Santa Lucía Cotzumalguapa",2,828,400,11,30,42,8,65,7,27,11,1,1,11,5,1,6,0,0,1,227,17,2,246,0,246,0,399,153,227,246,246,,1,35f3888bd6edf1f0ee727f697fbb4ea8cd09325baec2382171a25557e496b15e,26/06/2023 02:32:01,ESCANER
7438,"Escuintla",5,"Santa Lucía Cotzumalguapa",2,828,400,9,24,46,3,71,5,31,9,1,5,8,2,1,4,0,0,0,219,20,7,246,0,246,0,400,154,219,246,246,,1,e8f33553d1b50ade321b1566f91f93ff747e5ec5988f8455e3c64003ae0628e2,26/06/2023 02:51:32,ESCANER
7439,"Escuintla",5,"Santa Lucía Cotzumalguapa",2,828,400,6,25,43,4,62,8,20,10,0,7,16,2,0,2,1,0,0,206,23,3,232,1,233,0,400,167,206,232,233,,1,557411f2cc3bfde437d4c62430e87c6ceca365c920f1afc4a7021f82feefaa8d,26/06/2023 02:52:32,ESCANER
7440,"Escuintla",5,"Santa Lucía Cotzumalguapa",2,828,400,7,26,35,5,60,7,36,9,1,0,4,2,1,1,0,2,0,196,29,3,228,0,228,0,400,172,196,228,228,,1,e1c43f48369b21d664e6b0fe73d96da9728714c2fe70c1e21ffa613e6aef5577,26/06/2023 03:14:38,ESCANER
7441,"Escuintla",5,"Santa Lucía Cotzumalguapa",2,828,400,,,,,,,,,,,,,,,,,,,,,,,,,,,,,,,0,,,
7442,"Escuintla",5,"Santa Lucía Cotzumalguapa",2,828,400,,,,,,,,,,,,,,,,,,,,,,,,,,,,,,,0,,,
7443,"Escuintla",5,"Santa Lucía Cotzumalguapa",2,828,400,5,24,30,2,59,2,22,14,0,2,13,0,2,5,0,0,0,180,7,0,187,0,187,0,400,213,180,187,187,,1,34aa560012bea89798c4c7ef46d78191a90961d9f95498d443a307c971900ba1,26/06/2023 02:35:28,ESCANER
7444,"Escuintla",5,"Santa Lucía Cotzumalguapa",2,828,372,,,,,,,,,,,,,,,,,,,,,,,,,,,,,,,0,,,
7445,"Escuintla",5,"Santa Lucía Cotzumalguapa",2,828,371,,,,,,,,,,,,,,,,,,,,,,,,,,,,,,,0,,,
7446,"Escuintla",5,"Santa Lucía Cotzumalguapa",2,829,400,17,21,43,6,67,7,42,7,2,7,13,4,2,6,0,0,1,245,22,5,272,0,272,0,412,140,245,272,272,,1,95d74974b144d88cb6b2c844cda4e42ea27cdc28d25fe590c773e6f7259c6675,26/06/2023 02:11:31,ESCANER
7447,"Escuintla",5,"Santa Lucía Cotzumalguapa",2,829,400,14,27,54,4,58,9,56,7,1,4,7,4,5,9,1,1,0,261,19,2,282,0,282,0,400,118,261,282,282,,1,996b5c4e5977c5ce2ebccd81c5077cdf2a44799ecb0afd1ceb71d439a08593c1,26/06/2023 02:03:50,ESCANER
7448,"Escuintla",5,"Santa Lucía Cotzumalguapa",2,829,400,14,36,58,7,67,1,38,6,2,4,13,6,3,8,0,1,0,264,21,0,285,0,285,0,400,115,264,285,285,,1,dc66c2d138682a7e93568fa923178f1fa88e02cac95ad8d5bfd5c6c3e3ef70ef,26/06/2023 01:58:32,ESCANER
7449,"Escuintla",5,"Santa Lucía Cotzumalguapa",2,830,400,10,16,43,3,53,7,40,6,0,1,6,4,4,4,0,1,0,198,20,3,221,1,222,0,396,174,198,221,222,,1,3537eb0ae1da316446eef225f90e8a430ce5eb629e1db83b36f1c422676ed602,26/06/2023 02:15:28,ESCANER
7450,"Escuintla",5,"Santa Lucía Cotzumalguapa",2,830,400,19,25,46,0,54,5,36,2,0,1,11,0,0,0,0,0,0,214,17,9,240,1,241,0,400,159,199,225,226,Sumas Asentadas sin cuadrar,1,5716f311299e53051fd3e7c7041541e7e74043517df3fdca17ac0bbf9ed21a89,26/06/2023 02:14:02,ESCANER
7451,"Escuintla",5,"Santa Lucía Cotzumalguapa",2,830,400,16,13,35,1,61,3,36,4,0,2,13,1,1,3,0,1,0,190,20,5,215,0,215,0,400,185,190,215,215,,1,a7bd236917049484a2e658c848d9a25c866405a36cbc816918c7255c5c353947,26/06/2023 01:31:36,ESCANER
7452,"Escuintla",5,"Santa Lucía Cotzumalguapa",2,830,324,13,16,21,4,42,2,36,6,0,4,4,4,0,4,0,0,0,156,9,4,169,0,169,0,324,155,156,169,169,,1,c11c204fe33bd58a944667e05e7033db9b20522dc795593f1b2727fdd30610b4,25/06/2023 23:17:50,ESCANER
7453,"Escuintla",5,"Santa Lucía Cotzumalguapa",2,830,324,9,13,25,5,44,3,26,7,0,3,4,2,0,2,0,0,0,143,8,0,151,0,151,0,324,173,143,151,151,,1,b49253e8c457d0bd085460bff61d21634e5118dc97b32b966099bcf3cd74124f,25/06/2023 23:03:44,ESCANER
7454,"Escuintla",5,"Santa Lucía Cotzumalguapa",2,831,400,3,42,32,5,79,8,35,5,0,2,12,2,3,6,0,0,1,235,29,3,267,0,267,0,0,0,235,267,267,,1,cbcccf170c0454e6e78288d24e0cef0d1dd5de2c040c3868fe60ab87162f3e73,26/06/2023 01:12:39,ESCANER
7455,"Escuintla",5,"Santa Lucía Cotzumalguapa",2,831,400,14,46,42,6,70,7,31,4,0,2,15,1,1,6,0,1,1,247,15,6,268,0,268,0,397,129,247,268,268,,1,f2a333140bbe3cc805430362dbed5c18cf14669d78d0361c167fc76b155a4344,26/06/2023 01:20:57,ESCANER
7456,"Escuintla",5,"Santa Lucía Cotzumalguapa",2,832,400,11,48,45,8,64,3,37,4,0,3,12,1,1,6,0,0,1,244,22,4,270,0,270,--,400,130,244,270,270,Algún campo sin dato,1,cc7eccfa88925c01629bf33f673c2620d034433918f9c38ee9df09d08b12df6b,26/06/2023 00:22:09,ESCANER
7457,"Escuintla",5,"Santa Lucía Cotzumalguapa",2,832,400,9,46,32,17,64,6,27,4,0,4,14,6,2,3,0,0,0,234,15,3,252,0,252,0,400,148,234,252,252,,1,dffda1cdeea19b8c2ba25ed538a945ec7c4c0b46983018c59c0cf52aa71b2ccf,25/06/2023 23:54:17,ESCANER
7458,"Escuintla",5,"Santa Lucía Cotzumalguapa",2,833,400,5,34,40,6,79,5,23,10,1,5,22,4,2,5,1,1,0,243,12,3,258,0,258,0,397,139,243,258,258,,1,f7a02465231184841e1e342e8d1c6e6a2a9f7fc1a649108679f0a2fc2c46dba8,26/06/2023 02:11:09,ESCANER
7459,"Escuintla",5,"Santa Lucía Cotzumalguapa",2,833,400,6,44,30,4,79,5,28,6,0,1,16,7,0,6,0,2,0,234,13,2,249,0,249,0,400,151,234,249,249,,1,740e4048fca337d2e9b771a0be88f3449ac071a69db372638385d5108fde845a,26/06/2023 00:31:36,ESCANER
7460,"Escuintla",5,"Santa Lucía Cotzumalguapa",2,834,400,4,43,34,4,62,7,21,9,1,2,14,3,2,5,0,0,0,211,29,0,240,0,240,0,400,160,211,240,240,,1,67138e25b10de630ada50b98a5d93ad1b99fdc5a2371f6a52b4002544bb0c313,25/06/2023 22:30:57,ESCANER
7461,"Escuintla",5,"Santa Lucía Cotzumalguapa",2,834,400,6,38,46,4,74,6,19,7,0,0,8,1,2,2,0,1,--,214,25,2,241,0,241,--,400,159,214,241,241,Algún campo sin dato,1,096a3889c9a068ff50bbd60e9a629a181eaa6fd96019dcee795f0eab6270cb4f,26/06/2023 00:17:33,ESCANER
7462,"Escuintla",5,"Santa Lucía Cotzumalguapa",2,835,400,7,42,36,4,75,6,26,8,0,0,11,3,1,4,1,0,2,226,19,2,247,0,247,0,400,153,226,247,247,,1,151f325cccfb82a5751ba3d8a52585e59b7971fec378e2fe3628a4be25faa627,25/06/2023 23:11:16,ESCANER
7463,"Escuintla",5,"Santa Lucía Cotzumalguapa",2,835,400,8,58,22,1,62,6,31,10,1,1,9,0,0,3,0,0,1,213,9,3,225,0,225,0,400,175,213,225,225,,1,61d352dab438c99f16c329b450b83927661b37669c7f008e48d30d0ffe45b199,25/06/2023 23:00:09,ESCANER
7464,"Escuintla",5,"Santa Lucía Cotzumalguapa",2,836,295,5,44,30,3,37,6,15,5,0,2,3,1,3,5,0,0,0,159,7,1,167,0,167,0,295,125,159,167,167,,1,dd62fa1e7269e90e8159587bdcc0c08164faaffe06631091387a1e5d01ff4669,26/06/2023 00:55:44,ESCANER
7465,"Escuintla",5,"Santa Lucía Cotzumalguapa",2,836,295,5,34,30,5,48,6,12,8,0,2,8,0,0,2,0,1,1,162,11,4,177,0,177,2,295,116,162,177,177,,1,ef4e3680de77d8e6745a06c97242dd68307d39bc88345c4a32f7048499312015,26/06/2023 01:02:09,ESCANER
7466,"Escuintla",5,"Santa Lucía Cotzumalguapa",2,837,400,10,67,62,3,39,5,21,5,0,7,12,3,5,4,0,0,0,243,19,2,264,0,264,0,400,136,243,264,264,,1,c99fbc1bfd9e771d0773abf5c5677f5f4eb53159f8f1a275e66eff0fab53832f,26/06/2023 02:49:21,ESCANER
7467,"Escuintla",5,"Santa Lucía Cotzumalguapa",2,837,400,14,73,55,3,57,10,34,3,2,8,15,3,0,4,2,1,1,285,16,6,307,0,307,0,400,93,285,307,307,,1,af22a50f121d6a5e3ebc2c4e65bce4bdbabc6f2686ecd2361abcadefa9cce6e0,26/06/2023 01:12:14,ESCANER
7468,"Escuintla",5,"Santa Lucía Cotzumalguapa",2,837,400,10,59,56,6,52,7,35,7,1,9,7,5,10,5,0,0,0,269,30,2,301,0,301,0,400,99,269,301,301,,1,aa4809e5f7ad7f44ecae0775a4aad49b52ba91c3ce19078cd722c70277115852,25/06/2023 23:38:19,ESCANER
7469,"Escuintla",5,"Santa Lucía Cotzumalguapa",2,837,400,11,59,51,4,55,4,28,5,0,8,19,5,13,6,0,0,0,268,15,2,285,0,285,0,400,115,268,285,285,,1,9f643bf6cfd301fa4a7a4271f651847b3e51de7921654c922273892b59e2944c,26/06/2023 02:25:26,ESCANER
7470,"Escuintla",5,"Santa Lucía Cotzumalguapa",2,837,400,20,63,59,1,60,6,34,7,1,6,0,3,8,7,0,0,1,286,13,3,302,0,302,0,400,98,276,292,292,Sumas Asentadas sin cuadrar,1,208ab1c823853e1a1673c9260bdd06df3cdd6b87b26038f143387c896a7803e1,26/06/2023 02:46:42,ESCANER
7471,"Escuintla",5,"Santa Lucía Cotzumalguapa",2,838,400,18,73,51,4,58,3,25,7,1,3,12,4,3,6,0,0,1,269,18,3,290,0,290,0,400,110,269,290,290,,1,e0e448fc7d6ab60eda88bf2281f16402125f37e49b59ab5178cfe335a15fca4b,26/06/2023 02:07:45,ESCANER
7472,"Escuintla",5,"Santa Lucía Cotzumalguapa",2,838,400,14,57,56,2,53,6,19,4,0,8,15,2,6,4,1,0,0,247,11,1,259,0,259,0,399,140,247,259,259,,1,e6e98a9fb66a7e0e146f893750d812c6cdd2e79cefeb7757f464888781712fee,26/06/2023 01:05:40,ESCANER
7473,"Escuintla",5,"Santa Lucía Cotzumalguapa",2,838,400,7,48,61,3,63,3,36,2,1,4,5,2,2,4,0,0,0,241,12,3,256,0,256,0,400,144,241,256,256,,1,f272712abe1d7a9eff7d123210e542278a3003c5da264fab81ca9c63e7dd58f2,26/06/2023 01:42:54,ESCANER
7474,"Escuintla",5,"Santa Lucía Cotzumalguapa",2,838,400,10,58,57,3,43,3,42,5,1,5,5,4,3,4,0,1,1,245,22,2,269,0,269,0,400,131,245,269,269,,1,2d15cc84d7d60748aa1c7852590c93b4b700f6e35cc62cd0d156f12d3bfd87ad,26/06/2023 02:00:27,ESCANER
7475,"Escuintla",5,"Santa Lucía Cotzumalguapa",2,838,400,11,62,50,3,64,3,26,6,0,7,8,2,0,2,0,1,3,248,9,3,260,0,260,0,397,137,248,260,260,,1,197014fd030a6fd746fd44e7ebbc2427fc1323a3544342f7a4d25aed0d8c03ef,26/06/2023 01:58:21,ESCANER
7476,"Escuintla",5,"Santa Lucía Cotzumalguapa",2,839,400,12,62,49,3,53,8,33,5,0,6,5,4,2,6,0,0,1,249,12,5,266,1,267,0,397,130,249,266,267,,1,8d624d9953d92c428e6502c540e527d2313d1897284efc797d59bf0297a78dff,26/06/2023 02:55:29,ESCANER
7477,"Escuintla",5,"Santa Lucía Cotzumalguapa",2,839,400,14,64,39,3,58,3,31,7,2,7,5,2,3,7,0,0,1,246,23,6,275,0,275,0,400,125,246,275,275,,1,c200392bd46b0ea6d0839aed350e4a7819478a63ca51142894ce3487b3b214f9,26/06/2023 01:16:06,ESCANER
7478,"Escuintla",5,"Santa Lucía Cotzumalguapa",2,839,400,8,62,42,3,54,7,19,5,2,5,9,7,5,5,0,0,2,235,17,2,254,0,254,0,400,146,235,254,254,,1,a2e72bd9149af18ea319f98bd168c3c42651ad000fd6b4d949d1f16db1f44045,26/06/2023 03:01:16,ESCANER
7479,"Escuintla",5,"Santa Lucía Cotzumalguapa",2,839,400,14,81,41,2,62,5,22,5,0,2,0,1,5,6,0,2,0,258,16,0,272,0,272,0,396,124,248,264,264,Sumas Asentadas sin cuadrar,1,60fd4e925e2bd2523ba7c6279cd0a38f969de51ac1653f6a315e0a70ad9ad086,26/06/2023 02:10:11,ESCANER
7480,"Escuintla",5,"Santa Lucía Cotzumalguapa",2,839,400,10,56,52,4,57,4,24,6,0,4,7,2,5,5,0,1,2,239,9,0,239,2,259,2,0,0,239,248,250,Sumas Asentadas sin cuadrar,1,4a1d5ef222c93db1c24b03e0d87b52421dcd8227eec069049d49983982e63f26,26/06/2023 03:11:26,ESCANER
7481,"Escuintla",5,"Santa Lucía Cotzumalguapa",2,839,400,11,52,51,0,58,1,23,6,0,3,2,2,3,6,0,0,0,218,7,1,226,0,226,0,400,174,218,226,226,,1,60da66800f3448e855939405794cfa561b530a0ae37f31efb9d5bd293df0c746,26/06/2023 01:55:31,ESCANER
7482,"Escuintla",5,"Santa Lucía Cotzumalguapa",2,839,284,10,51,34,5,32,1,8,3,0,8,5,0,1,3,0,0,0,161,3,0,164,0,164,0,284,120,161,164,164,,1,3f191353925b7aa32fc75f207d09bfe6aa35b6c79a80878dbeab143a79880cee,26/06/2023 02:03:58,ESCANER
7483,"Escuintla",5,"Santa Lucía Cotzumalguapa",2,839,284,8,33,28,3,36,2,20,5,0,3,3,0,1,2,0,0,0,145,11,2,158,0,158,0,284,126,144,157,157,Sumas Asentadas sin cuadrar,1,7d1509490ad94c2315ef05814f0487f02c65d7f9632a415d31e3fca491a3963f,26/06/2023 01:42:03,ESCANER
7484,"Escuintla",5,"Santa Lucía Cotzumalguapa",2,840,380,8,14,31,9,61,10,77,0,1,3,24,3,0,0,0,0,0,241,28,6,275,0,275,0,380,105,241,275,275,,1,cfe6a683d681299964ab7bcb2248acbe1ebfed9f52d6b0fadab7c810a28c5ce5,26/06/2023 02:01:41,ESCANER
7485,"Escuintla",5,"Santa Lucía Cotzumalguapa",2,840,380,10,12,46,23,51,8,64,1,1,1,16,5,0,0,1,1,0,240,25,1,266,0,266,0,0,0,240,266,266,,1,b6dcecdbaa3ba3489e4725dbb822fdcc05edb9d5de75fba1aa902a4538b3027c,26/06/2023 01:46:55,ESCANER
7486,"Escuintla",5,"Santa Lucía Cotzumalguapa",2,840,380,7,10,33,20,53,3,82,1,0,7,19,1,1,3,0,2,1,243,21,1,265,2,267,0,380,113,243,265,267,,1,96fd00af585342aae89c67fbb3286160f239c1b7365a3a98ddbc4ddc514d82fc,26/06/2023 02:00:00,ESCANER
7487,"Escuintla",5,"Santa Lucía Cotzumalguapa",2,840,380,4,13,35,16,55,3,72,0,0,2,19,4,0,0,0,1,0,224,23,4,251,0,251,0,380,129,224,251,251,,1,838ae3942528cb9ee07742383d8c251ad0905d82860a64e1875a21e3d574ae53,26/06/2023 00:46:52,ESCANER
7488,"Escuintla",5,"Santa Lucía Cotzumalguapa",2,841,380,16,8,23,15,52,7,74,0,0,2,24,1,0,2,0,0,1,225,28,2,255,0,255,0,375,123,225,255,255,,1,91c7252dbda4a92ccdc9c10c1a76f340090d97d132a75b0f39435d67a6d021a9,26/06/2023 00:27:23,ESCANER
7489,"Escuintla",5,"Santa Lucía Cotzumalguapa",2,841,380,15,15,27,16,52,6,66,1,0,3,22,0,0,1,0,0,0,224,32,8,264,0,264,0,380,116,224,264,264,,1,9da4fd40597d9ecabff28a7639e4b2fc829c6be9b6829796c87b1c5eeabb0c8d,26/06/2023 03:01:44,ESCANER
7490,"Escuintla",5,"Santa Lucía Cotzumalguapa",2,841,380,10,11,19,15,49,9,68,1,0,3,13,0,2,1,1,2,0,204,40,3,247,0,247,0,380,133,204,247,247,,1,f61e66206db14e5b51a3a34b72c5d3c16232ce9c5a477fa534e89d885847189d,25/06/2023 23:46:11,ESCANER
7491,"Escuintla",5,"Santa Lucía Cotzumalguapa",2,841,380,16,11,23,19,55,5,66,1,0,1,13,3,1,0,1,0,0,215,22,2,239,0,239,0,380,141,215,239,239,,1,3d6eb23b8d4b6e5f9c48c06046f1aee8e08f6528f9fa9955f0e31bb10bad68cb,26/06/2023 02:14:04,ESCANER
7492,"Escuintla",5,"Santa Lucía Cotzumalguapa",2,841,300,9,10,16,7,52,7,52,0,0,3,15,0,0,0,0,0,0,171,10,3,184,0,184,0,0,0,171,184,184,,1,47fb51ba90c1c159ea9fc8313706cd803614b7e4246e27511e696bfaaf388fdd,26/06/2023 00:51:26,ESCANER
7493,"Escuintla",5,"Santa Lucía Cotzumalguapa",2,841,299,10,6,10,9,36,2,64,2,0,3,6,2,0,0,0,0,0,150,13,0,163,0,163,0,299,136,150,163,163,,1,4faf1647c02789707f05828df8230e808da5d9e4cea189571a8ad13e0cd3c65f,26/06/2023 01:11:26,ESCANER
7494,"Escuintla",5,"Santa Lucía Cotzumalguapa",2,842,380,39,23,31,3,55,12,62,3,0,2,25,2,0,3,1,2,0,263,13,4,0,0,280,--,280,100,263,280,280,Algún campo sin dato,1,a05b10a623dbd618b52bcb196d0c818debc18fc673e707e5cf27a22cb93a6879,25/06/2023 23:02:24,ESCANER
7495,"Escuintla",5,"Santa Lucía Cotzumalguapa",2,842,380,37,36,46,5,58,7,48,1,0,3,16,1,0,2,0,4,3,267,21,2,290,0,290,0,380,90,267,290,290,,1,e23be2f1c79298d25bcdf040ab3311946ed243a4b58b027ace56c6ccee07ec28,26/06/2023 00:29:10,ESCANER
7496,"Escuintla",5,"Santa Lucía Cotzumalguapa",2,842,380,32,27,46,2,50,6,48,3,0,1,15,1,1,1,0,4,1,238,18,5,261,0,261,0,0,0,238,261,261,,1,4837b06754aacba8d32341a4492e5633ff5501ee1dea8d5a6f0d1eadc33b0310,26/06/2023 00:00:32,ESCANER
7497,"Escuintla",5,"Santa Lucía Cotzumalguapa",2,842,380,36,21,33,3,45,4,36,1,2,5,15,3,0,1,0,10,0,215,40,6,261,0,261,--,--,--,215,261,261,Algún campo sin dato,1,37232559fb3ec2fb6ed7a91ba44a3fd1372033120121ef196a264b0d38dff4bc,26/06/2023 00:02:13,ESCANER
7498,"Escuintla",5,"Santa Lucía Cotzumalguapa",2,842,324,27,13,42,7,41,5,28,2,0,4,8,2,0,0,3,1,1,184,27,3,214,0,214,0,324,110,184,214,214,,1,ba8b6018fa2fac3395acb86cbfc1bc32f159eb87340bdec69700764556e12e02,26/06/2023 00:45:18,ESCANER
7499,"Escuintla",5,"Santa Lucía Cotzumalguapa",2,842,324,26,9,47,2,48,0,36,3,0,9,6,2,0,2,0,4,2,196,5,0,201,0,201,0,324,120,196,201,201,,1,39d65f1293e7220b5bf32fe5474cf272af0be4ea2d7a75f8d63981f835267e66,26/06/2023 00:15:02,ESCANER
7500,"Escuintla",5,"Santa Lucía Cotzumalguapa",2,843,380,7,38,44,0,30,7,39,2,3,2,1,0,0,2,2,1,0,178,40,8,226,0,226,0,380,151,178,226,226,,1,b04eb2f46da649c5809cca9a66828bb0cbd43767303334b9cb5271aa5ae43bb6,26/06/2023 01:06:28,ESCANER
7501,"Escuintla",5,"Santa Lucía Cotzumalguapa",2,843,380,7,42,37,3,35,4,46,2,1,1,3,0,0,1,0,0,0,182,24,3,209,0,209,0,380,171,182,209,209,,1,2e24f9234c6553d84cc9155c4975f47d7abb66049f07956b873ec774f8aec7cb,25/06/2023 23:24:49,ESCANER
7502,"Escuintla",5,"Santa Lucía Cotzumalguapa",2,843,380,5,37,40,6,29,19,58,1,0,3,2,0,0,0,1,1,0,202,25,7,234,0,234,0,380,146,202,234,234,,1,880a65449cd83e73edf5a345cc02d3f3a41683b2b2f9c0bb8911ad70280f6d0c,26/06/2023 00:19:29,ESCANER
7503,"Escuintla",5,"Santa Lucía Cotzumalguapa",2,843,380,4,35,39,1,38,5,49,2,0,2,1,0,1,1,0,0,0,178,42,6,226,0,226,0,380,154,178,226,226,,1,582b411eb06533349c74b1c3c9909c48534fdac60f93b0ab8b944471f4c0ea15,26/06/2023 00:48:50,ESCANER
7504,"Escuintla",5,"Santa Lucía Cotzumalguapa",2,843,380,13,42,40,2,33,3,34,3,0,2,2,0,1,0,0,0,0,175,26,6,207,0,207,0,380,173,175,207,207,,1,cd3b58a4a3acee3af4cb827c7319e53e71287b4659cbdc85a9eb56cdd7fdf52b,26/06/2023 00:11:32,ESCANER
7505,"Escuintla",5,"Santa Lucía Cotzumalguapa",2,843,317,8,25,32,4,25,2,43,6,0,0,1,0,1,1,0,0,0,148,12,1,161,0,161,0,317,156,148,161,161,,1,b09984fc13d588f99cf030dd0aaa9c85e850bd5911e2f86fac702349c194924d,26/06/2023 00:04:26,ESCANER
7506,"Escuintla",5,"Santa Lucía Cotzumalguapa",2,843,317,6,23,27,3,30,5,39,0,0,2,1,0,0,1,0,0,0,137,10,1,148,0,148,0,317,169,137,148,148,,1,28ffa247478cc5586ced9fdd2c7002149dc8bfe7127f5d6c8f8e44fc0e00841f,25/06/2023 22:41:35,ESCANER
7507,"Escuintla",5,"Santa Lucía Cotzumalguapa",2,844,380,,,,,,,,,,,,,,,,,,,,,,,,,,,,,,,0,,,
7508,"Escuintla",5,"Santa Lucía Cotzumalguapa",2,844,380,7,32,33,4,67,10,54,2,0,9,5,16,2,4,1,1,0,247,27,4,278,0,278,0,380,102,247,278,278,,1,fdfa36149395313c2ee40a5728ffdd7ec18b29e91e1b7188b32aa93f21910380,26/06/2023 02:10:12,ESCANER
7509,"Escuintla",5,"Santa Lucía Cotzumalguapa",2,844,380,12,30,42,6,49,10,47,1,0,7,21,5,0,7,0,0,1,238,26,2,266,0,238,0,380,114,238,266,266,Sumas Asentadas sin cuadrar,1,5965dc71efba259392d1a0d31b2527a3c19623cd3f3d3e521b913b04202a0b0a,26/06/2023 01:33:30,ESCANER
7510,"Escuintla",5,"Santa Lucía Cotzumalguapa",2,844,380,4,29,46,7,56,3,40,8,5,5,25,3,0,2,1,3,0,237,28,3,268,2,270,2,377,107,237,268,270,,1,1428bb13e56e83f755e1e1a5d5c3ad6293409d01a75823c1d6f48fbbcacf45f4,26/06/2023 03:34:05,ESCANER
7511,"Escuintla",5,"Santa Lucía Cotzumalguapa",2,844,380,7,36,36,5,65,8,65,1,1,6,13,4,3,9,1,1,0,261,28,4,293,0,293,0,380,87,261,293,293,,1,c7b11bb3e6072faf6c1dec6cf69b91dcc4065ab51dee8609bd56eb04b2085cc9,26/06/2023 00:41:45,ESCANER
7512,"Escuintla",5,"Santa Lucía Cotzumalguapa",2,844,380,3,28,46,8,59,6,51,3,2,6,11,1,2,7,2,1,0,236,17,2,255,0,255,0,380,125,236,255,255,,1,607bf92f588ae2481ebe97d10588ebc6ef0ad2c29f5717f3d79a2f9ad84a210b,26/06/2023 03:04:13,ESCANER
7513,"Escuintla",5,"Santa Lucía Cotzumalguapa",2,844,380,,,,,,,,,,,,,,,,,,,,,,,,,,,,,,,0,,,
7514,"Escuintla",5,"Santa Lucía Cotzumalguapa",2,844,380,4,23,35,2,69,5,63,0,1,1,16,1,2,1,0,0,0,223,24,0,249,2,249,0,380,131,223,247,249,Sumas Asentadas sin cuadrar,1,4a4dec0eac44c4154328fd07df76359cdf8382b2635527dbef9a1f8a9d698bdf,26/06/2023 02:04:50,ESCANER
7515,"Escuintla",5,"Santa Lucía Cotzumalguapa",2,844,380,1,20,39,3,63,5,59,1,0,4,29,1,1,5,1,1,1,234,17,6,257,0,257,0,380,123,234,257,257,,1,249b2eb65ced1185efccc5789af78fb504ebf73f55a00ed11a5b0090047ca188,26/06/2023 03:17:07,ESCANER
7516,"Escuintla",5,"Santa Lucía Cotzumalguapa",2,844,380,4,29,27,5,54,6,53,7,1,4,18,0,0,3,0,0,0,211,27,6,244,0,244,0,380,136,211,244,244,,1,0e54eeeb6f5b8fdb0b2642e0adf0d27c415c727cf7ec1adcda4d8c9bc64d0950,26/06/2023 03:30:35,ESCANER
7517,"Escuintla",5,"Santa Lucía Cotzumalguapa",2,845,380,8,31,26,5,41,4,49,1,2,3,27,1,0,6,0,1,0,205,38,1,244,0,244,0,380,136,205,244,244,,1,42ffc0e5e16a58015e622a0bf13418a9f919d6fce7c2422f2f6dc547f925b9ba,26/06/2023 00:50:24,ESCANER
7518,"Escuintla",5,"Santa Lucía Cotzumalguapa",2,845,380,5,24,28,3,71,6,47,0,0,2,12,2,1,3,0,0,0,204,26,9,239,0,239,0,380,141,204,239,239,,1,d505e4a9bdff529874adc506f142f0840ae5c50981492c5d69a3938962c2aced,26/06/2023 01:31:26,ESCANER
7519,"Escuintla",5,"Santa Lucía Cotzumalguapa",2,845,380,5,27,35,2,61,4,54,4,1,2,12,1,0,4,0,0,0,212,14,2,228,0,228,0,377,149,212,228,228,,1,0e2de01da324925ca5af879672f4af54c5f70f631fcd4cbc3feadbb4026e9410,26/06/2023 01:09:27,ESCANER
7520,"Escuintla",5,"Santa Lucía Cotzumalguapa",2,845,380,6,20,19,4,52,0,39,4,2,5,13,0,0,4,0,0,1,169,8,3,180,0,180,0,377,197,169,180,180,,1,fcb6dd215c9e900cd8ebb716ba63b7ded08db60cf720c429fd4383fc095406b7,25/06/2023 23:15:04,ESCANER
7521,"Escuintla",5,"Santa Lucía Cotzumalguapa",2,845,316,3,21,31,4,43,2,52,1,1,3,14,1,0,4,0,0,0,180,8,0,188,0,188,0,316,128,180,188,188,,1,710441dcb081b21778faca441731ab67fdb6f6bc6fa37b9c1c823230a97a9d0b,26/06/2023 00:40:27,ESCANER
7522,"Escuintla",5,"Santa Lucía Cotzumalguapa",2,845,315,2,22,35,1,49,2,37,3,4,1,8,0,0,1,0,1,0,166,8,2,176,0,176,0,315,139,166,176,176,,1,6e1528afe0c2d587c1dd45a90b9e0ef849012aaff6cc67765e085136de17d465,26/06/2023 01:48:15,ESCANER
7523,"Escuintla",5,"Santa Lucía Cotzumalguapa",2,846,600,15,52,41,6,59,10,26,6,1,6,13,5,4,8,2,1,1,256,27,2,285,0,285,0,600,315,256,285,285,,1,6d7b2496f18e03fed3d918409084af804472f0806dca48db5d0906ed479d0095,26/06/2023 03:14:36,ESCANER
7524,"Escuintla",5,"Santa Lucía Cotzumalguapa",2,846,600,14,44,46,6,64,14,35,8,0,6,12,3,4,9,1,1,1,268,33,4,305,0,305,0,600,295,268,305,305,,1,8ea0e43cb5300e1e57067c8208cc30b032c5488c445586cb18b296da92a4e9e4,26/06/2023 03:17:03,ESCANER
7525,"Escuintla",5,"Santa Lucía Cotzumalguapa",2,846,600,13,41,53,6,66,11,38,10,3,2,15,8,7,2,0,2,0,277,21,2,300,0,300,0,600,300,277,300,300,,1,9faa8c38e1b620a467951fdc57420a6a3c5b364e6963eec761d469d4d23a23f5,26/06/2023 01:30:56,ESCANER
7526,"Escuintla",5,"Santa Lucía Cotzumalguapa",2,846,600,12,48,50,3,55,10,26,6,0,3,11,6,4,3,3,1,0,241,31,2,274,0,274,0,600,326,241,274,274,,1,d35274d993f5b3c393c7f8598e372490f07945a63fdc32d97d3abce10880ae58,26/06/2023 02:37:37,ESCANER
7527,"Escuintla",5,"Santa Lucía Cotzumalguapa",2,847,600,10,49,34,10,63,4,45,8,1,5,12,10,3,8,0,1,2,265,20,5,290,0,290,0,600,310,265,290,290,,1,dead2d1ed8a8ece131ffe9f92f4fe1f7fbcf5354322be99ab8ac332a5e0f3608,26/06/2023 02:05:57,ESCANER
7528,"Escuintla",5,"Santa Lucía Cotzumalguapa",2,847,600,7,30,39,4,61,9,34,2,2,2,10,6,2,4,3,1,0,216,20,0,236,0,236,0,0,0,216,236,236,,1,8c7e941612a35609ac3c03cc8d48dc1b30ab89eac5e949190b875ba4c7980321,26/06/2023 02:05:36,ESCANER
7529,"Escuintla",5,"Santa Lucía Cotzumalguapa",2,847,600,11,38,28,3,53,7,40,9,1,6,5,8,5,5,0,2,1,222,21,3,246,0,246,0,596,350,222,246,246,,1,f6663e8020e080a34e50360254d5adb29dc9de47293eedcec017f867e8de23c3,26/06/2023 01:46:20,ESCANER
7530,"Escuintla",5,"Santa Lucía Cotzumalguapa",2,847,600,6,40,30,2,58,3,29,5,1,3,4,2,0,7,0,1,0,191,17,2,210,0,210,0,600,390,191,210,210,,1,be69f84c1bc2d82bca36997ef35214fe20551e7392652bb49ad16a521cac376a,26/06/2023 00:45:41,ESCANER
7531,"Escuintla",5,"Santa Lucía Cotzumalguapa",2,847,600,6,15,28,2,26,6,18,6,0,2,6,0,0,4,0,0,1,120,13,2,135,0,135,0,600,465,120,135,135,,1,77475bc57480959cd70237dd0d9d5ca352a5a9798e793689d1ddc3c58fb29c1f,26/06/2023 01:50:55,ESCANER
7532,"Escuintla",5,"Santa Lucía Cotzumalguapa",2,847,334,0,7,4,1,10,2,5,0,0,2,0,1,1,1,0,0,0,34,4,1,39,0,39,--,334,295,34,39,39,Algún campo sin dato,1,2bb95f13a0c6d6664c80861297c2c9681338936711e6292468c03bb26de30098,26/06/2023 00:00:54,ESCANER
7533,"Escuintla",5,"Santa Lucía Cotzumalguapa",2,847,333,1,2,5,0,8,0,2,1,0,1,1,1,1,1,0,0,0,24,1,0,25,0,25,0,333,308,24,25,25,,1,6fe5409eed9dcd422298f1b7825499f2dcf1a9600d58e734b4f2df9af92d3b3b,25/06/2023 22:10:49,ESCANER