﻿TIPO_DE_ELECCIÓN:,CORPORACIÓN MUNICIPAL
26 junio 2023 03:36 (UTC -6)
ACTAS_ESPERADAS,ACTAS_CAPTURADAS,PORCENTAJE_ACTAS_CAPTURADAS,ACTAS_CONTABILIZADAS,PORCENTAJE_ACTAS_CONTABILIZADAS,ACTAS_NO_CONTABILIZADAS,LISTA_NOMINAL_ACTAS_CONTABILIZADAS,VOTOS_EMITIDOS_CONTABILIZADAS,PORCENTAJE_PARTICIPACIÓN_CIUDADANA
84,82,97.6190,82,97.6190,0,31712,18815,59.3308

MESA,DEPARTAMENTO,ID_DEPARTAMENTO,MUNICIPIO,ID_MUNICIPIO,CENTRO_DE_VOTACIÓN,PADRÓN,TODOS,VIVA,CABAL,VAMOS,WINAQ,PHG,VOS,LA PAPA,CREO,MLP,UNE,CAMBIO,VALOR UNIONISTA,VÁLIDOS,NULOS,BLANCO,EMITIDOS,INVÁLIDOS,TOTAL,IMPUGNACIONES,PAPELETAS-RECIBIDAS,PAPELETAS-NO-USADAS,VALIDOS_CALCULADO,EMITIDOS_CALCULADO,TOTAL_CALCULADO,OBSERVACIONES,CONTABILIZADA,CÓDIGO_INTEGRIDAD,FECHA_HORA_PUBLICACIÓN,DIGITALIZACIÓN
10927,"Quetzaltenango",9,"Ostuncalco",9,1461,400,40,4,54,18,4,36,44,25,7,5,7,4,9,257,18,3,278,0,278,--,397,119,257,278,278,Algún campo sin dato,1,e8653ab72ffab324b8565cad4a1f443ffdd5fd5bcc7df70381dcf7ddf25ed6c0,26/06/2023 01:38:39,ESCANER
10928,"Quetzaltenango",9,"Ostuncalco",9,1461,400,40,8,55,11,1,25,55,16,13,5,2,5,10,246,27,10,283,0,0,--,397,114,246,283,283,Algún campo sin dato,1,cf05721a6a83190ca58340b1353656540f5ce9737197879103691e238830d8e5,26/06/2023 01:27:43,ESCANER
10929,"Quetzaltenango",9,"Ostuncalco",9,1461,400,26,7,61,12,1,26,49,26,11,6,2,9,11,247,11,7,265,135,400,--,400,135,247,265,400,Algún campo sin dato,1,51e31150c32c518301262ff2d870a6c2fd7a417d3498fb5e0ea4fac877b5003d,26/06/2023 00:16:35,ESCANER
10930,"Quetzaltenango",9,"Ostuncalco",9,1461,400,52,10,47,11,5,18,55,24,17,5,7,1,19,271,10,5,286,0,286,--,400,114,271,286,286,Algún campo sin dato,1,25a23e8877379cac563f60198328ae2db71466480af53d6f17eadad9a257fd34,26/06/2023 02:04:51,ESCANER
10931,"Quetzaltenango",9,"Ostuncalco",9,1461,400,50,9,59,12,3,22,46,26,16,3,2,1,14,269,11,10,290,0,290,--,400,110,263,284,284,Sumas Asentadas sin cuadrar,1,e582bdac2c84e11e4ee0d3f2417ae3002cc197fdbaf0fd91c3d41ecef5feb0b7,26/06/2023 01:42:16,ESCANER
10932,"Quetzaltenango",9,"Ostuncalco",9,1461,400,41,4,60,16,4,28,41,26,10,7,5,2,8,252,26,5,283,0,283,--,400,117,252,283,283,Algún campo sin dato,1,7ee17097edb00bc574c6cf7367023c297f7e1712249c9ef553708f43d6900ea0,26/06/2023 02:14:11,ESCANER
10933,"Quetzaltenango",9,"Ostuncalco",9,1461,400,45,8,62,12,3,22,31,33,19,3,2,1,11,252,12,7,271,0,271,--,400,129,252,271,271,Algún campo sin dato,1,01e50e1e90a7dd3bb1a862760c452bf8d0e175c24244fbae391aaa382ba4489b,26/06/2023 01:32:52,ESCANER
10934,"Quetzaltenango",9,"Ostuncalco",9,1461,400,37,6,66,10,1,29,55,31,13,4,4,3,14,273,14,4,291,0,291,--,400,109,273,291,291,Algún campo sin dato,1,1e1956a6f009727697a462df916bde20510154d980f78f604baf6d7358e0f833,26/06/2023 00:56:41,ESCANER
10935,"Quetzaltenango",9,"Ostuncalco",9,1461,400,42,6,49,15,3,22,38,32,19,5,0,6,10,247,9,0,256,0,256,--,400,144,247,256,256,Algún campo sin dato,1,37d06f423c65fe04f351868de59470c8cf93ae9e90edb99257737d78018b7bf4,26/06/2023 00:45:58,ESCANER
10936,"Quetzaltenango",9,"Ostuncalco",9,1461,400,38,2,44,14,2,24,34,36,15,2,1,2,11,225,11,3,239,0,239,0,397,158,225,239,239,,1,007f2c352711d704674b5c64299170923518e60ecd8751ec8a1079c58998cddb,26/06/2023 00:37:06,ESCANER
10937,"Quetzaltenango",9,"Ostuncalco",9,1462,400,48,3,50,21,7,20,47,37,14,3,4,2,10,266,7,1,274,0,274,--,400,126,266,274,274,Algún campo sin dato,1,ba0e086e164006b502aca71a5e56363d384ddaeac00d5d9ceb6dcc8bdc23fbb1,26/06/2023 02:00:58,ESCANER
10938,"Quetzaltenango",9,"Ostuncalco",9,1462,400,44,6,53,8,6,28,37,34,10,3,1,8,13,251,8,3,262,0,262,--,400,138,251,262,262,Algún campo sin dato,1,1a62510ba0b883fa387b4a07b0170cd4988454c6bd974cf32f5b75518ca1d308,26/06/2023 00:00:05,ESCANER
10939,"Quetzaltenango",9,"Ostuncalco",9,1462,400,44,7,34,18,3,26,63,33,17,1,4,6,5,261,9,2,272,0,272,--,400,128,261,272,272,Algún campo sin dato,1,95185df08c6c194147542cab76cfb84c6e1b4aa0811419ab93435ee516535773,26/06/2023 01:48:07,ESCANER
10940,"Quetzaltenango",9,"Ostuncalco",9,1462,400,37,10,48,17,3,21,42,37,21,8,4,6,12,266,9,2,278,0,278,1,400,122,266,277,277,Sumas Asentadas sin cuadrar,1,19c8aaba9006c2d6e3ef45f02d9eb000bc15e540a34c54d7dac2c66edebc0953,26/06/2023 01:53:51,ESCANER
10941,"Quetzaltenango",9,"Ostuncalco",9,1462,400,38,12,46,13,3,18,57,37,11,5,2,5,15,262,3,4,269,0,269,--,400,131,262,269,269,Algún campo sin dato,1,87fb9b5a072831b029a05c12b6adb07ea14dfe7140d1efc09c3dadb251cf716e,26/06/2023 03:10:22,ESCANER
10942,"Quetzaltenango",9,"Ostuncalco",9,1462,400,39,4,43,13,5,23,49,43,10,2,2,2,14,249,14,3,266,0,266,--,400,134,249,266,266,Algún campo sin dato,1,89231a9ef0c933bc34c69ac6bf0dd1af09738b746531c2ef51218b1df608112d,26/06/2023 01:29:56,ESCANER
10943,"Quetzaltenango",9,"Ostuncalco",9,1462,400,35,8,41,23,3,12,43,23,16,2,0,7,12,225,12,5,242,0,--,--,400,158,225,242,242,Algún campo sin dato,1,571ea524d9efd319db5d677c2415d63ceb82cd2f5f99ec67514344c5e0a79c31,25/06/2023 22:46:53,ESCANER
10944,"Quetzaltenango",9,"Ostuncalco",9,1462,400,40,5,44,12,3,18,34,34,11,4,1,7,9,222,3,1,226,0,226,--,400,174,222,226,226,Algún campo sin dato,1,e039f9492f0eedd70c31fcd59800473b17851b9181c1c4acb1f5fc6d7b5cbafa,26/06/2023 01:45:24,ESCANER
10945,"Quetzaltenango",9,"Ostuncalco",9,1462,400,35,11,55,13,4,21,40,27,13,2,0,0,7,228,3,0,231,1,232,1,400,168,228,231,232,,1,a556e8abdbd197ae5ad973cdc31712147db8bea066b854fbeb40c3c21130783c,26/06/2023 01:18:49,ESCANER
10946,"Quetzaltenango",9,"Ostuncalco",9,1462,400,38,9,57,18,2,16,38,36,9,6,1,3,10,243,4,1,248,0,248,--,400,152,243,248,248,Algún campo sin dato,1,30a941491b9b9abb4f24f7412fec9521f4448c438d33a7aeae785d751a6d3c58,25/06/2023 23:50:29,ESCANER
10947,"Quetzaltenango",9,"Ostuncalco",9,1463,400,31,8,50,20,6,15,36,19,9,1,0,4,11,210,2,1,213,0,213,--,400,187,210,213,213,Algún campo sin dato,1,80c5e66122687f0b0f6c604bec44b0bd8e620cf48eb05b8b420ea1b419443040,25/06/2023 23:13:56,ESCANER
10948,"Quetzaltenango",9,"Ostuncalco",9,1463,301,29,3,50,11,1,20,38,13,12,1,2,3,3,186,4,0,190,1,191,--,298,107,186,190,191,Algún campo sin dato,1,d38cb2e40dc8b04a1bc2a104309d6018215e86c5c0c450f2b820c54015d67875,25/06/2023 23:20:18,ESCANER
10949,"Quetzaltenango",9,"Ostuncalco",9,1463,300,21,4,33,11,1,19,33,17,5,6,1,2,7,160,5,1,166,0,166,--,299,133,160,166,166,Algún campo sin dato,1,966d13fb282bb4366610d139a041537b7c0a88c3f0e1f9e922cf670827be46b5,26/06/2023 00:56:03,ESCANER
10950,"Quetzaltenango",9,"Ostuncalco",9,1464,400,28,5,55,26,0,16,27,21,4,1,4,6,19,212,16,8,236,0,236,--,400,164,212,236,236,Algún campo sin dato,1,307c2bfea08f7eb4e50601e6bcf2fdf355d8ba22ab4c897cbaed2267acb38b58,26/06/2023 00:58:34,ESCANER
10951,"Quetzaltenango",9,"Ostuncalco",9,1464,400,37,6,77,32,4,14,32,13,5,3,7,0,11,241,11,11,263,0,263,--,400,137,241,263,263,Algún campo sin dato,1,9ebcec8da0bcee6f311578601569e598e6d58a06ae7f400f639ad6d68c8705e1,26/06/2023 01:08:35,ESCANER
10952,"Quetzaltenango",9,"Ostuncalco",9,1464,400,31,5,50,24,5,19,17,13,12,2,3,5,13,199,13,6,218,0,218,2,400,180,199,218,218,,1,ca4e289b8431366d9a1dc5c7fda0cda454db9f3d43f33a380aaabc00638864f0,26/06/2023 01:46:06,ESCANER
10953,"Quetzaltenango",9,"Ostuncalco",9,1464,400,33,12,53,23,2,14,27,15,16,0,6,6,11,218,14,5,237,0,237,--,400,163,218,237,237,Algún campo sin dato,1,04593d6790c441d047ab649b99ddf29962e577e15a7ac21acc6e09316cbeef0c,26/06/2023 01:42:16,ESCANER
10954,"Quetzaltenango",9,"Ostuncalco",9,1464,204,14,6,23,14,0,5,19,12,8,1,0,2,4,108,2,1,111,0,111,--,204,93,108,111,111,Algún campo sin dato,1,4c16fddb3e5da0a4e0b43ad48a19414e52beb848a7be730fa2dfd57fdeea7913,25/06/2023 21:17:19,ESCANER
10955,"Quetzaltenango",9,"Ostuncalco",9,1464,203,13,1,32,14,3,8,6,10,2,1,1,5,5,101,1,0,102,0,102,--,203,101,101,102,102,Algún campo sin dato,1,0aa39c650447ff86a8f71520bbaea29da69bebec88f90e6487bd8f4e3adf68bd,25/06/2023 21:58:00,ESCANER
10956,"Quetzaltenango",9,"Ostuncalco",9,1465,400,51,6,77,22,2,17,19,19,4,2,5,2,24,281,22,9,281,0,281,--,396,115,250,281,281,Sumas Asentadas sin cuadrar,1,0c73335da1499428f52bdab25870d63ba3b767973784a56bcea6e87793c7b190,26/06/2023 01:41:45,ESCANER
10957,"Quetzaltenango",9,"Ostuncalco",9,1465,400,63,3,81,24,2,22,16,12,2,0,7,2,23,257,14,15,29,0,286,--,400,114,257,286,286,Sumas Asentadas sin cuadrar,1,e8b707973d13ee079a3cdfeaf68f26ae3e5bebb9f4c8007adb2587311d093d3a,25/06/2023 23:44:36,ESCANER
10958,"Quetzaltenango",9,"Ostuncalco",9,1465,400,32,2,102,27,3,17,17,17,3,3,4,1,24,252,18,17,287,1,288,--,396,108,252,287,288,Algún campo sin dato,1,b287ba0e71b89ac5df4deafe065c5238e18877729108108d5aee0e7a859103d4,26/06/2023 01:02:53,ESCANER
10959,"Quetzaltenango",9,"Ostuncalco",9,1465,400,36,6,107,19,2,21,13,14,6,1,2,0,24,251,9,4,264,0,264,--,400,136,251,264,264,Algún campo sin dato,1,1a781fcaa48f144cb44445690864e6486945899db6a6b0b42bae19e3bb19ba8a,26/06/2023 00:51:17,ESCANER
10960,"Quetzaltenango",9,"Ostuncalco",9,1465,400,36,5,75,17,2,19,24,25,5,3,3,2,22,238,12,6,256,0,238,--,--,--,238,256,256,Sumas Asentadas sin cuadrar,1,c1e58eafc7072eb160a4893277471b4429f177be038f902d961f9ba048c670a9,25/06/2023 23:33:42,ESCANER
10961,"Quetzaltenango",9,"Ostuncalco",9,1465,353,46,5,91,14,2,9,12,6,6,0,2,1,30,224,3,0,227,0,227,--,353,126,224,227,227,Algún campo sin dato,1,37f787a69f91f92a4c013bc0204152e009b4bff990faad8d72515300c18faf21,26/06/2023 00:27:37,ESCANER
10962,"Quetzaltenango",9,"Ostuncalco",9,1465,353,27,0,87,7,1,20,19,8,1,0,0,0,17,187,4,4,195,0,195,--,353,158,187,195,195,Algún campo sin dato,1,d88ad4cf9cf5b02d4eee90878b14e91b9b6a3975ea7de8131a68406357ea2125,25/06/2023 23:59:03,ESCANER
10963,"Quetzaltenango",9,"Ostuncalco",9,1466,380,105,0,27,13,0,2,5,45,1,1,2,0,11,212,11,18,241,0,241,--,380,139,212,241,241,Algún campo sin dato,1,6c6b5244a6c9b2b807f4f30706ed1bdc05767f14409b9d3c6418f92e05171f21,26/06/2023 00:59:04,ESCANER
10964,"Quetzaltenango",9,"Ostuncalco",9,1466,380,,,,,,,,,,,,,,,,,,,,,,,,,,,0,,,
10965,"Quetzaltenango",9,"Ostuncalco",9,1466,380,100,2,40,8,0,4,4,38,2,0,1,2,3,204,20,12,236,0,236,--,392,156,204,236,236,Algún campo sin dato,1,06c4ac235200600bef13535607fb61f653303f47903c748094d428ef4a442be8,25/06/2023 23:56:38,ESCANER
10966,"Quetzaltenango",9,"Ostuncalco",9,1466,380,102,2,29,12,2,3,4,38,2,2,2,0,5,203,22,11,236,0,236,--,380,144,203,236,236,Algún campo sin dato,1,80f442e13a9f0c1add18d0f2c97e26e85bb3bf631025518c6f7d94b1284cc5e0,26/06/2023 03:02:19,ESCANER
10967,"Quetzaltenango",9,"Ostuncalco",9,1466,380,96,2,40,8,2,1,4,41,1,1,1,0,5,202,26,7,235,0,235,--,380,145,202,235,235,Algún campo sin dato,1,f6ea15cf724a3466e0a40d1eb8d2e97ddc49cb0f4d3162936688bf33b404499c,26/06/2023 01:04:43,ESCANER
10968,"Quetzaltenango",9,"Ostuncalco",9,1466,380,98,2,35,7,1,6,7,33,1,2,2,0,3,197,20,18,235,0,235,--,380,145,197,235,235,Algún campo sin dato,1,7fef28225ce4d94194210450d5e2cad829da800d58fdfe9c1bf79c5d8704b214,26/06/2023 00:50:55,ESCANER
10969,"Quetzaltenango",9,"Ostuncalco",9,1466,380,,,,,,,,,,,,,,,,,,,,,,,,,,,0,,,
10970,"Quetzaltenango",9,"Ostuncalco",9,1466,380,102,1,43,9,2,3,8,41,2,0,1,0,4,216,12,6,234,0,234,--,380,143,216,234,234,Algún campo sin dato,1,68250c40c529e18e3b6ddba1f33776f3719ab8e6d14baf922037b561758c9584,26/06/2023 02:40:39,ESCANER
10971,"Quetzaltenango",9,"Ostuncalco",9,1466,380,85,1,26,8,0,3,3,33,0,0,5,2,7,173,10,1,184,11,184,--,380,196,173,184,195,Sumas Asentadas sin cuadrar,1,986bed0f8f24ca311649495ba51c743d7cf504c4a32c7b7a02646060e3f0cdba,26/06/2023 00:46:56,ESCANER
10972,"Quetzaltenango",9,"Ostuncalco",9,1466,380,83,2,27,6,0,6,5,49,1,1,1,0,8,189,16,9,214,0,214,--,380,166,189,214,214,Algún campo sin dato,1,c87c10ab217e4c390bd1e6ae3fd81c5f530bfac3ee1324a348788eb08b2d33b2,26/06/2023 01:04:11,ESCANER
10973,"Quetzaltenango",9,"Ostuncalco",9,1466,380,85,1,28,9,1,2,10,46,1,0,3,0,9,195,10,7,212,0,212,--,380,165,195,212,212,Algún campo sin dato,1,2fb5b60235919964e3538ab71d98166a48ed653bbc2e71047a39f4a4dcebc514,26/06/2023 01:05:39,ESCANER
10974,"Quetzaltenango",9,"Ostuncalco",9,1466,380,84,1,40,12,0,2,7,38,2,0,6,0,6,198,8,7,213,0,213,--,380,167,198,213,213,Algún campo sin dato,1,6f8b09fed5d9dbe62cfdbde67da7537a8caa3028a3e04df799a766c92770beb1,25/06/2023 23:01:07,ESCANER
10975,"Quetzaltenango",9,"Ostuncalco",9,1466,380,73,1,28,9,4,2,5,30,0,0,0,1,2,155,10,6,171,209,380,--,380,209,155,171,380,Algún campo sin dato,1,ac823d7aebead283a35df60dafe1cfaca391551823467f67922abefeccbf7e62,26/06/2023 00:28:41,ESCANER
10976,"Quetzaltenango",9,"Ostuncalco",9,1466,380,66,0,38,5,2,2,10,31,0,1,2,3,7,168,5,0,173,0,173,--,380,207,167,172,172,Sumas Asentadas sin cuadrar,1,ad0483bf28177c41538fece7d32a12703e5cf90b785121880224fe738edcdf6d,25/06/2023 23:25:23,ESCANER
10977,"Quetzaltenango",9,"Ostuncalco",9,1466,380,104,0,39,5,0,2,6,20,0,0,1,0,7,184,4,0,188,0,188,--,380,192,184,188,188,Algún campo sin dato,1,9ebce86045916644aa18a004175b42141111927c911bb076bc5cdd39349a5e28,25/06/2023 23:33:40,ESCANER
10978,"Quetzaltenango",9,"Ostuncalco",9,1466,374,85,0,35,5,0,0,2,30,1,0,2,2,6,168,1,1,170,0,170,--,374,204,168,170,170,Algún campo sin dato,1,afad9989497788b70d270281e7414f5105790fa5e4dbfeed08facc0ab453a67c,25/06/2023 22:03:14,ESCANER
10979,"Quetzaltenango",9,"Ostuncalco",9,1466,374,95,0,24,6,2,1,3,30,0,0,3,0,1,165,4,9,178,--,--,--,374,196,165,178,178,Algún campo sin dato,1,136a6fc5d517abe65f33b879bcb44255330bae8eeb553599c87ac88f9c8d83eb,25/06/2023 22:39:37,ESCANER
10980,"Quetzaltenango",9,"Ostuncalco",9,1467,380,81,9,60,27,5,7,14,11,8,0,2,4,4,232,20,11,263,0,263,--,380,117,232,263,263,Algún campo sin dato,1,7a87514045ab664c187b8024e68db340bdad22d70957bd7a555fd80f937c2e29,25/06/2023 23:04:42,ESCANER
10981,"Quetzaltenango",9,"Ostuncalco",9,1467,380,77,5,73,23,1,11,10,9,7,2,5,0,1,234,32,14,280,0,280,--,380,100,224,270,270,Sumas Asentadas sin cuadrar,1,e252c3d80ac96661217b3793a3e8e8ca3c85c6c749cbb0258bf6783b945a6ecc,26/06/2023 01:58:45,ESCANER
10982,"Quetzaltenango",9,"Ostuncalco",9,1467,380,76,4,77,27,4,10,9,11,9,2,1,2,10,242,19,14,275,0,275,--,377,102,242,275,275,Algún campo sin dato,1,7ca3836fd672cc683c19d02eca64376207cf70fe8ee716e92e48b9aca27c5338,26/06/2023 01:46:55,ESCANER
10983,"Quetzaltenango",9,"Ostuncalco",9,1467,380,72,7,78,37,3,12,8,7,6,1,4,1,9,245,17,16,278,0,278,--,377,99,245,278,278,Algún campo sin dato,1,9b0874d1e8618bbefafd25fdbc02a0f1309744de642d0e003d0fd349cb81e515,26/06/2023 00:04:11,ESCANER
10984,"Quetzaltenango",9,"Ostuncalco",9,1467,380,80,3,86,19,4,9,12,12,4,2,0,0,9,240,16,15,376,0,376,1,377,105,240,271,271,Sumas Asentadas sin cuadrar,1,06bea51d1a28d4bbd6843d90ddccea4ea0427f5420f4b5a30451e1ba886a19d6,26/06/2023 02:12:36,ESCANER
10985,"Quetzaltenango",9,"Ostuncalco",9,1467,380,89,1,78,28,2,7,9,16,7,4,3,1,8,253,16,22,291,0,291,--,380,89,253,291,291,Algún campo sin dato,1,9ab4238d891a86cf3a684ed7158841f6df6675a438c556c2ed783a530ac3a766,26/06/2023 01:20:37,ESCANER
10986,"Quetzaltenango",9,"Ostuncalco",9,1467,380,75,3,75,18,3,11,6,10,6,2,3,1,7,220,12,5,237,0,237,--,380,143,220,237,237,Algún campo sin dato,1,120af43097f03c86a0f0cd1d42cb5a105f1e708ac80ee449ac08820a250fb2dc,26/06/2023 00:45:47,ESCANER
10987,"Quetzaltenango",9,"Ostuncalco",9,1467,380,54,5,79,32,3,5,9,11,6,0,2,5,7,218,12,5,235,0,235,1,377,141,218,235,235,,1,7009a9dca0a3964f22f1831c21b8958347a9f337be1a4c9aa5065bcf0c800877,26/06/2023 01:54:18,ESCANER
10988,"Quetzaltenango",9,"Ostuncalco",9,1467,380,77,4,62,31,2,14,7,9,9,3,3,1,7,229,15,9,253,0,253,--,378,125,229,253,253,Algún campo sin dato,1,d50251e902ec0caa761575fc8b9b737d46aac71aae5839c18be2a2b71c7c815d,26/06/2023 01:38:54,ESCANER
10989,"Quetzaltenango",9,"Ostuncalco",9,1467,380,65,3,51,35,4,12,9,20,7,3,3,1,11,224,20,6,250,0,250,--,380,130,224,250,250,Algún campo sin dato,1,2d41baf14754e04c0ca4c17fd556c799c1bfb694fb0834d965e33a42dd0156cb,26/06/2023 01:08:28,ESCANER
10990,"Quetzaltenango",9,"Ostuncalco",9,1467,380,71,4,55,25,3,10,10,6,3,0,1,3,3,194,3,6,9,0,0,--,377,174,194,203,203,Sumas Asentadas sin cuadrar,1,4547fd4e44246c81551e61ccd0ced3a2c3761165ffff1bb1937ee3719775a4d7,26/06/2023 01:49:11,ESCANER
10991,"Quetzaltenango",9,"Ostuncalco",9,1467,380,79,2,75,11,2,15,3,12,11,1,0,5,6,222,2,0,224,0,224,--,380,156,222,224,224,Algún campo sin dato,1,68f9cf9733251e58860bd7bce94d5ccc73bcfb82ecc157d156dc915a6567a4da,25/06/2023 22:55:55,ESCANER
10992,"Quetzaltenango",9,"Ostuncalco",9,1467,380,69,1,74,17,6,20,13,6,4,2,0,5,4,221,1,0,222,0,222,--,--,--,221,222,222,Algún campo sin dato,1,fc3102635ad699748ac6458139d3b86ef1ff10c80fec1d0fd592ac09a4c2a999,25/06/2023 23:16:58,ESCANER
10993,"Quetzaltenango",9,"Ostuncalco",9,1467,226,41,5,34,12,3,7,6,8,0,3,6,0,5,130,3,0,133,1,134,--,226,89,130,133,134,Algún campo sin dato,1,86257d97a2eebf02244d01e37b0a74c4aa1e008dbbcc05efe221062e054ad916,26/06/2023 01:31:51,ESCANER
10994,"Quetzaltenango",9,"Ostuncalco",9,1467,225,44,1,30,16,2,5,5,4,0,2,1,0,5,115,4,4,123,3,126,--,225,99,115,123,126,Algún campo sin dato,1,eb9346343ae559d443453b354fc0920b38d2d87056d2f7b4d4cf04947802e7fe,26/06/2023 01:36:59,ESCANER
10995,"Quetzaltenango",9,"Ostuncalco",9,1468,380,39,2,85,25,4,15,3,3,5,2,3,0,40,226,17,13,256,0,256,--,380,124,226,256,256,Algún campo sin dato,1,674848e26840cdc4304ef0aa839a0f0edbfc5e572c4dbb7ff5dbfbc852c959f2,26/06/2023 01:26:29,ESCANER
10996,"Quetzaltenango",9,"Ostuncalco",9,1468,380,45,6,96,17,5,5,6,6,6,2,3,2,43,242,16,18,276,0,276,--,380,104,242,276,276,Algún campo sin dato,1,8c9133c7ed2579035db21a65a6e99c7046e60efbcd195743131f3de8f4d5b190,26/06/2023 00:18:17,ESCANER
10997,"Quetzaltenango",9,"Ostuncalco",9,1468,380,35,0,104,20,4,8,3,9,4,0,0,1,46,234,16,19,269,0,269,1,380,111,234,269,269,,1,2d9f8b72742f36490decb68638ff5ba894acc7f4703d325e6a7f25706f4647e0,25/06/2023 23:57:10,ESCANER
10998,"Quetzaltenango",9,"Ostuncalco",9,1468,380,49,2,97,19,4,11,3,7,5,2,3,0,31,233,14,21,268,0,268,--,380,112,233,268,268,Algún campo sin dato,1,f51f8fcb79516b1510baaf9325f97d190d00ccf54270271cfaccb62ea069e407,26/06/2023 00:58:25,ESCANER
10999,"Quetzaltenango",9,"Ostuncalco",9,1468,380,32,2,111,20,4,9,2,14,6,1,1,1,31,234,19,14,267,0,267,--,380,110,234,267,267,Algún campo sin dato,1,2f8717af41df44feee2481d8ef011ad993b6413b67c28fb4e6131cc9d25b24d1,26/06/2023 00:42:16,ESCANER
11000,"Quetzaltenango",9,"Ostuncalco",9,1468,380,23,4,92,15,1,9,1,7,9,0,3,1,47,212,8,8,228,0,228,--,380,152,212,228,228,Algún campo sin dato,1,8ee10398900956190e1de6b222e786fa7ebfc065f6a97a98124ede2ca2f202cb,25/06/2023 23:20:49,ESCANER
11001,"Quetzaltenango",9,"Ostuncalco",9,1468,380,27,4,83,14,11,12,3,8,1,2,2,2,49,218,8,5,231,0,231,--,380,149,218,231,231,Algún campo sin dato,1,f61231f9df03efa54061448589b56926106f869dab3722b4e28892d68babb15e,25/06/2023 22:39:10,ESCANER
11002,"Quetzaltenango",9,"Ostuncalco",9,1468,380,31,6,93,15,6,4,2,8,1,1,1,0,54,222,7,9,238,0,238,--,380,142,222,238,238,Algún campo sin dato,1,0f7d00d73cccddca645261bea51a843967c9965fd02f99c5dcc09ef828297795,25/06/2023 22:47:25,ESCANER
11003,"Quetzaltenango",9,"Ostuncalco",9,1468,380,34,2,101,17,8,7,1,8,1,0,1,0,40,220,4,2,226,0,226,--,380,154,220,226,226,Algún campo sin dato,1,d853322654641a61ff7b8ac2018d5624875a40f41a6e8f4f61460b1fa21be60e,25/06/2023 23:47:37,ESCANER
11004,"Quetzaltenango",9,"Ostuncalco",9,1468,250,20,2,61,14,1,4,2,4,1,1,0,0,30,140,1,0,141,0,141,--,250,109,140,141,141,Algún campo sin dato,1,46d18aaa475c1a4bd745948d5b04419fd4ffcec1b3e74037bbc348d0bc0bd56c,25/06/2023 22:29:06,ESCANER
11005,"Quetzaltenango",9,"Ostuncalco",9,1468,249,24,1,43,9,9,2,3,5,3,1,0,0,25,125,4,9,138,0,138,--,249,211,125,138,138,Algún campo sin dato,1,a9485b3bc4857d1709d34ab7d715b330e2652c5a2b23e4a94e26929e0c2c567d,26/06/2023 00:55:05,ESCANER
11006,"Quetzaltenango",9,"Ostuncalco",9,1469,600,38,1,23,11,2,8,21,17,3,1,5,1,11,142,16,4,162,0,162,--,600,438,142,162,162,Algún campo sin dato,1,56f89879fe9a387814cc885e6146b426425b11a3d7823063e3b49a9caef0fb19,26/06/2023 00:53:06,ESCANER
11007,"Quetzaltenango",9,"Ostuncalco",9,1469,600,33,2,30,6,6,16,30,17,5,2,2,2,15,166,18,7,191,1,192,--,600,408,166,191,192,Algún campo sin dato,1,a28fbc8fa81b1385055428158ee714e8f685dbbf15f7c8aa577a8a5810716067,25/06/2023 23:24:04,ESCANER
11008,"Quetzaltenango",9,"Ostuncalco",9,1469,600,38,5,26,10,6,17,32,33,8,3,3,4,11,196,9,2,196,0,207,--,600,393,196,207,207,Sumas Asentadas sin cuadrar,1,bbf5f8c6e5fc9e7d4cc5e5801bc06f6b0567944fb7cd135ce1cbbb8d5db89428,25/06/2023 23:59:54,ESCANER
11009,"Quetzaltenango",9,"Ostuncalco",9,1469,600,34,6,19,17,1,15,29,20,3,3,7,3,8,165,17,8,190,0,190,--,596,406,165,190,190,Algún campo sin dato,1,e51a1e8ee7d03c47a5cc1a58fc5024ec6c258008bc6f8590ec120b0c4dc6e29c,26/06/2023 01:22:58,ESCANER
11010,"Quetzaltenango",9,"Ostuncalco",9,1469,600,13,0,6,2,0,4,2,6,3,1,0,0,3,40,2,3,45,0,45,--,600,555,40,45,45,Algún campo sin dato,1,e04de5b8e6dabadaf3bcba4c6580507563b17479bf66f0de71551ff5650d2d71,25/06/2023 23:06:18,ESCANER