﻿TIPO_DE_ELECCIÓN:,CORPORACIÓN MUNICIPAL
26 junio 2023 03:36 (UTC -6)
ACTAS_ESPERADAS,ACTAS_CAPTURADAS,PORCENTAJE_ACTAS_CAPTURADAS,ACTAS_CONTABILIZADAS,PORCENTAJE_ACTAS_CONTABILIZADAS,ACTAS_NO_CONTABILIZADAS,LISTA_NOMINAL_ACTAS_CONTABILIZADAS,VOTOS_EMITIDOS_CONTABILIZADAS,PORCENTAJE_PARTICIPACIÓN_CIUDADANA
97,92,94.8453,92,94.8453,0,34949,21273,60.8686

MESA,DEPARTAMENTO,ID_DEPARTAMENTO,MUNICIPIO,ID_MUNICIPIO,CENTRO_DE_VOTACIÓN,PADRÓN,VAMOS,CABAL,UNE,AZUL,VIVA,PPN,TODOS,P A N,VALOR UNIONISTA,VÁLIDOS,NULOS,BLANCO,EMITIDOS,INVÁLIDOS,TOTAL,IMPUGNACIONES,PAPELETAS-RECIBIDAS,PAPELETAS-NO-USADAS,VALIDOS_CALCULADO,EMITIDOS_CALCULADO,TOTAL_CALCULADO,OBSERVACIONES,CONTABILIZADA,CÓDIGO_INTEGRIDAD,FECHA_HORA_PUBLICACIÓN,DIGITALIZACIÓN
8407,"Santa Rosa",6,"Barberena",2,986,400,87,12,32,0,5,3,1,1,69,210,39,3,252,1,253,--,400,147,210,252,253,Algún campo sin dato,1,e37d9f690a7a8a7a54dbaf20460bbbaa0adc8d8f4087d8308555e12ce70d4a08,26/06/2023 01:23:27,ESCANER
8408,"Santa Rosa",6,"Barberena",2,986,400,72,14,28,1,3,1,2,4,93,218,42,4,264,0,264,--,391,127,218,264,264,Algún campo sin dato,1,14d34b7f676f634ecb5720daa27d58589d21c479c2472e486eee39437e3e2b20,26/06/2023 00:07:48,ESCANER
8409,"Santa Rosa",6,"Barberena",2,986,400,81,16,22,0,4,1,0,0,98,222,42,2,266,0,266,--,400,134,222,266,266,Algún campo sin dato,1,0f7ddc45371d00abd0b5141a6e3c9ee4b5aa89cd39843eb72383911518cf872c,25/06/2023 22:30:50,ESCANER
8410,"Santa Rosa",6,"Barberena",2,986,400,101,10,17,2,2,4,2,1,89,228,41,2,271,0,271,--,400,129,228,271,271,Algún campo sin dato,1,07f383ac01d12f5ee21b32f89033f3ceedcfc15167b89e85ef9dcc7477d393c6,26/06/2023 01:46:14,ESCANER
8411,"Santa Rosa",6,"Barberena",2,986,400,109,16,21,1,4,5,1,0,82,239,26,4,269,2,271,--,400,129,239,269,271,Algún campo sin dato,1,eb56c4d9dad45ba87f5ede2ba103d4d2e0eafe826391d9a561c1357521b9f00d,26/06/2023 00:53:45,ESCANER
8412,"Santa Rosa",6,"Barberena",2,986,400,92,17,13,3,3,4,1,2,73,208,32,5,245,5,250,--,400,150,208,245,250,Algún campo sin dato,1,86a41eba2044d5074e218350164306d2445a966bf21f3e6cb2ddf5f378e1bea7,25/06/2023 23:56:22,ESCANER
8413,"Santa Rosa",6,"Barberena",2,986,400,91,18,30,3,3,5,1,0,86,237,45,4,286,49,286,--,400,114,237,286,335,Sumas Asentadas sin cuadrar,1,09a1c24ca8d26d0a8f0818db84e57ccffa3e8a408b434d9ac37d0595cf7d4a68,26/06/2023 01:52:08,ESCANER
8414,"Santa Rosa",6,"Barberena",2,986,400,82,16,22,4,3,5,4,1,87,224,47,1,272,0,272,--,400,128,224,272,272,Algún campo sin dato,1,d6671b206367a29707d6832728c7063415d670fc7f6c6dd3d068379e7602130f,26/06/2023 01:07:45,ESCANER
8415,"Santa Rosa",6,"Barberena",2,986,400,99,14,30,3,4,1,3,0,100,254,41,3,298,--,298,--,400,102,254,298,298,Algún campo sin dato,1,ab39f04543536308f990b6d2eda227ce64e2f323cec40db1d5f9ccfaa24d2b8b,25/06/2023 23:04:59,ESCANER
8416,"Santa Rosa",6,"Barberena",2,986,400,84,13,32,0,3,3,3,0,77,215,36,4,255,0,255,--,400,145,215,255,255,Algún campo sin dato,1,5fdaa765f4257ee3bf093e387f4cb64dbc9f08189ff178d1a4e16d576682c98d,26/06/2023 01:21:54,ESCANER
8417,"Santa Rosa",6,"Barberena",2,986,400,99,19,12,1,2,2,1,0,84,243,21,1,243,0,243,2,400,157,220,242,242,Sumas Asentadas sin cuadrar,1,70e7e0649e3a8f5beb93cc9b5dae4a536fb9357d02dc733773e3eec35ba325b9,26/06/2023 01:15:12,ESCANER
8418,"Santa Rosa",6,"Barberena",2,986,400,73,11,21,2,3,2,0,1,80,193,29,0,222,0,222,--,400,178,193,222,222,Algún campo sin dato,1,5065fb5eec8eceb394a5e6aec9b2ad745af1267fd36d036c9eebff47b2ad6f75,25/06/2023 22:57:23,ESCANER
8419,"Santa Rosa",6,"Barberena",2,987,400,91,8,19,2,4,6,1,0,81,212,29,0,241,0,241,--,397,156,212,241,241,Algún campo sin dato,1,39f46954ce8616c92698fef309c96cd1897f686080bf2b575a346bfc0eee4306,26/06/2023 02:39:53,MOVIL
8420,"Santa Rosa",6,"Barberena",2,987,400,,,,,,,,,,,,,,,,,,,,,,,0,,,
8421,"Santa Rosa",6,"Barberena",2,987,400,88,10,21,2,2,1,4,0,74,202,27,2,231,0,231,--,400,169,202,231,231,Algún campo sin dato,1,9d7a3e5688b7c0412a584ef86e6d2b9afbdca507686d14185009558fbd031486,26/06/2023 02:36:17,MOVIL
8422,"Santa Rosa",6,"Barberena",2,987,400,79,15,27,2,2,2,5,0,82,214,36,3,253,0,253,--,400,144,214,253,253,Algún campo sin dato,1,e3f9e4ade2a34477c5ce461c2cadae0c0aadfc636f2307d4f3920a430a53b483,26/06/2023 02:18:56,MOVIL
8423,"Santa Rosa",6,"Barberena",2,988,400,100,13,16,2,3,1,1,1,77,214,23,5,242,0,242,1,400,158,214,242,242,,1,c2104a2169e0b082b4f6af95e57668d5aadfcb87d8437cb7bdf6f32f743422cb,25/06/2023 23:38:15,ESCANER
8424,"Santa Rosa",6,"Barberena",2,988,400,95,10,17,3,4,0,1,1,87,218,27,1,246,0,246,--,400,154,218,246,246,Algún campo sin dato,1,5f9dedaddad77d3abb104faef52f8ac6fec03a0a7cb5aa2f32ec6bcb26cd6e3b,26/06/2023 00:34:17,ESCANER
8425,"Santa Rosa",6,"Barberena",2,988,400,81,10,21,1,5,1,2,0,89,210,38,2,250,0,250,--,399,149,210,250,250,Algún campo sin dato,1,f71135899be299d3bb163f77a0eb322cb69d3f3a0a0ca7073c67f89a7fa7b19a,26/06/2023 00:06:10,ESCANER
8426,"Santa Rosa",6,"Barberena",2,988,400,82,14,17,1,3,1,2,0,102,222,28,2,252,0,252,--,400,148,222,252,252,Algún campo sin dato,1,57ed682c9fa605a24785a453e6f69a96dbaf9a0138f425900b776177a5e75d46,26/06/2023 00:37:24,ESCANER
8427,"Santa Rosa",6,"Barberena",2,988,400,75,10,19,2,6,3,2,1,81,199,32,2,233,0,233,--,400,167,199,233,233,Algún campo sin dato,1,626fc5e929ce6b61270c20b8fd10d985e19e3837510c174514cfabae0149aeb3,26/06/2023 00:56:32,ESCANER
8428,"Santa Rosa",6,"Barberena",2,988,400,80,12,19,1,4,4,3,0,80,203,34,2,239,0,239,--,400,161,203,239,239,Algún campo sin dato,1,0d58acbec0b7934af48d95fbda057dff987e6bf82a4eeeda4b975c556c47c098,25/06/2023 23:54:28,ESCANER
8429,"Santa Rosa",6,"Barberena",2,988,400,93,10,18,4,2,1,1,0,63,192,29,2,223,0,223,--,400,177,192,223,223,Algún campo sin dato,1,49eb91fd587da0e565aca1e57d7f262c5d56a6fe877dd1071c891f62958fa691,25/06/2023 23:46:04,ESCANER
8430,"Santa Rosa",6,"Barberena",2,988,400,66,10,18,1,2,3,1,0,78,179,26,0,205,0,205,--,400,195,179,205,205,Algún campo sin dato,1,8053dd3e866e5f31cd228f3c31fec129c005a6e9e93d5a65db5c4c75680150a9,25/06/2023 23:25:20,ESCANER
8431,"Santa Rosa",6,"Barberena",2,989,400,75,10,14,1,1,2,1,1,61,166,22,2,190,0,190,--,400,210,166,190,190,Algún campo sin dato,1,f9097ca89c5ed1d1195be5491dd3962ca86323a33e5903a66a1974e754a5f1b7,26/06/2023 01:12:20,ESCANER
8432,"Santa Rosa",6,"Barberena",2,989,400,69,7,17,2,3,1,0,2,64,165,10,4,179,0,179,--,400,221,165,179,179,Algún campo sin dato,1,db7a1d52dbe4f69f6670f00f44e387727e4e39531558e03d067d3f30343f9d54,25/06/2023 22:23:13,ESCANER
8433,"Santa Rosa",6,"Barberena",2,989,400,97,17,13,6,1,4,1,1,87,227,22,0,249,0,249,--,400,151,227,249,249,Algún campo sin dato,1,eca3d4e8a6ec071bc3b6b2fbc0ca601517c04b164b3147d4ea38f90b2c5ca8a1,25/06/2023 23:28:50,ESCANER
8434,"Santa Rosa",6,"Barberena",2,989,400,116,15,10,2,2,1,1,0,88,235,20,1,256,0,256,--,400,144,235,256,256,Algún campo sin dato,1,91bfc4edb081a1fb1068e3cac98487c36cd708bb0e5c015941a5dc314cfc314b,26/06/2023 01:00:06,ESCANER
8435,"Santa Rosa",6,"Barberena",2,989,400,72,8,16,2,5,2,1,0,65,171,26,0,197,0,197,--,400,203,171,197,197,Algún campo sin dato,1,1f38fa8f56be718c6ecbd45163287860d97ac02d8b456c693c04f261e8b2ce84,26/06/2023 00:25:39,ESCANER
8436,"Santa Rosa",6,"Barberena",2,989,315,61,9,5,0,1,0,0,0,44,120,21,0,141,0,141,--,315,174,120,141,141,Algún campo sin dato,1,5eef306854a0ff5eb06d39e5731dc37ce6221d99b15de871e4ea9aaf1aec9306,26/06/2023 00:06:42,ESCANER
8437,"Santa Rosa",6,"Barberena",2,989,315,47,4,4,0,0,1,1,0,51,108,12,0,120,0,120,--,315,195,108,120,120,Algún campo sin dato,1,05a2681541ca7c3ac203310864aac8d6ecae84618a7c5f1720fd5bc15cacacd1,26/06/2023 00:54:21,ESCANER
8438,"Santa Rosa",6,"Barberena",2,990,400,87,25,24,2,6,3,3,0,67,217,38,5,260,0,260,1,400,140,217,260,260,,1,81da3dad4ddcfd8593f6148884ad6f15c5a9a3188158ecdaa75bb264913ec18e,26/06/2023 00:34:37,ESCANER
8439,"Santa Rosa",6,"Barberena",2,990,248,62,8,7,1,1,2,5,0,41,127,17,7,151,0,151,0,248,97,127,151,151,,1,1d7f7ab71510c8ec46400c4b8b1b44b106239f8a05b70bb0ac36366a5b322c1a,25/06/2023 22:31:56,ESCANER
8440,"Santa Rosa",6,"Barberena",2,990,248,47,6,6,0,1,0,2,0,57,119,7,1,127,0,127,--,248,121,119,127,127,Algún campo sin dato,1,d9bede08b4823516f084c81d84a40798fcef94f10551e7136fdcc7f7210bdd08,25/06/2023 22:08:33,ESCANER
8441,"Santa Rosa",6,"Barberena",2,991,400,113,12,44,1,5,0,1,0,89,265,27,17,309,0,309,--,400,91,265,309,309,Algún campo sin dato,1,db602fbae409e8dbc93e79e6b60a139d38855ce111bc768dd5d58e463db4728e,25/06/2023 22:56:21,ESCANER
8442,"Santa Rosa",6,"Barberena",2,991,400,117,14,34,1,4,1,3,0,94,268,39,8,315,0,315,--,400,85,268,315,315,Algún campo sin dato,1,56b96f7e57d804e3b723bd95980b45098e1d3f6c6679dace204a03884e9d0bc7,25/06/2023 23:56:53,ESCANER
8443,"Santa Rosa",6,"Barberena",2,991,400,111,6,33,0,3,0,4,0,73,226,43,4,273,0,273,--,--,--,230,277,277,Sumas Asentadas sin cuadrar,1,921782b1d229faa0c61ec9e9a3d7abb5738b397805d00c97c66347567c13e9e1,26/06/2023 02:00:41,MOVIL
8444,"Santa Rosa",6,"Barberena",2,991,400,103,5,33,1,1,0,3,0,84,230,39,6,275,0,275,--,--,--,230,275,275,Algún campo sin dato,1,7d0445e484669587313322aa9d83667930ae2be42aec6dce834eda9d8fc0d6ca,25/06/2023 23:22:30,ESCANER
8445,"Santa Rosa",6,"Barberena",2,991,350,102,6,17,0,3,4,0,0,64,196,25,3,224,0,224,--,350,126,196,224,224,Algún campo sin dato,1,3097618c3c813b4946a9c3094f8382024c6af01db09da32f6e169686ed12b7dc,25/06/2023 22:35:14,ESCANER
8446,"Santa Rosa",6,"Barberena",2,991,349,103,6,17,1,--,1,--,--,63,191,24,2,217,1,218,--,349,124,191,217,218,Algún campo sin dato,1,8a7c04097b3146a715dd61a0eec69084c98ea2cbbb990ebb5527e9a0ea75b6ff,25/06/2023 22:12:57,ESCANER
8447,"Santa Rosa",6,"Barberena",2,992,380,93,8,37,1,11,0,3,0,65,218,42,13,273,0,273,0,412,139,218,273,273,,1,94b7635b64f3fd7d6d00bca0ff83dabebf0553bcd7ef39fb840d4fbe7e0385f7,26/06/2023 00:02:37,ESCANER
8448,"Santa Rosa",6,"Barberena",2,992,380,87,8,29,0,4,3,1,1,67,200,49,13,262,0,262,--,409,147,200,262,262,Algún campo sin dato,1,eab7509a9ae01c3c4ef847584f30829b90bf6bcc19d1f9ae73a6a978f34cd909,26/06/2023 00:29:09,ESCANER
8449,"Santa Rosa",6,"Barberena",2,992,380,73,16,41,3,1,2,1,2,77,216,32,4,252,0,252,--,380,128,216,252,252,Algún campo sin dato,1,bf8cdd53695bc8f8bc634a9ebb117f10212d513e2ecaf4e29eec796807fee820,26/06/2023 01:49:40,ESCANER
8450,"Santa Rosa",6,"Barberena",2,992,380,82,8,39,2,6,2,1,4,67,211,36,7,254,0,254,--,380,126,211,254,254,Algún campo sin dato,1,0fe0fecd579094eb1e09286e1554b99d0362190f4aabe2fbbb1abb44f4e3f3ea,26/06/2023 00:18:48,ESCANER
8451,"Santa Rosa",6,"Barberena",2,992,380,74,10,26,1,8,0,4,2,77,202,47,4,253,--,--,--,382,129,202,253,253,Algún campo sin dato,1,062c9d77892bc00404593751a6e0adc722b02d64c6a0ad0c5ec196ceb01661e2,25/06/2023 21:28:59,ESCANER
8452,"Santa Rosa",6,"Barberena",2,992,380,90,15,31,2,3,3,2,1,69,216,49,10,275,0,275,--,380,105,216,275,275,Algún campo sin dato,1,acfc19f788491cce31a93566b5a3090abf93642a1a67a8a0f401de0cb9f6a0de,25/06/2023 22:27:44,ESCANER
8453,"Santa Rosa",6,"Barberena",2,992,380,82,12,33,1,5,4,1,0,63,201,50,7,258,0,258,--,380,122,201,258,258,Algún campo sin dato,1,6c2e7f7df3ecfafafdabd9ab63c689d800b9b3652e6f6eedf790ecb55ffbb90a,25/06/2023 23:19:39,ESCANER
8454,"Santa Rosa",6,"Barberena",2,992,380,89,8,32,0,4,5,0,0,61,199,42,9,250,0,250,--,380,130,199,250,250,Algún campo sin dato,1,844b92a0f722a2ca92e55a8054789fa0d462d6cc6dae024158c18eeb956d0b73,25/06/2023 22:46:06,ESCANER
8455,"Santa Rosa",6,"Barberena",2,992,380,92,14,24,2,3,5,2,1,76,219,44,7,270,--,270,--,380,110,219,270,270,Algún campo sin dato,1,a70b7ffe29d933c1fde3be55a0239b07681d70858bcdbe3c04358132ad312438,26/06/2023 03:20:09,ESCANER
8456,"Santa Rosa",6,"Barberena",2,992,380,93,12,37,2,10,3,0,1,59,217,43,9,269,0,269,--,380,111,217,269,269,Algún campo sin dato,1,1aee1bfa420511ddec941e4284f6adb3908c8a68dc2ff5646863f4b8022ca5f7,26/06/2023 00:24:10,ESCANER
8457,"Santa Rosa",6,"Barberena",2,993,380,87,12,48,0,9,3,2,0,56,217,45,6,268,0,268,--,377,109,217,268,268,Algún campo sin dato,1,06bb389a73ab647a7cd1c631bb596bd00d74fd005e45d1a56efca9764213c99f,25/06/2023 23:54:27,ESCANER
8458,"Santa Rosa",6,"Barberena",2,993,380,83,7,33,1,9,5,1,0,69,208,41,5,254,0,254,--,380,126,208,254,254,Algún campo sin dato,1,a1db0da8631fba01ed0b817c79b392287e8559c138d417130f400308fe83bce6,25/06/2023 23:20:15,ESCANER
8459,"Santa Rosa",6,"Barberena",2,993,380,89,23,38,2,8,5,2,2,59,228,39,4,271,0,271,--,382,111,228,271,271,Algún campo sin dato,1,18f8c838d008eae48c4ca7d27edf317f3a1b9b7902d315f79cb40f201e288ef9,26/06/2023 00:15:18,ESCANER
8460,"Santa Rosa",6,"Barberena",2,993,380,89,10,24,1,3,2,2,0,76,207,35,1,243,0,243,--,380,137,207,243,243,Algún campo sin dato,1,3fedfbefc1b596eb743ac9a6c9f5f21b02f8352c451afec7265f7d4d49f17e48,25/06/2023 23:58:02,ESCANER
8461,"Santa Rosa",6,"Barberena",2,993,380,86,9,21,1,5,2,1,0,76,223,22,0,245,--,--,--,380,155,201,223,223,Sumas Asentadas sin cuadrar,1,fd97e175c55a650084625ffea967caa555c933c07d3cbe03924f5f5fe62784a8,26/06/2023 00:39:44,ESCANER
8462,"Santa Rosa",6,"Barberena",2,993,380,96,11,23,2,6,0,4,1,67,210,43,9,262,0,262,--,380,118,210,262,262,Algún campo sin dato,1,2877bfbfec7f5f41579e35e9d5fef2c8c6ec6edfdb99358115e3bf1b6bf92bbd,25/06/2023 23:42:43,ESCANER
8463,"Santa Rosa",6,"Barberena",2,993,380,102,7,30,0,2,2,2,0,61,206,43,15,264,0,264,--,380,116,206,264,264,Algún campo sin dato,1,00d381c5c38fbee20202f3ff99acd7bb2c4fc19c68f7a34c006d2213af5b9ef2,25/06/2023 23:34:46,ESCANER
8464,"Santa Rosa",6,"Barberena",2,993,380,87,19,28,1,10,2,2,2,71,222,53,5,280,0,280,--,380,100,222,280,280,Algún campo sin dato,1,3f070af2fc8e9f7b32fbd1c0e3b6c4d1cc59eef7bd6057acd35c82c2f7be3b26,26/06/2023 00:11:21,ESCANER
8465,"Santa Rosa",6,"Barberena",2,993,380,,,,,,,,,,,,,,,,,,,,,,,0,,,
8466,"Santa Rosa",6,"Barberena",2,993,380,92,13,36,2,6,3,0,0,62,214,56,7,277,0,277,--,380,103,214,277,277,Algún campo sin dato,1,a5599fa9d8334c6d3214e6b7e7a3e98d1d35ed658e169a0cb00e11c369db55f9,26/06/2023 00:26:50,ESCANER
8467,"Santa Rosa",6,"Barberena",2,994,380,96,9,24,2,4,1,1,0,59,196,47,8,251,0,251,--,380,129,196,251,251,Algún campo sin dato,1,53ea29aab2d4394101f7e150a43dca55285a3671cd40255b72af34394b179844,26/06/2023 00:26:21,ESCANER
8468,"Santa Rosa",6,"Barberena",2,994,380,88,11,27,1,3,0,2,1,52,185,43,4,232,0,232,--,371,139,185,232,232,Algún campo sin dato,1,15b763a34a460c2dfb5dedbd8ed1960fec2d2441eb17024227dad2c8ec3d32f7,25/06/2023 23:06:17,ESCANER
8469,"Santa Rosa",6,"Barberena",2,994,380,88,11,34,3,3,4,1,0,73,217,36,5,258,0,258,--,380,122,217,258,258,Algún campo sin dato,1,b72e90ae6fb34c533470780cfd2b74b8dec16af7871e57c63cb85c474b62732f,26/06/2023 00:01:34,ESCANER
8470,"Santa Rosa",6,"Barberena",2,994,380,72,10,41,1,6,1,1,1,65,198,42,3,243,0,243,--,378,129,198,243,243,Algún campo sin dato,1,5350f59b542b6d40cda0255c298e2818c6f37846441d8bc285af78e7428adc24,26/06/2023 00:39:01,ESCANER
8471,"Santa Rosa",6,"Barberena",2,994,380,,,,,,,,,,,,,,,,,,,,,,,0,,,
8472,"Santa Rosa",6,"Barberena",2,994,380,93,6,20,2,6,3,2,0,73,205,41,2,248,0,--,--,377,129,205,248,248,Algún campo sin dato,1,79daf602446e4d7df109dd2cf17595ee5cca0fe29950df9dbf60ca33ba8bb3c9,26/06/2023 00:19:23,ESCANER
8473,"Santa Rosa",6,"Barberena",2,994,380,77,5,13,2,3,2,0,1,70,173,40,5,218,0,218,--,380,162,173,218,218,Algún campo sin dato,1,8a5541aa37bd44e737659945201787c787a45f3964f451cce883798ef53f40e7,25/06/2023 22:52:47,ESCANER
8474,"Santa Rosa",6,"Barberena",2,994,380,64,10,21,0,1,4,1,0,67,168,52,7,227,0,227,--,380,153,168,227,227,Algún campo sin dato,1,1705989a6aa48e1659f11127e7121a61b8e110340aaea11870c1d18430c5d86e,25/06/2023 23:35:55,ESCANER
8475,"Santa Rosa",6,"Barberena",2,994,380,88,16,16,2,5,2,1,1,64,195,42,3,240,0,240,--,380,140,195,240,240,Algún campo sin dato,1,bc53988309e7dd25f66457669eacec4f059bbdb1945786d29699e2f3453208ec,26/06/2023 01:11:02,ESCANER
8476,"Santa Rosa",6,"Barberena",2,994,380,73,10,26,2,5,0,2,0,63,121,31,8,220,0,220,--,--,--,181,220,220,Sumas Asentadas sin cuadrar,1,4b8715f947eac5058f5ddb64d6f2158edc54fc9f5a644dbcbd871cc208de3207,25/06/2023 23:21:09,ESCANER
8477,"Santa Rosa",6,"Barberena",2,995,380,60,14,13,2,6,3,1,0,85,184,34,11,229,0,229,--,395,166,184,229,229,Algún campo sin dato,1,6563a7e0952e22d5d9269eefa1dd922e421c6fd98ce7c5b061146fe003d1e100,25/06/2023 23:43:15,ESCANER
8478,"Santa Rosa",6,"Barberena",2,995,380,71,10,23,1,4,1,1,0,69,180,44,6,230,0,230,--,380,150,180,230,230,Algún campo sin dato,1,d71bf6792ddaac907d1086788df67fae6e3719d1445b45841f448dd97b2a7b7a,25/06/2023 23:56:08,ESCANER
8479,"Santa Rosa",6,"Barberena",2,995,380,76,10,22,1,3,1,2,0,51,166,42,1,209,0,209,--,374,165,166,209,209,Algún campo sin dato,1,60b36f00d22d91458c2a543d0e678e0e32b33f41ab2d80653660a4d8fa9dd85d,26/06/2023 00:06:28,ESCANER
8480,"Santa Rosa",6,"Barberena",2,995,380,82,10,24,1,5,1,0,0,61,184,31,6,221,0,221,--,378,157,184,221,221,Algún campo sin dato,1,9fad028982379ad39b055894d6c7140c9a224b4f2b9bf1ba505623194f40c497,26/06/2023 00:01:22,ESCANER
8481,"Santa Rosa",6,"Barberena",2,995,380,80,17,23,0,3,3,2,0,55,183,30,4,217,0,217,--,380,163,183,217,217,Algún campo sin dato,1,b5329719f25deba1702507e799daf4a6665f39ab5d3d527d3e7fe829d13432a1,25/06/2023 23:13:10,ESCANER
8482,"Santa Rosa",6,"Barberena",2,995,380,67,16,15,1,3,3,0,0,47,152,23,3,178,0,178,--,380,202,152,178,178,Algún campo sin dato,1,5c45329f1a08d1ab50ad29b5fad040720805841c4b768e833849855a0432135a,25/06/2023 21:34:17,ESCANER
8483,"Santa Rosa",6,"Barberena",2,995,380,67,10,19,1,2,2,0,0,37,138,32,1,171,0,171,--,379,208,138,171,171,Algún campo sin dato,1,1ffca6a67fc210fbd9aca141af822d2f221e2a597519ec7d725c5b7d271c40bb,26/06/2023 00:24:49,ESCANER
8484,"Santa Rosa",6,"Barberena",2,995,380,76,21,19,2,0,2,0,0,71,191,36,1,228,0,228,--,380,152,191,228,228,Algún campo sin dato,1,6486deab40544db169bb833f07bb2618bec66a7926a2fbd6be7c3b7fe3637dd3,26/06/2023 01:09:46,ESCANER
8485,"Santa Rosa",6,"Barberena",2,996,380,104,11,23,1,2,0,0,0,72,213,22,1,236,--,--,--,380,144,213,236,236,Algún campo sin dato,1,cc1bfcfff5eb4409f50a3a3d4110781770f5136b1b18a9b7f80ccdfe587523cf,25/06/2023 22:42:11,ESCANER
8486,"Santa Rosa",6,"Barberena",2,996,380,64,9,17,0,4,1,0,1,57,153,28,--,--,--,--,--,377,196,153,181,181,Algún campo sin dato,1,6b96f5e93fee85319e937299a03fe53ccc17f05353bbacd91403a840d67f3825,26/06/2023 01:26:20,ESCANER
8487,"Santa Rosa",6,"Barberena",2,996,380,46,13,18,0,3,0,0,0,52,134,27,2,163,0,--,--,370,207,132,161,161,Sumas Asentadas sin cuadrar,1,bf13e87e000c60feb218eb549e0677b099fd7795bbbba378bfb161526f75f2b7,25/06/2023 23:35:21,ESCANER
8488,"Santa Rosa",6,"Barberena",2,996,368,85,16,20,--,3,2,2,--,49,177,30,0,207,0,--,--,368,161,177,207,207,Algún campo sin dato,1,91631c0f94f88b2ca7fa10622f07304cd9ee1ab72ab512670438080e2e5c63b8,25/06/2023 23:53:59,ESCANER
8489,"Santa Rosa",6,"Barberena",2,996,368,57,14,8,1,0,0,1,1,53,135,27,3,165,0,165,--,368,203,135,165,165,Algún campo sin dato,1,2ae33835b851ba94ea83f04b96c0a21e073b7416d08a6437d5a266bb18a25f29,25/06/2023 22:57:17,ESCANER
8490,"Santa Rosa",6,"Barberena",2,997,380,119,7,18,2,4,1,2,0,91,244,30,3,277,0,277,--,380,103,244,277,277,Algún campo sin dato,1,5291cbc1e867f688f7f800c6d5cdf4e72158887ad3307a34c89f7c5629494b4a,25/06/2023 23:15:46,ESCANER
8491,"Santa Rosa",6,"Barberena",2,997,380,123,12,14,1,4,0,1,0,81,236,25,4,265,0,265,--,380,115,236,265,265,Algún campo sin dato,1,f5cb85b32ca2c0523396d50a95c72d2a50d9a14b38482131e57f373aa921a323,25/06/2023 23:41:12,ESCANER
8492,"Santa Rosa",6,"Barberena",2,997,380,129,10,11,0,0,2,1,1,79,233,20,2,255,0,255,--,380,125,233,255,255,Algún campo sin dato,1,b9fbce49edfe87437da6d5953b7b7d12f30fad725d082575cb4c3dc061ce6864,26/06/2023 01:00:27,ESCANER
8493,"Santa Rosa",6,"Barberena",2,997,380,114,13,13,0,0,1,2,0,69,212,17,5,234,0,234,--,380,145,212,234,234,Algún campo sin dato,1,19566c057184556bd9e6211222ea1fd4b33e48558827be489d9cecbbf402eeca,26/06/2023 01:23:50,ESCANER
8494,"Santa Rosa",6,"Barberena",2,998,380,106,7,6,0,1,1,1,0,86,208,20,4,232,2,234,--,364,130,208,232,234,Algún campo sin dato,1,c463a692af627863c57b7d1400469afeb245f1aaa58bf17a164cd64129a9e300,25/06/2023 23:57:08,ESCANER
8495,"Santa Rosa",6,"Barberena",2,998,286,81,4,8,--,--,--,--,--,45,138,6,4,148,--,148,--,286,138,138,148,148,Algún campo sin dato,1,8dbc17a90a25b25c9aa4d6eb8db8cfb704273b3556b8413a062b005859f347dc,25/06/2023 22:37:19,ESCANER
8496,"Santa Rosa",6,"Barberena",2,998,286,65,4,7,0,1,0,0,0,47,124,6,1,131,0,131,--,283,152,124,131,131,Algún campo sin dato,1,4215a72eff3bb0eed3993684549903d420dc21135f66480dcd48c2538745bdd3,25/06/2023 22:38:53,ESCANER
8497,"Santa Rosa",6,"Barberena",2,999,380,,,,,,,,,,,,,,,,,,,,,,,0,,,
8498,"Santa Rosa",6,"Barberena",2,999,325,110,7,13,1,3,0,0,0,49,224,39,1,224,0,224,--,325,101,183,223,223,Sumas Asentadas sin cuadrar,1,71cbe688f1a01593d5a69d615ba204f7c7624407f0ccbe73e6132cfab9e1cf20,26/06/2023 02:43:51,ESCANER
8499,"Santa Rosa",6,"Barberena",2,999,325,98,3,18,0,4,0,0,1,63,187,26,0,213,--,213,--,325,112,187,213,213,Algún campo sin dato,1,aa602b69084271fcf8020e9ebd1b1a8a387f780cf0ece8a0242962a373d62a82,25/06/2023 23:42:17,ESCANER
8500,"Santa Rosa",6,"Barberena",2,1000,600,,,,,,,,,,,,,,,,,,,,,,,0,,,
8501,"Santa Rosa",6,"Barberena",2,1000,600,89,20,17,0,2,1,4,0,52,211,18,9,211,0,211,--,596,385,185,212,212,Sumas Asentadas sin cuadrar,1,89899f9d7a380296d61a040f0b0f694dfb54c253889e0d676c344d9cd5bf88e0,26/06/2023 03:02:56,MOVIL
8502,"Santa Rosa",6,"Barberena",2,1000,323,30,3,8,0,0,1,0,0,22,64,13,6,83,0,83,--,323,240,64,83,83,Algún campo sin dato,1,f25a010d95d4bf1eaf08fda2df93d2fe1404f970ed80950f4c5fcf6ba6f36f30,26/06/2023 02:52:44,MOVIL
8503,"Santa Rosa",6,"Barberena",2,1000,323,12,1,3,0,0,0,0,0,7,23,4,1,28,0,28,0,320,292,23,28,28,,1,512ef84ef0e22d6859eb3e322f18378a3b025890cad81afe57112982c0e6c0e8,25/06/2023 21:29:58,ESCANER