﻿TIPO_DE_ELECCIÓN:,CORPORACIÓN MUNICIPAL
26 junio 2023 03:36 (UTC -6)
ACTAS_ESPERADAS,ACTAS_CAPTURADAS,PORCENTAJE_ACTAS_CAPTURADAS,ACTAS_CONTABILIZADAS,PORCENTAJE_ACTAS_CONTABILIZADAS,ACTAS_NO_CONTABILIZADAS,LISTA_NOMINAL_ACTAS_CONTABILIZADAS,VOTOS_EMITIDOS_CONTABILIZADAS,PORCENTAJE_PARTICIPACIÓN_CIUDADANA
83,81,97.5903,81,97.5903,0,30623,20388,66.5774

MESA,DEPARTAMENTO,ID_DEPARTAMENTO,MUNICIPIO,ID_MUNICIPIO,CENTRO_DE_VOTACIÓN,PADRÓN,VALOR,AZUL,VAMOS,UNE,CABAL,VIVA,PODEMOS,PR,TODOS,FCN-NACION,BIEN,VÁLIDOS,NULOS,BLANCO,EMITIDOS,INVÁLIDOS,TOTAL,IMPUGNACIONES,PAPELETAS-RECIBIDAS,PAPELETAS-NO-USADAS,VALIDOS_CALCULADO,EMITIDOS_CALCULADO,TOTAL_CALCULADO,OBSERVACIONES,CONTABILIZADA,CÓDIGO_INTEGRIDAD,FECHA_HORA_PUBLICACIÓN,DIGITALIZACIÓN
7629,"Escuintla",5,"Masagua",5,863,400,17,1,102,31,84,9,0,1,1,0,3,249,16,2,267,0,0,--,399,132,249,267,267,Algún campo sin dato,1,70ba2c3137c25ca1e7d584cfdfe0cc7bc05c6d419f4bd9d0db76b896d146c412,26/06/2023 02:02:51,ESCANER
7630,"Escuintla",5,"Masagua",5,863,400,32,7,101,35,59,5,0,0,5,3,1,248,19,2,269,0,269,0,400,131,248,269,269,,1,e5a5c3185b27b7560f9125220784f75424d98b2d690df197b7f3e4c61b0b87d2,26/06/2023 00:03:50,ESCANER
7631,"Escuintla",5,"Masagua",5,863,400,38,4,84,42,93,8,0,0,3,2,3,277,21,2,300,0,300,--,400,100,277,300,300,Algún campo sin dato,1,13e41ee97e79bcd7649c658688ba4c5261c02e3aa39ad03f2a59bdf19ffb8197,26/06/2023 02:16:13,ESCANER
7632,"Escuintla",5,"Masagua",5,863,400,,,,,,,,,,,,,,,,,,,,,,,,,0,,,
7633,"Escuintla",5,"Masagua",5,863,400,,,,,,,,,,,,,,,,,,,,,,,,,0,,,
7634,"Escuintla",5,"Masagua",5,863,400,29,6,81,37,80,5,1,1,1,0,4,245,22,2,269,0,269,2,400,129,245,269,269,,1,9c3eed8d434971b069d22ed868a4f27070106e18e1b77cecccd614e26f505851,25/06/2023 22:55:55,ESCANER
7635,"Escuintla",5,"Masagua",5,863,400,27,1,106,27,58,5,0,1,2,1,0,228,9,0,237,10,247,10,400,153,228,237,247,,1,2d82ba88359d6eca11308aadcee41efe49a60939b79a87dfaae82930232acea7,26/06/2023 00:11:38,ESCANER
7636,"Escuintla",5,"Masagua",5,863,400,28,3,96,27,63,5,0,2,1,2,0,227,18,1,246,0,246,--,400,154,227,246,246,Algún campo sin dato,1,34c8f6edb3227d158535781c5bf99c276ccd3f5fba7e51f82e4dddd3cb62a3b6,26/06/2023 01:10:10,ESCANER
7637,"Escuintla",5,"Masagua",5,863,400,30,6,91,27,73,6,1,0,5,1,1,241,15,0,256,0,256,--,256,144,241,256,256,Algún campo sin dato,1,de44e744ec6cfebd2531b0734a30de0f9bf768f390e642bc7c1b6d12f02e7142,25/06/2023 23:25:59,ESCANER
7638,"Escuintla",5,"Masagua",5,863,400,39,5,103,33,70,7,--,--,3,2,4,266,15,0,281,0,281,--,400,119,266,281,281,Algún campo sin dato,1,16fcf7d4b392599e5ac09cbdeb73f3f22d76354101a81589b4ea93c4eaffd291,26/06/2023 00:46:03,ESCANER
7639,"Escuintla",5,"Masagua",5,863,400,39,2,71,37,84,8,0,0,0,1,1,243,23,3,269,0,400,--,400,131,243,269,269,Sumas Asentadas sin cuadrar,1,acd78d3c230da0d64de1b3c12e8c62d4354e3aecf43d9c8084fc17d36ebbc227,26/06/2023 02:04:58,ESCANER
7640,"Escuintla",5,"Masagua",5,863,400,24,5,87,31,57,6,1,1,3,1,2,218,20,3,241,0,241,--,400,159,218,241,241,Algún campo sin dato,1,6e10c612f4ad1248d59907abe58ed6f9f81a7ec00fc84ee7f33aba41aa7d29aa,26/06/2023 03:18:34,ESCANER
7641,"Escuintla",5,"Masagua",5,863,400,27,3,75,30,66,7,1,0,2,2,2,215,19,3,237,1,238,1,400,162,215,237,238,,1,f5d5c2b4219afd01b0741817f2bd1e9b34fe48ff4e71e5ccba5694beee268709,26/06/2023 01:16:50,ESCANER
7642,"Escuintla",5,"Masagua",5,863,400,19,2,78,39,76,7,0,1,2,0,3,227,14,0,241,0,241,2,400,159,227,241,241,,1,201e1663f3cd4743d63f52733777cff1f7b08207859c6b1907b11715a15f718c,26/06/2023 01:34:37,ESCANER
7643,"Escuintla",5,"Masagua",5,863,400,28,4,77,30,65,7,0,2,0,1,1,215,14,2,231,11,242,11,397,155,215,231,242,,1,90191ca7af0c54e00fd623bc11814ce1ee29dfdbedd27fd97a3612540a5feaae,25/06/2023 23:50:18,ESCANER
7644,"Escuintla",5,"Masagua",5,863,400,35,4,71,33,77,3,0,1,3,2,2,231,12,0,243,0,243,--,400,157,231,243,243,Algún campo sin dato,1,7d55eb99a5a08fb3efba6a6fd5bc6f0d075051fee56753e199a0dd4b2008b8fc,25/06/2023 22:34:45,ESCANER
7645,"Escuintla",5,"Masagua",5,863,400,23,1,108,22,75,3,0,0,2,1,1,236,7,0,243,0,243,0,400,157,236,243,243,,1,4ca0ea8104787f7253faa6e4184b3a55dd9745d554808aeae6ab7f3748b00535,25/06/2023 23:15:40,ESCANER
7646,"Escuintla",5,"Masagua",5,863,400,31,1,104,47,69,6,0,0,2,0,0,260,10,1,271,0,271,--,271,126,260,271,271,Algún campo sin dato,1,51cb789bcab4fb6651171abe3fcbbee9901eb94a53f686ec5e2b9bd474b0a189,26/06/2023 01:39:09,ESCANER
7647,"Escuintla",5,"Masagua",5,863,400,39,1,86,35,52,9,0,0,3,0,0,228,7,0,--,--,235,2,400,163,225,232,232,Sumas Asentadas sin cuadrar,1,291f3782f49cd7995f9bde3006dc57606d3cab2a9f108a26d0e66a511eea5065,25/06/2023 22:56:45,ESCANER
7648,"Escuintla",5,"Masagua",5,863,338,22,1,53,19,40,6,0,0,1,0,1,143,8,1,152,0,152,9,338,177,143,152,152,,1,04724dcd6b49a9053e2f66ef795eb4834718ce3680bfe3dc78604bbe704d8437,26/06/2023 00:08:36,ESCANER
7649,"Escuintla",5,"Masagua",5,863,337,10,1,52,29,51,3,1,2,3,1,0,153,13,0,166,0,166,--,334,168,153,166,166,Algún campo sin dato,1,2349c36b6ba3131a90d900ac5e51756ae618a000749fd510db976a528f581585,26/06/2023 01:04:59,ESCANER
7650,"Escuintla",5,"Masagua",5,864,400,53,2,82,42,88,9,2,3,2,0,3,286,15,2,303,0,303,--,400,97,286,303,303,Algún campo sin dato,1,d86427def0708e0592d70aa854a808f77787de14ba221e6ced9106eb0d5b6e68,26/06/2023 01:12:39,ESCANER
7651,"Escuintla",5,"Masagua",5,864,400,51,6,99,34,84,3,2,4,1,0,0,284,24,4,312,0,312,--,400,88,284,312,312,Algún campo sin dato,1,8206340331941f3f36b468e4093fd9d965681b64f212c4e00888f846fcddcd0e,26/06/2023 00:58:13,ESCANER
7652,"Escuintla",5,"Masagua",5,864,400,59,4,89,43,69,6,1,2,1,1,0,275,23,0,298,0,298,0,396,98,275,298,298,,1,c888f8c132827b78cc35e712f3f069b8fde276ab3f0be1b8cb68b94524d95a37,26/06/2023 02:15:17,ESCANER
7653,"Escuintla",5,"Masagua",5,864,400,63,4,105,38,73,8,0,2,1,0,0,294,23,7,323,0,323,--,400,77,294,324,324,Sumas Asentadas sin cuadrar,1,9379498b20db7541e1c2749dd3310fdfe29ccd6ec89eb1860fdd6b9b572980a0,26/06/2023 02:35:11,ESCANER
7654,"Escuintla",5,"Masagua",5,864,400,51,1,123,33,64,5,0,2,1,2,0,282,11,1,294,0,294,--,400,106,282,294,294,Algún campo sin dato,1,cfa104f203ae5fa4ad62a06bf0813046f7340caaa89b94a43703a9429a4ae8ab,26/06/2023 02:09:56,ESCANER
7655,"Escuintla",5,"Masagua",5,864,400,48,1,91,35,92,4,2,4,3,--,--,280,21,5,306,--,--,--,--,--,280,306,306,Algún campo sin dato,1,fc135ce50c2e1b637e8950941772b3d41cfca154797152bca4e2403fabbf6fc5,25/06/2023 22:54:13,ESCANER
7656,"Escuintla",5,"Masagua",5,864,400,40,1,103,27,66,5,0,8,3,2,1,256,20,--,--,--,276,--,400,124,256,276,276,Algún campo sin dato,1,0a0f4357dcdbcf85eef20696ffe1fb918376fdd1ffe5dd041177f24ce806bd86,25/06/2023 23:24:48,ESCANER
7657,"Escuintla",5,"Masagua",5,864,400,47,3,103,49,77,4,0,3,2,0,1,289,12,0,--,--,400,--,400,99,289,301,301,Sumas Asentadas sin cuadrar,1,05c486ee1649961e24d5d9fe106adb5b337cac03afcff09b5230860f2ba8e53e,26/06/2023 03:01:46,ESCANER
7658,"Escuintla",5,"Masagua",5,864,400,38,1,91,43,73,10,0,5,2,1,1,265,31,2,298,0,298,--,400,102,265,298,298,Algún campo sin dato,1,923724e0e9ba7e239c98690139cfc82c60cda9612a93cb25947e98442a32789a,25/06/2023 23:40:10,ESCANER
7659,"Escuintla",5,"Masagua",5,864,400,41,1,93,30,93,4,0,4,1,0,2,269,17,2,288,0,288,1,400,111,269,288,288,,1,36c1a17bd835ce1f38c49fcdcbe2c7116337f9e30d047be7a84e3afd5be5e6cc,25/06/2023 23:56:03,ESCANER
7660,"Escuintla",5,"Masagua",5,864,400,47,2,87,31,76,1,0,7,2,2,0,255,32,5,292,0,292,--,400,108,255,292,292,Algún campo sin dato,1,8926f1ebca99d7986af71e1cb0e942b9bb45083f2768cd1aae7f6ec9fd0c2319,26/06/2023 01:04:26,ESCANER
7661,"Escuintla",5,"Masagua",5,864,400,42,5,62,44,99,4,1,3,2,0,0,262,20,0,282,0,282,--,400,118,262,282,282,Algún campo sin dato,1,bdb7444511c708bd204102de2ec216900d666894b3e24f26d2d5b605ca2a6114,26/06/2023 00:07:19,ESCANER
7662,"Escuintla",5,"Masagua",5,865,400,46,2,87,37,86,3,1,6,0,0,1,269,21,2,292,0,292,0,400,108,269,292,292,,1,a699d36c5f2cbac631ffa140b09c6a1e5968e2b8c8d973cf9caf02f3e12d3f75,25/06/2023 23:51:04,ESCANER
7663,"Escuintla",5,"Masagua",5,865,400,57,2,101,21,81,2,0,5,0,1,1,271,7,0,278,0,278,--,400,122,271,278,278,Algún campo sin dato,1,64188bbc552498bff2cf9190542ee323343b9538e1766f20fa6dcb85e8ede046,26/06/2023 00:14:12,ESCANER
7664,"Escuintla",5,"Masagua",5,865,400,55,4,100,35,56,5,0,8,1,1,2,267,6,2,275,0,275,0,399,124,267,275,275,,1,dc8f573e866f7163b5324db672c575ceb41d2ea245a4a19176d94cbefa40148a,25/06/2023 23:17:09,ESCANER
7665,"Escuintla",5,"Masagua",5,865,400,52,1,120,40,60,4,0,2,3,0,1,284,2,1,287,--,290,3,400,110,283,286,286,Sumas Asentadas sin cuadrar,1,7cf04ace4ca8dee5648c8d68eb10286e03492f60a0bcef5f721e8d2659cbddc7,26/06/2023 01:03:50,ESCANER
7666,"Escuintla",5,"Masagua",5,865,400,50,1,98,41,50,0,0,9,0,1,0,250,6,1,257,--,257,1,400,142,250,257,257,Algún campo sin dato,1,268f3aabef720f448a71655c88d089e2d5fde4cebe6371d3b876d652bef58dcd,26/06/2023 00:23:49,ESCANER
7667,"Escuintla",5,"Masagua",5,865,229,15,1,52,15,50,4,0,2,2,0,0,141,2,1,144,0,144,0,229,85,141,144,144,,1,1a63d2ee2184b524a11356693ffd5c1686ccbff50fd0130605d2de32791f1e45,25/06/2023 23:00:20,ESCANER
7668,"Escuintla",5,"Masagua",5,865,229,15,2,42,12,43,1,0,1,0,0,1,117,7,3,127,0,127,--,229,102,117,127,127,Algún campo sin dato,1,51f230affb98ad8d353db706403eb349858e7fbe6c74ab0213c05c14a65db1c2,25/06/2023 21:59:08,ESCANER
7669,"Escuintla",5,"Masagua",5,866,380,64,8,122,24,37,4,1,0,2,2,1,265,18,4,287,0,287,0,380,93,265,287,287,,1,185cf42e44eaefaded65fbd58773e07084f293032232bad1e544a963332edb9b,25/06/2023 23:19:52,ESCANER
7670,"Escuintla",5,"Masagua",5,866,380,75,1,120,37,40,2,1,0,1,2,0,279,17,3,299,0,299,--,380,81,279,299,299,Algún campo sin dato,1,834a99512888e9f1a72683732eab3dcae4829ec80a7e548e249bf0e5f4d7fa0b,26/06/2023 02:59:07,ESCANER
7671,"Escuintla",5,"Masagua",5,866,380,89,5,111,23,42,3,0,0,1,2,0,276,25,4,305,0,305,--,--,--,276,305,305,Algún campo sin dato,1,35f8b6682d505c669b6cf03723a8298cd87328e39aec005a1a2f46b140474e7e,26/06/2023 00:45:33,ESCANER
7672,"Escuintla",5,"Masagua",5,866,380,67,4,129,19,35,1,0,0,1,1,0,257,23,2,282,0,282,0,380,97,257,282,282,,1,e99625a16f60046f00bdfb5a2a59b9610cfc9b94db6e22dc58a0398932f6f1d6,26/06/2023 00:55:36,ESCANER
7673,"Escuintla",5,"Masagua",5,866,380,79,5,105,17,34,5,0,0,1,4,2,252,20,2,274,0,274,0,380,106,252,274,274,,1,552e06748f62d789ede6d93a13b65264f10895b9611168894ccfcef6b4fdb661,25/06/2023 23:40:53,ESCANER
7674,"Escuintla",5,"Masagua",5,866,380,69,2,102,21,48,2,1,0,0,3,3,251,28,2,281,0,281,--,281,100,251,281,281,Algún campo sin dato,1,1fec6bea92bdf0f7315d5ffad367b3f2d764e183db23b3ad1146beae9c27b10b,26/06/2023 00:55:24,ESCANER
7675,"Escuintla",5,"Masagua",5,866,380,78,3,105,33,25,3,0,0,0,1,1,249,24,1,274,0,274,0,380,106,249,274,274,,1,efdd9da6d612c621a4c386a6d67741a0de55a059117f4bb59cb405651ccee7dc,25/06/2023 23:21:54,ESCANER
7676,"Escuintla",5,"Masagua",5,866,380,74,6,95,14,33,4,1,0,0,1,1,229,24,4,257,0,257,--,380,123,229,257,257,Algún campo sin dato,1,f8c826da16cfa94777ae4a7d32e0f72cdc3c296839795a3199edeead065a5178,26/06/2023 00:24:20,ESCANER
7677,"Escuintla",5,"Masagua",5,866,380,68,0,98,17,40,4,3,0,0,3,0,233,17,2,252,0,252,--,--,--,233,252,252,Algún campo sin dato,1,e847c15171c5f34f4864eda98be2f3965032293974feca65d4f0b1e767dbe3c0,26/06/2023 01:47:40,ESCANER
7678,"Escuintla",5,"Masagua",5,866,380,67,1,142,12,43,1,2,0,0,1,0,269,5,1,275,0,275,0,378,103,269,275,275,,1,1ef9ec5ee8e611b50fc051b345c6b78446ac53e8fdd11f0edfdbb2b60dd77ec1,26/06/2023 00:35:33,ESCANER
7679,"Escuintla",5,"Masagua",5,866,380,86,3,99,17,47,1,0,0,0,1,1,255,5,0,260,0,260,--,376,116,255,260,260,Algún campo sin dato,1,e1bac0ab4baf6bc975025e3d0bc82a773add5e4e7700b68f99e7992823e6204c,26/06/2023 01:25:18,ESCANER
7680,"Escuintla",5,"Masagua",5,866,192,30,1,52,7,18,1,0,0,0,0,0,110,5,0,115,0,115,--,192,77,109,114,114,Sumas Asentadas sin cuadrar,1,d95ea2aa756ee47dc84f533f77547d721f898bdd0aa7a791a861a700de749202,26/06/2023 00:13:15,ESCANER
7681,"Escuintla",5,"Masagua",5,866,191,24,1,47,5,12,0,0,0,0,0,1,90,9,3,102,0,102,0,188,86,90,102,102,,1,437fb6b9180655f9030adff6550460e511037638234b4307ee341c9b2c7a14ba,25/06/2023 22:57:04,ESCANER
7682,"Escuintla",5,"Masagua",5,867,380,32,4,131,16,61,2,1,0,1,11,2,261,25,3,289,0,289,0,377,88,261,289,289,,1,f8d7d1018f63680482fd66b73016168c1f032dc487174161851ae7e909edcfb5,26/06/2023 00:45:33,ESCANER
7683,"Escuintla",5,"Masagua",5,867,380,40,2,143,8,69,5,0,0,3,2,1,273,29,5,307,0,307,--,380,73,273,307,307,Algún campo sin dato,1,d78db7372985fb5279a8c5637570844d9b3fa9daddf412ea4e3b5a7f6c30c9a9,26/06/2023 02:08:38,ESCANER
7684,"Escuintla",5,"Masagua",5,867,380,31,4,150,13,67,5,2,1,0,3,2,278,27,1,306,0,306,0,380,74,278,306,306,,1,418734bd4cde114358c1e2a875128830c6e49975c73aa48684f938d0700ef79d,26/06/2023 01:23:07,ESCANER
7685,"Escuintla",5,"Masagua",5,867,380,45,10,112,17,75,4,4,0,1,4,2,274,20,4,298,0,298,0,380,82,274,298,298,,1,678c641980f1a77774102acddf9b36b66f3fd62865465c8729f7eb3736e1a965,26/06/2023 01:39:55,ESCANER
7686,"Escuintla",5,"Masagua",5,867,380,39,4,118,19,57,5,3,1,1,4,1,252,38,2,292,0,292,--,380,88,252,292,292,Algún campo sin dato,1,1bbbbc05f13bf636b68176435e746d63be790734a1bba5e8cc0c6af1748a4c9f,26/06/2023 00:19:17,ESCANER
7687,"Escuintla",5,"Masagua",5,867,380,52,6,143,13,63,1,1,1,1,4,0,285,16,6,307,0,307,0,380,73,285,307,307,,1,59ae957804a8e52fa898f3b6d8290d706453a2ac4e152bf98e1dd0666badfe8d,26/06/2023 01:32:43,ESCANER
7688,"Escuintla",5,"Masagua",5,867,380,39,2,131,8,51,3,3,0,0,9,1,247,10,0,257,0,257,--,380,123,247,257,257,Algún campo sin dato,1,15a249e4f9590398e2ff229a9ccda6268d9e77680d55c7d2023aa8e7835767e6,26/06/2023 01:54:21,ESCANER
7689,"Escuintla",5,"Masagua",5,867,380,39,11,100,21,54,5,5,0,0,6,0,241,20,0,261,0,261,0,380,119,241,261,261,,1,38ab38950195ce2c5000a6af2012956344bdfca1d9dd214d9ec18128f2ae2716,26/06/2023 01:18:44,ESCANER
7690,"Escuintla",5,"Masagua",5,867,380,39,4,121,13,59,7,3,1,1,2,1,251,17,0,268,1,269,0,380,111,251,268,269,,1,4eed7c7619bf8f7e69844df920cdd82c2676748f709eeeaa049f0949a1044dd5,26/06/2023 01:07:15,ESCANER
7691,"Escuintla",5,"Masagua",5,867,380,36,6,113,16,45,7,1,2,2,4,2,234,30,3,267,0,267,--,380,113,234,267,267,Algún campo sin dato,1,237e02c40dcffc5ed7e4f4f663a55c8d2dec7899928fed40f24ecfed48f76e80,26/06/2023 02:07:19,ESCANER
7692,"Escuintla",5,"Masagua",5,867,380,25,10,100,18,63,1,0,0,0,1,2,220,22,5,247,1,248,0,380,132,220,247,248,,1,a2f10172b653032991d45436d315348f1a080630326dcf59e50a5df9403b239f,26/06/2023 00:12:51,ESCANER
7693,"Escuintla",5,"Masagua",5,867,380,33,5,108,26,53,1,2,0,1,4,1,234,19,4,257,1,258,1,380,122,234,257,258,,1,ca21b0acb4fc115e2fb5678d31deb24503faec0c8821fc784b47cdba86dce1e0,26/06/2023 01:21:31,ESCANER
7694,"Escuintla",5,"Masagua",5,867,380,33,8,103,15,71,3,2,0,0,3,3,241,22,2,265,0,--,--,380,115,241,265,265,Algún campo sin dato,1,9ee954527aead7c157ff1eda80474306db6fa552d3ac6829b34822b65ec08d66,26/06/2023 01:39:49,ESCANER
7695,"Escuintla",5,"Masagua",5,867,380,30,10,108,12,64,1,3,0,1,1,0,230,27,0,257,0,257,--,380,123,230,257,257,Algún campo sin dato,1,f130be665baf7d8ce36bc759a68ec040edda51a7555ef3211fcb36e4eaf06dc1,26/06/2023 00:13:32,ESCANER
7696,"Escuintla",5,"Masagua",5,867,380,20,1,89,19,79,2,3,0,0,2,2,217,19,3,239,0,239,--,380,141,217,239,239,Algún campo sin dato,1,6aba2a3e1caff933b5375af0c1670b810d167fe0fbd409e1579213965af0bc7f,26/06/2023 01:32:43,ESCANER
7697,"Escuintla",5,"Masagua",5,867,380,31,5,101,17,54,1,6,0,1,2,2,220,18,2,240,0,240,--,377,137,220,240,240,Algún campo sin dato,1,3285ba9942de3d091bea929a06b151824b79aeee7ae48149f5b72bb036938c75,26/06/2023 01:58:13,ESCANER
7698,"Escuintla",5,"Masagua",5,867,380,38,2,112,12,48,2,3,0,4,7,1,229,14,1,244,0,244,--,380,136,229,244,244,Algún campo sin dato,1,2c80babb3cb7e9d3e1725a076d379067af650154427e5ba50babe2c77f62adb0,26/06/2023 01:13:24,ESCANER
7699,"Escuintla",5,"Masagua",5,867,380,49,7,130,16,47,3,1,0,0,9,2,264,6,0,270,0,270,--,379,109,264,270,270,Algún campo sin dato,1,05e6b457b175c77689a7902f7e825301f6572156fc6dfc9cbcf8dfc22d573e75,26/06/2023 01:09:38,ESCANER
7700,"Escuintla",5,"Masagua",5,867,380,37,2,131,6,61,3,0,1,3,7,0,251,5,0,256,0,256,--,380,124,251,256,256,Algún campo sin dato,1,2de4d7aa189e8786e49488ebb1e543d08527bdc72799ae479d2370cef41c0baf,26/06/2023 00:46:03,ESCANER
7701,"Escuintla",5,"Masagua",5,867,380,30,13,123,11,62,2,0,0,1,3,0,245,3,0,248,0,248,0,380,132,245,248,248,,1,61606769cec7ab5c3d46dd0d29d4f36d3a50175e5964dddc99e84a0cc071129c,26/06/2023 00:03:58,ESCANER
7702,"Escuintla",5,"Masagua",5,867,309,22,3,82,7,34,3,3,1,2,6,0,163,8,2,173,0,173,0,309,136,163,173,173,,1,c4d2f9663aa9afd8249d0a285554faa84b5443f381e1f85116cd468b819cbba2,26/06/2023 00:58:07,ESCANER
7703,"Escuintla",5,"Masagua",5,867,309,20,4,78,10,35,2,2,0,0,2,3,156,7,3,166,0,166,--,309,143,156,166,166,Algún campo sin dato,1,9ff7b479da5a7f512e8fe82423d62ce691b968af936a14a8445488d0a5a19d55,26/06/2023 00:15:59,ESCANER
7704,"Escuintla",5,"Masagua",5,868,380,58,3,89,24,45,6,0,0,2,2,1,230,31,3,264,0,264,--,280,116,230,264,264,Algún campo sin dato,1,cffd0247498c4877124f90ba3da0e53b5113c417a8f856460bf8f1891c5a1e98,25/06/2023 23:37:20,ESCANER
7705,"Escuintla",5,"Masagua",5,868,380,45,2,88,20,47,3,3,0,4,0,3,215,17,3,235,0,235,--,380,145,215,235,235,Algún campo sin dato,1,a5c09e5c2a5e6225f6057cd596c087171ed54bbbbcefec0f4c6cdbe1f09ad07f,26/06/2023 00:08:45,ESCANER
7706,"Escuintla",5,"Masagua",5,868,380,44,1,73,12,69,6,1,0,3,3,1,213,19,5,237,0,237,--,380,143,213,237,237,Algún campo sin dato,1,1d5e747ec1ada8b304aee270373b8e0005e61e8140c13d8c612c21ffbc06482d,25/06/2023 23:51:47,ESCANER
7707,"Escuintla",5,"Masagua",5,868,380,47,2,78,11,66,5,1,2,4,0,0,216,17,2,235,0,235,--,380,145,216,235,235,Algún campo sin dato,1,0cbf7a297c164a2ab7d3d6801c7f1508846caf0d45d708576fa094fd1bdfc6c7,25/06/2023 23:30:36,ESCANER
7708,"Escuintla",5,"Masagua",5,868,203,43,0,52,6,34,1,0,1,0,3,0,140,2,0,142,0,142,--,194,52,140,142,142,Algún campo sin dato,1,4479dc1e33c4d71137eb21e02a772a5616af4c5fed308b9fc6d8aa4e176f8bfb,25/06/2023 22:32:55,ESCANER
7709,"Escuintla",5,"Masagua",5,868,202,25,0,31,8,35,2,0,0,2,0,0,103,8,0,111,0,111,--,199,88,103,111,111,Algún campo sin dato,1,53a85340d06d2f515b6aae2000167f631f7b1148e870d7cfbeb23e55a267a8d6,25/06/2023 22:19:39,ESCANER
7710,"Escuintla",5,"Masagua",5,869,592,23,5,60,23,37,5,1,2,0,2,1,159,27,2,188,0,188,0,592,404,159,188,188,,1,7c1bdef7f265cb2fccdaf54d7ebfbb85aa5a05cd6da4fa24ad31cc51461ad486,25/06/2023 23:41:18,ESCANER
7711,"Escuintla",5,"Masagua",5,869,592,15,4,33,15,21,7,1,0,2,2,0,100,15,1,116,0,116,--,592,476,100,116,116,Algún campo sin dato,1,d39363ff2313490570eb9bef51bf138d6341081ff2f13d8085b0790f72951966,26/06/2023 00:24:23,ESCANER