﻿TIPO_DE_ELECCIÓN:,CORPORACIÓN MUNICIPAL
26 junio 2023 03:36 (UTC -6)
ACTAS_ESPERADAS,ACTAS_CAPTURADAS,PORCENTAJE_ACTAS_CAPTURADAS,ACTAS_CONTABILIZADAS,PORCENTAJE_ACTAS_CONTABILIZADAS,ACTAS_NO_CONTABILIZADAS,LISTA_NOMINAL_ACTAS_CONTABILIZADAS,VOTOS_EMITIDOS_CONTABILIZADAS,PORCENTAJE_PARTICIPACIÓN_CIUDADANA
37,37,100.0000,37,100.0000,0,14397,8379,58.1996

MESA,DEPARTAMENTO,ID_DEPARTAMENTO,MUNICIPIO,ID_MUNICIPIO,CENTRO_DE_VOTACIÓN,PADRÓN,VAMOS,PHG,CAMBIO,TODOS,UNE,CABAL,MLP,FCN-NACION,VÁLIDOS,NULOS,BLANCO,EMITIDOS,INVÁLIDOS,TOTAL,IMPUGNACIONES,PAPELETAS-RECIBIDAS,PAPELETAS-NO-USADAS,VALIDOS_CALCULADO,EMITIDOS_CALCULADO,TOTAL_CALCULADO,OBSERVACIONES,CONTABILIZADA,CÓDIGO_INTEGRIDAD,FECHA_HORA_PUBLICACIÓN,DIGITALIZACIÓN
23861,"Jutiapa",22,"Agua Blanca",4,3743,400,61,100,59,29,6,4,1,0,260,14,2,276,0,276,--,400,121,260,276,276,Algún campo sin dato,1,f609f9202edc617f5b6d289b65fb74b33427e14c4d8e76a89475aeab656b08ae,26/06/2023 02:33:40,ESCANER
23862,"Jutiapa",22,"Agua Blanca",4,3743,400,41,137,70,13,3,3,0,1,268,10,1,279,0,279,--,400,121,268,279,279,Algún campo sin dato,1,2c9c9b3931442878f13a8dcecbccbb462c8210813983118e13f94382b19ac6b1,26/06/2023 02:20:13,ESCANER
23863,"Jutiapa",22,"Agua Blanca",4,3743,400,40,131,51,28,5,7,1,0,263,12,1,276,0,276,1,400,124,263,276,276,,1,999dd73b4b4c6f51cff3a78a6eec7d058e1bde90c1d398ef0e321d4592f9ecee,26/06/2023 01:21:09,ESCANER
23864,"Jutiapa",22,"Agua Blanca",4,3743,400,53,133,71,19,7,5,0,1,289,14,97,304,0,400,--,400,97,289,400,400,Sumas Asentadas sin cuadrar,1,d7b5938c7c43dbb9a6d29c6ad3d801057e5159a2f8119e5dd19911520b7fbd5f,26/06/2023 01:21:23,ESCANER
23865,"Jutiapa",22,"Agua Blanca",4,3743,400,44,126,69,18,1,5,0,1,264,10,127,401,0,401,--,401,122,264,401,401,Algún campo sin dato,1,c3fe64aa9425e14f71cc482e47c74d234817cebe0fc9beede15af36892ff4fce,26/06/2023 01:18:32,ESCANER
23866,"Jutiapa",22,"Agua Blanca",4,3744,400,36,93,58,29,5,4,3,1,229,6,7,242,1,243,--,400,157,229,242,243,Algún campo sin dato,1,25431558fc152d55e24f0baa4ed7139001ddbf826456c35f0ab29bc5971d7537,26/06/2023 00:43:54,ESCANER
23867,"Jutiapa",22,"Agua Blanca",4,3744,400,30,109,67,20,4,11,0,1,242,6,2,250,0,250,--,400,150,242,250,250,Algún campo sin dato,1,4ea3675f8195866f03c6ba6af2328739e970b236d456b2f2ff625af09bcf256f,26/06/2023 00:07:49,ESCANER
23868,"Jutiapa",22,"Agua Blanca",4,3744,400,33,103,66,16,4,6,1,0,229,18,4,251,0,251,--,400,149,229,251,251,Algún campo sin dato,1,f98c39ef8ecf178c3bd58746138d12ba250ff749b4ddcd4b38f75d523e024256,26/06/2023 01:21:00,ESCANER
23869,"Jutiapa",22,"Agua Blanca",4,3744,400,36,108,63,24,5,4,0,0,240,3,1,244,0,244,--,400,156,240,244,244,Algún campo sin dato,1,65d84c199cae39010fb0295d434d3a50a1d3d3ba0c8be4ee2649678caa26d17c,26/06/2023 00:46:24,ESCANER
23870,"Jutiapa",22,"Agua Blanca",4,3745,346,27,87,63,12,5,6,--,1,201,5,1,--,--,--,1,346,138,201,207,207,Algún campo sin dato,1,78d55e2f242cd65d15e65497896475e413b1717591a2a03508ecc0d455f2c7d9,25/06/2023 23:23:42,ESCANER
23871,"Jutiapa",22,"Agua Blanca",4,3745,346,24,90,52,14,1,9,1,1,192,4,0,196,0,196,--,346,150,192,196,196,Algún campo sin dato,1,8dd01bf8866fe488a4ce380be147632ec80c18c82c58234edb5512d6123ee4fb,26/06/2023 00:55:51,ESCANER
23872,"Jutiapa",22,"Agua Blanca",4,3746,400,35,134,58,12,13,3,2,1,275,12,5,275,0,275,--,401,126,258,275,275,Sumas Asentadas sin cuadrar,1,9fa233b536c26e15d9b074595642489ee7ba8ae6370562008a3a368829cfe21c,26/06/2023 01:13:14,ESCANER
23873,"Jutiapa",22,"Agua Blanca",4,3746,400,32,146,45,3,14,2,0,1,243,12,1,256,0,257,1,401,143,243,256,256,Sumas Asentadas sin cuadrar,1,86aaa6c8129a9750676e7ebf1f287ea309caf1d6cfaac40f545a5e674b00522d,26/06/2023 00:07:35,ESCANER
23874,"Jutiapa",22,"Agua Blanca",4,3746,400,35,118,52,9,21,3,1,0,239,10,3,252,0,252,--,400,148,239,252,252,Algún campo sin dato,1,341ad391624b6c8e8e93768a68aaaf5ce530906091a80aa3b7ad16f16ff45146,25/06/2023 23:46:31,ESCANER
23875,"Jutiapa",22,"Agua Blanca",4,3746,400,29,114,53,7,17,2,1,0,223,6,3,232,0,232,--,400,168,223,232,232,Algún campo sin dato,1,8c4281e51bdef0fbc0ecedd9b7a0ca5260aca67cda7087525bec87b27c08e0e4,26/06/2023 01:32:30,ESCANER
23876,"Jutiapa",22,"Agua Blanca",4,3746,374,23,95,52,6,13,0,0,2,191,3,2,196,0,196,--,374,178,191,196,196,Algún campo sin dato,1,49e4f5a897fba57343119d1a9bfa4d938faf2e12861731100bc171b64b0ed1bd,25/06/2023 23:31:44,ESCANER
23877,"Jutiapa",22,"Agua Blanca",4,3746,374,22,90,64,3,11,0,0,0,190,5,1,196,0,196,--,374,178,190,196,196,Algún campo sin dato,1,d207b206d2627ca36e939b7488fa084830a8a26a5b0fa98ece7c3b239baa6778,25/06/2023 23:57:33,ESCANER
23878,"Jutiapa",22,"Agua Blanca",4,3747,400,18,90,87,11,5,2,8,2,223,13,3,239,0,239,--,400,161,223,239,239,Algún campo sin dato,1,145132aeb8531a132b85e7139f31e75d6c6154b75298bc70e9915f96aee1d42e,26/06/2023 00:47:01,ESCANER
23879,"Jutiapa",22,"Agua Blanca",4,3747,400,19,96,92,10,7,2,12,1,239,15,2,256,0,256,--,400,144,239,256,256,Algún campo sin dato,1,da599127002671d5a6930e124957f7a0e9de5822776b04a5d3ff8cc2cb62d88c,25/06/2023 22:53:58,ESCANER
23880,"Jutiapa",22,"Agua Blanca",4,3747,400,18,81,95,14,4,5,10,0,227,16,3,246,0,246,--,400,154,227,246,246,Algún campo sin dato,1,72e78a43f45ef23c258528714d67e0a2f06570d87e4b8ea87fbf4b0db48802ed,25/06/2023 23:04:47,ESCANER
23881,"Jutiapa",22,"Agua Blanca",4,3747,400,17,103,78,10,7,3,9,1,228,14,4,246,0,246,--,400,154,228,246,246,Algún campo sin dato,1,78c0aad075b3594db9df1a6570a3e4644565f36eaaa5ce6599168220df1e9b6f,25/06/2023 23:16:24,ESCANER
23882,"Jutiapa",22,"Agua Blanca",4,3747,400,21,109,79,15,8,2,1,0,235,13,12,260,0,260,--,400,140,235,260,260,Algún campo sin dato,1,037905383a6c88e16524eeda5a5642a301a6beaa6baa4edfecd33ce0a0d0f110,25/06/2023 23:13:11,ESCANER
23883,"Jutiapa",22,"Agua Blanca",4,3747,400,23,94,95,8,4,2,6,4,236,20,2,258,0,261,--,400,139,236,258,258,Sumas Asentadas sin cuadrar,1,32b17f764f703338f6e7df84e5e90cece49e7fa2e1cafdae680653b6e56b27f1,26/06/2023 00:15:34,ESCANER
23884,"Jutiapa",22,"Agua Blanca",4,3748,400,8,79,82,9,2,4,6,1,191,15,4,210,0,210,--,400,190,191,210,210,Algún campo sin dato,1,ef954a6204e54650ad0cf98d97bee784a5ae962f1e3235b63af00ec782c88d08,25/06/2023 23:24:33,ESCANER
23885,"Jutiapa",22,"Agua Blanca",4,3748,400,11,79,100,14,2,0,10,1,217,13,6,236,0,236,--,400,164,217,236,236,Algún campo sin dato,1,7ce437fa8af6ce6f30dad709138a6f6a4e203bbb000f2e312a1c7d7134d7533a,26/06/2023 00:32:49,ESCANER
23886,"Jutiapa",22,"Agua Blanca",4,3748,400,18,74,59,8,4,3,5,0,171,12,4,187,0,187,--,400,213,171,187,187,Algún campo sin dato,1,211e8d682b0d76ea2fe89f6ee0581e550953d514cb33e497cdfafb7904885597,26/06/2023 00:13:18,ESCANER
23887,"Jutiapa",22,"Agua Blanca",4,3748,400,8,86,99,5,2,1,3,0,204,3,4,211,0,211,2,400,189,204,211,211,,1,0020d8a2375a332a059c699d885cf5fb950d13c4b330fc7043c764b808fa0d8d,26/06/2023 00:46:38,ESCANER
23888,"Jutiapa",22,"Agua Blanca",4,3748,341,8,68,98,3,2,0,3,1,183,0,1,184,0,184,--,341,157,183,184,184,Algún campo sin dato,1,d0aab9f89ed17341fc2b00eff0d81680d7195b2f0b39f940156e9889fbf7270f,25/06/2023 23:52:39,ESCANER
23889,"Jutiapa",22,"Agua Blanca",4,3748,341,10,53,87,4,1,1,5,0,161,5,2,168,0,168,--,341,173,161,168,168,Algún campo sin dato,1,4882591df8eed04068e93a70ca2e7e6ffa1a0db1f60d07aa1fd72815a1368f16,25/06/2023 23:15:54,ESCANER
23890,"Jutiapa",22,"Agua Blanca",4,3749,380,21,127,64,18,6,4,1,2,243,13,7,263,0,263,0,380,117,243,263,263,,1,36435ee51276ffd3025954036f03c1bd26f20b19946b207eecae9ed464d75cf2,26/06/2023 00:04:21,ESCANER
23891,"Jutiapa",22,"Agua Blanca",4,3749,380,17,107,74,22,9,8,3,2,242,15,8,265,0,265,--,380,115,242,265,265,Algún campo sin dato,1,9d2cb16a10bf3a6c37d4dea75db9d95c19b9d4bf606bad6a179a9889d67f2cc3,26/06/2023 00:48:18,ESCANER
23892,"Jutiapa",22,"Agua Blanca",4,3749,380,15,119,47,13,7,1,3,0,205,4,3,212,0,212,--,380,168,205,212,212,Algún campo sin dato,1,f495aeaedd839e1f4df9c9b92d981d69a8d340618276af621263f30ab7bc2958,26/06/2023 00:36:22,ESCANER
23893,"Jutiapa",22,"Agua Blanca",4,3749,310,9,82,54,12,3,3,4,0,167,11,1,179,0,179,--,310,131,167,179,179,Algún campo sin dato,1,be74db998ad99973bb75dd4344f56ff8a87e358c999fc9f2fe202a49df13a287,25/06/2023 23:35:37,ESCANER
23894,"Jutiapa",22,"Agua Blanca",4,3749,309,17,69,45,12,5,2,1,0,151,6,3,160,0,160,--,309,149,151,160,160,Algún campo sin dato,1,e259f9fbea453cfa492fe79c28d2a0496c1022ba50a4b41aa76457d52973ea3b,26/06/2023 00:20:16,ESCANER
23895,"Jutiapa",22,"Agua Blanca",4,3750,600,15,46,20,7,3,3,2,1,97,8,0,105,0,105,1,597,492,97,105,105,,1,ba58e98a3ee077cd8a13592c97d1b3318876f09b9c2b334c5df072c14f53cad7,25/06/2023 23:17:27,ESCANER
23896,"Jutiapa",22,"Agua Blanca",4,3750,358,5,15,12,1,3,1,0,0,37,1,0,38,0,38,--,355,317,37,38,38,Algún campo sin dato,1,1d1738b93bed77c5d82219b5f3cdcea79d222bf2ddb015cc495151db34e43180,25/06/2023 22:41:32,ESCANER
23897,"Jutiapa",22,"Agua Blanca",4,3750,358,4,7,7,7,1,0,1,0,22,0,0,22,0,22,--,355,333,27,27,27,Sumas Asentadas sin cuadrar,1,d7509bc81eb31f90324a6d40cee49450dc03bcb64255076c2a69048953e29022,25/06/2023 22:35:05,ESCANER