﻿TIPO_DE_ELECCIÓN:,CORPORACIÓN MUNICIPAL
26 junio 2023 03:36 (UTC -6)
ACTAS_ESPERADAS,ACTAS_CAPTURADAS,PORCENTAJE_ACTAS_CAPTURADAS,ACTAS_CONTABILIZADAS,PORCENTAJE_ACTAS_CONTABILIZADAS,ACTAS_NO_CONTABILIZADAS,LISTA_NOMINAL_ACTAS_CONTABILIZADAS,VOTOS_EMITIDOS_CONTABILIZADAS,PORCENTAJE_PARTICIPACIÓN_CIUDADANA
296,225,76.0135,225,76.0135,0,87046,52849,60.7138

MESA,DEPARTAMENTO,ID_DEPARTAMENTO,MUNICIPIO,ID_MUNICIPIO,CENTRO_DE_VOTACIÓN,PADRÓN,VICTORIA,FCN-NACION,VAMOS,TODOS,VIVA,AZUL,VALOR,PODEMOS,CABAL,PPN,SEMILLA,WINAQ,MI FAMILIA,CAMBIO,CREO,UNE,ELEFANTE,VOS,PHG,EL CHERIFON,PR,P A N,MLP,COMITE CIVICO JUSTICIA,BIEN,VÁLIDOS,NULOS,BLANCO,EMITIDOS,INVÁLIDOS,TOTAL,IMPUGNACIONES,PAPELETAS-RECIBIDAS,PAPELETAS-NO-USADAS,VALIDOS_CALCULADO,EMITIDOS_CALCULADO,TOTAL_CALCULADO,OBSERVACIONES,CONTABILIZADA,CÓDIGO_INTEGRIDAD,FECHA_HORA_PUBLICACIÓN,DIGITALIZACIÓN
18613,"Alta Verapaz",16,"Cobán",1,2872,400,,,,,,,,,,,,,,,,,,,,,,,,,,,,,,,,,,,,,,,0,,,
18614,"Alta Verapaz",16,"Cobán",1,2872,400,41,4,53,2,8,3,4,3,15,37,0,1,5,1,4,8,1,1,3,0,1,1,1,48,0,245,21,1,267,3,270,2,400,130,245,267,270,,1,3635ba11fdec6e1c3825e325d0098beb4ae10a7aa442731f17584e9fd3c45ed9,26/06/2023 00:03:00,ESCANER
18615,"Alta Verapaz",16,"Cobán",1,2872,400,,,,,,,,,,,,,,,,,,,,,,,,,,,,,,,,,,,,,,,0,,,
18616,"Alta Verapaz",16,"Cobán",1,2872,400,45,2,79,1,13,5,5,2,11,33,10,0,0,1,7,3,3,1,4,0,5,1,3,51,0,285,17,1,303,0,303,--,400,97,285,303,303,Algún campo sin dato,1,fb213f5dc26fe2b2927fc0d80923dcc6a4335c682fa1486ce40581a9a159a96e,26/06/2023 00:22:52,ESCANER
18617,"Alta Verapaz",16,"Cobán",1,2872,400,,,,,,,,,,,,,,,,,,,,,,,,,,,,,,,,,,,,,,,0,,,
18618,"Alta Verapaz",16,"Cobán",1,2872,400,45,6,65,0,8,1,10,2,6,22,7,1,2,1,10,4,1,1,4,0,1,1,1,51,2,252,23,2,277,0,277,--,400,123,252,277,277,Algún campo sin dato,1,12253463297a86087f405fb8296b17271bb18181c97a3855df9556c0d0c2298a,26/06/2023 01:28:16,ESCANER
18619,"Alta Verapaz",16,"Cobán",1,2872,400,36,3,56,1,11,6,7,10,9,24,6,3,2,3,6,8,0,3,2,1,5,0,1,58,1,262,18,4,284,0,284,--,404,120,262,284,284,Algún campo sin dato,1,840a513854ca044a7358b128f960bbb6aa8b62f43576d904e710036cefe553d0,26/06/2023 01:50:54,ESCANER
18620,"Alta Verapaz",16,"Cobán",1,2872,400,20,2,76,0,13,3,12,1,17,24,5,1,3,1,12,7,2,1,6,0,7,0,0,63,0,276,19,1,296,0,296,--,401,105,276,296,296,Algún campo sin dato,1,c44deb75cb845a6b502db520ae9f78dba8e514c0ecc1b5a047cd5b0bfca9db30,26/06/2023 00:51:22,ESCANER
18621,"Alta Verapaz",16,"Cobán",1,2872,400,35,2,58,0,9,4,10,5,9,25,4,0,4,2,10,11,1,3,7,1,3,2,2,57,0,264,9,0,273,0,273,--,400,127,264,273,273,Algún campo sin dato,1,ae2197c32795c2b945ec51b1c71aa0e338c7533bb2fd37201761c07fb88ee371,26/06/2023 01:46:31,ESCANER
18622,"Alta Verapaz",16,"Cobán",1,2872,400,,,,,,,,,,,,,,,,,,,,,,,,,,,,,,,,,,,,,,,0,,,
18623,"Alta Verapaz",16,"Cobán",1,2872,400,32,3,67,1,10,7,5,12,11,29,4,2,1,0,4,10,1,2,9,0,5,0,0,50,0,265,16,2,283,0,283,--,404,121,265,283,283,Algún campo sin dato,1,8e7d4ad00fa646efcd8057ee56a9c982a19d5be69b70f43940e9f17c87caaee7,26/06/2023 02:07:48,ESCANER
18624,"Alta Verapaz",16,"Cobán",1,2872,400,40,2,56,1,5,4,5,5,11,30,7,0,4,2,4,8,0,2,2,1,7,2,4,57,0,259,22,1,282,0,282,1,400,117,259,282,282,,1,014dca4080d7d0ec5f3a00d02b3184d0a2bc67df4eb5c85dc687b067c12b1cb3,26/06/2023 03:32:40,ESCANER
18625,"Alta Verapaz",16,"Cobán",1,2873,400,34,5,73,2,5,3,10,3,10,25,5,2,3,2,11,7,1,3,7,--,8,2,2,59,1,283,14,2,299,--,--,--,401,102,283,299,299,Algún campo sin dato,1,e6bf2ffb772b9a5ccd4d2d1ae24676718da189f5072c977864d45e34ab6f6ba5,26/06/2023 02:41:50,ESCANER
18626,"Alta Verapaz",16,"Cobán",1,2873,400,34,2,77,0,5,6,11,3,13,28,3,2,3,0,4,8,1,2,11,0,3,2,0,69,1,288,18,3,309,0,309,--,400,91,288,309,309,Algún campo sin dato,1,07e6ce0bd68e6caa26fb7b709a0a3a59a68824aef996175c1eea3ccbc1961c69,26/06/2023 03:15:23,ESCANER
18627,"Alta Verapaz",16,"Cobán",1,2873,400,28,3,68,0,12,4,4,7,20,35,4,0,4,4,4,10,0,1,16,0,4,1,2,68,0,286,17,1,304,0,304,--,400,96,299,317,317,Sumas Asentadas sin cuadrar,1,95c20d48d2d5469bac58f436d53f7bb5bf8535f2572fa523218e8f00d506eed9,26/06/2023 02:01:34,ESCANER
18628,"Alta Verapaz",16,"Cobán",1,2873,400,34,0,64,1,10,2,12,5,9,29,4,0,1,1,4,9,1,0,8,0,2,0,2,52,0,250,14,1,265,0,265,--,400,135,250,265,265,Algún campo sin dato,1,c5c9f0d229dc6fbad71477f0f91752fc0658117af017d8ec43048a133bac2af3,26/06/2023 01:07:33,ESCANER
18629,"Alta Verapaz",16,"Cobán",1,2873,400,36,1,54,1,6,4,6,4,6,24,3,2,2,1,5,4,1,2,9,0,6,0,0,63,0,240,4,0,244,0,244,--,400,156,240,244,244,Algún campo sin dato,1,d9a56a5e6d1131c9130f16554608dffb81bd6f7104ee0ca3cf5c8e76eee48f3f,26/06/2023 01:15:59,ESCANER
18630,"Alta Verapaz",16,"Cobán",1,2873,400,22,2,61,1,6,2,3,6,13,19,4,1,3,1,7,9,2,4,5,2,5,1,0,43,1,223,11,0,234,0,234,--,400,166,223,234,234,Algún campo sin dato,1,3dd6a41441bdc422f99d8910173fae3bed9a8cfe9915afff5b36a6239b022627,26/06/2023 02:56:41,ESCANER
18631,"Alta Verapaz",16,"Cobán",1,2873,400,32,1,60,0,8,2,3,11,8,28,4,0,2,0,4,10,1,0,4,0,3,0,2,50,0,233,21,2,256,1,257,--,400,143,233,256,257,Algún campo sin dato,1,b07fd45ce53255e5289da554eb82f12c04f54fef5813f9697f8356b9576f14f2,26/06/2023 01:24:25,ESCANER
18632,"Alta Verapaz",16,"Cobán",1,2873,400,26,2,68,2,3,4,6,6,10,29,4,0,3,2,6,9,0,2,10,0,4,1,2,52,0,251,11,4,266,0,266,--,400,131,251,266,266,Algún campo sin dato,1,93fa9282acc1308e4ab467844172de7fdeb44d0ece3ecff9b4ef0672c659ede3,26/06/2023 01:01:46,ESCANER
18633,"Alta Verapaz",16,"Cobán",1,2873,400,45,0,62,1,12,4,10,3,11,38,3,1,0,1,7,4,1,2,0,0,3,0,2,48,0,258,13,3,274,--,--,--,397,121,258,274,274,Algún campo sin dato,1,d6f53f2dbda0661045f56961d05b9cdcb79921a9998db959964f32f2e0f02e55,26/06/2023 01:47:13,ESCANER
18634,"Alta Verapaz",16,"Cobán",1,2873,400,37,2,56,0,10,2,4,6,12,20,5,2,2,0,3,3,0,1,3,2,2,1,0,55,0,228,22,5,255,0,255,--,400,145,228,255,255,Algún campo sin dato,1,1457ea34e5341c4a76222ef73f6385cc0d8879043fd806f5d6c7a915d5f4a88a,26/06/2023 01:09:05,ESCANER
18635,"Alta Verapaz",16,"Cobán",1,2873,400,28,3,63,0,13,4,11,5,14,20,6,1,1,1,9,7,1,1,6,0,5,0,2,47,2,250,18,2,270,0,270,--,400,130,250,270,270,Algún campo sin dato,1,c9bbdb680794270bc24e41977f1c20a5a33f5064f4d05e4d774dd3a78d15da0d,26/06/2023 00:45:01,ESCANER
18636,"Alta Verapaz",16,"Cobán",1,2873,400,37,0,69,2,9,6,6,4,10,15,2,0,0,0,9,8,1,0,6,0,5,0,0,47,0,236,12,2,250,0,250,--,400,150,236,250,250,Algún campo sin dato,1,9e3dfd3a9e27b638daaa449e94b5b173b79fada4b2c510b5288b26d490d5e6ef,26/06/2023 00:36:08,ESCANER
18637,"Alta Verapaz",16,"Cobán",1,2873,400,21,3,66,1,6,7,9,5,20,28,5,0,2,4,7,3,4,2,4,0,2,1,4,67,0,271,22,4,297,0,297,--,400,103,271,297,297,Algún campo sin dato,1,e88fb82b3f8843130974ca9b3091b35de4c7482a4409420b9fc21e903a1f530e,26/06/2023 01:29:05,ESCANER
18638,"Alta Verapaz",16,"Cobán",1,2873,400,41,2,61,1,13,2,6,3,11,24,2,2,2,4,12,2,0,3,7,0,3,0,5,40,1,247,13,6,266,0,266,--,397,134,247,266,266,Algún campo sin dato,1,7e781cfc3efc048be8c2a2a4d47b8c5e79fd1f9942507a1b41d43f2489d0ee87,26/06/2023 01:00:43,ESCANER
18639,"Alta Verapaz",16,"Cobán",1,2873,400,42,2,62,0,8,4,7,5,12,17,5,3,1,0,8,7,1,1,7,1,0,1,1,46,0,241,21,3,265,0,265,--,397,132,241,265,265,Algún campo sin dato,1,42661c291728028ff877cf330c29f84dd702164571dd35f300dad7a21d9eef49,26/06/2023 00:28:04,ESCANER
18640,"Alta Verapaz",16,"Cobán",1,2873,400,31,0,47,1,9,3,6,4,7,25,3,1,1,1,6,11,0,0,6,0,2,1,4,36,0,208,26,4,238,0,238,--,404,166,205,235,235,Sumas Asentadas sin cuadrar,1,69c77c0341793987e2cc8a0a31e86b33d2dbbec1e7290f23f340cbadd07c085e,26/06/2023 00:54:45,ESCANER
18641,"Alta Verapaz",16,"Cobán",1,2873,400,39,2,65,0,11,4,8,2,8,16,4,1,1,0,9,9,0,2,9,0,1,2,3,50,0,246,16,4,266,0,266,--,400,134,246,266,266,Algún campo sin dato,1,ea4a9239cf77c2582f3523b55ee39b269772ab07793615966eb37d2558ebcb4f,26/06/2023 01:28:37,ESCANER
18642,"Alta Verapaz",16,"Cobán",1,2873,400,39,1,71,1,4,2,6,3,8,18,1,1,3,0,2,10,0,0,8,1,2,0,2,46,0,229,17,3,249,0,249,--,398,149,229,249,249,Algún campo sin dato,1,9e938d696725c62093aeb68dc562aecb446941b1b2a6e5df4986301c6399c849,26/06/2023 00:33:47,ESCANER
18643,"Alta Verapaz",16,"Cobán",1,2874,400,26,0,71,2,6,8,14,2,10,35,3,1,2,1,9,4,1,1,5,0,4,1,3,46,0,255,9,5,269,0,269,--,400,131,255,269,269,Algún campo sin dato,1,dfe66a43bfd0b1c1eedbb9c196fb44a6f46e2360327f2c1d113796bbb2e4c855,26/06/2023 01:02:12,ESCANER
18644,"Alta Verapaz",16,"Cobán",1,2874,400,24,2,59,0,7,7,14,6,12,20,4,3,5,1,5,4,1,6,4,2,7,0,2,63,0,258,7,1,266,0,266,--,400,134,258,266,266,Algún campo sin dato,1,75492ae8f713aa111088aa312f183a0784933d5747df7e76fc3a4206b2e19948,26/06/2023 01:03:14,ESCANER
18645,"Alta Verapaz",16,"Cobán",1,2874,400,32,1,81,2,11,2,6,2,16,18,2,2,3,1,5,4,0,6,7,1,5,0,0,50,0,257,13,2,272,0,272,--,400,128,257,272,272,Algún campo sin dato,1,3e74184d8b77a667606c6c81e594814b7f46cb9f8ff6414de7bb8f7a1b8d457b,26/06/2023 02:45:22,ESCANER
18646,"Alta Verapaz",16,"Cobán",1,2874,400,,,,,,,,,,,,,,,,,,,,,,,,,,,,,,,,,,,,,,,0,,,
18647,"Alta Verapaz",16,"Cobán",1,2874,400,,,,,,,,,,,,,,,,,,,,,,,,,,,,,,,,,,,,,,,0,,,
18648,"Alta Verapaz",16,"Cobán",1,2874,400,,,,,,,,,,,,,,,,,,,,,,,,,,,,,,,,,,,,,,,0,,,
18649,"Alta Verapaz",16,"Cobán",1,2874,400,28,3,64,3,7,1,7,2,10,24,5,0,0,3,6,9,3,0,2,0,1,3,1,44,0,226,23,6,255,0,255,--,400,145,226,255,255,Algún campo sin dato,1,fc9e6107d137727cbabc7748ee5799ff0874fa34ca116423c6316899ab651e50,26/06/2023 02:07:09,ESCANER
18650,"Alta Verapaz",16,"Cobán",1,2874,400,22,3,73,2,9,1,3,4,9,26,4,0,2,0,4,6,0,0,2,0,1,0,1,41,0,213,15,1,229,0,229,--,400,171,213,229,229,Algún campo sin dato,1,dbd0e23e280915d1f53e58e6aab2791e6b07d88c128be65662011e047bd8a113,26/06/2023 02:13:54,ESCANER
18651,"Alta Verapaz",16,"Cobán",1,2874,400,35,0,72,6,3,3,2,3,11,26,0,0,2,2,7,9,2,0,10,0,3,0,2,41,0,239,21,5,265,0,265,--,401,136,239,265,265,Algún campo sin dato,1,905bda6d71c97f3baa31ac876e83b3e7be2fa5e7a367b58dd53c137a35645101,26/06/2023 00:02:07,ESCANER
18652,"Alta Verapaz",16,"Cobán",1,2874,400,38,0,59,0,9,0,7,3,13,18,5,4,0,1,5,10,0,1,4,1,4,0,0,47,0,229,21,3,253,0,253,--,400,147,229,253,253,Algún campo sin dato,1,a8e7ecc33336ea12b92d2f4ac63fbb01b89e5bc7d071e3553773e053e3dbce57,26/06/2023 01:07:41,ESCANER
18653,"Alta Verapaz",16,"Cobán",1,2874,400,27,0,59,1,15,5,8,4,11,27,4,2,2,3,11,5,1,1,4,0,3,1,4,52,0,250,13,2,265,0,265,0,401,136,250,265,265,,1,e4f21c4b258eeb8b97aec4942942ae1722ed66680208f55684cc9295c332ed55,26/06/2023 02:25:50,ESCANER
18654,"Alta Verapaz",16,"Cobán",1,2874,400,,,,,,,,,,,,,,,,,,,,,,,,,,,,,,,,,,,,,,,0,,,
18655,"Alta Verapaz",16,"Cobán",1,2874,400,27,0,66,0,8,0,7,8,14,21,1,1,3,1,6,7,1,3,2,0,2,0,1,40,1,220,13,4,237,0,237,2,400,163,220,237,237,,1,e1149c8fe964583b4e5c802a533dd232bb30a2609a33e78b8412e4abc6754115,26/06/2023 02:16:05,ESCANER
18656,"Alta Verapaz",16,"Cobán",1,2874,400,25,0,60,3,9,1,5,4,10,27,3,0,3,0,3,2,0,1,7,1,6,1,0,30,0,201,16,2,219,0,219,--,400,181,201,219,219,Algún campo sin dato,1,913ef1e6a9223b83fd08aea476f045c586cc56e679513304d952140bc4e64c84,26/06/2023 01:18:59,ESCANER
18657,"Alta Verapaz",16,"Cobán",1,2874,400,27,0,49,3,5,2,9,4,6,23,5,0,3,1,8,7,0,5,7,0,8,2,2,53,3,232,5,2,239,0,239,--,400,161,232,239,239,Algún campo sin dato,1,3416349d88ec1996a639f3b988da4bb28322c75ac80852cbf75242365498b865,26/06/2023 01:36:45,ESCANER
18658,"Alta Verapaz",16,"Cobán",1,2874,400,24,1,72,1,10,3,6,6,9,18,12,1,4,1,5,11,1,3,2,0,1,1,0,39,0,231,11,1,243,0,243,--,400,157,231,243,243,Algún campo sin dato,1,b7cf8a514b75bc0427fcaf956ed7d3d0db3b6ae9fc75c165a592f11ed8e19f70,26/06/2023 01:36:07,ESCANER
18659,"Alta Verapaz",16,"Cobán",1,2874,400,29,1,59,1,7,2,5,7,4,27,8,2,1,0,8,7,0,2,3,0,3,0,0,39,1,216,6,3,225,0,225,--,400,175,216,225,225,Algún campo sin dato,1,d363ae33fa9345363417070c0cc07952ab8a918d8ab0c59278ac4c1f7eb54f12,25/06/2023 22:37:12,ESCANER
18660,"Alta Verapaz",16,"Cobán",1,2874,400,25,0,62,0,5,7,6,10,8,23,12,3,4,1,6,5,1,1,3,0,4,0,1,41,1,229,11,0,241,1,241,--,400,159,229,240,241,Sumas Asentadas sin cuadrar,1,a9fcc3535f97eb95a7641391a3819493e1f389f51cbf7a6d8c8afbb182f37b80,26/06/2023 00:17:24,ESCANER
18661,"Alta Verapaz",16,"Cobán",1,2874,400,20,2,58,2,11,3,4,4,13,14,21,1,1,1,7,2,2,1,5,0,8,1,1,63,1,246,3,0,249,1,250,--,400,150,246,249,250,Algún campo sin dato,1,3bff901c8d8d48501573430e5b514b58e7139fed74de03d3aacfd06c7e815210,26/06/2023 02:49:10,ESCANER
18662,"Alta Verapaz",16,"Cobán",1,2874,400,28,1,50,0,10,4,5,7,10,26,11,1,1,1,5,3,0,2,3,0,6,1,2,50,0,228,9,1,238,0,238,2,400,162,227,237,237,Sumas Asentadas sin cuadrar,1,4b65c2cd46a4c3f041295c118ad87b65f863a7abac525dcb18f1dc59e6c96446,26/06/2023 02:06:14,ESCANER
18663,"Alta Verapaz",16,"Cobán",1,2875,400,13,0,69,2,3,4,5,10,11,27,17,2,4,0,7,2,0,1,3,0,7,0,1,61,0,249,6,0,255,0,255,--,400,145,249,255,255,Algún campo sin dato,1,24e28e1c4fe8270b78e31fb1197c2652cfeb92953ed69b19e74b61c41276bfd1,26/06/2023 03:03:45,ESCANER
18664,"Alta Verapaz",16,"Cobán",1,2875,400,35,2,40,1,6,1,4,2,10,25,10,0,2,1,6,2,0,3,3,0,1,1,3,47,0,205,5,0,210,0,210,0,400,190,205,210,210,,1,119a0dc8585c0254f5785fec0a423ccef90fc242df235ae82d41c657ea0de3b9,26/06/2023 00:07:07,ESCANER
18665,"Alta Verapaz",16,"Cobán",1,2875,400,28,3,52,3,6,7,8,5,9,26,14,0,0,0,3,5,0,1,2,1,6,0,0,45,0,224,4,0,228,0,228,--,400,172,224,228,228,Algún campo sin dato,1,30fda380a1ec32000358163135623a67e9cba980ffe5c62f786bcbb117c0b776,26/06/2023 00:19:11,ESCANER
18666,"Alta Verapaz",16,"Cobán",1,2875,400,20,1,62,4,5,3,6,4,6,21,8,0,1,1,8,3,1,1,4,0,4,0,0,47,0,210,7,2,219,0,219,2,396,186,210,219,219,,1,0ebcb74d77e65f1f1b65e6822c68686277c5e3153bf9e09f933d53edcda04870,26/06/2023 02:17:47,ESCANER
18667,"Alta Verapaz",16,"Cobán",1,2875,400,19,2,44,1,8,3,5,2,10,13,6,2,1,0,4,5,0,3,2,0,2,0,1,41,1,175,6,0,181,1,182,0,400,218,175,181,182,,1,4703819624c86bff0e8dc9d71cf3646306f867262c7ca5bb162b123d64ed4304,26/06/2023 00:03:27,ESCANER
18668,"Alta Verapaz",16,"Cobán",1,2875,400,24,0,46,0,2,5,7,3,8,21,9,0,3,2,2,4,1,2,2,0,3,1,4,39,1,189,10,0,199,0,199,--,400,201,189,199,199,Algún campo sin dato,1,ab21a2c3bfca6974d9ddd113766386e524529a40a5867baebaba7b41c142a34c,26/06/2023 01:45:21,ESCANER
18669,"Alta Verapaz",16,"Cobán",1,2875,264,20,0,35,0,3,1,5,1,4,18,4,0,1,1,4,8,0,2,1,0,1,0,3,29,0,141,6,3,150,0,150,--,264,114,141,150,150,Algún campo sin dato,1,96b87598c349a06216476781782f31d1091a0dfe0e1dd53c29a038603d55a5db,25/06/2023 23:28:51,ESCANER
18670,"Alta Verapaz",16,"Cobán",1,2875,263,11,0,31,1,2,1,2,0,3,9,0,0,0,0,1,3,0,2,4,0,1,1,0,21,0,93,11,0,104,0,104,--,263,159,93,104,104,Algún campo sin dato,1,43f379345025eccee26be896efa67eeb8e21ff55a3723c6c8a25459a5823519e,25/06/2023 23:09:07,ESCANER
18671,"Alta Verapaz",16,"Cobán",1,2876,400,53,2,52,0,4,6,4,4,8,51,1,3,3,5,2,7,2,1,8,0,1,2,5,25,0,249,31,3,283,0,283,--,400,117,249,283,283,Algún campo sin dato,1,3b0dfc587aa55e99ff859f5c8d47f1e895db547a54d6c8b7434d0cd2cfe5daa5,26/06/2023 01:23:26,ESCANER
18672,"Alta Verapaz",16,"Cobán",1,2876,205,26,0,22,1,5,3,2,0,2,18,4,3,2,1,1,5,1,0,3,2,0,0,0,13,1,115,10,1,126,0,126,--,208,82,115,126,126,Algún campo sin dato,1,629f2e42a89d839331d68100aa7a51f4613b690b4ce28f5ca8f857a8c07c5bd7,26/06/2023 00:11:01,MOVIL
18673,"Alta Verapaz",16,"Cobán",1,2876,205,21,0,17,1,4,3,0,1,2,20,5,0,1,3,3,2,0,0,1,0,0,0,0,12,1,97,9,2,108,0,108,--,205,97,97,108,108,Algún campo sin dato,1,a176801bfcd65fe994559082b17ac2723d67103842df037ec98249d7eae90223,26/06/2023 00:25:25,ESCANER
18674,"Alta Verapaz",16,"Cobán",1,2877,386,8,3,78,0,17,5,20,17,14,12,3,0,1,0,11,4,0,0,3,1,3,0,0,83,3,286,9,0,295,0,295,--,390,95,286,295,295,Algún campo sin dato,1,1c03aadaed2fc14e50839b8b2e37de27eef2cbcdf8cea8723ea8b781445c99b4,26/06/2023 03:31:28,ESCANER
18675,"Alta Verapaz",16,"Cobán",1,2878,400,60,2,55,2,10,3,3,3,5,30,3,0,1,1,4,10,1,1,4,2,3,0,7,27,0,237,39,2,278,0,278,--,400,122,237,278,278,Algún campo sin dato,1,154a6edfa16eacf472e93bbfca0d5e348dca6c7066691b10773656e996b6dff8,26/06/2023 01:53:25,ESCANER
18676,"Alta Verapaz",16,"Cobán",1,2878,400,83,2,54,4,8,4,1,8,3,27,1,0,1,0,1,4,3,0,1,1,5,0,16,41,0,301,25,8,301,0,301,--,400,95,268,301,301,Sumas Asentadas sin cuadrar,1,2f38b34322be13a6b7f82b1de99a441af391ff14fa7d3489379b0d11c393159d,26/06/2023 02:56:01,ESCANER
18677,"Alta Verapaz",16,"Cobán",1,2878,400,88,2,90,0,5,1,5,28,8,0,0,1,2,2,6,4,1,1,2,2,0,1,8,33,0,296,20,11,327,0,327,--,397,70,290,321,321,Sumas Asentadas sin cuadrar,1,4c120cd17d3bd025f6b65c975946e1a9b41f2d9cc6ced8b56329432a8a5c35fe,26/06/2023 02:18:00,ESCANER
18678,"Alta Verapaz",16,"Cobán",1,2878,400,46,3,55,1,5,2,9,6,11,35,2,0,1,1,2,10,5,3,3,3,4,0,10,49,1,267,17,4,288,0,288,--,400,112,267,288,288,Algún campo sin dato,1,1d917645cb96a2c1c56a2bf9c9231e929eb0212310af062fbab712b4cee1837c,26/06/2023 00:47:41,ESCANER
18679,"Alta Verapaz",16,"Cobán",1,2878,400,51,2,69,1,10,2,2,2,13,33,1,1,3,3,3,6,4,2,2,1,2,1,10,48,0,272,23,4,299,0,299,--,400,101,272,299,299,Algún campo sin dato,1,e6d4242df0dcad7a28aec7e6aa347ba9bbacc993a7b5ad41b3c764258e932ac0,26/06/2023 02:46:01,ESCANER
18680,"Alta Verapaz",16,"Cobán",1,2878,400,43,2,64,3,7,5,6,1,6,29,3,1,2,2,4,11,1,3,5,2,5,--,10,53,1,269,12,3,284,0,284,--,400,116,269,284,284,Algún campo sin dato,1,f46adb82fd0df23ffbec0844d590a42daa6cb1f482f36b2d0629b1c32ef0a91a,26/06/2023 01:46:11,ESCANER
18681,"Alta Verapaz",16,"Cobán",1,2878,400,52,2,56,0,7,1,4,5,8,29,4,1,1,4,3,10,1,1,2,1,3,1,4,46,1,247,18,3,268,0,268,--,400,132,247,268,268,Algún campo sin dato,1,9988e0eec49343d2a28fb03a7d1ab7492b30944ead61e4ca960b2940cd9ce5a1,26/06/2023 02:42:01,ESCANER
18682,"Alta Verapaz",16,"Cobán",1,2878,400,42,2,68,0,7,1,3,3,4,31,8,1,4,2,3,11,1,1,2,4,1,0,11,28,0,238,18,5,261,0,261,--,400,139,238,261,261,Algún campo sin dato,1,fe83b2f5a42bbb508bfa84c43bb81b250f264f6a25dac1de78a54ba1ff50c355,26/06/2023 00:35:34,ESCANER
18683,"Alta Verapaz",16,"Cobán",1,2878,400,43,4,55,2,7,5,5,4,10,40,4,1,1,4,4,8,0,1,3,0,2,0,4,43,1,251,20,3,274,0,274,--,400,126,251,274,274,Algún campo sin dato,1,955660b6f702ee2359fecd23e780a1a1862519707f512999d0914125f4535677,26/06/2023 03:00:11,ESCANER
18684,"Alta Verapaz",16,"Cobán",1,2878,400,47,1,58,3,5,2,5,5,5,38,2,2,0,3,3,6,1,0,1,1,2,0,8,37,2,237,22,4,263,0,263,--,400,137,237,263,263,Algún campo sin dato,1,5da9e1be7e049b67c4416888da2be3bda545b3bcc8da616ce65d9940a3f71b04,26/06/2023 02:22:46,ESCANER
18685,"Alta Verapaz",16,"Cobán",1,2878,400,41,3,64,2,12,3,3,3,7,34,3,2,2,3,3,7,0,2,4,0,2,0,8,43,3,254,16,5,275,0,275,--,400,125,254,275,275,Algún campo sin dato,1,13d4323e38d4fa28622b411704d72b5ef20d4f0be8be66ba78fd2cd01cf3b4ae,26/06/2023 02:46:50,ESCANER
18686,"Alta Verapaz",16,"Cobán",1,2878,400,50,3,61,1,7,2,3,5,8,39,4,0,4,2,6,10,1,1,2,0,1,1,1,24,3,239,18,1,258,2,260,2,397,137,239,258,260,,1,529375bd4745e05997f34b2066f76de9fb039a7f663253f765f4a4392b972924,26/06/2023 03:13:23,ESCANER
18687,"Alta Verapaz",16,"Cobán",1,2878,400,49,0,55,0,7,2,2,1,4,40,1,0,1,1,7,8,2,0,2,1,2,0,8,31,0,224,17,7,248,0,248,--,400,152,224,248,248,Algún campo sin dato,1,1ef0af5b67bba392c46c1613c51c4c77d82993b7ebcdd87499fac279ec1e8864,26/06/2023 01:28:27,ESCANER
18688,"Alta Verapaz",16,"Cobán",1,2879,400,39,1,51,1,14,3,2,5,9,38,4,0,2,1,4,10,1,0,0,1,1,0,10,31,0,228,25,1,254,0,254,--,500,246,228,254,254,Algún campo sin dato,1,c7aa4d3ac32d5574748fa1de64a9baaddff0e8e2f4287e7cefa7427d8f044f16,26/06/2023 01:04:54,ESCANER
18689,"Alta Verapaz",16,"Cobán",1,2879,400,,,,,,,,,,,,,,,,,,,,,,,,,,,,,,,,,,,,,,,0,,,
18690,"Alta Verapaz",16,"Cobán",1,2879,400,57,2,46,2,10,4,2,2,8,18,2,0,3,3,3,9,0,0,3,0,3,0,3,43,1,224,11,2,237,0,237,--,400,163,224,237,237,Algún campo sin dato,1,140aa456af058415b92564a9d6932c90f64d12d44116644ae21fbe38c37b213a,26/06/2023 02:12:54,ESCANER
18691,"Alta Verapaz",16,"Cobán",1,2879,400,31,3,46,1,6,3,6,2,13,30,5,1,2,1,1,4,1,0,1,0,4,0,7,55,1,224,7,3,234,0,234,--,400,166,224,234,234,Algún campo sin dato,1,448de25d312153bc2ea57366dde238414ce4d55ffa42096637f5f22b01bc6283,25/06/2023 23:35:37,ESCANER
18692,"Alta Verapaz",16,"Cobán",1,2879,400,43,6,63,0,6,3,5,6,9,24,8,0,0,1,4,3,1,1,3,1,1,0,4,36,1,229,5,0,234,0,234,--,400,166,229,234,234,Algún campo sin dato,1,974ebdffa4e6028ffcb78f893a4971542ef51801b94eee67bf86b70c2e898c39,26/06/2023 00:56:34,ESCANER
18693,"Alta Verapaz",16,"Cobán",1,2879,317,22,0,33,2,7,3,0,3,4,25,8,1,1,0,3,7,3,0,2,0,7,0,2,33,0,166,0,0,166,0,166,--,317,151,166,166,166,Algún campo sin dato,1,e786a67b0c1c3d30634de74406368805da114874635e99ca345910c7842efa54,25/06/2023 22:59:14,ESCANER
18694,"Alta Verapaz",16,"Cobán",1,2879,316,,,,,,,,,,,,,,,,,,,,,,,,,,,,,,,,,,,,,,,0,,,
18695,"Alta Verapaz",16,"Cobán",1,2880,386,86,1,74,1,3,3,4,4,1,55,4,1,0,1,0,0,0,3,1,1,3,0,0,6,0,252,29,12,293,0,293,--,386,93,252,293,293,Algún campo sin dato,1,282442dce14b0ccbd9954123817dcbfc87dbd32b10f1173622a302fd905db455,26/06/2023 02:06:15,ESCANER
18696,"Alta Verapaz",16,"Cobán",1,2880,386,77,1,52,1,4,1,6,6,3,45,3,4,0,1,1,3,1,0,1,0,0,0,0,7,1,218,16,5,239,0,239,--,386,146,218,239,239,Algún campo sin dato,1,9a1e5a2dc2d65c24eaec491edb75a13cab01eb1332ccb91daeced3e6b0e82c66,26/06/2023 02:48:38,ESCANER
18697,"Alta Verapaz",16,"Cobán",1,2881,400,45,2,74,0,10,2,7,2,5,31,4,2,4,2,2,6,0,1,0,3,1,0,2,37,0,242,19,6,267,0,267,--,400,133,242,267,267,Algún campo sin dato,1,9c9456e7eced42ef17e89ee244662cbc8f5b3f3033ffde3047caaacc065776f5,26/06/2023 01:52:47,ESCANER
18698,"Alta Verapaz",16,"Cobán",1,2881,400,50,2,67,0,5,2,1,3,5,52,5,4,4,1,4,7,0,0,0,1,3,0,1,23,0,240,26,5,271,0,271,--,400,129,240,271,271,Algún campo sin dato,1,1da53ef02db4d22af99d37cff9b087a8f414ccf5cbae5d99da09e3b6fc2cea2e,25/06/2023 23:48:45,ESCANER
18699,"Alta Verapaz",16,"Cobán",1,2881,400,43,0,67,1,4,4,3,2,4,40,5,1,2,1,4,8,0,1,2,1,1,0,1,29,2,226,29,3,258,0,258,--,--,--,226,258,258,Algún campo sin dato,1,1d6c20edba8cb8e7e5ffd623f65275e509fc49cb22e2c3421de0d507b5390cfd,26/06/2023 01:01:02,ESCANER
18700,"Alta Verapaz",16,"Cobán",1,2881,400,39,2,81,1,6,5,4,2,5,43,3,1,3,3,1,12,1,2,5,0,1,0,0,32,1,253,22,9,284,0,284,--,400,116,253,284,284,Algún campo sin dato,1,be247f0b54467352b228b737820d3e0d90c43d5df045c50126954d2c2d361c87,26/06/2023 00:45:49,ESCANER
18701,"Alta Verapaz",16,"Cobán",1,2881,400,40,1,92,0,14,2,5,2,2,24,7,1,4,4,4,5,3,1,3,1,0,0,2,44,3,264,14,4,282,0,282,--,396,114,264,282,282,Algún campo sin dato,1,4127c9826afb05ede01f0f60d9ddb77138139097032737f23e61f7a3011a2f0a,26/06/2023 00:53:13,ESCANER
18702,"Alta Verapaz",16,"Cobán",1,2881,400,46,1,79,3,6,3,1,0,9,36,4,4,4,3,6,5,0,0,3,0,1,0,2,38,1,255,23,6,284,0,284,--,400,116,255,284,284,Algún campo sin dato,1,1a83411747a277de73696ff14021936490396085d3cb160a747c931010ed372c,26/06/2023 01:26:51,ESCANER
18703,"Alta Verapaz",16,"Cobán",1,2881,400,36,0,66,0,9,3,3,1,3,36,2,1,2,3,2,5,0,0,1,0,1,0,0,38,0,212,18,0,230,1,231,--,400,169,212,230,231,Algún campo sin dato,1,67de6a9c5630b2d9b73e88f45f1d14e53bbdd720da46f0d25c67e8eacc4a7820,26/06/2023 00:10:06,ESCANER
18704,"Alta Verapaz",16,"Cobán",1,2881,400,41,1,59,0,2,4,2,2,2,33,5,1,3,2,5,4,0,2,2,0,2,0,0,37,2,211,23,3,237,0,237,--,400,163,211,237,237,Algún campo sin dato,1,e5bf3b006f027527c8d80a5b26371a11dce6a12bcbabd376c0375db75a3ef534,25/06/2023 23:31:53,ESCANER
18705,"Alta Verapaz",16,"Cobán",1,2881,400,29,3,59,0,10,4,5,6,1,46,3,0,7,2,4,11,0,2,2,0,3,1,0,44,0,242,21,3,266,0,266,--,400,134,242,266,266,Algún campo sin dato,1,b513951d128baa90da033d3a8c9d3a522e862161b07a712ab2b5231ad0fbacd7,26/06/2023 01:01:46,ESCANER
18706,"Alta Verapaz",16,"Cobán",1,2881,400,37,0,58,1,3,5,3,1,4,43,6,1,3,2,3,7,0,0,4,0,2,1,0,41,1,226,26,2,254,0,254,--,404,150,226,254,254,Algún campo sin dato,1,d68770b2425d4168ac5b889dadb03e8e153a871a065ef2f861be12e6453f2b8c,26/06/2023 02:12:51,ESCANER
18707,"Alta Verapaz",16,"Cobán",1,2881,400,34,1,47,0,7,5,2,3,5,49,6,0,6,6,4,7,1,1,4,0,0,0,1,37,0,226,30,6,262,0,262,--,400,138,226,262,262,Algún campo sin dato,1,5ebc506d4a8f72ba552e34180be1b5c9659c6066d177da33aa8fefe3e544d981,26/06/2023 02:19:19,ESCANER
18708,"Alta Verapaz",16,"Cobán",1,2881,400,38,0,72,2,4,5,2,2,1,43,5,2,0,3,1,1,0,0,5,0,0,1,2,34,1,224,12,3,239,0,239,1,400,161,224,239,239,,1,49ca0c0ef2e2f44e6fca190630519a95118e0da93ba2e9f30fc9da5326826ca5,26/06/2023 01:51:05,ESCANER
18709,"Alta Verapaz",16,"Cobán",1,2881,400,,,,,,,,,,,,,,,,,,,,,,,,,,,,,,,,,,,,,,,0,,,
18710,"Alta Verapaz",16,"Cobán",1,2881,400,37,2,73,1,11,6,4,2,6,35,3,1,0,4,3,15,0,0,2,0,6,0,0,27,2,240,8,2,250,1,251,--,400,145,240,250,251,Algún campo sin dato,1,c1e6d36db9a0f9181cc47ce2b6194c9fa9763d0ace89c690ec0ac5919dabf780,26/06/2023 02:22:57,ESCANER
18711,"Alta Verapaz",16,"Cobán",1,2881,400,22,0,53,1,10,4,2,1,5,51,2,0,4,2,4,6,0,1,0,0,1,0,3,26,3,201,9,4,214,0,214,--,400,186,201,214,214,Algún campo sin dato,1,c9491cd2d471b7ef870c577d824fcb191faab60ec6ee8d0b5f23cd9931fba6ed,26/06/2023 01:43:37,ESCANER
18712,"Alta Verapaz",16,"Cobán",1,2881,400,35,2,45,0,6,4,3,3,2,42,6,0,3,9,6,5,1,1,0,0,4,0,0,39,1,217,12,1,230,0,230,--,400,170,217,230,230,Algún campo sin dato,1,07fd5c76c478f487fd453dd9984025e1c7a4ed81d7aca87afa50ba7ca9fa490e,26/06/2023 02:46:27,ESCANER
18713,"Alta Verapaz",16,"Cobán",1,2881,400,35,3,58,1,13,4,2,2,10,35,6,0,4,1,1,2,0,1,1,0,2,0,1,35,2,219,7,0,226,0,400,--,400,171,219,226,226,Sumas Asentadas sin cuadrar,1,233f7e57dcd5c12221d4cb0146892a6af34975102e06c8605089fceaaaaa7474,26/06/2023 02:25:26,ESCANER
18714,"Alta Verapaz",16,"Cobán",1,2881,400,33,1,43,0,4,4,2,2,3,36,2,0,5,5,3,5,2,1,3,0,2,0,0,47,1,204,8,0,212,0,212,--,400,188,204,212,212,Algún campo sin dato,1,d0f459515d794f83799cd2fb357d84ab80f9ac6da2b4879d0f7aa29c779de2ed,25/06/2023 23:44:16,ESCANER
18715,"Alta Verapaz",16,"Cobán",1,2881,358,24,2,40,0,6,3,1,2,2,26,7,1,4,5,2,2,0,1,3,0,1,0,2,20,2,156,3,0,159,0,159,--,359,200,156,159,159,Algún campo sin dato,1,c9f686c71821fc438d05c21f468be1784b1c82f7cfc14a8ca38a031af0b01122,25/06/2023 23:49:55,ESCANER
18716,"Alta Verapaz",16,"Cobán",1,2881,358,32,1,29,0,9,6,2,2,2,34,3,1,0,5,2,4,0,2,0,0,2,0,0,22,3,161,10,2,173,0,173,--,358,185,161,173,173,Algún campo sin dato,1,4a17d33ac47fe04e4e5e306222eb0f943c1065e190de7c5f3fdd4c17d7f7b44c,26/06/2023 01:06:56,ESCANER
18717,"Alta Verapaz",16,"Cobán",1,2882,400,70,3,65,0,9,2,3,4,3,32,6,2,2,2,2,3,0,1,2,1,0,1,0,17,0,230,33,10,273,0,273,--,400,127,230,273,273,Algún campo sin dato,1,3ad77d12e536c34d12eea83309d4f3b8e4869df15f0804e16f7922fc4b2cb210,26/06/2023 01:45:39,ESCANER
18718,"Alta Verapaz",16,"Cobán",1,2882,400,65,3,65,0,12,4,2,5,2,38,2,1,1,0,3,7,2,0,3,1,1,0,1,28,2,248,43,4,295,2,297,2,400,103,248,295,297,,1,9585bca47b494ee19e7844aacb4e628d9e08e280199fbaa6568d5ba9bbb6f2e0,26/06/2023 01:31:46,ESCANER
18719,"Alta Verapaz",16,"Cobán",1,2882,400,68,0,84,0,9,2,3,5,8,30,3,2,1,0,3,3,1,0,2,0,0,1,0,33,0,258,33,10,301,0,301,--,400,99,258,301,301,Algún campo sin dato,1,3b4f78cc9c3e211a8a0917a66e44f64223e9ad289386de9bfa1390783cf6924c,26/06/2023 02:47:02,ESCANER
18720,"Alta Verapaz",16,"Cobán",1,2882,400,76,1,58,0,12,6,6,6,3,40,4,2,2,0,1,3,0,2,2,0,2,1,0,24,0,251,30,3,284,0,284,1,400,116,251,284,284,,1,5469197eba28d62461efb982eaa8c8fe9ba1a6d36f98f6ac9c9a7ce937376230,26/06/2023 02:52:30,ESCANER
18721,"Alta Verapaz",16,"Cobán",1,2882,400,72,0,86,0,8,2,4,2,4,31,1,1,4,2,2,3,1,1,2,1,2,1,1,31,0,262,24,6,292,0,292,--,400,105,262,292,292,Algún campo sin dato,1,c1ccbcbfccd0b52b74bb632ce7bd2cb7d9e516a80c19a081017562262babe5ce,26/06/2023 02:08:26,ESCANER
18722,"Alta Verapaz",16,"Cobán",1,2882,400,,,,,,,,,,,,,,,,,,,,,,,,,,,,,,,,,,,,,,,0,,,
18723,"Alta Verapaz",16,"Cobán",1,2882,400,63,1,68,1,10,3,2,4,4,33,6,2,2,1,1,2,0,0,4,1,1,2,0,32,1,244,30,9,283,0,283,--,400,117,244,283,283,Algún campo sin dato,1,ad6e0e7d4bfa276d73b19af9a79f757bb64ba214298621babfec762603effee9,26/06/2023 02:25:46,ESCANER
18724,"Alta Verapaz",16,"Cobán",1,2882,400,61,3,71,2,15,4,4,6,6,31,3,1,2,0,4,11,0,0,3,0,1,0,1,40,2,271,17,9,297,0,297,--,400,103,271,297,297,Algún campo sin dato,1,c507d7944ecc20a8c86211bd9343ae67be6892dc82ecec17c3f9226e768b694e,26/06/2023 01:41:41,ESCANER
18725,"Alta Verapaz",16,"Cobán",1,2882,400,59,3,64,1,9,5,2,3,3,37,5,0,1,0,1,7,0,3,4,0,1,1,1,29,0,239,1,7,247,32,279,--,400,279,239,247,279,Algún campo sin dato,1,958eccae5624c8c6656df3d6b3fffd771ca4d77d0bc7c812bc5f0c1310caf176,26/06/2023 03:11:49,ESCANER
18726,"Alta Verapaz",16,"Cobán",1,2882,400,63,3,65,0,4,1,0,1,6,36,0,0,0,3,3,3,0,1,1,1,1,0,0,48,0,240,13,1,254,0,254,--,393,143,240,254,254,Algún campo sin dato,1,e98df0f42220724e872e5c27cd980cb7dd68946cd11509df5052f5a6f0214474,26/06/2023 02:13:32,ESCANER
18727,"Alta Verapaz",16,"Cobán",1,2882,400,68,2,55,0,6,3,2,4,1,36,3,0,0,1,1,3,1,1,2,0,0,0,1,30,2,222,23,3,249,0,249,1,400,151,222,248,248,Sumas Asentadas sin cuadrar,1,81845650beebef74b2177ba7d0a3a6f80104b38b3431280a8a9ce68fdab9f02b,26/06/2023 02:05:14,ESCANER
18728,"Alta Verapaz",16,"Cobán",1,2882,400,54,0,48,0,14,3,3,3,3,42,2,0,2,0,4,4,0,1,1,1,1,0,0,38,0,224,30,2,256,0,256,--,400,144,224,256,256,Algún campo sin dato,1,75599b5a886ead973e27cbf60b0df2ef0975b9aa903fe5383fffcda3733fbb57,26/06/2023 01:18:09,ESCANER
18729,"Alta Verapaz",16,"Cobán",1,2882,400,58,1,70,0,8,4,1,1,8,40,2,0,6,0,3,10,0,0,4,0,2,0,2,42,1,263,17,3,283,0,283,--,400,117,263,283,283,Algún campo sin dato,1,aec01fe2a018e2f89be673019e771b8dde3d9bc0ae5bbf8affd5bd7735f42b39,26/06/2023 02:19:48,ESCANER
18730,"Alta Verapaz",16,"Cobán",1,2882,400,55,3,59,0,7,1,3,6,8,34,2,1,2,1,3,4,1,0,2,1,0,1,3,40,0,237,30,3,270,0,270,--,400,130,237,270,270,Algún campo sin dato,1,c0d2168892bd4b646115668a92f9960dd70a79631c173f97c0a8148b10694dd2,26/06/2023 03:26:35,ESCANER
18731,"Alta Verapaz",16,"Cobán",1,2883,400,55,4,62,0,7,7,2,3,2,32,4,1,4,2,5,5,0,2,1,1,0,0,1,25,0,225,37,6,268,0,268,--,400,132,225,268,268,Algún campo sin dato,1,ef772bbd69ee3b1adb7f601ad90db28e58fbe841a06fcf077daf515cc680dcb4,26/06/2023 03:09:35,ESCANER
18732,"Alta Verapaz",16,"Cobán",1,2883,400,48,3,64,2,16,5,4,1,8,26,5,2,2,3,2,12,2,0,2,1,0,0,0,36,0,244,25,5,274,0,274,--,400,126,244,274,274,Algún campo sin dato,1,e407a78ee279f7bdc85e258cd67a8953c5002a1e8e98d4b73326dcd9d30c7114,26/06/2023 01:48:45,ESCANER
18733,"Alta Verapaz",16,"Cobán",1,2883,400,65,2,65,1,9,2,2,5,0,39,3,0,0,2,2,4,1,0,5,1,3,1,0,30,2,244,28,6,278,0,278,--,400,122,244,278,278,Algún campo sin dato,1,3436693cf27b6045c5c1b94bd1f958e0d2e56585940925b1a1019cde7a0ab88f,26/06/2023 02:50:07,ESCANER
18734,"Alta Verapaz",16,"Cobán",1,2883,400,48,0,48,0,12,2,5,2,3,55,2,1,2,3,2,5,2,1,1,1,1,0,1,32,0,229,27,3,259,0,259,--,400,141,229,259,259,Algún campo sin dato,1,5db46ad292544ac762da5a88db6d783b84f6a00d2d1de15e04a663b684a4b8c2,26/06/2023 02:36:02,ESCANER
18735,"Alta Verapaz",16,"Cobán",1,2883,400,59,0,63,1,9,1,1,5,6,40,2,0,1,0,0,5,1,0,3,1,0,0,0,24,0,223,18,6,247,0,247,1,400,153,222,246,246,Sumas Asentadas sin cuadrar,1,964c76fc5dce9e1b4d4166c66cbc79c0de24e13d14f09aac7bc22fc50351e54c,26/06/2023 00:19:53,ESCANER
18736,"Alta Verapaz",16,"Cobán",1,2883,400,,,,,,,,,,,,,,,,,,,,,,,,,,,,,,,,,,,,,,,0,,,
18737,"Alta Verapaz",16,"Cobán",1,2883,400,41,2,66,0,9,3,3,2,3,41,3,0,2,2,5,5,0,1,7,0,3,1,0,32,0,231,21,6,258,0,258,--,397,139,231,258,258,Algún campo sin dato,1,b4522e032a44a6cccb51b46be967aab0c08226206f3924704a02b86ff4c23b24,26/06/2023 03:03:17,ESCANER
18738,"Alta Verapaz",16,"Cobán",1,2883,400,50,4,51,1,12,1,4,2,2,26,5,0,1,3,4,7,1,1,2,0,1,0,0,28,1,207,10,2,219,0,219,--,400,181,207,219,219,Algún campo sin dato,1,a7928eee455046dcc8e123f33d03ee8377cb9951677cf08bfcd46362e892d913,26/06/2023 02:18:02,ESCANER
18739,"Alta Verapaz",16,"Cobán",1,2883,400,45,3,66,0,7,1,4,5,5,28,6,0,0,4,1,1,0,2,1,0,2,0,1,32,2,216,6,0,222,2,224,--,400,176,216,222,224,Algún campo sin dato,1,972b7d8fbb88520b00fa7b90bd298be09b5a0d9ac24ef6593ac60ffa903cb8a7,26/06/2023 02:56:04,ESCANER
18740,"Alta Verapaz",16,"Cobán",1,2883,400,30,4,53,1,6,0,4,4,5,36,8,0,0,3,2,3,2,0,5,1,5,0,1,49,0,222,7,0,229,0,229,--,400,171,222,229,229,Algún campo sin dato,1,fc7d4274d8ccc4ac30c217e32236e202cea91b6a32a23f813151e19ac1c764ec,25/06/2023 23:37:44,ESCANER
18741,"Alta Verapaz",16,"Cobán",1,2883,400,58,2,73,0,3,2,3,2,5,23,3,0,0,1,1,8,0,0,1,0,1,0,0,22,0,208,8,1,217,0,217,0,400,183,208,217,217,,1,a120dc1e7a71f1550efff2515f63eaefd2066b6cb6e061e2616fe08f3bb87153,26/06/2023 01:10:36,ESCANER
18742,"Alta Verapaz",16,"Cobán",1,2883,400,30,2,65,0,7,0,1,2,0,38,5,1,1,3,3,1,0,0,2,1,3,1,1,36,0,203,5,0,208,0,208,--,400,192,203,208,208,Algún campo sin dato,1,35594d96f853eff0c8e0ac1cd27c726d7566ff89005ac25d1b7dc0a7476e65a6,26/06/2023 00:53:15,ESCANER
18743,"Alta Verapaz",16,"Cobán",1,2883,328,48,0,37,0,2,0,1,1,3,28,4,0,3,0,1,2,1,0,0,0,2,0,1,21,1,156,4,1,161,0,161,--,328,167,156,161,161,Algún campo sin dato,1,fb7127dd4902418a9bbcba514ba22333633f36e6b3767b14cd7d21113dcb1a07,26/06/2023 01:34:07,ESCANER
18744,"Alta Verapaz",16,"Cobán",1,2883,327,35,1,41,0,5,3,0,3,5,21,3,0,1,1,5,3,1,0,2,0,0,1,0,22,0,153,8,2,163,0,163,--,327,164,153,163,163,Algún campo sin dato,1,49257a9c621c2a4f583d6e0581ed1c2d49073b2472dcdf4d614d01537e373a31,25/06/2023 23:49:32,ESCANER
18745,"Alta Verapaz",16,"Cobán",1,2884,400,121,1,83,0,4,4,2,0,3,31,5,1,1,2,1,0,0,0,0,0,1,0,1,22,2,285,32,5,322,0,322,--,397,75,285,322,322,Algún campo sin dato,1,bf17e28f48ff00ea7bc5a25a0d8915b15ae48f77a290eaa2072916844b3a29af,26/06/2023 00:09:21,ESCANER
18746,"Alta Verapaz",16,"Cobán",1,2884,400,144,3,56,0,5,4,1,1,4,24,3,2,1,0,0,3,0,0,0,0,1,0,1,23,2,278,29,11,318,0,318,--,400,82,278,318,318,Algún campo sin dato,1,5415b2aad579b4d2bbaab932032635b575bf0ae94381f8006bb4b8b48c92949e,26/06/2023 01:30:54,ESCANER
18747,"Alta Verapaz",16,"Cobán",1,2884,400,126,0,58,0,6,1,1,2,4,16,5,1,1,1,0,5,0,0,3,0,0,2,0,32,0,264,22,7,293,0,293,--,400,107,264,293,293,Algún campo sin dato,1,5f5e6a54e9418028d465926a7405fdda03d9aa5f7715c74751424cecf2e4c273,25/06/2023 23:13:25,ESCANER
18748,"Alta Verapaz",16,"Cobán",1,2884,400,110,1,57,0,5,2,2,0,4,23,4,1,0,1,3,3,0,0,1,0,0,0,2,30,0,249,21,2,272,0,272,--,400,128,249,272,272,Algún campo sin dato,1,037444a27e4d839546518faaf530a81e77ac24e9936b4893ff6a3039d709eb44,26/06/2023 00:16:10,ESCANER
18749,"Alta Verapaz",16,"Cobán",1,2884,400,104,0,56,0,6,10,2,3,9,17,2,1,0,0,2,4,1,1,4,0,0,1,0,13,0,236,25,4,265,1,266,--,397,131,236,265,266,Algún campo sin dato,1,19b069667ff2eeaac6806a82b1f09995bdd9ede4c28cf04930203c806f11865f,26/06/2023 01:48:07,ESCANER
18750,"Alta Verapaz",16,"Cobán",1,2884,361,99,1,64,0,3,1,0,2,2,17,5,1,0,3,0,0,0,0,2,0,1,1,1,23,0,226,3,1,230,0,230,--,356,126,226,230,230,Algún campo sin dato,1,5c5c649a0adb55f4d103d41e6bb15954d67438d77d314cb0287786f1006ac825,26/06/2023 01:04:39,ESCANER
18751,"Alta Verapaz",16,"Cobán",1,2884,361,85,0,55,0,1,3,0,1,2,15,4,0,0,0,0,5,0,0,4,0,1,0,1,22,0,199,11,3,213,0,213,--,361,148,199,213,213,Algún campo sin dato,1,51bd4e1e82e8737d035f95f0ef7538530e21fdf9833a6c1986286753a69448a1,25/06/2023 22:54:19,ESCANER
18752,"Alta Verapaz",16,"Cobán",1,2885,400,105,1,54,3,11,4,4,2,9,37,0,0,1,1,4,10,0,0,1,1,2,1,0,6,0,257,44,7,308,0,308,--,400,92,257,308,308,Algún campo sin dato,1,e5d6b56e3b30c46e694a3296271bc9a9506ebf598e55d2436586a5143e16e457,26/06/2023 00:19:38,ESCANER
18753,"Alta Verapaz",16,"Cobán",1,2885,400,92,2,70,2,15,3,6,2,5,31,2,1,1,0,0,12,0,0,2,0,0,0,1,9,0,256,34,14,304,0,304,--,400,96,256,304,304,Algún campo sin dato,1,4aac83b37d9e6051b1a603ac32c5a1cfae7f3e47f3045f61b4bb1b7fe02ca967,26/06/2023 02:27:39,ESCANER
18754,"Alta Verapaz",16,"Cobán",1,2885,400,,,,,,,,,,,,,,,,,,,,,,,,,,,,,,,,,,,,,,,0,,,
18755,"Alta Verapaz",16,"Cobán",1,2885,400,88,0,45,3,17,1,2,2,9,42,3,0,3,0,0,7,0,1,0,0,1,0,1,16,1,242,32,3,277,0,277,--,400,123,242,277,277,Algún campo sin dato,1,45c50013b71b5d23eef4a504696187a1c5a0c5195e392a606094cc1dfaecfe7d,26/06/2023 01:45:38,ESCANER
18756,"Alta Verapaz",16,"Cobán",1,2885,400,75,0,49,0,17,0,1,3,15,41,2,0,2,0,2,4,0,1,0,0,1,0,0,8,0,221,24,14,259,0,259,1,400,141,221,259,259,,1,c5476428f282777c518f4ebb5274d60838fef13fe358be4e3a5ea4ffabf8fbbf,26/06/2023 01:55:17,ESCANER
18757,"Alta Verapaz",16,"Cobán",1,2885,400,47,2,27,3,15,4,3,3,0,24,13,2,8,1,2,7,2,5,3,0,1,0,0,0,2,175,58,4,237,0,237,--,400,163,174,236,236,Sumas Asentadas sin cuadrar,1,ba67c635ccb5494a4e630d198a0c52f642381650e401e0a72a8f33e959e4f8be,26/06/2023 03:30:17,ESCANER
18758,"Alta Verapaz",16,"Cobán",1,2885,220,36,0,37,0,7,0,1,0,6,28,5,0,0,0,2,2,0,1,1,0,2,0,0,12,0,140,6,0,146,0,146,--,220,74,140,146,146,Algún campo sin dato,1,616b1ab021a4b152a1a1fe137b91a84b7a614cf698d0af1972d7f1b2bfb1be67,25/06/2023 21:59:08,ESCANER
18759,"Alta Verapaz",16,"Cobán",1,2885,220,36,1,17,1,6,0,0,1,4,13,2,0,0,0,0,3,0,1,0,0,1,0,0,7,0,93,7,1,101,0,101,--,220,119,93,101,101,Algún campo sin dato,1,180ae06c73e02c824dc14a81cc225ee3d925cd58ebb23675cd838783f0efbf91,26/06/2023 01:07:29,ESCANER
18760,"Alta Verapaz",16,"Cobán",1,2886,400,103,0,61,1,4,3,2,5,2,41,1,0,1,1,1,2,0,1,2,2,4,2,0,17,0,256,29,12,297,0,297,--,400,103,256,297,297,Algún campo sin dato,1,69b1d4fb223cb301a2ab302c2e031f5857e0139cafdfa13aad9bdf147aef469f,26/06/2023 01:57:58,ESCANER
18761,"Alta Verapaz",16,"Cobán",1,2886,400,85,1,55,2,4,0,4,3,2,62,4,0,2,0,1,1,1,2,3,1,1,4,2,17,0,257,30,2,289,0,289,--,400,111,257,289,289,Algún campo sin dato,1,65a37442b29a583810d2d60fafba96ae51dabf772619836fcacc768b03dd0ab0,26/06/2023 01:39:15,ESCANER
18762,"Alta Verapaz",16,"Cobán",1,2886,400,89,3,54,0,9,2,1,3,4,60,4,2,4,0,1,5,1,0,2,0,5,1,0,15,0,265,20,5,290,0,290,--,400,110,265,290,290,Algún campo sin dato,1,dc63676faaf62b83170074f681c58f5370a0c1c233ca78fece84bff960d573d4,26/06/2023 01:15:43,ESCANER
18763,"Alta Verapaz",16,"Cobán",1,2886,400,79,0,60,1,8,3,3,1,4,51,2,0,3,1,3,7,1,5,1,2,1,1,1,13,0,250,27,5,282,0,282,0,400,118,251,283,283,Sumas Asentadas sin cuadrar,1,a01b259ec62ffea9e4b66b68798f796862e46598a265ba224d3ec60a90e82709,26/06/2023 02:59:18,ESCANER
18764,"Alta Verapaz",16,"Cobán",1,2886,376,,,,,,,,,,,,,,,,,,,,,,,,,,,,,,,,,,,,,,,0,,,
18765,"Alta Verapaz",16,"Cobán",1,2886,375,54,0,38,0,2,3,1,0,5,42,2,1,1,1,2,2,0,3,1,0,1,0,1,16,0,176,6,0,182,0,182,--,375,193,176,182,182,Algún campo sin dato,1,91fcaafc4ebe9231ad811ca6a8eba26160b09c836823fd57ef4d77240aef44d4,26/06/2023 00:42:45,ESCANER
18766,"Alta Verapaz",16,"Cobán",1,2887,400,86,2,104,1,3,6,3,11,5,23,0,1,3,0,2,9,0,0,1,1,0,0,2,2,0,265,30,12,307,0,307,--,400,93,265,307,307,Algún campo sin dato,1,3e91364900b5a13758920bf9056b52ff83288609f396891d83646dedc83723ea,26/06/2023 01:37:13,ESCANER
18767,"Alta Verapaz",16,"Cobán",1,2887,400,83,1,119,0,7,3,1,5,3,18,0,0,1,0,0,4,0,0,0,0,0,0,1,0,7,253,30,9,292,0,292,--,400,108,253,292,292,Algún campo sin dato,1,ecacfa474e41bca9f52f93c430a9a22f6c7890b0fa2dd18335cb22a0743cbff0,26/06/2023 01:27:08,ESCANER
18768,"Alta Verapaz",16,"Cobán",1,2887,400,77,2,106,2,6,1,0,15,1,17,0,3,4,0,1,4,0,0,1,1,0,0,1,1,2,245,33,15,293,0,293,--,398,105,245,293,293,Algún campo sin dato,1,02c1d4e0fdf110f8ff9c90a7418742a195dab1613caad4ded0aeac750fcefa70,26/06/2023 03:18:24,ESCANER
18769,"Alta Verapaz",16,"Cobán",1,2887,400,87,0,91,1,4,1,2,8,6,25,0,0,3,0,1,5,1,1,0,1,1,0,4,0,2,244,36,11,291,0,291,--,--,--,244,291,291,Algún campo sin dato,1,3a68eb9d07adee13b7a09e8fbb830d6216e8930bdbf67b8a348d2cce23782990,26/06/2023 02:03:18,ESCANER
18770,"Alta Verapaz",16,"Cobán",1,2887,376,57,0,84,0,8,3,0,14,2,25,0,0,1,0,0,3,1,0,0,0,1,1,0,1,2,203,24,8,235,0,235,--,376,141,203,235,235,Algún campo sin dato,1,3e2cef6820964924256a0f274eaa1feb38ac0f26867053e1f5ddcd3e8925c1d7,26/06/2023 00:05:04,ESCANER
18771,"Alta Verapaz",16,"Cobán",1,2887,376,56,0,69,0,4,4,0,6,2,12,0,0,1,0,1,1,0,0,1,0,0,0,0,4,2,163,4,0,167,0,167,--,--,--,163,167,167,Algún campo sin dato,1,4dfd0598f33937578aac2102a54568cdd75834168527d916e3479dbc4330de85,25/06/2023 23:24:19,ESCANER
18772,"Alta Verapaz",16,"Cobán",1,2888,380,68,2,77,1,10,4,2,28,2,17,0,3,4,1,0,8,0,0,2,3,0,0,1,1,0,234,32,18,284,0,284,--,330,46,234,284,284,Algún campo sin dato,1,0eeb0e3647732dc8b19dffcd69656f5b1e819880c482e2c3a763d40f983e10ca,26/06/2023 00:42:29,ESCANER
18773,"Alta Verapaz",16,"Cobán",1,2888,380,55,3,91,0,8,1,2,23,3,16,0,0,3,0,2,3,0,0,0,0,0,0,0,1,0,211,22,15,248,1,249,--,380,131,211,248,249,Algún campo sin dato,1,948d1b74ecaf3204d5952060dc2a7889b16562cee8a441ccfafd5549206b3cad,26/06/2023 00:59:40,ESCANER
18774,"Alta Verapaz",16,"Cobán",1,2888,380,51,1,92,0,6,2,1,23,1,20,1,3,1,0,0,8,0,1,0,0,0,0,0,1,0,212,21,18,251,0,251,--,380,129,212,251,251,Algún campo sin dato,1,fd8899a7fc673840bc76b39ac87cb1db64f769bb5704f8b94a7f5fa5c88d7c98,26/06/2023 02:14:10,ESCANER
18775,"Alta Verapaz",16,"Cobán",1,2888,380,71,2,63,1,15,4,0,33,1,22,0,1,4,0,0,13,1,1,1,0,1,0,0,1,1,236,48,5,289,0,289,--,380,91,236,289,289,Algún campo sin dato,1,04cafa6a1eec8e3122095da0a8f3f8eb149e5cb4c321a36f45da20b44e532d4b,26/06/2023 01:16:27,ESCANER
18776,"Alta Verapaz",16,"Cobán",1,2888,380,60,3,82,4,6,2,3,24,3,29,0,0,3,0,0,6,0,1,0,0,0,0,0,1,0,228,26,9,263,0,263,--,388,117,227,262,262,Sumas Asentadas sin cuadrar,1,f326481bfe673d41a69f4828f490c270403878c953b18a1cd13c72b38d85356f,26/06/2023 00:57:17,ESCANER
18777,"Alta Verapaz",16,"Cobán",1,2888,380,61,2,117,1,6,1,3,8,3,5,0,0,2,0,1,6,0,1,1,3,1,0,1,2,0,225,24,17,266,0,266,--,380,111,225,266,266,Algún campo sin dato,1,59e949c160058c9bb7f8b3e477d09e49ed4c2c45c683f46a420b3956dcfd13c3,25/06/2023 23:31:17,ESCANER
18778,"Alta Verapaz",16,"Cobán",1,2888,380,71,1,81,0,6,0,4,24,1,16,1,1,1,0,0,5,1,0,1,0,0,0,0,0,0,214,20,9,243,0,243,--,380,134,214,243,243,Algún campo sin dato,1,d4d3c019b936effbc9a3c901751a0e22594c716c69c1fe6fcb3e5b4756cd7640,26/06/2023 01:01:36,ESCANER
18779,"Alta Verapaz",16,"Cobán",1,2888,380,83,0,43,2,6,4,1,32,4,16,0,2,1,0,1,8,0,0,1,0,1,0,0,2,0,208,20,4,232,0,232,--,398,166,207,231,231,Sumas Asentadas sin cuadrar,1,bb0b0cd71f1585a8e94b0b86f36c3679f1ef8708f568dafa003869296d4cd9ad,26/06/2023 01:22:29,ESCANER
18780,"Alta Verapaz",16,"Cobán",1,2888,380,64,0,67,0,8,0,2,25,2,34,1,1,1,0,1,8,0,4,2,1,0,0,0,3,1,225,20,6,251,0,251,--,380,129,225,251,251,Algún campo sin dato,1,e81bbea7ee565814c22ae115e4895fe3c14ede95b0c6f1f418b43f1277de7048,26/06/2023 01:52:42,ESCANER
18781,"Alta Verapaz",16,"Cobán",1,2888,380,63,0,58,0,6,6,0,21,2,24,0,1,3,0,2,12,0,0,3,1,1,0,0,0,1,204,28,12,244,0,244,--,380,136,204,244,244,Algún campo sin dato,1,d8e9fa260d03e1c70ed10ac881b447a361c590163526acb02f73eb108a2de67f,26/06/2023 00:38:00,ESCANER
18782,"Alta Verapaz",16,"Cobán",1,2888,380,59,0,69,0,6,1,1,27,4,24,0,0,4,0,2,6,0,1,2,1,2,0,1,2,0,212,28,11,251,0,251,--,380,129,212,251,251,Algún campo sin dato,1,3687ac9979e0d20268f08b10bc67b7f16aca70157c6a1fa660dd63e0b319f1ee,25/06/2023 23:26:29,ESCANER
18783,"Alta Verapaz",16,"Cobán",1,2888,380,55,0,54,0,7,0,3,19,0,21,0,1,3,0,0,3,0,1,0,0,0,0,0,3,0,170,19,9,198,0,198,--,390,192,170,198,198,Algún campo sin dato,1,d92331a9c53d8ac435ef6bbb1e31067e9f30e4afe71d67ae6873d76de4adc3dc,25/06/2023 23:52:25,ESCANER
18784,"Alta Verapaz",16,"Cobán",1,2888,380,67,0,69,0,7,2,0,17,1,6,0,0,0,0,0,4,0,1,2,0,0,0,0,0,0,176,24,6,206,0,206,--,380,174,176,206,206,Algún campo sin dato,1,0ed5c154a8231c742a04d51f4872e60113250b4e66e8af1056e9c7d436a1abbb,26/06/2023 01:04:23,ESCANER
18785,"Alta Verapaz",16,"Cobán",1,2888,380,79,1,74,0,4,1,0,15,3,13,1,1,0,0,0,4,0,1,0,0,0,0,0,0,0,198,3,0,201,0,201,--,380,176,197,200,200,Sumas Asentadas sin cuadrar,1,657caa1a390bf91d7ba06275ea49e7c6c8c75dc40d7db204cce9354b5390dd88,26/06/2023 01:45:19,ESCANER
18786,"Alta Verapaz",16,"Cobán",1,2888,328,51,0,36,1,5,1,0,17,0,9,0,0,0,0,0,2,0,0,3,0,0,0,0,1,1,127,5,5,137,0,137,--,325,188,127,137,137,Algún campo sin dato,1,08333afc0106ee5ccdeb2113a44b82efdc67c802050e081bea618aa9de6f7fb3,26/06/2023 00:07:49,ESCANER
18787,"Alta Verapaz",16,"Cobán",1,2888,328,52,1,41,1,3,2,0,6,1,5,0,0,0,0,1,6,0,0,2,0,1,1,0,0,0,123,7,4,134,0,134,0,325,191,123,134,134,,1,214c89e52504e88e82ce8369bd1b19b7fb0c31f3001b51c4c67fbcbf5bb6afb1,25/06/2023 23:06:24,ESCANER
18788,"Alta Verapaz",16,"Cobán",1,2889,380,,,,,,,,,,,,,,,,,,,,,,,,,,,,,,,,,,,,,,,0,,,
18789,"Alta Verapaz",16,"Cobán",1,2889,380,,,,,,,,,,,,,,,,,,,,,,,,,,,,,,,,,,,,,,,0,,,
18790,"Alta Verapaz",16,"Cobán",1,2889,380,91,2,50,1,7,0,0,51,2,1,0,6,1,0,1,5,4,4,1,0,0,2,1,0,0,230,15,5,250,0,250,1,377,127,230,250,250,,1,f0b75bf8be609b42736191f7fb0832dfd8718c9c8b0434420c35a5a5ddfb1261,26/06/2023 02:40:30,ESCANER
18791,"Alta Verapaz",16,"Cobán",1,2889,380,,,,,,,,,,,,,,,,,,,,,,,,,,,,,,,,,,,,,,,0,,,
18792,"Alta Verapaz",16,"Cobán",1,2889,380,83,2,45,3,14,3,0,31,2,7,1,3,1,0,0,3,1,8,0,0,0,0,1,0,0,208,34,5,247,0,247,--,380,133,208,247,247,Algún campo sin dato,1,97e4daef63723fa3336cd1db86c2bcee061e93d9f281f00b155208bed5aadab1,26/06/2023 02:17:51,ESCANER
18793,"Alta Verapaz",16,"Cobán",1,2889,380,,,,,,,,,,,,,,,,,,,,,,,,,,,,,,,,,,,,,,,0,,,
18794,"Alta Verapaz",16,"Cobán",1,2889,380,78,0,37,1,4,1,0,36,3,5,0,3,2,0,0,12,5,7,0,1,1,0,0,0,1,197,40,12,249,0,249,--,380,131,197,249,249,Algún campo sin dato,1,9d34ecd47cb728848edf405ed918449ddd60e5666fdfa83621366cb4daff99b3,26/06/2023 01:54:27,ESCANER
18795,"Alta Verapaz",16,"Cobán",1,2889,380,97,1,38,0,9,3,0,31,1,6,2,6,0,0,0,0,0,10,0,0,0,1,2,0,0,207,23,9,239,0,239,--,375,136,207,239,239,Algún campo sin dato,1,971f0659222c9ff8eef9f2c498397f23b0713e38ea7a9da646def02495ea4034,26/06/2023 03:33:13,ESCANER
18796,"Alta Verapaz",16,"Cobán",1,2889,380,81,3,42,0,5,3,2,30,1,1,2,6,0,0,0,4,2,7,0,2,0,0,1,1,1,194,23,9,226,0,226,--,380,154,194,226,226,Algún campo sin dato,1,9913942ffb36b5d91f39231b7e583c923e62a40b94833e48dd82f9f7f2e22d19,26/06/2023 01:37:06,ESCANER
18797,"Alta Verapaz",16,"Cobán",1,2889,380,76,2,26,2,6,4,0,22,4,7,2,2,0,0,0,7,2,13,0,0,2,1,1,0,0,179,36,9,224,0,224,--,380,154,179,224,224,Algún campo sin dato,1,86ba5d9747f09e0fb46e63a5d467b5533c6254e243520b6ec83f47c74fcd64be,26/06/2023 02:49:35,ESCANER
18798,"Alta Verapaz",16,"Cobán",1,2889,380,82,0,35,0,4,1,0,35,5,4,1,6,1,0,0,6,3,7,1,0,0,1,0,0,1,193,27,6,226,0,226,--,380,154,193,226,226,Algún campo sin dato,1,87adbbbb59c9d21713699390a695a9d0bcad0f37916bf517d09ceb0730a7faea,26/06/2023 00:48:01,ESCANER
18799,"Alta Verapaz",16,"Cobán",1,2889,380,79,0,43,1,10,2,0,40,3,3,1,1,1,0,0,1,2,5,0,0,0,0,0,0,2,194,10,4,208,0,208,--,380,172,194,208,208,Algún campo sin dato,1,31adcad38d2d2372d72bad0ce28c9f8bd765785fd947b945e4eedcbe42e3c765,26/06/2023 03:17:48,ESCANER
18800,"Alta Verapaz",16,"Cobán",1,2889,380,81,0,51,1,7,0,0,37,3,5,0,1,0,0,0,5,3,2,0,0,0,0,0,0,0,196,8,4,208,0,208,--,380,172,196,208,208,Algún campo sin dato,1,42691fc2c2f05e8590ecfb4b1ad32f712c2390df75df6cc9d98dfa895fbcbc54,26/06/2023 00:27:15,ESCANER
18801,"Alta Verapaz",16,"Cobán",1,2889,349,,,,,,,,,,,,,,,,,,,,,,,,,,,,,,,,,,,,,,,0,,,
18802,"Alta Verapaz",16,"Cobán",1,2889,349,56,0,27,0,4,0,1,22,0,3,2,6,1,0,0,2,0,6,0,0,0,1,0,0,1,132,5,5,142,0,0,--,342,132,132,142,142,Algún campo sin dato,1,69b61a21900eaa42f2c2b3514178836cfa022b4133103b97d62b8b680b1874a4,26/06/2023 03:32:29,ESCANER
18803,"Alta Verapaz",16,"Cobán",1,2890,380,109,1,8,0,2,2,5,4,5,3,0,0,1,1,0,9,0,1,8,0,0,1,1,1,0,162,26,4,192,0,192,--,380,188,162,192,192,Algún campo sin dato,1,26230e9ee052098f27b4e79b0327ae2b38df9865cfd539a6021ee5cc2c24f650,26/06/2023 00:43:23,ESCANER
18804,"Alta Verapaz",16,"Cobán",1,2890,380,113,1,8,0,0,1,2,4,3,4,2,1,0,0,0,4,0,0,5,0,0,1,0,2,0,151,18,6,175,0,175,--,377,202,151,175,175,Algún campo sin dato,1,3f8d7df2eb20c72d1e7e9fae314a8f048a1f6f39fc090873bbc9c08254ea5420,26/06/2023 00:16:27,ESCANER
18805,"Alta Verapaz",16,"Cobán",1,2890,380,122,1,7,0,1,0,5,6,6,3,3,1,0,0,0,8,3,1,6,0,1,0,0,0,1,175,31,2,208,0,208,--,380,172,175,208,208,Algún campo sin dato,1,705d6c4c8a78e22d3fd8b811ce09bda21a2420e30cbfa3d76148726e4fec59d5,26/06/2023 00:57:11,ESCANER
18806,"Alta Verapaz",16,"Cobán",1,2890,380,112,5,3,0,1,1,1,2,6,7,0,1,0,0,0,10,3,3,8,0,0,0,6,0,0,169,23,4,196,0,196,--,380,184,169,196,196,Algún campo sin dato,1,0250531c9d0e1d97e520dccc2e7301363c2134f8c9aef2ab9db6e782a7057485,26/06/2023 00:08:05,ESCANER
18807,"Alta Verapaz",16,"Cobán",1,2890,380,85,0,4,1,1,1,5,3,6,5,1,0,0,0,0,4,0,3,0,0,1,0,4,1,1,126,19,6,151,0,151,--,--,--,126,151,151,Algún campo sin dato,1,ba68a17ff9887c463ca3e638a9b86bfbf358ba721b7a8e3682d864e60f61ccec,25/06/2023 23:29:17,ESCANER
18808,"Alta Verapaz",16,"Cobán",1,2890,380,80,0,7,0,0,2,2,1,6,4,0,0,1,0,0,4,0,4,3,0,0,0,3,0,0,118,17,4,139,0,139,--,380,241,117,138,138,Sumas Asentadas sin cuadrar,1,298cbc57acea7afa84f87dc413fdecad5bc035a1deccaa68b8560ddc4df6829d,26/06/2023 00:30:33,ESCANER
18809,"Alta Verapaz",16,"Cobán",1,2890,379,91,2,7,0,1,1,1,1,1,1,0,0,0,0,0,6,1,0,2,0,0,0,3,0,0,118,14,5,137,0,137,--,379,242,118,137,137,Algún campo sin dato,1,12f03cf3dcc29b3da1fd08244bcfe1c569931c947087b2a10d16ec255f9c620e,25/06/2023 23:10:14,ESCANER
18810,"Alta Verapaz",16,"Cobán",1,2891,380,,,,,,,,,,,,,,,,,,,,,,,,,,,,,,,,,,,,,,,0,,,
18811,"Alta Verapaz",16,"Cobán",1,2891,380,92,8,88,1,2,1,1,6,6,5,0,1,3,0,1,8,2,4,2,0,0,0,1,0,0,232,31,16,279,0,279,--,380,101,232,279,279,Algún campo sin dato,1,d599c34fc51b743856649f5c602ae8ead780771a0d9d3d5c89f01631055d7cbd,26/06/2023 03:17:37,ESCANER
18812,"Alta Verapaz",16,"Cobán",1,2891,380,,,,,,,,,,,,,,,,,,,,,,,,,,,,,,,,,,,,,,,0,,,
18813,"Alta Verapaz",16,"Cobán",1,2891,380,,,,,,,,,,,,,,,,,,,,,,,,,,,,,,,,,,,,,,,0,,,
18814,"Alta Verapaz",16,"Cobán",1,2891,380,80,9,58,0,7,3,2,14,4,8,0,1,2,0,1,12,0,2,2,0,1,0,1,2,1,210,30,6,246,0,246,--,380,134,210,246,246,Algún campo sin dato,1,867c049ebe1a53b4e88854dc2d88d37e9fd38646d8caba788818aba8c38d3f0f,26/06/2023 03:28:52,ESCANER
18815,"Alta Verapaz",16,"Cobán",1,2891,380,89,3,61,0,3,4,2,15,4,5,0,0,0,0,0,6,2,1,5,0,1,0,0,2,0,203,14,8,225,0,225,--,380,155,203,225,225,Algún campo sin dato,1,59293110a61ecd78d7adf3a528374dd945f2d8822289379d59625d1d98bd8683,26/06/2023 02:36:35,ESCANER
18816,"Alta Verapaz",16,"Cobán",1,2891,380,72,5,65,3,5,1,0,12,4,5,0,1,1,1,1,7,10,0,1,0,0,0,2,1,0,197,19,3,219,22,219,--,380,161,197,219,241,Sumas Asentadas sin cuadrar,1,fb551f3418ad5e31ea148909a63d7dcb8ff31ee4f8475a7692c7897a6a44307b,26/06/2023 00:54:00,ESCANER
18817,"Alta Verapaz",16,"Cobán",1,2891,380,76,2,45,4,3,2,2,14,5,7,1,5,6,0,2,4,5,3,6,0,0,0,3,1,1,197,26,12,235,0,235,--,380,145,197,235,235,Algún campo sin dato,1,a5eeaf6ec92b5068f9c9518347d9b281914c1e92b3f38464598fef85e447d338,26/06/2023 03:00:04,ESCANER
18818,"Alta Verapaz",16,"Cobán",1,2891,380,82,3,51,6,3,1,0,8,7,6,0,2,1,0,0,7,16,0,2,0,0,0,2,0,0,200,24,4,228,0,228,--,380,152,197,225,225,Sumas Asentadas sin cuadrar,1,4017bbf4e1fde9fab3e6b8851fbc67f23297fe284af4819396e7b1136fae4f49,26/06/2023 02:27:57,ESCANER
18819,"Alta Verapaz",16,"Cobán",1,2891,380,,,,,,,,,,,,,,,,,,,,,,,,,,,,,,,,,,,,,,,0,,,
18820,"Alta Verapaz",16,"Cobán",1,2891,380,81,4,54,3,6,1,3,41,7,10,0,1,1,0,2,6,2,2,3,0,0,0,0,0,0,227,27,11,265,0,265,--,380,115,227,265,265,Algún campo sin dato,1,562f9a799288092a0ce2ff0042c5763f519f0df0dca8469495cd51e234468d74,26/06/2023 02:18:47,ESCANER
18821,"Alta Verapaz",16,"Cobán",1,2891,380,75,4,75,2,6,7,3,23,3,5,0,1,0,0,0,11,4,0,0,0,1,0,1,3,0,224,26,3,253,0,253,--,380,127,224,253,253,Algún campo sin dato,1,d6a715ecfda0ad3b981248017905b442c5c44085c65f0641ec1c990460ef073f,26/06/2023 02:39:59,ESCANER
18822,"Alta Verapaz",16,"Cobán",1,2891,380,,,,,,,,,,,,,,,,,,,,,,,,,,,,,,,,,,,,,,,0,,,
18823,"Alta Verapaz",16,"Cobán",1,2891,380,68,4,54,0,3,1,0,24,4,5,1,0,2,1,1,6,4,1,1,2,0,0,1,1,0,184,22,8,214,0,214,--,380,166,184,214,214,Algún campo sin dato,1,e1b5b6d1d47b0bc42e58d799a1042812463b9c6fe8828199561bbba4dc2fdedd,26/06/2023 03:04:49,ESCANER
18824,"Alta Verapaz",16,"Cobán",1,2891,380,62,6,44,1,0,2,1,17,8,9,0,2,5,0,0,9,3,3,0,0,0,1,1,0,0,174,26,5,205,0,205,--,380,175,174,205,205,Algún campo sin dato,1,f05ec2a2b1aa9ded072609789f02475904f43ce41d31b43f5f85ba7b76047ddb,26/06/2023 02:56:30,ESCANER
18825,"Alta Verapaz",16,"Cobán",1,2891,380,,,,,,,,,,,,,,,,,,,,,,,,,,,,,,,,,,,,,,,0,,,
18826,"Alta Verapaz",16,"Cobán",1,2891,380,56,1,43,0,4,1,1,12,3,6,0,2,1,0,0,6,3,3,3,0,0,1,1,5,1,153,32,5,190,2,192,--,381,189,153,190,192,Algún campo sin dato,1,5ecd61907b0487227ce937ff1a098cfb4b3ad1ace5aebb5ad28fe3b2fa1da81e,26/06/2023 03:08:05,ESCANER
18827,"Alta Verapaz",16,"Cobán",1,2891,380,,,,,,,,,,,,,,,,,,,,,,,,,,,,,,,,,,,,,,,0,,,
18828,"Alta Verapaz",16,"Cobán",1,2891,380,74,2,42,0,9,2,1,15,5,3,0,1,0,0,1,3,1,1,1,0,0,0,3,1,0,165,12,1,178,0,178,--,380,202,165,178,178,Algún campo sin dato,1,b3565512d1ae7752a8ee89a1bc934a5731b594a832cb5346673b21f51097bc35,26/06/2023 02:23:26,ESCANER
18829,"Alta Verapaz",16,"Cobán",1,2891,380,80,2,60,0,1,0,1,9,3,4,0,0,0,0,0,5,1,1,1,0,0,0,1,0,0,169,6,0,175,0,175,--,379,204,169,175,175,Algún campo sin dato,1,5ada21a730c79cf50f69fd176e1701c5a6088fb81bf6bd833158a365f14e6da4,26/06/2023 02:00:56,ESCANER
18830,"Alta Verapaz",16,"Cobán",1,2891,380,73,0,48,2,3,3,1,15,1,3,0,1,1,0,0,3,3,1,3,0,0,0,1,1,0,163,3,3,169,0,0,--,380,211,163,169,169,Algún campo sin dato,1,57971bc6abb896fbd72912fe01682099f6a922cd53ef8b7f852fdb48ba06f3f0,26/06/2023 01:18:08,ESCANER
18831,"Alta Verapaz",16,"Cobán",1,2891,368,59,1,43,3,3,0,0,12,1,5,0,1,0,0,0,7,8,0,2,0,0,0,1,1,0,147,10,4,161,0,161,--,368,207,147,161,161,Algún campo sin dato,1,0f9cbf126e2eff42ff62b5751c29ee17cfbb7166d552a996f477a6d5ad61c988,26/06/2023 02:47:42,ESCANER
18832,"Alta Verapaz",16,"Cobán",1,2891,368,66,1,28,0,6,0,1,3,3,7,1,2,2,0,0,7,5,1,2,0,0,0,1,2,0,138,18,8,164,0,164,--,365,201,138,164,164,Algún campo sin dato,1,f3ffefa48eefa0b4d5f96bfa6faad13a741162a3bfb14fa31d1e4cebba812e48,26/06/2023 00:35:47,ESCANER
18833,"Alta Verapaz",16,"Cobán",1,2892,380,,,,,,,,,,,,,,,,,,,,,,,,,,,,,,,,,,,,,,,0,,,
18834,"Alta Verapaz",16,"Cobán",1,2892,380,,,,,,,,,,,,,,,,,,,,,,,,,,,,,,,,,,,,,,,0,,,
18835,"Alta Verapaz",16,"Cobán",1,2892,380,,,,,,,,,,,,,,,,,,,,,,,,,,,,,,,,,,,,,,,0,,,
18836,"Alta Verapaz",16,"Cobán",1,2892,380,,,,,,,,,,,,,,,,,,,,,,,,,,,,,,,,,,,,,,,0,,,
18837,"Alta Verapaz",16,"Cobán",1,2892,380,,,,,,,,,,,,,,,,,,,,,,,,,,,,,,,,,,,,,,,0,,,
18838,"Alta Verapaz",16,"Cobán",1,2892,380,,,,,,,,,,,,,,,,,,,,,,,,,,,,,,,,,,,,,,,0,,,
18839,"Alta Verapaz",16,"Cobán",1,2892,380,,,,,,,,,,,,,,,,,,,,,,,,,,,,,,,,,,,,,,,0,,,
18840,"Alta Verapaz",16,"Cobán",1,2892,380,,,,,,,,,,,,,,,,,,,,,,,,,,,,,,,,,,,,,,,0,,,
18841,"Alta Verapaz",16,"Cobán",1,2892,380,,,,,,,,,,,,,,,,,,,,,,,,,,,,,,,,,,,,,,,0,,,
18842,"Alta Verapaz",16,"Cobán",1,2892,380,,,,,,,,,,,,,,,,,,,,,,,,,,,,,,,,,,,,,,,0,,,
18843,"Alta Verapaz",16,"Cobán",1,2892,202,,,,,,,,,,,,,,,,,,,,,,,,,,,,,,,,,,,,,,,0,,,
18844,"Alta Verapaz",16,"Cobán",1,2892,202,,,,,,,,,,,,,,,,,,,,,,,,,,,,,,,,,,,,,,,0,,,
18845,"Alta Verapaz",16,"Cobán",1,2893,380,82,6,16,1,3,3,3,1,3,4,4,2,0,0,0,15,0,1,1,0,1,0,0,2,1,149,18,2,169,0,169,--,380,211,149,169,169,Algún campo sin dato,1,bd207ebe9cb6f5ba6e6679354d7de36a8b107cafb45e06e3083a4e323bfd50c9,26/06/2023 01:22:44,ESCANER
18846,"Alta Verapaz",16,"Cobán",1,2893,380,,,,,,,,,,,,,,,,,,,,,,,,,,,,,,,,,,,,,,,0,,,
18847,"Alta Verapaz",16,"Cobán",1,2893,380,86,4,8,2,2,2,2,1,4,1,0,1,3,0,0,23,0,0,0,0,1,1,2,0,0,143,21,4,168,0,168,--,380,212,143,168,168,Algún campo sin dato,1,8cfb0d029912795ea27807e3da4c8b9b7d735f32d46a4388d00dab4c610e394b,26/06/2023 00:13:09,ESCANER
18848,"Alta Verapaz",16,"Cobán",1,2893,380,132,2,8,1,2,2,2,1,4,3,0,1,2,0,0,15,0,0,0,0,0,0,1,0,0,176,20,8,204,0,204,--,380,176,176,204,204,Algún campo sin dato,1,f4be10e9a66ff9490feb3eb80c2513dfc2b39a8d43fb7202cbd6dd381c29183e,25/06/2023 23:58:26,ESCANER
18849,"Alta Verapaz",16,"Cobán",1,2893,380,97,5,3,1,0,5,0,0,8,3,0,0,2,0,0,15,0,0,0,0,3,0,1,0,0,143,26,9,178,0,178,--,380,202,143,178,178,Algún campo sin dato,1,ed2b750c51344bf49eceffca17d9585122ec8d1437879584f9e9bab85d0c50f2,26/06/2023 01:46:43,ESCANER
18850,"Alta Verapaz",16,"Cobán",1,2893,380,106,6,9,0,2,3,1,2,5,4,1,0,0,0,0,13,0,1,0,1,0,0,2,0,0,155,36,6,197,0,197,--,383,186,156,198,198,Sumas Asentadas sin cuadrar,1,0ab2e416d5ac29c5a8ee3908364557e5de910a7f7824f517bad56a471ada73d8,26/06/2023 00:59:55,ESCANER
18851,"Alta Verapaz",16,"Cobán",1,2893,380,87,1,11,0,1,2,0,3,5,4,0,0,3,0,1,15,0,0,1,0,1,0,5,0,0,140,36,3,179,0,179,--,380,201,140,179,179,Algún campo sin dato,1,829688098b030f3af19bf61def400911f7526762c92b608289948357c23c6b9b,25/06/2023 22:30:19,ESCANER
18852,"Alta Verapaz",16,"Cobán",1,2893,380,85,2,10,1,0,3,1,1,3,0,0,1,0,0,1,16,0,0,2,0,0,0,0,2,1,129,20,7,156,0,156,--,380,224,129,156,156,Algún campo sin dato,1,c74ada5fddf9a438589a409c40cb6485c3f80584387734ff56debab0a233f327,25/06/2023 23:40:16,ESCANER
18853,"Alta Verapaz",16,"Cobán",1,2893,380,81,2,9,2,2,3,0,2,3,0,2,3,1,0,0,9,0,2,2,0,0,0,5,1,0,129,26,3,158,0,158,--,380,222,129,158,158,Algún campo sin dato,1,b8e2091720af3d898d4ea6ed6b67783f3a2cc68ca26089eafe8d9276d754808c,26/06/2023 00:28:39,ESCANER
18854,"Alta Verapaz",16,"Cobán",1,2893,380,91,7,7,0,4,5,0,0,2,1,0,0,0,0,1,9,0,2,1,0,1,0,4,0,0,135,20,2,157,0,157,--,380,223,135,157,157,Algún campo sin dato,1,3e9936f2f708b1078aaa7d12e678ed7ef912057e83f88736255ac3af7e69690a,25/06/2023 22:01:01,ESCANER
18855,"Alta Verapaz",16,"Cobán",1,2893,349,81,3,11,1,0,3,2,0,5,1,3,0,1,0,0,4,0,0,1,0,0,0,3,0,0,119,11,1,131,0,131,--,349,218,119,131,131,Algún campo sin dato,1,f0632084244d685e537c036a253116e83797b28ec70da0edfb80e060fe4ebe5a,25/06/2023 23:21:53,ESCANER
18856,"Alta Verapaz",16,"Cobán",1,2893,348,63,2,8,0,0,5,0,0,3,1,0,2,1,1,0,9,0,1,0,0,0,0,0,0,0,96,17,5,118,0,118,--,349,231,96,118,118,Algún campo sin dato,1,357151ef5570f7f6eb4c290315b0a2e5aa2864f37711ea324f835787b5cf9198,25/06/2023 22:59:43,ESCANER
18857,"Alta Verapaz",16,"Cobán",1,2894,380,,,,,,,,,,,,,,,,,,,,,,,,,,,,,,,,,,,,,,,0,,,
18858,"Alta Verapaz",16,"Cobán",1,2894,380,,,,,,,,,,,,,,,,,,,,,,,,,,,,,,,,,,,,,,,0,,,
18859,"Alta Verapaz",16,"Cobán",1,2894,380,,,,,,,,,,,,,,,,,,,,,,,,,,,,,,,,,,,,,,,0,,,
18860,"Alta Verapaz",16,"Cobán",1,2894,380,,,,,,,,,,,,,,,,,,,,,,,,,,,,,,,,,,,,,,,0,,,
18861,"Alta Verapaz",16,"Cobán",1,2894,380,,,,,,,,,,,,,,,,,,,,,,,,,,,,,,,,,,,,,,,0,,,
18862,"Alta Verapaz",16,"Cobán",1,2894,380,,,,,,,,,,,,,,,,,,,,,,,,,,,,,,,,,,,,,,,0,,,
18863,"Alta Verapaz",16,"Cobán",1,2894,380,,,,,,,,,,,,,,,,,,,,,,,,,,,,,,,,,,,,,,,0,,,
18864,"Alta Verapaz",16,"Cobán",1,2894,380,,,,,,,,,,,,,,,,,,,,,,,,,,,,,,,,,,,,,,,0,,,
18865,"Alta Verapaz",16,"Cobán",1,2894,380,,,,,,,,,,,,,,,,,,,,,,,,,,,,,,,,,,,,,,,0,,,
18866,"Alta Verapaz",16,"Cobán",1,2894,380,,,,,,,,,,,,,,,,,,,,,,,,,,,,,,,,,,,,,,,0,,,
18867,"Alta Verapaz",16,"Cobán",1,2894,380,,,,,,,,,,,,,,,,,,,,,,,,,,,,,,,,,,,,,,,0,,,
18868,"Alta Verapaz",16,"Cobán",1,2894,380,,,,,,,,,,,,,,,,,,,,,,,,,,,,,,,,,,,,,,,0,,,
18869,"Alta Verapaz",16,"Cobán",1,2894,380,,,,,,,,,,,,,,,,,,,,,,,,,,,,,,,,,,,,,,,0,,,
18870,"Alta Verapaz",16,"Cobán",1,2894,380,,,,,,,,,,,,,,,,,,,,,,,,,,,,,,,,,,,,,,,0,,,
18871,"Alta Verapaz",16,"Cobán",1,2894,380,,,,,,,,,,,,,,,,,,,,,,,,,,,,,,,,,,,,,,,0,,,
18872,"Alta Verapaz",16,"Cobán",1,2894,380,,,,,,,,,,,,,,,,,,,,,,,,,,,,,,,,,,,,,,,0,,,
18873,"Alta Verapaz",16,"Cobán",1,2894,380,,,,,,,,,,,,,,,,,,,,,,,,,,,,,,,,,,,,,,,0,,,
18874,"Alta Verapaz",16,"Cobán",1,2894,380,,,,,,,,,,,,,,,,,,,,,,,,,,,,,,,,,,,,,,,0,,,
18875,"Alta Verapaz",16,"Cobán",1,2894,276,,,,,,,,,,,,,,,,,,,,,,,,,,,,,,,,,,,,,,,0,,,
18876,"Alta Verapaz",16,"Cobán",1,2894,276,,,,,,,,,,,,,,,,,,,,,,,,,,,,,,,,,,,,,,,0,,,
18877,"Alta Verapaz",16,"Cobán",1,2895,380,72,2,43,4,0,5,3,38,4,19,0,4,3,1,0,9,1,0,0,1,0,0,0,2,0,211,29,20,260,0,260,--,380,120,211,260,260,Algún campo sin dato,1,bb9cfd751829157e4c178e3093cb89cd45e2aa7d25aeb3a4827dd0a8c35dd650,26/06/2023 01:09:22,ESCANER
18878,"Alta Verapaz",16,"Cobán",1,2895,380,,,,,,,,,,,,,,,,,,,,,,,,,,,,,,,,,,,,,,,0,,,
18879,"Alta Verapaz",16,"Cobán",1,2895,380,90,3,63,2,3,1,3,19,4,25,0,4,0,0,0,11,3,0,1,0,0,0,0,2,1,235,23,12,270,0,270,--,381,111,235,270,270,Algún campo sin dato,1,d70e9cdd756257d8d6426098ae97e28d9feca83d6f2e63a53a0ed322fb1caec0,26/06/2023 02:04:07,ESCANER
18880,"Alta Verapaz",16,"Cobán",1,2895,380,82,0,67,0,3,1,3,34,3,19,0,5,2,0,1,14,1,0,2,1,0,1,1,3,0,243,42,8,293,0,293,--,380,87,243,293,293,Algún campo sin dato,1,bff4c4d262ba7cda4f3271ad43b465d0f7beab2dfea83dc768833056ab9d21ad,26/06/2023 03:33:40,ESCANER
18881,"Alta Verapaz",16,"Cobán",1,2895,380,,,,,,,,,,,,,,,,,,,,,,,,,,,,,,,,,,,,,,,0,,,
18882,"Alta Verapaz",16,"Cobán",1,2895,380,84,1,69,1,1,0,0,31,1,22,0,4,1,0,0,9,1,1,2,0,0,0,1,2,1,232,27,6,265,0,265,--,380,115,232,265,265,Algún campo sin dato,1,1acaf0d00d73c33240ffa288bd212070b93849bedd4dc0cbee14d9441aa2788d,26/06/2023 01:42:12,ESCANER
18883,"Alta Verapaz",16,"Cobán",1,2895,380,,,,,,,,,,,,,,,,,,,,,,,,,,,,,,,,,,,,,,,0,,,
18884,"Alta Verapaz",16,"Cobán",1,2895,380,79,0,57,2,1,2,3,28,3,17,0,0,2,1,0,7,0,0,0,0,0,0,0,0,0,202,21,13,236,0,236,--,380,144,202,236,236,Algún campo sin dato,1,3d56052293450f554b58e65f876555331ab880e05df8c7b03d579e9ea1fa2efb,26/06/2023 02:25:24,ESCANER
18885,"Alta Verapaz",16,"Cobán",1,2895,380,60,1,45,1,1,2,1,16,0,22,0,1,0,0,0,7,0,4,3,0,2,0,0,1,1,168,20,11,199,0,199,--,380,--,168,199,199,Algún campo sin dato,1,35c0393c7326fee0998c50e3e865ace5e808ed049fb53c5d3d4a473850abd7d1,26/06/2023 00:48:06,ESCANER
18886,"Alta Verapaz",16,"Cobán",1,2895,380,59,1,48,0,2,0,1,27,1,16,1,1,1,0,2,7,0,0,1,0,0,0,0,2,0,170,16,9,195,0,195,--,380,185,170,195,195,Algún campo sin dato,1,a8e06adfca8330d602d386d6cfee3f6bc957833200d8d5189a70ea79c2c0b3d6,26/06/2023 00:01:11,ESCANER
18887,"Alta Verapaz",16,"Cobán",1,2895,380,61,2,40,0,2,2,0,17,2,17,1,3,2,0,0,9,1,1,2,1,0,0,0,0,0,163,24,12,199,0,199,--,380,181,163,199,199,Algún campo sin dato,1,a73aef33b84e1565f949da10549474ca21e37203521288dd56d9bf402329b3a6,25/06/2023 23:38:42,ESCANER
18888,"Alta Verapaz",16,"Cobán",1,2895,380,81,2,55,0,0,0,1,15,2,14,0,1,1,0,0,3,0,0,1,0,1,0,0,0,0,177,8,7,192,0,192,--,380,185,177,192,192,Algún campo sin dato,1,fd1cb45f9b5dac75869ce04e2ecb32e4b76be6c06382df59601cd25e3f602ff9,26/06/2023 00:26:15,ESCANER
18889,"Alta Verapaz",16,"Cobán",1,2895,291,59,0,24,0,4,0,1,13,4,13,0,0,1,0,0,2,0,0,0,0,0,0,0,1,0,122,6,1,129,0,129,--,287,158,122,129,129,Algún campo sin dato,1,92dac1a0569846549561613b739612a21bafce8ebd9edd4e55dda10433a1f0c6,25/06/2023 22:37:38,ESCANER
18890,"Alta Verapaz",16,"Cobán",1,2895,291,43,1,28,0,1,4,0,9,4,13,0,1,0,0,4,4,0,1,2,0,0,0,0,0,0,115,4,5,124,0,124,--,291,167,115,124,124,Algún campo sin dato,1,fd884211f0dd07648300d87fdaa71cfac6d4d43a9a7ddc762bc852be63ab5343,25/06/2023 22:58:46,ESCANER
18891,"Alta Verapaz",16,"Cobán",1,2896,380,79,3,53,1,32,1,6,9,2,18,0,9,3,0,1,6,0,1,2,2,2,1,0,3,0,234,23,6,263,0,263,--,380,117,234,263,263,Algún campo sin dato,1,deb3c10dafbf835ac8226fead80864faf2f38477b42cf624bea0470a65971170,25/06/2023 22:23:17,ESCANER
18892,"Alta Verapaz",16,"Cobán",1,2896,380,113,2,21,0,24,1,5,16,2,15,1,9,1,0,0,4,0,0,3,0,1,2,1,8,0,229,17,7,253,0,253,--,377,124,229,253,253,Algún campo sin dato,1,802b20cae87b45b96cfd0f46b3290302dee633543f1a1a46ad7740ac1b015f45,26/06/2023 00:43:11,ESCANER
18893,"Alta Verapaz",16,"Cobán",1,2896,289,55,2,22,1,16,2,2,7,2,11,22,6,0,0,0,3,0,1,3,0,0,0,0,1,0,136,22,6,164,0,164,--,289,125,156,184,184,Sumas Asentadas sin cuadrar,1,c4321f1a40d5276c8cfbde1ad843b12a9a2d4d2f4bdcee7606c9612602366c8b,26/06/2023 00:05:04,ESCANER
18894,"Alta Verapaz",16,"Cobán",1,2896,289,89,1,22,2,24,0,5,2,2,9,3,3,1,0,0,2,0,0,0,0,0,1,0,3,0,169,7,3,179,0,179,--,289,110,169,179,179,Algún campo sin dato,1,a703f809a034851557a33b979c8d5bc574aa13729d8efa17d4597e0dd5fe5b02,25/06/2023 23:54:07,ESCANER
18895,"Alta Verapaz",16,"Cobán",1,2897,380,,,,,,,,,,,,,,,,,,,,,,,,,,,,,,,,,,,,,,,0,,,
18896,"Alta Verapaz",16,"Cobán",1,2897,380,,,,,,,,,,,,,,,,,,,,,,,,,,,,,,,,,,,,,,,0,,,
18897,"Alta Verapaz",16,"Cobán",1,2897,380,,,,,,,,,,,,,,,,,,,,,,,,,,,,,,,,,,,,,,,0,,,
18898,"Alta Verapaz",16,"Cobán",1,2897,380,,,,,,,,,,,,,,,,,,,,,,,,,,,,,,,,,,,,,,,0,,,
18899,"Alta Verapaz",16,"Cobán",1,2897,380,,,,,,,,,,,,,,,,,,,,,,,,,,,,,,,,,,,,,,,0,,,
18900,"Alta Verapaz",16,"Cobán",1,2897,380,,,,,,,,,,,,,,,,,,,,,,,,,,,,,,,,,,,,,,,0,,,
18901,"Alta Verapaz",16,"Cobán",1,2897,217,,,,,,,,,,,,,,,,,,,,,,,,,,,,,,,,,,,,,,,0,,,
18902,"Alta Verapaz",16,"Cobán",1,2897,216,,,,,,,,,,,,,,,,,,,,,,,,,,,,,,,,,,,,,,,0,,,
18903,"Alta Verapaz",16,"Cobán",1,2898,600,34,0,50,1,12,2,7,3,4,12,4,0,1,0,9,5,3,2,3,1,1,1,2,31,2,190,12,4,206,0,206,--,603,397,190,206,206,Algún campo sin dato,1,f225237286f8f134fc97199de7c7a68fab031eee8e06015e5dd563c0b6ad3f4d,26/06/2023 03:01:07,ESCANER
18904,"Alta Verapaz",16,"Cobán",1,2898,600,34,2,38,2,9,1,7,5,9,22,1,2,4,2,5,10,3,2,5,1,2,0,7,44,0,217,13,3,233,0,233,1,600,366,217,233,233,,1,a03d7060e6747314cf88c63e21fb97833711ab3b0d3cf34f267adeef2e5e1ed6,26/06/2023 01:11:36,ESCANER
18905,"Alta Verapaz",16,"Cobán",1,2898,600,21,1,53,2,6,4,6,0,6,18,3,1,0,0,11,5,2,2,2,0,3,0,6,38,1,191,14,2,207,1,208,--,600,392,191,207,208,Algún campo sin dato,1,977260baba7f5b6ba34d37e7281ec31d1d1d34b472fe1598dc07a9ec2f6d8abe,26/06/2023 01:05:32,ESCANER
18906,"Alta Verapaz",16,"Cobán",1,2898,600,25,0,42,0,6,5,6,5,10,13,5,0,0,1,2,2,2,0,3,0,2,0,3,26,0,158,14,1,173,0,173,--,600,427,158,173,173,Algún campo sin dato,1,450a79ee9b7808bf3ef9cc4921d93bac5157585b1acf83a0c6b714c1f4f938f4,26/06/2023 01:08:53,ESCANER
18907,"Alta Verapaz",16,"Cobán",1,2898,329,13,1,19,2,2,1,0,1,0,6,2,1,2,1,1,3,0,0,0,0,2,0,0,27,0,84,5,0,89,1,90,1,325,235,84,89,90,,1,fe4dbed65e2502fb7ff490956138ff422696971555505a47b6f35a349c7b35ee,25/06/2023 22:59:24,ESCANER
18908,"Alta Verapaz",16,"Cobán",1,2898,328,7,0,6,0,3,1,4,0,0,4,0,0,0,0,0,3,0,0,0,0,2,0,1,2,1,34,3,2,39,0,39,--,324,285,34,39,39,Algún campo sin dato,1,839684505feafaa18a4dbf9498e30bd24270b7eb9631505aac41147cae3fc131,25/06/2023 23:51:17,ESCANER