﻿TIPO_DE_ELECCIÓN:,CORPORACIÓN MUNICIPAL
26 junio 2023 03:36 (UTC -6)
ACTAS_ESPERADAS,ACTAS_CAPTURADAS,PORCENTAJE_ACTAS_CAPTURADAS,ACTAS_CONTABILIZADAS,PORCENTAJE_ACTAS_CONTABILIZADAS,ACTAS_NO_CONTABILIZADAS,LISTA_NOMINAL_ACTAS_CONTABILIZADAS,VOTOS_EMITIDOS_CONTABILIZADAS,PORCENTAJE_PARTICIPACIÓN_CIUDADANA
71,29,40.8450,29,40.8450,0,11105,5610,50.5177

MESA,DEPARTAMENTO,ID_DEPARTAMENTO,MUNICIPIO,ID_MUNICIPIO,CENTRO_DE_VOTACIÓN,PADRÓN,CREO,PHG,UNE,CABAL,TODOS,AZUL,VICTORIA,VIVA,PODEMOS,PPN,VALOR,WINAQ,UR,MLP,ELEFANTE,BIEN,PODER,VAMOS,VÁLIDOS,NULOS,BLANCO,EMITIDOS,INVÁLIDOS,TOTAL,IMPUGNACIONES,PAPELETAS-RECIBIDAS,PAPELETAS-NO-USADAS,VALIDOS_CALCULADO,EMITIDOS_CALCULADO,TOTAL_CALCULADO,OBSERVACIONES,CONTABILIZADA,CÓDIGO_INTEGRIDAD,FECHA_HORA_PUBLICACIÓN,DIGITALIZACIÓN
13757,"San Marcos",12,"Tajumulco",9,1915,400,10,3,29,127,14,1,20,3,7,6,2,1,3,0,0,2,2,10,240,20,3,263,0,263,--,400,137,240,263,263,Algún campo sin dato,1,3c418b5a315e07229c79e76867ac8b265c18c010d06f92970773320d018fb89d,26/06/2023 01:20:09,ESCANER
13758,"San Marcos",12,"Tajumulco",9,1916,400,,,,,,,,,,,,,,,,,,,,,,,,,,,,,,,,0,,,
13759,"San Marcos",12,"Tajumulco",9,1916,400,8,10,37,109,26,1,31,1,5,0,2,1,1,1,0,1,0,14,248,12,11,271,0,271,--,400,129,248,271,271,Algún campo sin dato,1,3bdaf05ff65db4ca0e4392eb5d59d1983b80443b9962c496a962effbd532a861,26/06/2023 03:14:47,MOVIL
13760,"San Marcos",12,"Tajumulco",9,1916,400,,,,,,,,,,,,,,,,,,,,,,,,,,,,,,,,0,,,
13761,"San Marcos",12,"Tajumulco",9,1916,400,,,,,,,,,,,,,,,,,,,,,,,,,,,,,,,,0,,,
13762,"San Marcos",12,"Tajumulco",9,1917,400,6,4,39,100,31,2,16,1,5,3,3,0,3,4,1,3,0,23,244,21,10,275,0,275,--,400,125,244,275,275,Algún campo sin dato,1,cbaaab1aac0419c4d0f89d88c511289d9260c7e3e35b5912633c2806ddd5ad77,25/06/2023 23:48:59,ESCANER
13763,"San Marcos",12,"Tajumulco",9,1918,400,,,,,,,,,,,,,,,,,,,,,,,,,,,,,,,,0,,,
13764,"San Marcos",12,"Tajumulco",9,1919,400,7,12,43,117,27,3,20,2,4,1,3,0,2,2,0,4,0,20,267,17,10,294,0,294,--,400,106,267,294,294,Algún campo sin dato,1,1fd0da3c9679b601082388d3a131d7c582a6d9269f00492b19542ff5c879b6fe,26/06/2023 03:10:26,ESCANER
13765,"San Marcos",12,"Tajumulco",9,1919,400,6,1,19,85,21,0,22,0,3,1,1,2,0,0,0,0,1,16,178,9,8,195,0,195,--,400,205,178,195,195,Algún campo sin dato,1,c441748cf47471b672f2f47aede26d1688ec76a7b03218bb0ab2054fbbfe9d3f,26/06/2023 03:18:18,ESCANER
13766,"San Marcos",12,"Tajumulco",9,1919,400,12,4,25,77,24,1,18,0,1,3,1,0,2,0,0,2,1,17,188,9,5,202,0,202,--,400,198,188,202,202,Algún campo sin dato,1,ea1acdbfb8c4b42b5d43dc818d709c44a7a5cc20d714049800479fa0b5a2e0c2,26/06/2023 03:06:00,ESCANER
13767,"San Marcos",12,"Tajumulco",9,1919,400,15,2,32,95,25,1,17,0,2,4,1,1,2,1,0,2,1,19,220,5,2,227,0,227,--,400,173,220,227,227,Algún campo sin dato,1,a08c191026bb922f493e217e6702b49a556c3a494f058b336c581b14bd39aeee,26/06/2023 03:32:14,ESCANER
13768,"San Marcos",12,"Tajumulco",9,1919,400,9,6,32,93,18,1,17,0,1,5,3,1,0,0,0,0,1,22,209,6,5,220,180,400,--,--,--,209,220,400,Algún campo sin dato,1,6ffd96f28585e0177a1bdcef49ca84117ea891cb68ee393a0b53e1b62fceb6af,25/06/2023 23:13:41,ESCANER
13769,"San Marcos",12,"Tajumulco",9,1919,400,11,5,25,77,15,3,17,2,2,2,1,0,2,1,0,0,0,13,176,12,4,192,0,192,--,400,208,176,192,192,Algún campo sin dato,1,234a16bfb2f739aa35b45df516495703227a1ebb600328a201b14d7e7ed21bda,26/06/2023 01:36:09,ESCANER
13770,"San Marcos",12,"Tajumulco",9,1919,400,7,5,31,75,14,1,14,0,2,0,1,0,2,2,0,1,0,19,174,1,1,176,0,176,--,400,224,174,176,176,Algún campo sin dato,1,0b0e99ba2d06cc3ec4d0fe6846bf534bf65a616205620640fdb699607ee8f682,25/06/2023 22:53:48,ESCANER
13771,"San Marcos",12,"Tajumulco",9,1919,400,5,3,23,71,24,0,17,1,0,2,0,0,0,1,0,4,0,13,164,3,1,168,0,168,--,400,232,164,168,168,Algún campo sin dato,1,b2317e7f582af62e9bcc25753e2d39ffb26a37c96b3cd3293a9bf118774bd00a,26/06/2023 01:43:22,ESCANER
13772,"San Marcos",12,"Tajumulco",9,1919,374,8,2,20,67,20,1,6,0,2,3,0,0,1,1,0,3,0,8,142,6,2,150,0,150,--,374,224,142,150,150,Algún campo sin dato,1,237c2fdc9d44dfaeef2ee3a6ec12bcbfd0921fa9adc7681632a53cce2797248a,26/06/2023 02:30:59,ESCANER
13773,"San Marcos",12,"Tajumulco",9,1919,374,7,4,18,75,14,2,19,1,1,2,2,0,0,1,1,5,1,12,165,6,7,178,0,178,--,376,198,165,178,178,Algún campo sin dato,1,6ba6efc0540141fb81c9963df387b4baed108b27479b42de2ecf41c424cfb5ea,26/06/2023 01:55:38,ESCANER
13774,"San Marcos",12,"Tajumulco",9,1920,380,9,12,70,58,32,0,5,32,3,0,1,0,1,0,0,3,2,30,258,14,7,279,0,279,--,380,101,258,279,279,Algún campo sin dato,1,bbdc3017060293836a09d0d28c7efad8a241970a7d8a6937f2b7f7b892a1e3f2,26/06/2023 02:32:34,ESCANER
13775,"San Marcos",12,"Tajumulco",9,1920,380,6,7,50,59,29,1,2,42,5,1,2,0,2,1,0,1,1,16,225,10,6,241,0,241,--,377,136,225,241,241,Algún campo sin dato,1,0a178c58b35fb036fa2283b1aef496ef96f9c5b9b90f47a1e7ca2a149fc01eed,26/06/2023 02:35:24,ESCANER
13776,"San Marcos",12,"Tajumulco",9,1920,380,5,10,50,62,29,0,5,35,2,0,1,1,0,1,0,2,2,23,228,5,0,233,0,233,--,380,147,228,233,233,Algún campo sin dato,1,d42539e5a9467d0e1a0ec2929026ad6062fc682a87a56b62469828dbb19102ab,26/06/2023 00:29:34,ESCANER
13777,"San Marcos",12,"Tajumulco",9,1920,380,10,13,49,57,24,1,3,37,1,0,1,0,1,1,0,0,1,18,217,12,9,238,0,238,--,380,42,217,238,238,Algún campo sin dato,1,d6ba11cf1f6fafdeb556176cd65f4f3fc450bca48f5603ace280e2be5b27bb61,26/06/2023 01:42:36,ESCANER
13778,"San Marcos",12,"Tajumulco",9,1920,255,9,5,19,29,14,0,3,32,1,0,0,0,0,0,0,0,1,13,126,3,2,131,0,126,--,255,124,126,131,131,Sumas Asentadas sin cuadrar,1,205f809e7cfe7d0c664cf7273143c65959319b7546697e4f879adb310169325a,26/06/2023 01:10:20,ESCANER
13779,"San Marcos",12,"Tajumulco",9,1920,255,8,6,24,20,15,0,1,23,2,0,0,0,0,0,0,1,2,12,114,7,2,123,0,123,--,255,132,114,123,123,Algún campo sin dato,1,4133fc9106658cdf675a3e27e132c57ab686cc7b573c1f579b5c3d859442b0d4,26/06/2023 00:22:17,ESCANER
13780,"San Marcos",12,"Tajumulco",9,1921,380,,,,,,,,,,,,,,,,,,,,,,,,,,,,,,,,0,,,
13781,"San Marcos",12,"Tajumulco",9,1921,380,,,,,,,,,,,,,,,,,,,,,,,,,,,,,,,,0,,,
13782,"San Marcos",12,"Tajumulco",9,1921,380,,,,,,,,,,,,,,,,,,,,,,,,,,,,,,,,0,,,
13783,"San Marcos",12,"Tajumulco",9,1922,282,,,,,,,,,,,,,,,,,,,,,,,,,,,,,,,,0,,,
13784,"San Marcos",12,"Tajumulco",9,1922,281,,,,,,,,,,,,,,,,,,,,,,,,,,,,,,,,0,,,
13785,"San Marcos",12,"Tajumulco",9,1923,380,,,,,,,,,,,,,,,,,,,,,,,,,,,,,,,,0,,,
13786,"San Marcos",12,"Tajumulco",9,1923,246,,,,,,,,,,,,,,,,,,,,,,,,,,,,,,,,0,,,
13787,"San Marcos",12,"Tajumulco",9,1923,246,,,,,,,,,,,,,,,,,,,,,,,,,,,,,,,,0,,,
13788,"San Marcos",12,"Tajumulco",9,1924,380,11,1,50,39,18,3,17,8,13,3,0,0,0,0,0,0,0,1,164,19,5,--,--,--,--,--,--,164,188,188,Algún campo sin dato,1,bc7a55a0023a882861a3ac1c71633e14d563a52971ec5dc34302f99eb0555744,26/06/2023 03:31:24,ESCANER
13789,"San Marcos",12,"Tajumulco",9,1924,380,,,,,,,,,,,,,,,,,,,,,,,,,,,,,,,,0,,,
13790,"San Marcos",12,"Tajumulco",9,1925,330,,,,,,,,,,,,,,,,,,,,,,,,,,,,,,,,0,,,
13791,"San Marcos",12,"Tajumulco",9,1925,329,,,,,,,,,,,,,,,,,,,,,,,,,,,,,,,,0,,,
13792,"San Marcos",12,"Tajumulco",9,1926,380,,,,,,,,,,,,,,,,,,,,,,,,,,,,,,,,0,,,
13793,"San Marcos",12,"Tajumulco",9,1926,380,,,,,,,,,,,,,,,,,,,,,,,,,,,,,,,,0,,,
13794,"San Marcos",12,"Tajumulco",9,1926,380,,,,,,,,,,,,,,,,,,,,,,,,,,,,,,,,0,,,
13795,"San Marcos",12,"Tajumulco",9,1926,364,,,,,,,,,,,,,,,,,,,,,,,,,,,,,,,,0,,,
13796,"San Marcos",12,"Tajumulco",9,1926,364,,,,,,,,,,,,,,,,,,,,,,,,,,,,,,,,0,,,
13797,"San Marcos",12,"Tajumulco",9,1927,380,5,0,37,42,40,0,8,1,2,0,2,0,0,2,1,1,0,3,188,29,13,230,0,230,--,377,147,144,186,186,Sumas Asentadas sin cuadrar,1,09b009cfd3129042fb62e78cc1ab8ab03c0a78230d29fc8f42007e848be431d6,26/06/2023 02:58:08,ESCANER
13798,"San Marcos",12,"Tajumulco",9,1927,380,,,,,,,,,,,,,,,,,,,,,,,,,,,,,,,,0,,,
13799,"San Marcos",12,"Tajumulco",9,1927,380,5,19,41,31,54,2,9,0,0,9,6,0,0,0,1,0,0,2,172,21,5,205,0,205,--,377,172,179,205,205,Sumas Asentadas sin cuadrar,1,5baf121fa96fc11c0c124447699c51a4170a8a6575dec5e68fb52a013ffca93e,26/06/2023 02:14:55,ESCANER
13800,"San Marcos",12,"Tajumulco",9,1928,380,2,21,20,26,49,2,20,0,0,8,0,0,1,0,0,1,1,3,154,18,10,182,0,182,--,378,196,154,182,182,Algún campo sin dato,1,6b2a97565fd6d5d38f8164dddf524d3ff4868090bd1d25538d76a83c02d9b108,25/06/2023 22:50:19,ESCANER
13801,"San Marcos",12,"Tajumulco",9,1928,314,6,13,23,22,42,1,5,1,2,3,1,0,0,0,0,2,0,1,122,4,4,130,0,130,--,301,171,122,130,130,Algún campo sin dato,1,6e1b700af709232f660d84a4d77377e4f2dcc3e05bd0be64b21d4bcf4c4c2313,26/06/2023 02:19:47,ESCANER
13802,"San Marcos",12,"Tajumulco",9,1928,313,3,21,26,13,46,0,6,0,3,12,0,0,0,0,0,0,1,5,136,13,3,152,0,152,--,310,158,136,152,152,Algún campo sin dato,1,3e8f7c8e7b6531792dc7fd42161a4ebb3d8ee08ad8e0a46c4b8d29a741be69a4,26/06/2023 01:47:07,ESCANER
13803,"San Marcos",12,"Tajumulco",9,1929,380,,,,,,,,,,,,,,,,,,,,,,,,,,,,,,,,0,,,
13804,"San Marcos",12,"Tajumulco",9,1929,380,,,,,,,,,,,,,,,,,,,,,,,,,,,,,,,,0,,,
13805,"San Marcos",12,"Tajumulco",9,1929,380,,,,,,,,,,,,,,,,,,,,,,,,,,,,,,,,0,,,
13806,"San Marcos",12,"Tajumulco",9,1929,306,,,,,,,,,,,,,,,,,,,,,,,,,,,,,,,,0,,,
13807,"San Marcos",12,"Tajumulco",9,1929,306,,,,,,,,,,,,,,,,,,,,,,,,,,,,,,,,0,,,
13808,"San Marcos",12,"Tajumulco",9,1930,380,,,,,,,,,,,,,,,,,,,,,,,,,,,,,,,,0,,,
13809,"San Marcos",12,"Tajumulco",9,1930,380,,,,,,,,,,,,,,,,,,,,,,,,,,,,,,,,0,,,
13810,"San Marcos",12,"Tajumulco",9,1930,380,,,,,,,,,,,,,,,,,,,,,,,,,,,,,,,,0,,,
13811,"San Marcos",12,"Tajumulco",9,1930,362,,,,,,,,,,,,,,,,,,,,,,,,,,,,,,,,0,,,
13812,"San Marcos",12,"Tajumulco",9,1930,362,,,,,,,,,,,,,,,,,,,,,,,,,,,,,,,,0,,,
13813,"San Marcos",12,"Tajumulco",9,1931,380,,,,,,,,,,,,,,,,,,,,,,,,,,,,,,,,0,,,
13814,"San Marcos",12,"Tajumulco",9,1931,222,,,,,,,,,,,,,,,,,,,,,,,,,,,,,,,,0,,,
13815,"San Marcos",12,"Tajumulco",9,1931,221,,,,,,,,,,,,,,,,,,,,,,,,,,,,,,,,0,,,
13816,"San Marcos",12,"Tajumulco",9,1932,380,,,,,,,,,,,,,,,,,,,,,,,,,,,,,,,,0,,,
13817,"San Marcos",12,"Tajumulco",9,1932,380,,,,,,,,,,,,,,,,,,,,,,,,,,,,,,,,0,,,
13818,"San Marcos",12,"Tajumulco",9,1932,380,,,,,,,,,,,,,,,,,,,,,,,,,,,,,,,,0,,,
13819,"San Marcos",12,"Tajumulco",9,1932,380,,,,,,,,,,,,,,,,,,,,,,,,,,,,,,,,0,,,
13820,"San Marcos",12,"Tajumulco",9,1932,312,,,,,,,,,,,,,,,,,,,,,,,,,,,,,,,,0,,,
13821,"San Marcos",12,"Tajumulco",9,1932,311,,,,,,,,,,,,,,,,,,,,,,,,,,,,,,,,0,,,
13822,"San Marcos",12,"Tajumulco",9,1933,380,,,,,,,,,,,,,,,,,,,,,,,,,,,,,,,,0,,,
13823,"San Marcos",12,"Tajumulco",9,1933,294,8,44,30,27,71,0,1,4,6,1,0,0,0,0,0,0,0,18,210,3,5,218,1,219,--,294,75,210,218,219,Algún campo sin dato,1,4853c6c6fe64eb2d122c0e43542123069435c4c7d9c78a41c460ad6d53eb4a6c,26/06/2023 01:07:37,ESCANER
13824,"San Marcos",12,"Tajumulco",9,1933,293,,,,,,,,,,,,,,,,,,,,,,,,,,,,,,,,0,,,
13825,"San Marcos",12,"Tajumulco",9,1934,600,9,5,29,68,29,0,13,3,5,4,1,0,0,0,0,1,1,7,175,6,9,190,0,190,--,600,410,175,190,190,Algún campo sin dato,1,4db2679f322cb53b64022965fb8b52c003b12d57cd3f978b0d3598b73771761d,26/06/2023 02:22:49,ESCANER
13826,"San Marcos",12,"Tajumulco",9,1934,443,3,0,12,18,9,0,3,1,2,0,0,0,0,0,0,2,0,4,54,3,2,59,0,59,--,443,384,54,59,59,Algún campo sin dato,1,1dfa397cbf0f6c653ad1806234daaa4372df757cfd095de76fa76e9399520597,26/06/2023 02:21:10,ESCANER
13827,"San Marcos",12,"Tajumulco",9,1934,443,3,1,6,11,11,0,4,0,1,0,0,0,0,0,0,2,0,2,41,3,0,44,1,45,--,440,395,41,44,45,Algún campo sin dato,1,9e6a78637905fedaaff6cf9a7d8cb3721dd3de16dd9af982ed9d424f9822b436,25/06/2023 23:27:45,ESCANER