﻿TIPO_DE_ELECCIÓN:,CORPORACIÓN MUNICIPAL
26 junio 2023 03:36 (UTC -6)
ACTAS_ESPERADAS,ACTAS_CAPTURADAS,PORCENTAJE_ACTAS_CAPTURADAS,ACTAS_CONTABILIZADAS,PORCENTAJE_ACTAS_CONTABILIZADAS,ACTAS_NO_CONTABILIZADAS,LISTA_NOMINAL_ACTAS_CONTABILIZADAS,VOTOS_EMITIDOS_CONTABILIZADAS,PORCENTAJE_PARTICIPACIÓN_CIUDADANA
151,138,91.3907,138,91.3907,0,52586,32665,62.1172

MESA,DEPARTAMENTO,ID_DEPARTAMENTO,MUNICIPIO,ID_MUNICIPIO,CENTRO_DE_VOTACIÓN,PADRÓN,UNIONISTA,TODOS,VAMOS,AZUL,VALOR,VOS,CH ICH,MANO. L. O.,CAMBIO,UNE,PODEMOS,PPN,URNG-MAIZ WINAQ SEMILLA,COLIBRI,MI FAMILIA,VIVA,ELEFANTE,FCN-NACION,VICTORIA,UR,VÁLIDOS,NULOS,BLANCO,EMITIDOS,INVÁLIDOS,TOTAL,IMPUGNACIONES,PAPELETAS-RECIBIDAS,PAPELETAS-NO-USADAS,VALIDOS_CALCULADO,EMITIDOS_CALCULADO,TOTAL_CALCULADO,OBSERVACIONES,CONTABILIZADA,CÓDIGO_INTEGRIDAD,FECHA_HORA_PUBLICACIÓN,DIGITALIZACIÓN
5888,"Chimaltenango",3,"Chimaltenango",1,619,400,1,5,49,6,22,12,49,9,31,11,5,7,7,4,1,11,4,1,7,2,244,19,1,264,0,264,0,--,--,244,264,264,Algún campo sin dato,1,d9e04efa7f2b4e4cfed88d527716151f7baa33ad2ae752b390d3bd2f7bf96ce6,25/06/2023 23:36:52,ESCANER
5889,"Chimaltenango",3,"Chimaltenango",1,619,400,0,9,42,5,19,8,51,5,28,19,4,2,8,6,1,7,2,1,7,2,226,11,1,238,0,238,0,400,162,226,238,238,,1,9a59205812b91d81e761bfa3595dbc003c692882691a5bcd4d06d0dcfebc9294,25/06/2023 23:24:51,ESCANER
5890,"Chimaltenango",3,"Chimaltenango",1,619,400,3,18,42,1,18,9,38,6,25,16,3,3,13,7,5,9,2,1,8,4,231,15,2,248,0,248,--,400,152,231,248,248,Algún campo sin dato,1,fafd4c08b4cce974aaf47f8a3677270e854f59003b37981fb72cb2f1041ef735,26/06/2023 02:31:27,ESCANER
5891,"Chimaltenango",3,"Chimaltenango",1,619,400,2,7,43,3,11,8,57,9,25,15,4,6,10,3,0,5,0,1,8,3,220,22,4,246,0,246,--,400,154,220,246,246,Algún campo sin dato,1,9896ce3855d2a06dd0e2bc44a5618699bc082f04f785c80e8b00fc3bdf3d23fa,26/06/2023 00:27:04,ESCANER
5892,"Chimaltenango",3,"Chimaltenango",1,620,400,3,9,55,4,12,11,55,10,19,9,2,5,29,4,4,4,4,2,6,2,249,10,1,260,0,260,0,400,140,249,260,260,,1,5a09bc6dc773d06724f7d80d69583a44cf6dc7a74d02b91966b276bfe5ee915a,25/06/2023 22:08:33,ESCANER
5893,"Chimaltenango",3,"Chimaltenango",1,620,400,1,10,38,5,13,9,66,10,34,14,8,6,16,1,0,5,2,0,4,0,242,7,1,250,0,250,--,400,150,242,250,250,Algún campo sin dato,1,de3587f6380f6f53acccea26a64bb7bd343c35e6e272c03231f184725cbdf195,26/06/2023 02:38:13,ESCANER
5894,"Chimaltenango",3,"Chimaltenango",1,620,257,3,10,18,2,6,4,34,5,12,4,1,2,12,2,1,4,0,1,4,0,125,5,0,130,0,130,0,257,127,125,130,130,,1,b16b9cad020cf9c11f813bcf1f826be09e16977f7e02c026119fec6f20f1821a,25/06/2023 23:32:43,ESCANER
5895,"Chimaltenango",3,"Chimaltenango",1,620,256,0,9,25,3,11,3,24,1,14,7,4,0,8,3,1,1,1,1,2,0,118,10,0,128,0,128,--,256,128,118,128,128,Algún campo sin dato,1,d99b82c20e24a915cdbdc4359de7ac8689d9cd3209413d7898d2d23df3a244ca,25/06/2023 22:53:34,ESCANER
5896,"Chimaltenango",3,"Chimaltenango",1,621,400,2,4,53,5,17,10,50,15,38,8,2,6,8,5,4,13,5,0,2,5,252,9,1,262,0,262,0,400,138,252,262,262,,1,1b48ab79025bc26d6078d8b7f00171f99da3fc62d11d6fac2efca2e07b98cb06,25/06/2023 23:49:14,ESCANER
5897,"Chimaltenango",3,"Chimaltenango",1,621,400,,,,,,,,,,,,,,,,,,,,,,,,,,,,,,,,,,0,,,
5898,"Chimaltenango",3,"Chimaltenango",1,621,400,3,6,51,5,19,10,56,22,37,9,4,4,8,0,1,13,3,3,11,2,267,14,6,287,0,287,0,400,113,267,287,287,,1,7fef9f924104d8e0311a66e84957ba91f54abc4d3e3d0f0f23355d3bb6fb91dc,26/06/2023 00:04:30,ESCANER
5899,"Chimaltenango",3,"Chimaltenango",1,621,400,6,8,47,3,19,7,54,17,43,13,7,5,3,5,2,5,1,1,7,2,255,13,1,269,0,269,0,400,128,255,269,269,,1,f85b39852943bad374a5e98e7863c64b9af79ca6586bcdb5ac7ad4d0367ddf5d,25/06/2023 23:55:16,ESCANER
5900,"Chimaltenango",3,"Chimaltenango",1,621,400,2,14,58,4,12,7,49,14,36,12,7,3,2,8,0,14,3,0,6,0,251,24,0,275,0,275,--,400,125,251,275,275,Algún campo sin dato,1,a9d8878685800b12494d1e00ed45497d949466505a996f06905f4aa8ced3b46b,25/06/2023 22:16:55,ESCANER
5901,"Chimaltenango",3,"Chimaltenango",1,621,400,3,6,43,3,13,8,74,11,28,11,7,7,8,2,1,11,4,2,4,3,249,8,0,257,0,257,0,400,143,249,257,257,,1,d216d9e8a3352d83b7c697a78bf35fcd9d7dd481744bd192916d68413f9c9b80,26/06/2023 00:21:11,ESCANER
5902,"Chimaltenango",3,"Chimaltenango",1,621,400,0,6,40,1,5,6,64,10,33,14,4,6,4,0,4,4,4,14,7,4,220,17,1,238,0,238,0,400,162,230,248,248,Sumas Asentadas sin cuadrar,1,36993649c7e079ba96dff4b8db20e48f0278c0f13593945384b6e156ee33161b,26/06/2023 02:22:08,ESCANER
5903,"Chimaltenango",3,"Chimaltenango",1,621,400,4,10,37,4,20,4,53,6,41,9,2,4,3,4,2,13,0,0,8,3,227,16,2,245,0,0,0,400,155,227,245,245,,1,f234ff3e19f6c93c96f80bafab214864a592daac0dc5bab798c49b136c84a8cd,26/06/2023 01:42:34,ESCANER
5904,"Chimaltenango",3,"Chimaltenango",1,621,400,2,13,61,5,12,7,42,16,30,20,7,4,10,6,0,15,4,2,5,2,263,14,4,281,0,281,0,416,135,263,281,281,,1,8ade1c7dec3a7bff18e60a9b2521cb006d8e860aa3bb4e48d18fa9873c01b1cc,26/06/2023 01:41:50,ESCANER
5905,"Chimaltenango",3,"Chimaltenango",1,621,400,1,5,42,2,13,9,58,14,31,9,8,8,5,1,4,9,6,2,11,2,240,18,2,260,--,--,1,400,140,240,260,260,Algún campo sin dato,1,322e8e520cb762aed82341232c3a6d09c001198f294857ca430aacffc9e6790c,26/06/2023 00:11:56,ESCANER
5906,"Chimaltenango",3,"Chimaltenango",1,621,400,7,8,57,3,11,13,52,14,33,12,5,5,8,6,0,11,5,1,6,5,262,12,2,276,0,276,0,400,124,262,276,276,,1,422f1eccd54592235597f8b8189b0ec0f3b5739a75031b0ec029246725dd8f85,25/06/2023 23:57:31,ESCANER
5907,"Chimaltenango",3,"Chimaltenango",1,621,400,2,17,37,2,12,9,71,7,37,11,3,2,9,5,0,14,3,1,6,3,251,8,2,261,0,261,0,400,139,251,261,261,,1,7c12b64713ae15b5744df364ab2ff03a7782e7bd08d86dc0c50a255f62b8a815,26/06/2023 00:38:58,ESCANER
5908,"Chimaltenango",3,"Chimaltenango",1,621,400,2,8,46,1,6,5,41,9,43,12,4,6,9,8,3,19,1,1,9,0,233,13,1,247,0,247,--,400,153,233,247,247,Algún campo sin dato,1,c0f56c725ffb7e77a02dff84cc4efe562ac3e478cff26a39244d0a2ef6d18350,26/06/2023 00:26:12,ESCANER
5909,"Chimaltenango",3,"Chimaltenango",1,621,400,2,7,55,7,9,7,52,7,23,11,7,3,5,3,1,13,3,0,8,3,226,17,0,243,0,243,0,396,154,226,243,243,,1,fd32c0fb8ec93e1c0cfc925fb4ae85265ffca9e2a8d36a29fcda74ac96bcb757,26/06/2023 00:20:34,ESCANER
5910,"Chimaltenango",3,"Chimaltenango",1,621,400,2,17,38,2,8,10,57,5,39,10,2,5,12,3,0,5,2,1,6,1,225,11,0,236,0,236,--,400,164,225,236,236,Algún campo sin dato,1,c28a91fdd2334905531f033b89000cfe4d2db5af9f204165285db3ce4fa2f3c5,26/06/2023 01:16:29,ESCANER
5911,"Chimaltenango",3,"Chimaltenango",1,621,400,0,8,46,5,8,12,66,15,55,12,1,6,10,2,1,8,0,0,5,0,260,6,0,266,0,266,--,400,131,260,266,266,Algún campo sin dato,1,9959e40c55833e799ecd89001dc8bd966c4efaf941ae51a04a25fd4597f32906,26/06/2023 01:50:45,ESCANER
5912,"Chimaltenango",3,"Chimaltenango",1,621,269,1,4,28,2,7,7,38,6,20,2,0,1,13,0,1,3,1,0,1,1,136,7,0,143,0,143,0,269,126,136,143,143,,1,2c1485e408dba2281c4a619ff3522b1320b3947047dda49587895c9e00bfd107,25/06/2023 22:50:21,ESCANER
5913,"Chimaltenango",3,"Chimaltenango",1,621,269,1,7,19,2,3,3,23,3,18,1,0,4,7,3,4,7,0,1,3,1,110,2,0,112,0,112,0,269,157,110,112,112,,1,1fe6033065934223e15c32943c59426638176654b82e59bdd194bf985941aac6,26/06/2023 00:56:23,ESCANER
5914,"Chimaltenango",3,"Chimaltenango",1,622,400,4,13,37,4,20,7,61,16,22,14,9,7,3,6,3,5,5,3,8,4,251,11,3,265,0,265,0,400,135,251,265,265,,1,881e3bde812a0c5658439a77bd32c60004fa285bf1d110bf393a51ff9f4ef8b1,25/06/2023 22:57:18,ESCANER
5915,"Chimaltenango",3,"Chimaltenango",1,622,400,2,5,40,7,20,16,61,13,31,17,6,5,10,4,4,8,11,0,12,5,277,14,1,292,0,292,0,400,105,277,292,292,,1,5a8f9b12fa5d44a05449ae291f64c81ce383bb38e706f74e34bbce0dd68911e2,26/06/2023 02:31:25,ESCANER
5916,"Chimaltenango",3,"Chimaltenango",1,622,400,3,13,33,3,31,12,62,11,30,6,3,8,15,6,3,6,2,1,13,10,271,18,1,290,0,290,--,400,110,271,290,290,Algún campo sin dato,1,ed2c9d9304fcd54c6d275630ee62657a793e4cba6cae3c8b4cbe51c7e25cdc94,26/06/2023 00:40:41,ESCANER
5917,"Chimaltenango",3,"Chimaltenango",1,622,400,3,11,34,2,23,8,67,12,34,16,6,6,9,5,1,14,3,1,9,1,265,16,1,282,0,282,0,400,117,265,282,282,,1,edcdabfc2151bf695738cf9e991407511f5b46e118f14bbe8496c665c4ee4eb9,26/06/2023 01:45:05,ESCANER
5918,"Chimaltenango",3,"Chimaltenango",1,622,400,2,8,43,4,28,17,57,10,29,21,5,5,7,3,1,13,4,2,7,2,268,18,2,288,0,288,--,400,112,268,288,288,Algún campo sin dato,1,e2a72c257d07b0f92f7b351b6030b11aff58924cfe82209169af7c518861d9dc,26/06/2023 00:27:13,ESCANER
5919,"Chimaltenango",3,"Chimaltenango",1,622,400,6,13,37,2,17,10,62,11,23,14,1,3,16,3,2,10,1,1,6,1,239,9,1,249,0,249,--,400,151,239,249,249,Algún campo sin dato,1,aa50f23a7ee5382cc07dfbead4cba87ecf585e5fce6fbef91975e9c9bd7bb178,26/06/2023 01:49:43,ESCANER
5920,"Chimaltenango",3,"Chimaltenango",1,622,400,6,10,51,1,21,6,64,4,28,14,3,2,9,2,4,1,4,2,5,2,251,12,0,263,0,263,--,400,137,239,251,251,Sumas Asentadas sin cuadrar,1,3f5fbf72fcc8731c4c23075777f3bd9d9988ef56cd3512de38d9ab8e77d8529f,26/06/2023 00:17:57,ESCANER
5921,"Chimaltenango",3,"Chimaltenango",1,622,400,5,10,40,5,21,13,77,10,30,18,4,5,11,5,1,11,3,4,11,2,286,16,0,302,0,302,0,400,98,286,302,302,,1,fa487e710705aa8a2ac65e1adb50618049fd99c2d1e2d95cd04514adef14c6e0,25/06/2023 23:27:09,ESCANER
5922,"Chimaltenango",3,"Chimaltenango",1,622,400,5,11,36,6,17,13,61,15,20,14,8,8,6,4,2,6,2,3,6,6,249,7,1,257,0,257,0,400,143,249,257,257,,1,b4f25e1d477077a3e0789a3d076f67563560c395db221ae8d9db14567990a326,25/06/2023 23:46:10,ESCANER
5923,"Chimaltenango",3,"Chimaltenango",1,622,400,1,5,43,1,22,12,57,21,26,14,6,5,8,5,4,11,1,2,11,2,257,11,1,269,0,269,0,401,132,257,269,269,,1,6a4530f6d67d32f94607aba9b136dfe38a472c00ad8498236dd13a0e3172f67b,26/06/2023 00:46:53,ESCANER
5924,"Chimaltenango",3,"Chimaltenango",1,622,400,,,,,,,,,,,,,,,,,,,,,,,,,,,,,,,,,,0,,,
5925,"Chimaltenango",3,"Chimaltenango",1,622,400,3,4,50,3,15,15,64,4,23,14,3,3,9,5,1,4,4,1,6,4,235,12,2,249,0,249,--,400,151,235,249,249,Algún campo sin dato,1,b30cf1e4a9098666e55cfc9696bc4a7678a4c17dbc1cd2fdaa3e5ef81b265a3b,25/06/2023 23:50:17,ESCANER
5926,"Chimaltenango",3,"Chimaltenango",1,622,400,1,9,35,1,18,12,71,10,23,16,4,3,18,2,1,6,1,3,6,0,240,9,0,249,0,249,0,400,151,240,249,249,,1,a1772a40c695f92a4b0fcea7605d98f1c011f745baa1727200f763c94b80af84,26/06/2023 02:29:55,ESCANER
5927,"Chimaltenango",3,"Chimaltenango",1,622,395,3,7,45,1,13,9,68,9,41,13,3,4,16,6,2,5,4,2,9,2,262,11,0,273,0,273,0,395,122,262,273,273,,1,3c3fb8b4bc86b12893c70c62ccd2c3e14c8c0ff41a152ecbf44937d3ebae89ba,26/06/2023 01:12:29,ESCANER
5928,"Chimaltenango",3,"Chimaltenango",1,622,395,2,7,34,3,10,5,43,4,26,4,0,1,10,2,2,1,2,2,5,0,163,15,0,178,1,179,0,395,216,163,178,179,,1,5bc89b66ebeb6bcdb442d97716641dff27e1d4f9d2e88d87934c7f7fb8ca6d6d,25/06/2023 22:30:56,ESCANER
5929,"Chimaltenango",3,"Chimaltenango",1,623,400,3,11,62,6,17,10,65,23,25,16,5,8,4,7,2,6,2,2,6,2,282,17,2,301,0,301,0,400,99,282,301,301,,1,13b69e903773d463784ced27648a12b9041d679c421f0ba7d732c6148d8b205c,26/06/2023 01:43:34,ESCANER
5930,"Chimaltenango",3,"Chimaltenango",1,623,400,4,11,44,5,19,13,64,13,37,15,2,5,3,8,3,10,3,3,5,1,268,19,1,288,0,288,--,400,112,268,288,288,Algún campo sin dato,1,ee287cdc2d4f1592ab4619177bdeb3deff04c6a0d67d87f1923d1090467ac390,26/06/2023 02:45:04,ESCANER
5931,"Chimaltenango",3,"Chimaltenango",1,623,400,2,11,54,5,19,11,71,21,36,10,6,8,4,11,1,8,5,6,9,1,299,9,3,311,0,311,0,400,89,299,311,311,,1,49fd8a83d32e5e947abb544b84301ad75d0e49ba4eb2c23be2d5a998d97f110a,26/06/2023 00:38:43,ESCANER
5932,"Chimaltenango",3,"Chimaltenango",1,623,400,4,9,60,6,19,15,67,19,42,13,10,9,4,8,1,7,2,2,5,3,305,15,2,322,0,322,--,400,78,305,322,322,Algún campo sin dato,1,0bddca7b7be21e862b8b4b25b3ba73b64d26f292591aecce6e738b988a563c39,26/06/2023 00:04:31,ESCANER
5933,"Chimaltenango",3,"Chimaltenango",1,623,400,6,10,76,3,11,10,45,18,37,13,5,9,7,9,3,11,3,2,7,1,286,23,1,310,0,310,0,400,90,286,310,310,,1,bf1285386601d9d158e03ba8c480876242f099f3197d9601c107f5232ed49bb4,26/06/2023 01:16:01,ESCANER
5934,"Chimaltenango",3,"Chimaltenango",1,624,400,3,6,57,1,8,15,62,23,41,12,5,13,8,6,0,4,0,0,3,0,267,18,1,286,0,286,0,400,114,267,286,286,,1,021116126b7ac1b128e806c10376f12494eb0118b0046d8d94944ebd54193e8a,26/06/2023 03:00:59,ESCANER
5935,"Chimaltenango",3,"Chimaltenango",1,624,400,3,12,66,3,15,12,69,13,33,6,5,7,1,8,4,7,0,0,16,1,281,15,1,297,0,297,0,400,103,281,297,297,,1,86b8c2e7e903e1ad4aa2f438912827267f278598d61da8c5a6c59a87b5659626,26/06/2023 01:52:08,ESCANER
5936,"Chimaltenango",3,"Chimaltenango",1,624,400,2,6,49,5,14,13,64,15,35,11,4,4,11,9,3,11,5,0,7,4,272,13,2,287,0,287,0,400,113,272,287,287,,1,d52ff18e9f7f7496be553ee2f2619e21bcd6fab2ca0f9e2bfa2f8c4339a74fef,26/06/2023 01:42:48,ESCANER
5937,"Chimaltenango",3,"Chimaltenango",1,624,400,4,14,66,3,10,8,60,20,28,15,9,9,8,4,1,3,4,1,2,1,270,19,2,291,0,291,1,399,108,270,291,291,,1,8185d95a453556ca1d9df0435ae0baabb9440ea6083ff470387db3354c9bad6a,26/06/2023 02:53:05,ESCANER
5938,"Chimaltenango",3,"Chimaltenango",1,625,400,2,14,55,3,8,15,68,14,26,19,6,6,6,9,0,7,2,0,9,1,270,19,2,291,0,291,0,397,106,270,291,291,,1,7930ec898c70db7c3615c9300842fda5ffad8f190eb049e2c8b8866c68d0614a,26/06/2023 01:59:35,ESCANER
5939,"Chimaltenango",3,"Chimaltenango",1,625,400,4,9,66,2,11,15,57,16,39,17,5,9,7,5,3,5,2,1,3,3,279,11,1,291,0,291,--,400,109,279,291,291,Algún campo sin dato,1,07f8e99ab86dd4818429109637164520dd99acc3c1f1d5241a05dc85ab78d46d,26/06/2023 01:33:26,ESCANER
5940,"Chimaltenango",3,"Chimaltenango",1,625,400,2,10,61,7,12,10,57,15,35,17,9,2,1,7,6,3,3,1,5,0,263,8,1,272,0,272,0,400,128,263,272,272,,1,dbba70484ea8eeffd5113ac8cf47e10c8b9272e2c90b7c9823f57a7b1d7c7f0e,26/06/2023 02:19:16,ESCANER
5941,"Chimaltenango",3,"Chimaltenango",1,625,400,,,,,,,,,,,,,,,,,,,,,,,,,,,,,,,,,,0,,,
5942,"Chimaltenango",3,"Chimaltenango",1,626,400,2,8,53,5,15,9,57,9,18,22,7,4,10,11,0,4,5,0,6,0,245,3,1,249,0,249,--,400,151,245,249,249,Algún campo sin dato,1,657449251c7ae8d9f55882a48654edcafcfa7c4cfcb9665acb2aae687bf2ed58,26/06/2023 00:49:22,ESCANER
5943,"Chimaltenango",3,"Chimaltenango",1,626,374,2,5,50,5,13,11,48,19,26,15,2,10,12,5,1,4,1,3,7,0,239,5,0,244,0,244,--,374,130,239,244,244,Algún campo sin dato,1,33c717ba53c816d856ec8690fecbd5cfaa8c7fa78e09cab879dcb9cd172a4be4,26/06/2023 00:15:57,ESCANER
5944,"Chimaltenango",3,"Chimaltenango",1,626,373,0,1,38,1,3,8,44,9,35,4,2,1,7,8,0,5,2,0,3,0,171,5,0,176,0,176,0,373,197,171,176,176,,1,7f3a0c04b324d12e59b6c7d4de5f6aefb158534a1034ab319fe322a809c035f6,25/06/2023 23:11:18,ESCANER
5945,"Chimaltenango",3,"Chimaltenango",1,627,400,,,,,,,,,,,,,,,,,,,,,,,,,,,,,,,,,,0,,,
5946,"Chimaltenango",3,"Chimaltenango",1,627,400,,,,,,,,,,,,,,,,,,,,,,,,,,,,,,,,,,0,,,
5947,"Chimaltenango",3,"Chimaltenango",1,627,400,2,8,44,7,15,12,59,12,32,16,4,11,6,6,0,16,3,1,5,4,263,13,0,276,0,276,--,400,124,263,276,276,Algún campo sin dato,1,f2e32b66b42fac5e5609946d7ad06d9b4cfbc70aa8a4a62de168f0f9c28c9e76,26/06/2023 02:52:58,ESCANER
5948,"Chimaltenango",3,"Chimaltenango",1,627,400,1,12,29,10,19,10,57,9,32,18,5,9,5,6,1,17,1,3,7,0,251,19,1,271,0,271,0,400,129,251,271,271,,1,5e3ef3b2945cc28c3af43f6fec39ab9a35b70740d0d7c4c4ff93cb7fb6beb124,26/06/2023 00:57:27,ESCANER
5949,"Chimaltenango",3,"Chimaltenango",1,627,400,,,,,,,,,,,,,,,,,,,,,,,,,,,,,,,,,,0,,,
5950,"Chimaltenango",3,"Chimaltenango",1,627,400,,,,,,,,,,,,,,,,,,,,,,,,,,,,,,,,,,0,,,
5951,"Chimaltenango",3,"Chimaltenango",1,627,400,,,,,,,,,,,,,,,,,,,,,,,,,,,,,,,,,,0,,,
5952,"Chimaltenango",3,"Chimaltenango",1,627,400,5,15,33,8,15,12,57,8,45,9,4,6,12,4,1,5,2,0,5,1,247,6,0,253,0,253,--,400,147,247,253,253,Algún campo sin dato,1,c5b8be071241d96ded959885bf41721b0c11edd14aca56efcb0bde60a781ee68,25/06/2023 23:25:45,ESCANER
5953,"Chimaltenango",3,"Chimaltenango",1,627,400,,,,,,,,,,,,,,,,,,,,,,,,,,,,,,,,,,0,,,
5954,"Chimaltenango",3,"Chimaltenango",1,627,400,2,9,43,6,12,9,53,5,24,25,5,6,6,10,2,19,4,2,5,3,250,15,2,267,0,267,0,392,125,250,267,267,,1,17addb6ff2a24969928671ec17d1cb2512ad55eb3dcd47fbff9b8ef65cea0f23,26/06/2023 00:37:22,ESCANER
5955,"Chimaltenango",3,"Chimaltenango",1,627,400,1,13,35,7,8,14,66,8,31,16,3,3,13,3,4,6,2,3,7,1,244,15,2,261,0,261,0,400,139,244,261,261,,1,04494ada7a66bcdf87ae99f9da3955b311a223eff69ee01aa55e0dcb0b9a64c1,26/06/2023 02:06:28,ESCANER
5956,"Chimaltenango",3,"Chimaltenango",1,627,400,1,12,31,6,20,10,67,10,30,22,4,9,8,5,2,8,4,1,8,1,260,4,0,264,0,264,--,400,133,259,263,263,Sumas Asentadas sin cuadrar,1,616d0d1dbc623dcd1f63eccc2e7d7dc70741fde7f662f3ab4d2cb200f11e80fb,26/06/2023 01:15:36,ESCANER
5957,"Chimaltenango",3,"Chimaltenango",1,627,400,,,,,,,,,,,,,,,,,,,,,,,,,,,,,,,,,,0,,,
5958,"Chimaltenango",3,"Chimaltenango",1,627,400,2,12,42,5,16,7,62,8,40,17,4,12,6,4,2,18,5,1,10,1,274,10,3,287,0,287,--,400,113,274,287,287,Algún campo sin dato,1,49c0359363644018a944facb17640bf362246b15fb1eea28a13cb3c4e37ec30f,26/06/2023 01:29:27,ESCANER
5959,"Chimaltenango",3,"Chimaltenango",1,627,400,2,15,41,1,6,5,51,11,32,17,9,3,8,5,2,20,5,2,9,0,244,5,1,250,0,250,--,400,150,244,250,250,Algún campo sin dato,1,7b72679bb999afd17a6660d7f29b580546df09d59d4abc6a7225238bf8353177,26/06/2023 01:58:03,ESCANER
5960,"Chimaltenango",3,"Chimaltenango",1,627,400,2,13,45,8,15,5,50,2,28,12,6,6,7,5,4,5,1,1,4,3,222,5,1,228,0,228,--,400,172,222,228,228,Algún campo sin dato,1,e107b0ed88202137c615fe5cb534b9ce70793aaab4f28882b1e332b048d4fb76,26/06/2023 01:15:39,ESCANER
5961,"Chimaltenango",3,"Chimaltenango",1,627,400,1,8,35,5,15,7,50,10,33,9,4,7,5,6,1,11,4,0,3,3,217,14,2,233,0,233,0,399,166,217,233,233,,1,c4f2318cf79a616456c16e275eb9bc8b3b638dca502b041e763512a6c576fe50,25/06/2023 23:19:36,ESCANER
5962,"Chimaltenango",3,"Chimaltenango",1,627,400,2,15,27,5,18,6,61,8,41,6,3,5,10,6,2,12,2,2,7,1,239,7,0,246,0,246,0,400,154,239,246,246,,1,63b9e42d01c2460ec17ac7229107ce244a1dcf245841dc55350b93862b96bc8c,26/06/2023 02:44:13,ESCANER
5963,"Chimaltenango",3,"Chimaltenango",1,627,400,0,14,33,5,16,8,55,8,44,14,1,3,13,5,2,9,1,1,6,0,238,5,0,243,0,243,--,400,157,238,243,243,Algún campo sin dato,1,1bbedb696549858c548cdf12cfa9d47b0fb63b3b35a8f57814c0f161d59d861b,26/06/2023 00:33:12,ESCANER
5964,"Chimaltenango",3,"Chimaltenango",1,627,400,3,8,36,6,17,7,68,8,43,8,5,3,17,4,1,10,0,1,5,2,252,6,0,258,0,258,--,382,124,252,258,258,Algún campo sin dato,1,45bf767711603d885370290beb5338fc101d61126925e96b06afa78dd19fa762,25/06/2023 23:32:55,ESCANER
5965,"Chimaltenango",3,"Chimaltenango",1,627,391,3,9,38,3,9,10,59,9,28,4,2,1,10,8,0,4,0,0,9,1,207,5,1,213,0,213,--,391,178,207,213,213,Algún campo sin dato,1,793c7bd51525a2a26fd77118cb88aaf3e5385367d94b5fd543f3445cf2aef780,26/06/2023 01:00:28,ESCANER
5966,"Chimaltenango",3,"Chimaltenango",1,627,390,--,5,43,1,6,3,37,9,26,8,2,3,11,2,1,10,0,2,1,1,171,6,3,180,0,180,--,390,210,171,180,180,Algún campo sin dato,1,72359bb78af82a23a1afc6050efc8333b092628d150ca7bfe86d40f042953d2c,25/06/2023 23:32:09,ESCANER
5967,"Chimaltenango",3,"Chimaltenango",1,628,380,0,14,36,3,11,4,69,45,10,7,2,4,3,2,0,12,1,2,3,0,228,28,4,260,0,260,0,380,120,228,260,260,,1,df9b219d40c5f4f9ec52842322455ceb9410f0acfba8eb47dc54d3995823549a,26/06/2023 02:23:30,ESCANER
5968,"Chimaltenango",3,"Chimaltenango",1,628,380,3,7,47,3,12,4,62,51,16,20,1,5,2,1,1,12,1,2,10,1,261,21,6,288,0,288,0,380,92,261,288,288,,1,ac3141bc897cd8750a25be5098433543fa61fdac907516b4dff1d92695894c8a,26/06/2023 01:43:34,ESCANER
5969,"Chimaltenango",3,"Chimaltenango",1,628,380,2,15,34,2,10,2,78,47,15,8,2,2,2,0,1,11,3,2,2,2,240,17,4,261,0,261,0,380,119,240,261,261,,1,89e5cce5d69a93ea4a2674a042f10951937a211f5809814c0f86e61e96c56f33,26/06/2023 02:19:13,ESCANER
5970,"Chimaltenango",3,"Chimaltenango",1,628,380,2,13,38,0,3,2,69,48,16,13,5,1,4,3,1,14,2,3,5,0,242,19,4,265,0,265,0,380,115,242,265,265,,1,25717af47f54c0cee4cff02a10c5faa08edb82acfa2ae725cc8315aeb81dfc34,26/06/2023 02:10:25,ESCANER
5971,"Chimaltenango",3,"Chimaltenango",1,628,380,4,16,35,1,7,3,71,36,15,6,0,2,4,2,0,5,4,1,2,1,215,14,8,237,0,237,0,380,143,215,237,237,,1,5114ac3cfc9a6ec0da1a94b6730fab90f0e12ac536f2227cc5788d48b25a4378,26/06/2023 00:24:42,ESCANER
5972,"Chimaltenango",3,"Chimaltenango",1,628,380,2,10,41,0,6,6,63,27,8,11,1,3,6,2,2,15,1,3,4,0,211,14,4,229,0,229,0,380,151,211,229,229,,1,2e731f1108bb99723e027b42f6bf2b1916f258fa6c1f3330b82c30dd5a22b72f,26/06/2023 01:08:43,ESCANER
5973,"Chimaltenango",3,"Chimaltenango",1,628,380,4,15,54,4,10,3,60,36,7,9,2,2,5,3,0,8,2,3,10,0,237,12,4,253,0,253,0,380,127,237,253,253,,1,6adedfe59c1850da7fe13bc021a08cb796716b3ff069473ab9ce8a4d73a64ccf,26/06/2023 00:12:58,ESCANER
5974,"Chimaltenango",3,"Chimaltenango",1,628,380,2,16,50,1,12,3,54,25,8,14,2,2,1,3,1,17,2,0,7,0,220,14,3,237,0,237,0,380,143,220,237,237,,1,b7d1c60bac37c04b7e33a0b0691ebe957192915a369ebaa8f579c06cf757932a,26/06/2023 00:10:30,ESCANER
5975,"Chimaltenango",3,"Chimaltenango",1,628,380,2,13,29,2,9,5,76,34,10,19,0,5,2,0,2,10,2,5,1,0,226,15,3,244,0,244,0,377,133,226,244,244,,1,55d371231b9bcb287a4c71fb3488987106a0b49d9aa7d1c3f9e1a819507c059d,26/06/2023 01:53:52,ESCANER
5976,"Chimaltenango",3,"Chimaltenango",1,628,380,1,5,34,1,6,1,64,27,13,16,1,4,5,2,0,9,1,1,5,0,196,12,3,211,0,211,0,380,169,196,211,211,,1,cb7e374abace99c0f4f14c602e8c19be74e39105ff0ee938768e5c1e46a8a42c,26/06/2023 02:01:12,ESCANER
5977,"Chimaltenango",3,"Chimaltenango",1,628,380,3,18,36,1,18,4,52,27,10,8,1,1,3,2,1,7,1,1,3,1,198,14,4,216,0,216,0,380,164,198,216,216,,1,27fa7e2405b989f6d13245c8413028dbcaa7bbbda6359fa5ef91ae5e9da8130c,25/06/2023 23:58:29,ESCANER
5978,"Chimaltenango",3,"Chimaltenango",1,629,380,1,20,30,3,3,1,49,32,15,11,1,2,9,3,2,6,1,2,2,2,195,11,0,206,0,206,--,380,174,195,206,206,Algún campo sin dato,1,a7b2a185c9d029a2bbf0fb5274a581037f31f21b76d1a86b9057b71668f4dbc8,25/06/2023 23:02:37,ESCANER
5979,"Chimaltenango",3,"Chimaltenango",1,629,269,1,6,15,0,6,1,33,30,9,6,1,0,4,1,0,4,1,0,1,1,120,3,2,125,0,125,--,269,144,120,125,125,Algún campo sin dato,1,7264ca8d2c93e5369b91718d87632663816ab93a22655e462b7b60a4106e8a43,25/06/2023 22:32:19,ESCANER
5980,"Chimaltenango",3,"Chimaltenango",1,629,269,3,5,15,0,5,3,32,13,4,8,1,0,3,0,1,2,0,0,2,0,97,5,0,102,0,102,--,269,167,97,102,102,Algún campo sin dato,1,37ad21c03c292aa70957eae78215dff698011ce9dd5e9421868aefcf9cf96da5,25/06/2023 22:09:56,ESCANER
5981,"Chimaltenango",3,"Chimaltenango",1,630,380,5,7,58,6,17,21,49,5,17,6,2,4,8,1,2,12,1,2,4,3,249,16,3,249,0,249,0,380,131,230,249,249,Sumas Asentadas sin cuadrar,1,2dedf88d9e7b18c2ac85619dff605e68a3159a2be0c20d0f36e46bf05e8b8a1f,26/06/2023 02:16:45,ESCANER
5982,"Chimaltenango",3,"Chimaltenango",1,630,380,1,7,49,6,19,28,37,5,26,11,1,7,3,4,2,7,2,7,1,2,225,19,5,249,0,249,0,381,131,225,249,249,,1,e07e005297be7c47a68e84d882ea50ad0a3c9eef88e1176ce443abd43c72023c,25/06/2023 23:29:31,ESCANER
5983,"Chimaltenango",3,"Chimaltenango",1,630,380,3,10,55,9,18,20,34,2,23,10,4,12,9,3,2,12,2,6,4,1,239,21,2,262,0,262,0,380,118,239,262,262,,1,af512786342882a5c4c055cbbe74d0d0ba1ad0559b537fcb60de8476dbc46fe5,26/06/2023 01:43:25,ESCANER
5984,"Chimaltenango",3,"Chimaltenango",1,630,380,4,6,58,4,16,24,42,5,26,11,1,12,7,6,1,9,1,3,1,2,239,17,2,258,0,258,0,397,139,239,258,258,,1,8a84788d8f173a55408b7ba910052aa8fa898d1d317f9002c2e0f35c70601ff1,26/06/2023 01:30:25,ESCANER
5985,"Chimaltenango",3,"Chimaltenango",1,630,380,2,9,69,1,14,31,34,7,14,9,0,15,9,3,3,11,2,2,2,0,238,14,6,258,0,258,--,380,122,237,257,257,Sumas Asentadas sin cuadrar,1,5ec214cc30f3221a943b995cc1d0c1ad35615be4ac2fdf6f730f9fe286a32df8,26/06/2023 00:52:06,ESCANER
5986,"Chimaltenango",3,"Chimaltenango",1,630,380,,,,,,,,,,,,,,,,,,,,,,,,,,,,,,,,,,0,,,
5987,"Chimaltenango",3,"Chimaltenango",1,630,380,2,8,53,4,24,23,35,7,30,16,6,3,4,5,3,8,1,3,2,0,237,18,2,257,0,257,--,380,123,237,257,257,Algún campo sin dato,1,c08e8c49d9b58a9b3ae0ec0863340addba695c688a73a6c9018ce9cab7139581,26/06/2023 00:22:04,ESCANER
5988,"Chimaltenango",3,"Chimaltenango",1,631,380,5,6,47,5,25,23,35,4,24,7,2,6,5,6,2,9,2,4,4,0,221,6,1,228,0,228,0,376,148,221,228,228,,1,df8272da8006dfb4886ebc385b43dfb41f28296a6c1f5a877e2db09854c6dfc9,26/06/2023 00:49:55,ESCANER
5989,"Chimaltenango",3,"Chimaltenango",1,631,380,1,7,51,8,11,13,41,7,19,12,0,9,1,8,2,16,5,7,3,3,224,23,1,248,0,248,0,380,132,224,248,248,,1,0df509c2b96c6f1ad445f171189b097b4d1127bab9e3e73697f1521fa4f9030a,26/06/2023 00:33:27,ESCANER
5990,"Chimaltenango",3,"Chimaltenango",1,631,380,1,11,44,3,15,24,44,2,21,4,3,9,7,4,1,15,2,5,3,1,219,12,2,233,0,233,--,378,145,219,233,233,Algún campo sin dato,1,21a43d3b55b904f9f2490f52f23fe4e803389d57b8e9ebf3651d3aa2b67757ef,25/06/2023 22:16:27,ESCANER
5991,"Chimaltenango",3,"Chimaltenango",1,631,380,2,10,52,4,12,15,41,9,19,9,2,9,9,4,3,12,4,10,5,0,231,20,3,254,0,254,--,380,130,231,254,254,Algún campo sin dato,1,3542a60bef210a68c83539b86b941097044ff17e140840eeded0dee4155b4069,26/06/2023 01:08:56,ESCANER
5992,"Chimaltenango",3,"Chimaltenango",1,631,380,4,8,53,1,17,22,40,4,22,10,--,9,6,9,2,11,4,3,4,1,230,16,0,246,0,246,0,380,134,230,246,246,Algún campo sin dato,1,667a26cb4769ff33753932a7079bbdcf30c97d68e2e9e5765aae8bc350ce8ad1,26/06/2023 01:46:56,ESCANER
5993,"Chimaltenango",3,"Chimaltenango",1,631,380,5,9,51,2,13,16,29,7,21,8,2,12,12,3,1,12,3,2,1,3,212,13,3,228,0,228,--,380,152,212,228,228,Algún campo sin dato,1,c28475afa8ea2a238cf43c0214da37204cb03dcab9e1b3c8c652f21c0e18e752,25/06/2023 23:54:19,ESCANER
5994,"Chimaltenango",3,"Chimaltenango",1,632,380,1,4,62,8,13,16,46,5,17,9,1,11,6,5,1,11,0,0,3,0,216,11,5,232,0,232,--,--,--,219,235,235,Sumas Asentadas sin cuadrar,1,8db2720d5d5b94c4fa174841ca71376c34bddd6bc93d8a61a9810f414dacf248,26/06/2023 02:38:08,ESCANER
5995,"Chimaltenango",3,"Chimaltenango",1,632,380,1,7,49,4,21,16,32,4,26,5,1,5,7,3,0,7,3,13,5,0,209,15,2,226,0,226,--,380,154,209,226,226,Algún campo sin dato,1,84b125e2a7be1fe606ac35e6bc96d0238b34d3871194bc647539d48793ac1f99,26/06/2023 00:58:56,ESCANER
5996,"Chimaltenango",3,"Chimaltenango",1,632,380,3,6,55,1,16,11,39,2,14,10,3,4,7,2,0,9,1,2,4,0,189,5,2,196,0,196,--,378,182,189,196,196,Algún campo sin dato,1,73b81f7c37799460666fa0c1999542e449a75b230b37a9cdfc6b3acecae5c731,25/06/2023 23:50:15,ESCANER
5997,"Chimaltenango",3,"Chimaltenango",1,632,380,1,7,37,3,26,20,39,4,17,8,0,6,16,2,1,4,2,6,5,1,205,3,0,208,0,208,0,380,172,205,208,208,,1,d6a0b340dd728549ce0ceb4ac0190383c233ce2390933ab23b7fb86d56a5cbc0,25/06/2023 23:17:58,ESCANER
5998,"Chimaltenango",3,"Chimaltenango",1,632,380,--,14,51,4,8,23,35,4,10,3,2,5,8,1,0,4,0,2,0,0,174,3,0,177,0,177,--,380,203,174,177,177,Algún campo sin dato,1,4ad65afa4de590c9834466d14a5d665eeead48af413e2d4475ec69636d532ac0,26/06/2023 00:36:04,ESCANER
5999,"Chimaltenango",3,"Chimaltenango",1,632,247,1,6,19,1,16,13,19,3,8,4,0,6,5,1,0,3,0,2,3,1,111,5,0,116,0,116,--,247,131,111,116,116,Algún campo sin dato,1,6fd62e2ae6aff0e99cd333ffed18e5c7bb4f4e0c4d94e2be7b2fdd91ded45f0e,25/06/2023 23:11:38,ESCANER
6000,"Chimaltenango",3,"Chimaltenango",1,632,247,--,4,24,2,6,11,23,2,11,1,3,2,3,2,--,1,1,1,1,--,98,2,2,102,--,102,--,247,145,98,102,102,Algún campo sin dato,1,4d9e1b0d6a917df9a7da65ff35dad026b1de2ff78aafe9870e335c461a2091e2,25/06/2023 21:13:27,ESCANER
6001,"Chimaltenango",3,"Chimaltenango",1,633,380,3,16,54,3,30,13,32,1,25,17,5,6,4,3,2,16,2,3,5,2,242,21,1,264,--,264,0,380,116,242,264,264,Algún campo sin dato,1,316ee99ac188f59ba7b75d0d69fd8d0dc0302914c5a821c54fe9d89726066934,26/06/2023 03:22:48,ESCANER
6002,"Chimaltenango",3,"Chimaltenango",1,633,192,0,4,29,3,10,6,21,0,11,9,2,3,9,1,2,8,0,3,5,1,127,8,2,137,0,137,--,192,55,127,137,137,Algún campo sin dato,1,ac62905c31ace2252df86b33822ac92b184204ddcd6d07f9c26617793c4733c6,26/06/2023 00:32:17,ESCANER
6003,"Chimaltenango",3,"Chimaltenango",1,633,191,0,9,28,0,9,7,25,0,13,9,1,5,14,1,1,8,0,0,1,0,131,3,0,134,0,134,--,191,57,131,134,134,Algún campo sin dato,1,683772e8869f7ad842b66e6cfcce868969704502c9208b4ae6aa1e4516df9711,26/06/2023 00:13:33,ESCANER
6004,"Chimaltenango",3,"Chimaltenango",1,634,380,9,19,33,5,26,2,48,8,30,10,1,3,5,3,4,10,6,1,5,4,232,15,1,248,0,248,0,380,248,232,248,248,,1,f4d982c2c8c959ee60835ca595f734e5e294bb2bab7f4005da78c67805017d12,26/06/2023 00:13:55,ESCANER
6005,"Chimaltenango",3,"Chimaltenango",1,634,380,11,15,31,5,31,5,46,6,21,23,0,1,4,3,5,8,4,3,5,1,228,27,3,258,--,--,0,--,--,228,258,258,Algún campo sin dato,1,601e33505490ede498f869eca27adbe3e4d141685597a37c3bcc5a347f08a129,26/06/2023 01:55:06,ESCANER
6006,"Chimaltenango",3,"Chimaltenango",1,634,380,,,,,,,,,,,,,,,,,,,,,,,,,,,,,,,,,,0,,,
6007,"Chimaltenango",3,"Chimaltenango",1,634,380,8,5,27,7,36,5,51,7,26,15,5,1,6,2,5,5,5,0,8,0,224,10,2,236,3,239,--,383,144,224,236,239,Algún campo sin dato,1,cdf5cee80fd4be9fcc36b694b316b54680f10e50be297ee8c8d245eebf477955,26/06/2023 02:37:45,ESCANER
6008,"Chimaltenango",3,"Chimaltenango",1,634,380,9,7,24,5,23,4,45,5,31,17,3,1,5,2,3,5,7,3,8,1,208,13,2,223,0,223,--,380,157,208,223,223,Algún campo sin dato,1,3f8d09cf2f31fd4b6469e0fa2a9aed62f7cf3876bc788415dd6c6472ecaf5573,25/06/2023 23:28:30,ESCANER
6009,"Chimaltenango",3,"Chimaltenango",1,634,380,10,19,31,4,33,6,43,3,16,22,3,4,8,2,1,5,3,0,3,2,218,18,1,237,0,237,0,380,143,218,237,237,,1,562babce71000336662555830fb4ef7cf165cb42364bef9a63aadb5711d514c3,26/06/2023 01:45:32,ESCANER
6010,"Chimaltenango",3,"Chimaltenango",1,634,380,10,12,36,3,25,7,55,3,26,16,4,3,7,2,6,10,5,2,5,1,238,11,4,253,0,253,0,380,127,238,253,253,,1,b5dd049c6cfaabb9eda70b419b06af40e3dc7e0c6e6f6b0e1bc31ee960770d9d,26/06/2023 00:35:32,ESCANER
6011,"Chimaltenango",3,"Chimaltenango",1,634,380,6,10,31,3,31,3,33,3,31,10,5,1,4,1,9,9,3,0,8,2,203,14,1,218,0,218,--,380,162,203,218,218,Algún campo sin dato,1,b93fff7b7f32a4eed02920ded2621f17b5742bd5889f9b029ff432282c0644fc,26/06/2023 01:32:34,ESCANER
6012,"Chimaltenango",3,"Chimaltenango",1,634,380,5,15,30,3,17,8,42,5,28,18,2,1,8,5,3,7,3,1,5,2,208,6,0,214,0,214,0,380,166,208,214,214,,1,710c78d98e9437f972f8059b92b4b4d730eaf13be33425306097e759ab4d9988,26/06/2023 01:22:28,ESCANER
6013,"Chimaltenango",3,"Chimaltenango",1,634,380,0,12,27,8,20,3,39,8,32,11,3,0,14,1,4,7,7,1,2,0,207,6,0,213,0,213,0,380,167,199,205,205,Sumas Asentadas sin cuadrar,1,a6a19c7bfe71647e1cf7bcdc6e0f77666ef5ffdb29f82de69287316c4541d688,26/06/2023 01:12:40,ESCANER
6014,"Chimaltenango",3,"Chimaltenango",1,634,230,3,7,19,0,14,2,16,2,17,14,0,2,4,2,7,6,1,0,0,2,118,5,0,123,107,230,0,230,107,118,123,230,,1,9011990844a030499e093b549c14f60d516f7debceb554d507e2997ff8bf173d,25/06/2023 22:22:21,ESCANER
6015,"Chimaltenango",3,"Chimaltenango",1,634,230,4,4,12,0,8,6,23,2,11,7,0,1,6,0,1,2,1,0,3,0,91,6,0,97,0,97,--,230,133,91,97,97,Algún campo sin dato,1,46314b3591ee35cfe068056a8739f4f1df794917bd10f07e686bfdd0bd617e05,25/06/2023 21:23:34,ESCANER
6016,"Chimaltenango",3,"Chimaltenango",1,635,380,1,2,41,2,27,6,41,1,16,15,3,4,6,3,2,24,2,3,3,0,202,23,5,230,0,230,0,380,150,202,230,230,,1,422f4011f9680a98db1e5b1fa3346b68db3a989de0a33a06bb59fc868541c7fa,25/06/2023 23:41:17,ESCANER
6017,"Chimaltenango",3,"Chimaltenango",1,635,343,0,7,37,1,18,5,36,1,11,22,0,6,8,2,1,30,1,1,3,2,192,12,9,213,0,213,0,343,130,192,213,213,,1,989de806ce3d494186517d2b61409730ebe14511c303e5b79a3fa63522ca75e5,26/06/2023 00:28:37,ESCANER
6018,"Chimaltenango",3,"Chimaltenango",1,635,343,0,1,44,1,24,8,29,2,10,18,1,1,7,0,1,8,1,2,3,2,163,8,1,172,0,172,--,343,171,163,172,172,Algún campo sin dato,1,e304c21110df9514b970d11e5112027ed459b0299d12650df194444e2e6ff1e0,25/06/2023 23:53:24,ESCANER
6019,"Chimaltenango",3,"Chimaltenango",1,636,380,1,46,55,1,1,12,43,34,14,34,4,1,2,0,4,16,2,4,2,0,276,23,1,300,0,300,0,380,80,276,300,300,,1,8a9a4000203e12dd3772b6c2c3d2a54a6f1274e39c7a6536bfc277a361c77e15,25/06/2023 23:55:42,ESCANER
6020,"Chimaltenango",3,"Chimaltenango",1,636,380,3,53,53,0,3,4,30,27,14,41,1,0,1,4,5,7,1,2,1,2,252,15,8,275,0,275,0,380,105,252,275,275,,1,43b1e148875d0e7ba4e6b4e6fad565d78d1b0416a9bb2c0c80b1ca39d51914c3,25/06/2023 23:45:51,ESCANER
6021,"Chimaltenango",3,"Chimaltenango",1,636,268,3,31,35,1,0,4,17,21,4,36,3,1,1,0,3,11,0,5,0,1,177,18,5,200,0,200,--,268,68,177,200,200,Algún campo sin dato,1,9e5a6efd25930d0290998482c559ac6d6f04b1d428d43a68bb6f621a6921ca49,26/06/2023 02:18:51,ESCANER
6022,"Chimaltenango",3,"Chimaltenango",1,636,267,2,22,44,1,1,3,19,17,10,19,0,0,4,1,1,5,0,0,1,1,151,4,2,157,0,157,0,267,110,151,157,157,,1,a7958dcfb8ab126eb5b5de92b6920be8709fb706d418dec6c91091789664ece7,25/06/2023 23:25:29,ESCANER
6023,"Chimaltenango",3,"Chimaltenango",1,637,375,1,1,34,0,3,8,69,39,6,53,2,2,4,1,0,7,2,6,2,1,241,11,4,256,0,256,--,375,119,241,256,256,Algún campo sin dato,1,687cfdee911137563996a0a03a23decb15bc0fd561c43854b65406b618ea8d1e,26/06/2023 01:54:03,ESCANER
6024,"Chimaltenango",3,"Chimaltenango",1,637,374,3,0,12,0,2,12,72,20,8,59,1,0,2,0,0,7,2,2,1,0,203,9,0,212,--,--,--,371,159,203,212,212,Algún campo sin dato,1,142c415f52cfd148f512eb7170abfb4ea22d0c84bc2d9cb285363319fe6a3923,25/06/2023 23:20:19,ESCANER
6025,"Chimaltenango",3,"Chimaltenango",1,638,380,,,,,,,,,,,,,,,,,,,,,,,,,,,,,,,,,,0,,,
6026,"Chimaltenango",3,"Chimaltenango",1,638,380,1,21,26,0,5,3,112,47,5,15,1,2,4,1,0,11,5,1,1,1,262,15,2,279,0,279,0,380,101,262,279,279,,1,fb4c1f39931528d60f448c147b57a5863712906f9c83cffcb0fb8de18f9729d5,26/06/2023 02:08:57,ESCANER
6027,"Chimaltenango",3,"Chimaltenango",1,638,380,1,22,22,1,5,3,115,27,18,11,1,2,1,0,2,2,2,1,4,--,240,3,3,246,5,251,--,376,125,240,246,251,Algún campo sin dato,1,9935f6b4fdcfb8695c1eb33cceb709f37179983d06a8f0ecbb8a6e70bf1a9650,26/06/2023 03:10:34,ESCANER
6028,"Chimaltenango",3,"Chimaltenango",1,638,380,1,11,34,3,10,5,118,26,12,17,1,1,0,1,1,8,2,0,3,1,255,18,7,280,0,280,0,380,100,255,280,280,,1,f80a540cd87debf3fc673c05dc3abd0d5f67435a8a6bed5d1fdaae6f284618c9,26/06/2023 01:01:24,ESCANER
6029,"Chimaltenango",3,"Chimaltenango",1,638,380,1,13,21,3,8,9,94,40,5,14,1,0,3,0,1,2,1,1,3,1,221,7,4,232,0,232,--,377,145,221,232,232,Algún campo sin dato,1,4f123677901bbf474fa3a79701fc01cc595665bf9a4c86b97d179642d3d27053,26/06/2023 00:22:12,ESCANER
6030,"Chimaltenango",3,"Chimaltenango",1,638,194,1,8,17,0,0,3,40,25,10,6,0,0,1,0,1,1,1,1,4,0,119,3,0,122,0,122,--,194,72,119,122,122,Algún campo sin dato,1,035625854c05bba8150d6c19fee03bfc78975b45cb725741b2c9f300a1c57ed8,25/06/2023 23:44:30,ESCANER
6031,"Chimaltenango",3,"Chimaltenango",1,638,193,0,6,9,0,2,4,39,23,3,6,0,1,0,0,0,2,0,0,0,0,95,0,1,96,0,96,0,193,97,95,96,96,,1,4a7491e058d005682afad7505b1dfdfd33971dd73ab2062b42bf4a12b92c2d07,25/06/2023 23:36:22,ESCANER
6032,"Chimaltenango",3,"Chimaltenango",1,639,600,3,9,32,8,12,13,59,13,27,10,3,4,3,1,2,7,2,0,6,0,214,26,5,245,0,245,0,600,355,214,245,245,,1,be0ca58c08ead33b7e6895cff4dc8feab20cd5a42a42aebd4c6feae34bacc1f9,26/06/2023 01:50:03,ESCANER
6033,"Chimaltenango",3,"Chimaltenango",1,639,600,7,10,39,3,13,6,62,16,22,11,3,9,2,4,4,11,3,1,5,0,231,17,6,254,0,254,--,600,346,231,254,254,Algún campo sin dato,1,525f31d0cd46ca087a5a13b0e97718d06e04052de8ff28a57ffbf05ac53feb1f,26/06/2023 00:58:53,ESCANER
6034,"Chimaltenango",3,"Chimaltenango",1,640,600,1,11,52,8,17,14,82,8,22,20,5,10,6,6,3,12,2,1,4,1,285,25,0,310,0,310,--,600,290,285,310,310,Algún campo sin dato,1,81d9427cada76fdf7c3aadae1278ea5d7ad8a68500680978b82ba126608f30e3,26/06/2023 00:52:41,ESCANER
6035,"Chimaltenango",3,"Chimaltenango",1,640,600,8,9,50,4,19,13,76,15,29,14,4,7,5,4,2,15,4,3,4,2,287,30,4,321,0,321,0,600,279,287,321,321,,1,d9589305307443ffae0aad599b21919fb18d907b023d9460a0e72e748af7e69a,26/06/2023 01:22:22,ESCANER
6036,"Chimaltenango",3,"Chimaltenango",1,640,600,3,10,48,6,15,13,70,18,26,12,3,6,7,3,1,10,2,4,3,3,263,14,4,281,0,281,--,600,319,263,281,281,Algún campo sin dato,1,92746909422bc4e386578f6e6f5dd467dce97190c9fdbd9452f449d1c563e967,26/06/2023 00:58:00,ESCANER
6037,"Chimaltenango",3,"Chimaltenango",1,640,453,0,6,18,2,14,5,4,7,16,9,4,4,2,6,2,3,3,2,3,1,140,11,4,165,0,165,--,453,288,111,126,126,Sumas Asentadas sin cuadrar,1,31e5935763d87178ce7b2447d18b0a136a6aa5d220472f5d78b9855f58f20ef3,26/06/2023 02:28:19,ESCANER
6038,"Chimaltenango",3,"Chimaltenango",1,640,452,0,4,16,2,3,2,15,2,6,6,1,3,4,2,0,3,0,1,2,0,72,5,0,77,0,77,--,452,375,72,77,77,Algún campo sin dato,1,e408c8b8bcb915db1542e2560ec4348dc3b14abba43377794eeecca16794c056,26/06/2023 00:28:05,ESCANER