﻿TIPO_DE_ELECCIÓN:,CORPORACIÓN MUNICIPAL
26 junio 2023 03:36 (UTC -6)
ACTAS_ESPERADAS,ACTAS_CAPTURADAS,PORCENTAJE_ACTAS_CAPTURADAS,ACTAS_CONTABILIZADAS,PORCENTAJE_ACTAS_CONTABILIZADAS,ACTAS_NO_CONTABILIZADAS,LISTA_NOMINAL_ACTAS_CONTABILIZADAS,VOTOS_EMITIDOS_CONTABILIZADAS,PORCENTAJE_PARTICIPACIÓN_CIUDADANA
233,229,98.2832,229,98.2832,0,86761,51432,59.2800

MESA,DEPARTAMENTO,ID_DEPARTAMENTO,MUNICIPIO,ID_MUNICIPIO,CENTRO_DE_VOTACIÓN,PADRÓN,VAMOS,VALOR,VICTORIA,PPN,PPG,UNE,VOS,BIEN,PR,UR,CABAL,TODOS,MLP,SER,PIN,PHG,CAMBIO,SEMILLA,P A N,UNIONISTA,PODEMOS,AZUL,FCN-NACION,VÁLIDOS,NULOS,BLANCO,EMITIDOS,INVÁLIDOS,TOTAL,IMPUGNACIONES,PAPELETAS-RECIBIDAS,PAPELETAS-NO-USADAS,VALIDOS_CALCULADO,EMITIDOS_CALCULADO,TOTAL_CALCULADO,OBSERVACIONES,CONTABILIZADA,CÓDIGO_INTEGRIDAD,FECHA_HORA_PUBLICACIÓN,DIGITALIZACIÓN
4886,"Guatemala",1,"Villa Canales",16,483,400,8,52,4,3,9,71,1,26,1,0,4,4,0,2,11,3,1,21,3,3,9,2,3,241,16,1,258,0,258,--,400,142,241,258,258,Algún campo sin dato,1,b90a0a4ef918cec7d0b9333e9ae913b2dfc3e759afae820044fe6589e44e8055,26/06/2023 00:57:57,ESCANER
4887,"Guatemala",1,"Villa Canales",16,483,400,16,56,8,8,3,67,8,19,1,1,6,7,1,1,8,0,0,20,3,0,7,0,2,242,23,1,266,0,266,--,384,118,242,266,266,Algún campo sin dato,1,f2cafd2f3df0f16a6620bb8e6b3e0e7ddabbf53ad615ca694134404881d56270,25/06/2023 22:35:44,ESCANER
4888,"Guatemala",1,"Villa Canales",16,483,400,20,44,6,7,7,59,5,30,0,3,3,11,1,2,15,7,1,16,2,2,9,0,2,252,20,1,273,0,273,--,388,115,252,273,273,Algún campo sin dato,1,1a596c679de5f366b56164a73a9653e27002579f86df4cc98cff382eb705d1f7,26/06/2023 01:28:32,ESCANER
4889,"Guatemala",1,"Villa Canales",16,483,400,14,47,9,12,7,51,5,16,3,--,1,2,--,--,9,8,--,21,1,4,9,1,7,227,26,5,258,0,258,--,400,400,227,258,258,Algún campo sin dato,1,03b5bd14c61f5a2b23c0c4eb2c0d260f961e16f6f879efc940a2837b7bde3f48,26/06/2023 00:54:44,ESCANER
4890,"Guatemala",1,"Villa Canales",16,483,400,16,52,6,7,4,65,1,25,0,2,8,5,1,0,11,6,1,13,0,1,6,1,6,237,23,1,261,0,261,1,400,138,237,261,261,,1,ec30885e34dc03b5e5b807de5e323196e015f70868e37657a0ef97713fe84b33,26/06/2023 00:04:53,ESCANER
4891,"Guatemala",1,"Villa Canales",16,483,400,19,47,5,2,11,58,3,23,1,1,3,7,1,2,12,5,0,13,2,3,11,1,4,234,13,2,249,0,249,--,393,144,234,249,249,Algún campo sin dato,1,2079929888795dc697b74f07355a81567f39750ad124dae209158475b485b3c7,26/06/2023 01:19:19,ESCANER
4892,"Guatemala",1,"Villa Canales",16,483,400,13,33,7,11,7,64,9,28,0,1,3,5,0,1,15,6,0,20,0,2,4,2,5,236,18,3,257,0,257,--,396,139,236,257,257,Algún campo sin dato,1,ad53631193009ace7e91dd3bbe553e00c1152fd4cb25b0bc03b03cf95c71025a,26/06/2023 00:22:54,ESCANER
4893,"Guatemala",1,"Villa Canales",16,483,400,12,43,8,13,14,70,2,16,0,1,1,5,2,1,10,7,0,18,2,2,7,2,2,238,8,2,248,0,248,--,--,--,238,248,248,Algún campo sin dato,1,68e450f3b66e81e0295bc3a09ff1cf55361fc86547f394c539d00e9a4b528c74,26/06/2023 00:29:54,ESCANER
4894,"Guatemala",1,"Villa Canales",16,483,400,14,44,4,10,6,56,5,22,0,4,7,3,3,0,8,3,0,21,1,1,6,0,8,226,9,0,235,0,235,--,388,153,226,235,235,Algún campo sin dato,1,8b9610e6d531b4e5b52cc4c9aed79b5e854a1061e6570c59d37e35aab7d23bd1,26/06/2023 01:54:26,ESCANER
4895,"Guatemala",1,"Villa Canales",16,483,400,11,35,7,9,4,77,10,30,1,1,2,3,0,2,11,8,0,25,0,1,11,1,9,258,12,2,272,0,272,--,400,128,258,272,272,Algún campo sin dato,1,123a696bcfc5a95b6e0815bfd4afe8536d1102253f1210f8ebfc88bfb9ecdba5,25/06/2023 23:06:21,ESCANER
4896,"Guatemala",1,"Villa Canales",16,483,400,9,50,5,9,12,69,12,21,0,0,4,3,1,0,9,5,0,11,0,4,3,1,4,232,23,4,259,0,259,--,389,131,232,259,259,Algún campo sin dato,1,fa78e7029dc5880e66c01cac33505d6d8ee97eec8c911fa9af077adcf43bff1c,26/06/2023 01:03:03,ESCANER
4897,"Guatemala",1,"Villa Canales",16,483,400,13,40,13,5,10,64,6,28,2,0,4,7,4,0,12,3,0,21,2,2,9,2,5,252,18,0,270,0,270,--,--,--,252,270,270,Algún campo sin dato,1,3f13fd48b0bd4f842c0d36fb6ce75679d35b31b0e2390cf65d2c3a44ba0b1be2,26/06/2023 01:18:09,ESCANER
4898,"Guatemala",1,"Villa Canales",16,483,400,13,38,7,6,9,71,5,25,0,5,6,2,1,3,9,8,0,15,3,0,5,1,5,237,21,0,258,0,258,--,388,130,237,258,258,Algún campo sin dato,1,843075c2fa00f9a290e6b3ca8c06ab65f43a7110db575d6750368ca5f3e62bbf,26/06/2023 01:34:21,ESCANER
4899,"Guatemala",1,"Villa Canales",16,483,400,12,62,4,11,14,50,1,20,3,2,6,5,2,1,14,7,0,18,2,2,6,3,1,246,15,2,263,0,263,--,400,137,246,263,263,Algún campo sin dato,1,ad5807c411c4241ca529c4f139144816d8ebf11a184994e0a3c4b51985de4faf,26/06/2023 01:43:17,ESCANER
4900,"Guatemala",1,"Villa Canales",16,484,400,12,43,7,11,10,69,3,22,2,1,2,5,0,1,12,4,0,22,0,1,6,3,8,244,17,0,261,0,261,--,388,127,244,261,261,Algún campo sin dato,1,fda938acc2517a0d83f7b95eb212fd7311d78252afcbdf0ba2bf4a46d3369dcd,25/06/2023 22:47:25,ESCANER
4901,"Guatemala",1,"Villa Canales",16,484,400,25,52,2,4,6,55,5,23,1,0,3,4,3,0,11,3,0,22,2,0,11,3,8,243,11,0,254,0,254,--,400,146,243,254,254,Algún campo sin dato,1,199403c55470c5e4c4d895f4c535f4ed7bc50a5bf5a0ec4643d43d0240e503ee,26/06/2023 00:13:07,ESCANER
4902,"Guatemala",1,"Villa Canales",16,484,400,16,39,2,9,8,70,7,22,1,2,2,2,1,1,15,8,0,20,0,1,5,1,2,234,18,3,255,0,255,--,388,133,234,255,255,Algún campo sin dato,1,f75575939fec278e14bb77c40aa734e0bb187a887b2a2a43556bf2f5c46360d5,25/06/2023 22:15:43,ESCANER
4903,"Guatemala",1,"Villa Canales",16,484,400,14,40,6,9,7,68,4,24,0,1,3,3,1,2,6,11,0,14,2,4,6,2,5,232,11,3,246,0,246,--,400,154,232,246,246,Algún campo sin dato,1,9c2a0918a3aed8db4a932ed7b6e1fd3afaf64ba78f596a21167a5e842a579495,25/06/2023 23:22:43,ESCANER
4904,"Guatemala",1,"Villa Canales",16,484,400,14,39,2,8,10,65,4,17,1,0,1,6,1,1,13,3,0,10,0,4,9,2,3,213,13,5,231,0,231,--,400,169,213,231,231,Algún campo sin dato,1,ee1a375afc32cd9df0d0b05fb90dcea02efdaadbc2799097a247429d68f11388,26/06/2023 00:56:06,ESCANER
4905,"Guatemala",1,"Villa Canales",16,484,400,23,25,4,4,13,54,4,20,0,0,7,4,0,2,12,5,0,20,1,1,10,0,8,217,14,7,238,0,238,--,400,162,217,238,238,Algún campo sin dato,1,ad53e43122b2c5fd878ed30cd1a4f649352143e190c05e83bd338aa99709d667,26/06/2023 01:00:48,ESCANER
4906,"Guatemala",1,"Villa Canales",16,485,400,13,34,6,8,12,53,3,16,1,2,5,4,3,0,13,2,1,14,4,2,9,2,6,213,12,1,226,1,227,0,392,165,213,226,227,,1,7b3e835491a142fb32031c50d9dfe1bf46910345af17ca490e1c1557555ff8f9,26/06/2023 01:56:22,ESCANER
4907,"Guatemala",1,"Villa Canales",16,485,400,16,41,6,4,7,63,1,22,0,1,2,5,0,2,14,4,1,22,2,1,6,2,5,227,18,1,246,0,246,0,400,154,227,246,246,,1,dbcc65f941021ae9189813cef25df56857fe3444480a286ac7bb929b895a3e82,26/06/2023 02:30:42,ESCANER
4908,"Guatemala",1,"Villa Canales",16,485,400,15,37,10,5,11,67,4,15,1,1,2,0,0,0,18,1,1,34,0,0,5,1,10,238,8,0,246,0,246,--,399,153,238,246,246,Algún campo sin dato,1,1d181b2e54656ce7046b06066b40c5efa7c9a994fe6d17d530d260da9e2cb5f3,26/06/2023 01:37:49,ESCANER
4909,"Guatemala",1,"Villa Canales",16,485,400,9,33,3,6,5,50,7,25,0,0,1,6,0,0,13,5,2,53,2,0,5,3,18,246,7,0,253,0,253,--,400,147,246,253,253,Algún campo sin dato,1,6923566f5944b53a5a763caf12657b12094691717e627d9df5b915d034a0d3a0,26/06/2023 01:18:39,ESCANER
4910,"Guatemala",1,"Villa Canales",16,485,400,15,50,5,5,8,64,1,28,0,0,2,2,0,2,20,1,0,22,1,1,4,0,5,236,9,0,245,0,245,--,397,152,236,245,245,Algún campo sin dato,1,1c0c115da69536e4c16e385893e66428b255d7dd598ee44d00467cd785a81783,26/06/2023 01:05:04,ESCANER
4911,"Guatemala",1,"Villa Canales",16,485,400,17,41,4,7,8,55,2,14,0,0,1,2,0,1,13,3,0,35,0,1,4,1,3,212,7,0,219,0,219,--,387,168,212,219,219,Algún campo sin dato,1,9dbff27adc878e05ef83f1bf620f22ed3cc633db4a4b6c712dd6d2da1ea45e3b,26/06/2023 01:47:55,ESCANER
4912,"Guatemala",1,"Villa Canales",16,485,374,8,41,6,2,9,42,4,11,1,0,2,2,0,1,7,1,0,26,0,2,4,1,2,172,13,2,187,0,187,--,377,190,172,187,187,Algún campo sin dato,1,91cde3a3dddde81b6bb74d641b0460555bc3bc1f5f76fd30f69f679748c4b0c5,25/06/2023 22:44:29,ESCANER
4913,"Guatemala",1,"Villa Canales",16,485,373,10,24,1,3,3,39,1,20,0,1,4,1,0,1,12,3,0,39,0,3,3,1,3,172,7,0,179,0,179,--,373,194,172,179,179,Algún campo sin dato,1,1bb59c09634daeddcf246a7672d8874066a0ab3f32fb516e0f29940e0132bf47,26/06/2023 00:23:12,ESCANER
4914,"Guatemala",1,"Villa Canales",16,486,400,27,64,5,7,4,81,1,17,0,0,2,3,0,0,8,2,1,3,1,1,2,4,2,235,7,1,243,0,243,--,388,145,235,243,243,Algún campo sin dato,1,a8b386428af61151542ee4cd45a9f8eb35147bc70c750e2b5c554726821e13f1,25/06/2023 23:56:03,ESCANER
4915,"Guatemala",1,"Villa Canales",16,486,400,20,51,3,4,3,50,2,23,0,2,3,2,0,0,4,2,0,8,1,3,4,0,1,186,57,6,249,0,249,--,400,151,186,249,249,Algún campo sin dato,1,d36009f440343535cf9e151555e0b498e1229ff83fc824901857e5fd0af7443f,26/06/2023 01:25:07,ESCANER
4916,"Guatemala",1,"Villa Canales",16,486,400,30,60,5,2,4,85,0,14,1,3,3,4,1,1,4,2,0,5,2,0,9,1,1,237,12,1,250,0,250,--,388,138,237,250,250,Algún campo sin dato,1,554cf67065ba73a0a5b1d5d1f3bd0a6632fa4e48ea00eea5719ff9951e6d4107,26/06/2023 00:39:54,ESCANER
4917,"Guatemala",1,"Villa Canales",16,486,400,27,54,1,4,3,74,2,17,0,0,1,5,1,0,7,3,0,3,0,2,1,0,1,206,12,2,220,0,220,--,396,177,206,220,220,Algún campo sin dato,1,f736ec7c50215785ac0d843aa981eb97071df7a08298dd810e07c7201243399c,26/06/2023 01:24:05,ESCANER
4918,"Guatemala",1,"Villa Canales",16,486,400,32,53,7,5,7,84,0,21,1,0,3,6,1,1,5,2,0,5,0,1,0,2,1,237,23,1,261,0,261,--,139,--,237,261,261,Algún campo sin dato,1,c5a921349b2f003c4e509db3e41c09e21c34d7b7e1441a2f79f054db1e7f945b,26/06/2023 01:51:38,ESCANER
4919,"Guatemala",1,"Villa Canales",16,486,400,18,46,8,7,1,89,2,12,0,0,1,4,0,0,3,5,0,10,1,2,0,0,0,209,13,3,225,0,225,--,388,163,209,225,225,Algún campo sin dato,1,817dbe61838a4be88b0120802a0b7ca03a46d60ab0d3bea7bde0b78066e62559,26/06/2023 01:19:20,ESCANER
4920,"Guatemala",1,"Villa Canales",16,486,400,36,40,5,5,2,85,0,8,0,2,0,1,0,0,3,0,0,4,0,1,2,2,1,197,16,7,220,0,220,--,400,180,197,220,220,Algún campo sin dato,1,5db0d576c979b04fe52461fe1fb04eabd846c146e0d944476e76d505c9f34ee2,26/06/2023 00:28:10,ESCANER
4921,"Guatemala",1,"Villa Canales",16,486,400,34,35,4,1,4,69,2,20,0,0,1,0,2,0,2,2,0,8,2,4,0,0,2,192,10,1,203,0,203,--,400,197,192,203,203,Algún campo sin dato,1,544d21695c778db493ee427d7b969cda71820ffbec8fa2ff34b38a8c2a74c6fb,26/06/2023 00:06:38,ESCANER
4922,"Guatemala",1,"Villa Canales",16,486,249,14,39,2,6,1,31,1,15,0,1,0,2,0,0,4,3,0,4,0,0,1,0,1,125,2,0,127,0,127,--,249,122,125,127,127,Algún campo sin dato,1,911a2764e501682ce9238d8554ffe657d342529a82d363baa13409c2b217fad0,25/06/2023 22:11:54,ESCANER
4923,"Guatemala",1,"Villa Canales",16,486,248,21,20,4,5,3,39,2,8,0,1,0,0,1,0,2,0,0,8,1,0,2,0,0,117,2,2,121,0,121,--,248,127,117,121,121,Algún campo sin dato,1,8670cd6c19088fb307d5cc95c7e69b10ea44981b1ce49f4dd66cd1e6ef0a3e85,25/06/2023 22:27:48,ESCANER
4924,"Guatemala",1,"Villa Canales",16,487,400,8,69,13,9,2,68,2,15,0,1,3,3,1,0,12,8,2,7,0,4,5,1,0,233,14,3,250,0,250,--,388,138,233,250,250,Algún campo sin dato,1,e7fc1a580558386fa11625379a0dceca6bcbd79f990cd9c8dffb234d5a5e09cf,26/06/2023 01:41:59,ESCANER
4925,"Guatemala",1,"Villa Canales",16,487,256,7,39,8,4,2,38,1,14,0,0,2,2,0,0,2,10,0,8,1,2,2,0,2,144,9,1,154,102,256,--,256,102,144,154,256,Algún campo sin dato,1,c51f1402c1843065566164f0265601a126b74c87a44392950956402d36e31a0c,25/06/2023 23:05:47,ESCANER
4926,"Guatemala",1,"Villa Canales",16,487,255,5,37,2,6,6,30,3,5,0,0,1,0,0,0,4,11,0,9,1,0,0,2,3,125,8,0,133,0,133,--,255,122,125,133,133,Algún campo sin dato,1,b30e6e6dd5613817278ecb2b02055bed112bc270c8c2dd0b8ac5247b815b9211,25/06/2023 23:30:22,ESCANER
4927,"Guatemala",1,"Villa Canales",16,488,400,4,34,6,5,9,123,7,12,1,1,6,0,0,1,9,2,1,11,4,2,4,0,4,246,13,5,264,0,264,--,400,136,246,264,264,Algún campo sin dato,1,c41b32fc5ffcedc169d7fab68b624b50c0be5b23d59e5241f89ae80fde8809fc,26/06/2023 02:33:11,ESCANER
4928,"Guatemala",1,"Villa Canales",16,488,400,3,47,2,2,12,99,7,11,2,2,8,3,0,0,6,1,0,6,3,0,6,1,2,223,18,2,243,2,245,--,372,127,223,243,245,Algún campo sin dato,1,660dc66818185c48da42cc287776ddf4f959406a1567a9ce5b1df01c98b87051,26/06/2023 02:26:20,ESCANER
4929,"Guatemala",1,"Villa Canales",16,488,400,6,42,0,1,9,106,6,6,0,0,8,6,1,1,6,1,1,11,4,2,9,0,2,228,19,0,247,0,247,--,400,153,228,247,247,Algún campo sin dato,1,c597a99ce998b8d6249d3489ba72100e97d9de861aaa4b08b43cf76988785c40,26/06/2023 03:02:56,ESCANER
4930,"Guatemala",1,"Villa Canales",16,488,400,5,36,1,1,7,109,7,9,0,2,6,6,1,0,7,0,0,7,4,1,5,0,0,214,9,2,225,0,225,--,400,175,214,225,225,Algún campo sin dato,1,174e784687fbd042b010f9dbb197c78e34e84ba6d954ecea7370f73e6a7d2611,26/06/2023 01:00:34,ESCANER
4931,"Guatemala",1,"Villa Canales",16,488,400,5,34,4,2,10,98,8,11,0,7,4,8,0,1,5,2,0,13,3,2,8,0,1,226,17,3,246,0,246,--,400,154,226,246,246,Algún campo sin dato,1,7d1c1d1590740b0e45432260daba02a159de6e92ffcde38e5de68ec1d32dfafb,26/06/2023 01:18:56,ESCANER
4932,"Guatemala",1,"Villa Canales",16,488,400,,,,,,,,,,,,,,,,,,,,,,,,,,,,,,,,,,,,,0,,,
4933,"Guatemala",1,"Villa Canales",16,488,400,7,31,2,0,6,142,4,12,0,2,3,2,0,0,3,2,0,3,3,2,8,0,0,232,6,4,242,12,254,--,400,140,232,242,254,Algún campo sin dato,1,1a1974683a165ed8b103ee7b8f029717b92cec64d3fa689936be65252e4cdfbd,26/06/2023 02:44:04,ESCANER
4934,"Guatemala",1,"Villa Canales",16,488,400,3,34,1,4,11,125,2,8,0,0,8,0,0,0,2,2,0,8,2,2,2,0,0,214,8,4,226,0,226,--,389,163,214,226,226,Algún campo sin dato,1,e460a742412048afeff770cc6d49bfa4b8be40b4bc10fb3f5800ff77441ad392,26/06/2023 01:30:48,ESCANER
4935,"Guatemala",1,"Villa Canales",16,488,369,3,44,2,1,16,78,6,8,0,1,5,3,0,0,5,0,0,18,0,3,1,0,4,198,9,0,207,0,207,--,370,163,198,207,207,Algún campo sin dato,1,2471bd39e76a4633eb88731986d2eea8cade254eba4c5777c077f8f7c45bc0d4,26/06/2023 01:10:49,ESCANER
4936,"Guatemala",1,"Villa Canales",16,488,369,3,29,0,0,14,83,5,14,0,0,3,1,2,0,3,0,0,13,2,1,4,0,2,179,5,2,186,0,186,--,361,183,179,186,186,Algún campo sin dato,1,f59c89bb8b50c8dc65e894f868bfd8d733899301bdfab3da43bd19aad9ac5aab,26/06/2023 02:18:42,ESCANER
4937,"Guatemala",1,"Villa Canales",16,489,400,39,65,7,0,12,47,6,6,0,2,3,4,0,0,1,4,1,9,0,1,14,2,0,223,18,6,247,0,247,--,400,153,223,247,247,Algún campo sin dato,1,757a649c9469f3350fe5d5c8d09166339598a38ba123e89184f4a50b4ffe39c0,26/06/2023 00:02:53,ESCANER
4938,"Guatemala",1,"Villa Canales",16,489,400,41,56,12,4,8,53,5,11,1,2,4,7,1,1,1,6,1,12,3,1,15,2,1,248,19,2,269,0,269,--,397,128,248,269,269,Algún campo sin dato,1,fbab45bd6f74b75ddf788ddbf0b012fe88a5ae766e96bfa7b3246217c69d79b5,26/06/2023 01:13:41,ESCANER
4939,"Guatemala",1,"Villa Canales",16,489,400,36,72,3,4,7,35,1,13,0,2,4,1,0,0,3,4,0,6,4,1,22,1,1,220,25,4,249,1,250,1,403,153,220,249,250,,1,852a17bde0decca8acaea5e4018f1c1a1659a8ea58c5c797d9ad8b36a4bbc73e,25/06/2023 23:09:51,ESCANER
4940,"Guatemala",1,"Villa Canales",16,489,400,32,50,4,2,0,36,2,11,0,1,2,6,1,2,2,0,0,5,3,26,1,1,1,188,70,10,268,0,268,--,379,111,188,268,268,Algún campo sin dato,1,d6c0cd1a500eb162a02a81b9a3e769cbb8e113b02580189fcbf61a9953f6bed5,26/06/2023 02:12:31,ESCANER
4941,"Guatemala",1,"Villa Canales",16,489,400,31,57,6,4,4,44,3,11,1,5,4,3,0,2,1,5,0,7,2,0,15,1,1,207,26,2,235,0,235,--,400,165,207,235,235,Algún campo sin dato,1,d8130928dc186cd05b781dfb88eb8560672046ac694922dcb0720e8c3055d042,26/06/2023 00:27:10,ESCANER
4942,"Guatemala",1,"Villa Canales",16,489,400,31,64,6,5,4,40,3,5,0,0,3,2,1,1,1,5,0,8,2,4,16,0,0,201,16,2,219,0,219,--,388,169,201,219,219,Algún campo sin dato,1,8ba1be0002cc0dbd7f818f9d11eaefdfc4e70decce6b6ccc4b78560d03571490,25/06/2023 23:13:21,ESCANER
4943,"Guatemala",1,"Villa Canales",16,489,400,22,71,6,8,7,38,3,11,0,3,1,5,1,1,4,3,1,1,6,2,14,3,0,211,16,5,232,0,232,--,400,168,211,232,232,Algún campo sin dato,1,9c496371436ad98974eaef4c2df970d431fc3fcc3dbdd8ab44d9bb6253f12022,25/06/2023 23:25:46,ESCANER
4944,"Guatemala",1,"Villa Canales",16,489,400,28,72,7,2,9,40,2,10,0,6,1,4,1,0,7,6,1,7,4,1,13,2,0,223,13,1,237,0,237,--,392,155,223,237,237,Algún campo sin dato,1,30cfa0c450a5319825f2a4b88cc42e9a5d066f576f80ef7ce299fc9e8b8a0802,26/06/2023 00:18:00,ESCANER
4945,"Guatemala",1,"Villa Canales",16,489,400,24,65,10,4,10,45,3,12,0,0,1,8,0,1,5,4,0,10,1,2,31,0,1,237,22,3,262,0,262,--,400,138,237,262,262,Algún campo sin dato,1,2ad0faf76f6da4890e3eb41353938b1de1b53c68d05ebfa9f2e935de550ac075,25/06/2023 23:50:59,ESCANER
4946,"Guatemala",1,"Villa Canales",16,489,400,38,58,4,2,6,44,4,8,0,1,3,3,1,1,5,6,0,1,3,2,14,3,3,210,6,4,220,9,229,--,392,163,210,220,229,Algún campo sin dato,1,9118f81281909e50d66643098c5e1e97ae98fd94de4c343dcd2fd5666b1d1f46,26/06/2023 01:01:22,ESCANER
4947,"Guatemala",1,"Villa Canales",16,490,400,15,59,3,1,9,50,3,6,1,1,2,4,1,2,1,5,0,4,0,1,11,2,1,182,18,6,206,0,206,1,396,190,182,206,206,,1,e09143cd4d15d6e7dfceff7e1549724a005a4fb15dee5881ec586c034aa6794a,26/06/2023 01:19:06,ESCANER
4948,"Guatemala",1,"Villa Canales",16,490,400,33,54,4,3,8,47,4,7,1,1,2,3,2,1,3,8,1,8,1,1,14,2,0,208,13,5,226,0,226,--,392,166,208,226,226,Algún campo sin dato,1,0b08229da43aa6a9c1d0fe57e3c41d5b7f1e04b6458e06efc250b23d8475f61d,26/06/2023 01:41:19,ESCANER
4949,"Guatemala",1,"Villa Canales",16,490,400,24,78,4,4,9,51,1,6,0,3,2,2,0,0,5,2,0,12,1,2,9,0,4,219,9,2,230,0,230,--,378,148,219,230,230,Algún campo sin dato,1,4d6399b61fc5bcabedcbe6cf348d69c70de617cf91d0d51a1927df39a1f3cd2e,26/06/2023 01:01:42,ESCANER
4950,"Guatemala",1,"Villa Canales",16,490,400,21,79,8,2,14,39,2,3,0,0,0,7,0,0,3,7,0,16,5,0,16,0,1,223,6,1,230,0,230,--,388,158,223,230,230,Algún campo sin dato,1,de09077ce987fb92fb66b5e99399019f2a23a84650499ab696c9e40cd0421191,26/06/2023 00:33:32,ESCANER
4951,"Guatemala",1,"Villa Canales",16,490,211,18,28,2,2,2,21,0,3,0,2,1,2,0,0,1,2,0,3,3,0,11,0,0,101,1,0,102,0,102,--,210,108,101,102,102,Algún campo sin dato,1,f222dc06dbf608a03932e32e88c060b50e2acc12a8ecb2fe6eae0a9b66443d3a,26/06/2023 01:26:07,ESCANER
4952,"Guatemala",1,"Villa Canales",16,490,211,10,20,1,0,2,18,1,4,0,1,0,3,0,0,5,4,0,6,1,0,2,0,2,80,4,1,85,0,85,1,211,125,80,85,85,,1,ddb277aeef25a38c9036a333b2d5f24828901bc1f89123cab538e6504d371bbc,25/06/2023 22:08:01,ESCANER
4953,"Guatemala",1,"Villa Canales",16,491,400,29,82,9,6,17,69,2,11,1,0,4,8,0,0,4,4,0,7,2,2,5,1,1,264,19,2,285,0,285,--,388,103,264,285,285,Algún campo sin dato,1,5cffe06c070ef99c52cbdcd956aaa7bcf6d8274302cf58e733ea750724193b50,26/06/2023 02:33:58,ESCANER
4954,"Guatemala",1,"Villa Canales",16,491,400,40,66,19,5,13,62,1,18,2,2,4,11,2,0,4,2,0,6,4,2,12,4,1,280,17,0,297,0,297,--,400,103,280,297,297,Algún campo sin dato,1,aaaf5e45449af85acf87bd9349bf71f5cb6a10d26a4df24f08c514c99454d91c,26/06/2023 02:35:30,ESCANER
4955,"Guatemala",1,"Villa Canales",16,491,400,24,66,10,3,19,69,3,8,2,1,4,7,0,0,3,5,2,2,3,1,6,1,3,242,18,2,262,0,262,0,400,138,242,262,262,,1,76ec754575fcbcc09e85bc5fb4c9b240a10210cb5e8d1889617b3203782224fc,26/06/2023 02:03:47,ESCANER
4956,"Guatemala",1,"Villa Canales",16,491,400,21,62,13,2,10,66,3,16,1,0,1,4,1,0,4,0,0,4,3,5,8,1,1,226,17,3,246,0,246,--,400,154,226,246,246,Algún campo sin dato,1,4f0e622dcb0687d95081ad06480805596a81cd730a249cffda1d82da6d89e01d,26/06/2023 02:41:11,ESCANER
4957,"Guatemala",1,"Villa Canales",16,492,400,27,56,16,4,17,68,1,13,0,0,3,5,1,0,2,2,0,8,0,0,5,0,1,229,25,4,258,0,258,--,400,142,229,258,258,Algún campo sin dato,1,953c7a9ab92be5c14e859c2da0a3436add04c7a6e2d320f2fbb17c9396f3f1f5,25/06/2023 23:31:18,ESCANER
4958,"Guatemala",1,"Villa Canales",16,492,400,35,62,8,2,3,70,1,14,0,1,2,11,1,1,6,0,0,8,3,1,6,2,0,237,18,0,255,0,255,--,392,137,237,255,255,Algún campo sin dato,1,ba2f0ffa9c8c7d1c68cad9893c17bcd5d0bead228136f0b82d112cb39a02f420,26/06/2023 01:23:43,ESCANER
4959,"Guatemala",1,"Villa Canales",16,492,400,44,60,5,3,14,79,5,11,0,1,2,2,0,0,4,1,0,6,1,0,7,0,1,246,10,3,259,1,260,--,395,135,246,259,260,Algún campo sin dato,1,bdcfa405e278461011e3317516c14cba3c4b4b5fe288fc258fa7088135784ae4,26/06/2023 01:34:51,ESCANER
4960,"Guatemala",1,"Villa Canales",16,492,400,33,46,9,6,14,77,3,9,0,0,2,4,0,0,4,1,0,8,1,2,8,0,2,229,15,2,246,0,246,--,399,153,229,246,246,Algún campo sin dato,1,5042eac481770f1fc6008e5011f8823bb3feadc7d5626de635a6ccaa8e795468,26/06/2023 00:44:58,ESCANER
4961,"Guatemala",1,"Villa Canales",16,492,400,32,67,6,2,21,62,1,11,0,2,1,1,1,0,3,0,1,13,2,2,7,0,1,236,6,3,245,0,245,--,400,155,236,245,245,Algún campo sin dato,1,4b8364898403c60b89142640768cf0f4b8a64d26d577b30f1860d2fa42a14b0a,26/06/2023 01:06:36,ESCANER
4962,"Guatemala",1,"Villa Canales",16,492,340,16,51,8,2,10,45,4,11,0,0,0,2,0,0,6,0,1,13,2,0,5,0,0,176,7,2,185,0,185,--,340,155,176,185,185,Algún campo sin dato,1,93d220e74928c976071665f45c5eff6c9c2377746ff95b85958021a03a11b63a,26/06/2023 00:30:24,ESCANER
4963,"Guatemala",1,"Villa Canales",16,492,339,12,25,5,1,4,49,3,9,0,0,0,3,2,1,2,1,0,14,0,1,2,0,1,135,10,1,146,0,146,--,343,197,135,146,146,Algún campo sin dato,1,3cb8e214b0fdfa6bd661fb0de59e745c26972152ad83f75b7f8601b1a0b69638,25/06/2023 23:53:51,ESCANER
4964,"Guatemala",1,"Villa Canales",16,493,380,,,,,,,,,,,,,,,,,,,,,,,,,,,,,,,,,,,,,0,,,
4965,"Guatemala",1,"Villa Canales",16,493,380,7,86,16,4,9,35,7,5,3,5,7,7,0,7,13,0,0,13,1,2,3,1,2,233,20,0,253,0,253,--,368,115,233,253,253,Algún campo sin dato,1,9c73fdbf4575a93bc7dbe25a54b031037952a4817415d4aa355da82a7602a409,25/06/2023 23:54:38,ESCANER
4966,"Guatemala",1,"Villa Canales",16,493,380,4,65,20,0,8,31,7,9,4,8,7,4,0,1,17,2,2,16,1,7,4,3,1,221,24,2,247,0,247,--,380,133,221,247,247,Algún campo sin dato,1,00d075c0d937b599c23c8fb94345015cc75954dadb2dcce09670318873934dfa,26/06/2023 00:52:00,ESCANER
4967,"Guatemala",1,"Villa Canales",16,493,380,6,68,23,3,16,27,9,9,4,2,7,3,1,7,13,0,1,18,1,4,1,1,1,225,12,0,237,4,241,--,378,137,225,237,241,Algún campo sin dato,1,80b1492c6636f86fbcdfb3db4c1aa97e77fbc21d67b6f14744b3960733919ab9,26/06/2023 02:10:00,ESCANER
4968,"Guatemala",1,"Villa Canales",16,493,380,12,85,21,2,11,33,3,11,3,5,9,13,1,2,19,3,3,11,2,6,1,3,1,260,19,2,281,0,281,--,380,99,260,281,281,Algún campo sin dato,1,0a51cb7dd843a27cc51560d709812b10b56f0e29dca9d4e68ebcf86e008d3b2b,26/06/2023 02:16:30,ESCANER
4969,"Guatemala",1,"Villa Canales",16,493,380,10,86,10,2,13,38,10,9,7,7,5,6,0,5,11,1,0,17,1,3,3,2,1,247,19,3,269,0,269,--,372,103,247,269,269,Algún campo sin dato,1,f516af172d4b118370cf209d8384fc4ef337d1e22723209d2a8098ceb1ffa4d2,26/06/2023 02:27:45,ESCANER
4970,"Guatemala",1,"Villa Canales",16,493,380,7,93,12,0,19,27,4,13,5,5,4,1,2,3,16,1,1,15,2,5,3,2,2,242,20,2,264,0,264,--,372,108,242,264,264,Algún campo sin dato,1,1de30760257f81441241bb479a9b0c316a0bf22d57a7467b0f5932aea1b36596,26/06/2023 01:29:13,ESCANER
4971,"Guatemala",1,"Villa Canales",16,493,380,4,75,23,3,16,33,10,10,4,7,5,7,1,7,12,4,0,19,2,3,3,0,1,249,11,0,260,0,260,--,366,106,249,260,260,Algún campo sin dato,1,4eb0691fea8dcf8192213ed3753ebef963788eddb01d3e5df21c73b3a2f67e36,26/06/2023 02:04:25,ESCANER
4972,"Guatemala",1,"Villa Canales",16,493,380,8,81,17,1,12,35,5,7,1,4,6,6,0,2,20,4,1,19,1,8,6,1,1,246,14,3,263,0,263,--,376,113,246,263,263,Algún campo sin dato,1,18124f1f284eb7834e0c30bae5186b3beab913c74d99e05b29c80245d162bfca,26/06/2023 02:12:02,ESCANER
4973,"Guatemala",1,"Villa Canales",16,493,380,7,81,11,3,21,31,2,11,2,9,3,5,1,6,17,0,1,22,1,5,1,0,0,240,17,3,260,0,260,--,369,109,240,260,260,Algún campo sin dato,1,de6f2864835eafabbe203d29532997caaa000caf0656138b837c4444e236241a,26/06/2023 02:18:54,ESCANER
4974,"Guatemala",1,"Villa Canales",16,493,380,8,84,24,1,16,32,8,11,6,3,8,3,0,4,13,3,0,15,1,5,2,0,1,248,15,3,266,0,266,--,372,106,248,266,266,Algún campo sin dato,1,1697f599376878c9e40d225e374abdb70b1a56d506e5d37cc5cf17f3f4c9b699,26/06/2023 01:38:45,ESCANER
4975,"Guatemala",1,"Villa Canales",16,493,380,6,93,17,0,19,23,8,12,1,5,4,4,1,8,9,3,0,21,3,9,5,1,0,252,17,1,270,0,270,--,372,102,252,270,270,Algún campo sin dato,1,7400d1be0e1f055f36a40f47c42a1f6a9663e605504e5b7d39f9f87f3e7fa6e2,26/06/2023 00:58:48,ESCANER
4976,"Guatemala",1,"Villa Canales",16,493,380,7,96,18,3,13,34,4,8,1,3,5,6,1,4,13,1,1,16,2,13,1,1,2,253,15,0,268,0,268,--,362,94,253,268,268,Algún campo sin dato,1,3a407860ac07091b2eb13c19e2cdc5a809aee6d601e28da726caea4efed0ba7a,26/06/2023 01:13:07,ESCANER
4977,"Guatemala",1,"Villa Canales",16,493,380,4,76,11,1,20,34,10,7,3,3,1,5,1,7,14,1,0,18,1,6,1,4,0,228,28,4,260,0,260,--,365,105,228,260,260,Algún campo sin dato,1,2d54ea2440fdce6eafee14ccc42d56ec41c5f33b14bc9642a8d58be74960f709,26/06/2023 01:07:20,ESCANER
4978,"Guatemala",1,"Villa Canales",16,493,380,8,75,17,2,16,38,7,9,6,8,8,3,3,3,14,0,1,19,2,5,0,3,1,248,14,1,263,0,263,--,372,109,248,263,263,Algún campo sin dato,1,7337a77ce7e492ce8cdfdcdcccb997c09213a04c8b4ec5c82c5578c561b9c7f6,26/06/2023 02:23:18,ESCANER
4979,"Guatemala",1,"Villa Canales",16,493,380,5,75,14,2,12,20,9,9,4,6,4,2,2,5,25,0,0,19,1,4,0,1,2,221,24,2,247,0,247,--,369,122,221,247,247,Algún campo sin dato,1,82f34d387cbbe2cc3506ad0b4631270e3791bc07fa13a023fa36a9aa6ddba26b,26/06/2023 01:45:59,ESCANER
4980,"Guatemala",1,"Villa Canales",16,494,380,4,62,16,1,19,34,12,7,5,9,5,1,0,3,12,2,0,15,2,6,5,3,0,223,18,3,244,0,244,--,368,124,223,244,244,Algún campo sin dato,1,f2b198c4a10f5cc0840c2703537b33f39fb5a02a23e53bec82ae14b7f5b78fb7,26/06/2023 00:39:49,ESCANER
4981,"Guatemala",1,"Villa Canales",16,494,380,1,72,16,0,12,34,7,6,3,1,7,2,1,6,22,0,0,32,2,2,1,2,2,231,6,0,237,0,237,--,368,131,231,237,237,Algún campo sin dato,1,8ceff569fa05466907a37f547fd60b3718aaf572d28e826ef54ff3a0156e428b,25/06/2023 23:40:35,ESCANER
4982,"Guatemala",1,"Villa Canales",16,494,380,3,72,18,1,15,17,3,2,2,5,0,3,0,4,15,0,0,53,2,5,4,1,0,225,10,0,235,0,235,--,380,145,225,235,235,Algún campo sin dato,1,4b88d1763e463c0738b3c944e1e5db5acad8d4b1500f4db36cc97072cd716f52,26/06/2023 00:14:31,ESCANER
4983,"Guatemala",1,"Villa Canales",16,494,380,4,59,10,0,14,25,6,7,3,5,6,2,1,3,15,2,1,42,2,4,0,2,0,213,6,0,219,0,219,--,380,161,213,219,219,Algún campo sin dato,1,1cd4e02e6a25aa43bf1e50ee4ff72876d63997071d9be2fdcf7c664b168d2e1c,25/06/2023 23:14:01,ESCANER
4984,"Guatemala",1,"Villa Canales",16,494,380,6,75,17,1,8,17,8,15,3,3,2,3,1,2,21,1,1,25,1,5,1,0,0,216,14,0,230,0,230,--,365,135,216,230,230,Algún campo sin dato,1,df3ddc7c6548b20314785c738edf79fbcc814d0a193bd2230cd3a46b8c71ece8,26/06/2023 00:30:12,ESCANER
4985,"Guatemala",1,"Villa Canales",16,494,380,5,83,14,0,22,19,2,14,2,2,3,3,2,5,17,0,0,17,0,3,2,1,2,218,10,1,229,0,229,--,368,139,218,229,229,Algún campo sin dato,1,e7a880e639726a5b7dbd3e0f0be38eddfcbe11a137d8b0519350d0a64d4b10d6,26/06/2023 00:04:36,ESCANER
4986,"Guatemala",1,"Villa Canales",16,494,380,5,72,14,1,10,26,5,6,5,8,9,5,3,3,13,1,0,9,3,6,1,1,1,207,17,1,225,0,225,--,372,147,207,225,225,Algún campo sin dato,1,36bf76dbadd64e3d3399cb0f86f748b3c09268756cc90b2f8a52724c559b9066,26/06/2023 01:16:42,ESCANER
4987,"Guatemala",1,"Villa Canales",16,494,380,9,81,21,1,13,0,4,13,1,2,2,1,0,4,18,3,0,17,3,22,2,3,1,221,15,0,236,0,236,--,376,140,221,236,236,Algún campo sin dato,1,936ad294d91eeaaaefbb51b6e265c340904b4aa9cc6ee1fa7079f38ab67a0219,25/06/2023 23:57:28,ESCANER
4988,"Guatemala",1,"Villa Canales",16,494,380,8,84,7,1,9,24,8,14,2,3,4,4,2,5,16,1,0,16,3,7,4,0,0,222,16,3,241,0,241,--,372,131,222,241,241,Algún campo sin dato,1,0675f1fef5806608d45e12fdf34840e5ce7d9d5f765bdc19b4f804b8b3e129a6,26/06/2023 00:49:57,ESCANER
4989,"Guatemala",1,"Villa Canales",16,494,380,5,74,11,2,12,17,9,11,2,6,10,3,1,6,11,3,1,13,1,6,7,1,0,212,18,2,232,0,232,--,369,137,212,232,232,Algún campo sin dato,1,b82be2534e0c473a035e35eae0b5b3b51b251a08c87ffa349f5e5a538cd46028,26/06/2023 00:51:27,ESCANER
4990,"Guatemala",1,"Villa Canales",16,495,380,7,81,10,0,16,39,6,5,9,5,2,1,2,5,19,0,3,9,4,6,2,2,2,243,14,1,258,0,258,--,--,--,235,250,250,Sumas Asentadas sin cuadrar,1,460a1544e51c32f7bccb0f3ac9d936ff3e883b7da3707d49c260a41745797862,26/06/2023 02:01:16,ESCANER
4991,"Guatemala",1,"Villa Canales",16,495,380,10,74,14,2,20,27,4,8,4,3,1,2,2,5,17,0,1,15,0,7,1,2,1,220,13,3,236,0,236,--,372,133,220,236,236,Algún campo sin dato,1,d7a4bbced72a732de12f08689b213c13a610ce535ea4b095de15dced3a753b98,26/06/2023 02:03:18,ESCANER
4992,"Guatemala",1,"Villa Canales",16,495,380,3,67,23,1,19,29,5,9,3,5,6,1,0,5,21,2,0,19,1,9,3,1,0,232,16,3,251,0,251,--,380,129,232,251,251,Algún campo sin dato,1,221c22cf7bc559e66fd5a3b8289409fa253d8b299f6750356937e37abe3a1d41,26/06/2023 02:08:10,ESCANER
4993,"Guatemala",1,"Villa Canales",16,495,380,,,,,,,,,,,,,,,,,,,,,,,,,,,,,,,,,,,,,0,,,
4994,"Guatemala",1,"Villa Canales",16,495,380,8,74,16,1,10,26,7,7,4,3,8,5,3,5,16,1,0,19,2,3,2,2,1,223,23,2,248,25,248,--,374,126,223,248,273,Sumas Asentadas sin cuadrar,1,408883f1c3b1591ec03c09c62733b2f88a4865c2066d9436f49bd493efbfbf63,26/06/2023 02:18:23,ESCANER
4995,"Guatemala",1,"Villa Canales",16,495,380,5,85,17,0,16,17,8,10,4,5,3,4,1,9,21,0,0,24,5,5,0,3,1,243,9,2,254,0,254,--,372,118,243,254,254,Algún campo sin dato,1,58d30e0dcd1e2a7c5337c1cd85737dc57c43d8c52b1bd6e904515e33e301007f,26/06/2023 02:26:27,ESCANER
4996,"Guatemala",1,"Villa Canales",16,495,380,4,80,14,0,10,41,9,11,2,4,8,3,1,3,17,10,1,18,1,0,0,1,0,238,18,0,256,0,256,--,368,112,238,256,256,Algún campo sin dato,1,892bf13e513e659d1632f2ef0b252d750535472b1c3819194850f43e578a8c3c,26/06/2023 02:50:56,ESCANER
4997,"Guatemala",1,"Villa Canales",16,495,380,,,,,,,,,,,,,,,,,,,,,,,,,,,,,,,,,,,,,0,,,
4998,"Guatemala",1,"Villa Canales",16,495,380,6,75,15,0,20,22,6,8,9,6,3,2,0,3,26,2,2,16,0,5,2,3,4,235,13,4,252,0,252,--,372,117,235,252,252,Algún campo sin dato,1,37464a7061926a7be5f9f8086787250f73aedcd897332e9f88f0a015c171ab86,26/06/2023 01:17:49,ESCANER
4999,"Guatemala",1,"Villa Canales",16,495,380,4,75,15,1,18,26,10,6,3,6,9,5,1,4,19,1,1,20,1,1,3,0,0,219,17,2,236,0,236,--,380,144,229,248,248,Sumas Asentadas sin cuadrar,1,6927bbc89bc1ff680fbd0c163d2277877fea03c98992963fd8ba6cd30c1a30d7,26/06/2023 01:51:36,ESCANER
5000,"Guatemala",1,"Villa Canales",16,495,380,4,84,21,1,15,29,8,10,4,4,3,5,2,8,12,0,1,20,0,4,5,0,1,241,16,1,258,0,258,--,380,122,241,258,258,Algún campo sin dato,1,c57a9cf896546a774845aa69fc5ee7574acc2ae23c16ec5b62c5638717ed2eec,26/06/2023 00:13:06,ESCANER
5001,"Guatemala",1,"Villa Canales",16,495,380,5,79,11,2,15,40,5,9,3,3,3,2,0,2,12,0,0,13,3,11,4,0,2,224,19,2,245,0,245,--,368,123,224,245,245,Algún campo sin dato,1,b813c70a1eff8310b1be066aa171ec8086c98db07861fd92b9efa46c92c522b0,25/06/2023 23:18:42,ESCANER
5002,"Guatemala",1,"Villa Canales",16,495,380,10,85,15,2,13,33,5,8,2,2,4,3,1,4,11,0,0,19,0,6,2,1,0,226,17,2,245,0,245,--,369,127,226,245,245,Algún campo sin dato,1,b28c9cf695f250466404ac4c320698804b025693e93f7e5015ad5aa23b1b7dbd,25/06/2023 23:51:38,ESCANER
5003,"Guatemala",1,"Villa Canales",16,495,380,6,76,18,0,18,22,8,6,4,5,6,5,2,5,14,1,0,24,1,7,2,1,0,231,13,5,249,1,250,--,380,130,231,249,250,Algún campo sin dato,1,0f6f5a241d280f3c6f865d366e524579067712cb37bc35ad7ad1e30cc110b16a,26/06/2023 00:27:12,ESCANER
5004,"Guatemala",1,"Villa Canales",16,495,380,10,75,21,2,18,29,3,8,3,3,1,2,0,3,14,0,1,17,0,4,1,1,2,218,18,4,240,0,240,--,378,125,218,240,240,Algún campo sin dato,1,e58d52bfd3b2e6104708b7905457b09ccb9514196c7c239926d079d7c5961e3e,26/06/2023 00:41:23,ESCANER
5005,"Guatemala",1,"Villa Canales",16,496,380,4,83,18,1,21,24,7,9,1,3,3,4,1,5,14,2,1,14,1,5,3,0,1,225,14,2,241,0,241,--,368,127,225,241,241,Algún campo sin dato,1,19b0c4941ce7bdd1d988b422aa007d328f6ba1f1f1752b519a9a3270ca52bfbf,26/06/2023 00:05:49,ESCANER
5006,"Guatemala",1,"Villa Canales",16,496,380,5,85,18,2,16,32,5,6,1,2,6,3,2,2,21,3,0,13,1,4,2,3,3,235,11,3,249,0,249,--,368,119,235,249,249,Algún campo sin dato,1,aea0119fec9d8e2ae9ba142e94a3742a2245f0b6ce0611dc16811d551a22d310,26/06/2023 00:01:20,ESCANER
5007,"Guatemala",1,"Villa Canales",16,496,380,5,86,14,0,7,33,7,8,3,2,7,2,1,7,10,0,1,9,2,6,3,0,2,215,18,0,233,0,233,--,371,138,215,233,233,Algún campo sin dato,1,0a8629b72b4a401fc4bdf4481dff7e75747e28122e69b9ca90ad9dde22679705,25/06/2023 23:27:58,ESCANER
5008,"Guatemala",1,"Villa Canales",16,496,380,5,83,24,1,11,27,13,7,2,9,4,1,0,3,7,0,0,20,2,8,6,1,3,237,9,0,246,0,246,--,368,122,237,246,246,Algún campo sin dato,1,7f3c92d5a30c81ebe1d13721d2dbe4f8aee0e11fb5eeb9d567da399e020da3b0,25/06/2023 23:29:37,ESCANER
5009,"Guatemala",1,"Villa Canales",16,496,380,16,71,20,0,15,29,5,8,3,2,4,3,1,1,9,1,2,10,1,1,3,1,0,206,18,3,227,0,227,--,371,144,206,227,227,Algún campo sin dato,1,9925a1c8dadbd919eb9b4672fefb9855506152bb36ab485ec3182a6a098e56ab,26/06/2023 00:59:25,ESCANER
5010,"Guatemala",1,"Villa Canales",16,496,380,9,56,16,0,14,38,5,8,0,2,2,4,0,6,8,4,1,15,1,7,2,5,0,203,13,7,223,0,223,--,380,157,203,223,223,Algún campo sin dato,1,0bd2deb3e026bfc0a25e25a0725816b9a44db1e36be79dd7b481c5cbae7773bd,26/06/2023 00:25:45,ESCANER
5011,"Guatemala",1,"Villa Canales",16,496,380,7,55,22,1,17,26,7,8,3,6,2,5,0,4,14,0,0,12,1,4,3,2,2,201,17,1,219,0,219,--,368,149,201,219,219,Algún campo sin dato,1,d927e1950f3d8227c78e85cb7b0759a8b4a9703c8f363f04d672ab91d8f77387,25/06/2023 22:36:42,ESCANER
5012,"Guatemala",1,"Villa Canales",16,496,380,8,66,19,2,14,33,5,9,1,1,3,5,0,5,14,1,0,16,2,1,4,2,1,212,20,2,234,0,234,--,366,132,212,234,234,Algún campo sin dato,1,5cd2c466284b155750d999f0860b0d2181808350afc99e8084040a5ec29cdd23,26/06/2023 00:44:03,ESCANER
5013,"Guatemala",1,"Villa Canales",16,497,380,7,64,20,0,8,32,12,7,0,4,4,2,0,7,19,0,1,23,1,5,2,1,0,219,18,0,237,0,237,--,365,128,219,237,237,Algún campo sin dato,1,8516a2921b4ccba256af21a95da9bc01136be7d0a952fc564f9c25e3a9324933,25/06/2023 22:31:09,ESCANER
5014,"Guatemala",1,"Villa Canales",16,497,380,6,64,17,0,15,23,12,9,1,0,6,2,1,9,17,2,0,27,0,6,0,3,0,220,11,0,231,1,232,--,372,140,220,231,232,Algún campo sin dato,1,e961ae986de02caacb5589294ff2b54b34d4aa34b93c110487cd6d34dd3a6fc8,26/06/2023 00:02:36,ESCANER
5015,"Guatemala",1,"Villa Canales",16,497,380,9,66,11,0,16,25,7,14,3,1,3,1,0,7,12,2,1,17,1,10,4,2,0,212,8,1,221,0,221,--,368,147,212,221,221,Algún campo sin dato,1,cd3e2cc5264c1011eff26e9bf0754fd3a07cba8e00b621bca350e77b2c86d46c,26/06/2023 01:17:02,ESCANER
5016,"Guatemala",1,"Villa Canales",16,497,380,4,60,12,1,12,19,4,16,5,4,2,2,1,4,16,1,0,35,1,4,1,2,2,208,11,0,219,0,219,--,368,149,208,219,219,Algún campo sin dato,1,1fcca22a6e7e9513f3b15c3df0e4793eb0b0f566a32d4c732325b31b5b810350,26/06/2023 00:39:41,ESCANER
5017,"Guatemala",1,"Villa Canales",16,497,380,6,72,15,1,13,19,10,14,2,4,3,2,2,2,15,1,0,49,2,4,1,0,2,239,7,0,246,0,246,--,372,126,239,246,246,Algún campo sin dato,1,e3a12f0fe3dd3221736c305c586b8b1658912e8e1ab659b8f83b2e340ef8a670,25/06/2023 23:27:01,ESCANER
5018,"Guatemala",1,"Villa Canales",16,497,380,2,69,17,0,6,18,10,18,3,2,7,1,1,2,24,2,0,55,0,4,0,1,0,242,5,1,248,0,248,--,372,124,242,248,248,Algún campo sin dato,1,a86baf8c2e1d25dd4b96011507447465bda48f0ec59828f39eb115b8956b073f,25/06/2023 23:48:41,ESCANER
5019,"Guatemala",1,"Villa Canales",16,497,380,1,63,12,0,8,19,10,17,4,1,5,2,0,1,20,0,2,53,1,9,2,2,0,232,10,1,243,0,243,--,372,129,232,243,243,Algún campo sin dato,1,66b497008f8edeb461c51da7924d64e02599f73599554127c559e7637f87c38d,25/06/2023 23:33:37,ESCANER
5020,"Guatemala",1,"Villa Canales",16,497,380,1,70,21,0,10,16,8,10,0,2,1,6,1,7,12,1,0,45,0,5,1,0,1,218,10,0,228,0,228,--,369,141,218,228,228,Algún campo sin dato,1,accd4471bf62e5e5800e12f64cecf4c1cdd843adc79c89dd680c965331afd05c,26/06/2023 00:56:47,ESCANER
5021,"Guatemala",1,"Villa Canales",16,497,380,6,75,14,0,18,29,4,7,7,0,3,6,1,2,28,1,0,32,3,6,1,1,1,245,10,0,255,1,256,--,372,116,245,255,256,Algún campo sin dato,1,137736317d383c72fea7d674c0cd2c310bf9b5e533692770703667001f095817,26/06/2023 01:05:38,ESCANER
5022,"Guatemala",1,"Villa Canales",16,497,380,1,68,13,0,12,23,6,8,4,3,4,0,0,1,16,0,0,37,1,1,2,1,0,201,8,0,209,0,209,--,372,163,201,209,209,Algún campo sin dato,1,7585bc4b846a9ab9ba5788d7bd6b7d89b8317d3e86eed86d71590d2092331cd9,25/06/2023 23:07:02,ESCANER
5023,"Guatemala",1,"Villa Canales",16,497,380,4,48,13,2,6,14,7,8,1,5,2,3,1,0,7,0,0,37,0,4,1,2,0,165,10,0,175,0,175,--,372,197,165,175,175,Algún campo sin dato,1,19614eb6096570bccaeb8c7a33b39209575fdb929ee347708a9c42fec89c1ed3,25/06/2023 22:58:08,ESCANER
5024,"Guatemala",1,"Villa Canales",16,497,380,7,65,15,0,11,16,6,9,1,4,2,4,1,1,11,2,0,33,2,3,1,1,0,195,13,1,209,0,209,--,372,160,195,209,209,Algún campo sin dato,1,d50bfccf27bab105790106d46c58b7b73fcc8f3007c1ffc6149ccdcd4a1c191d,25/06/2023 22:09:35,ESCANER
5025,"Guatemala",1,"Villa Canales",16,497,263,2,30,5,1,8,8,7,7,2,4,3,2,0,2,5,1,0,45,0,4,1,2,0,139,6,1,146,0,146,--,263,117,139,146,146,Algún campo sin dato,1,d35d7cdd4a0d2a488c4ca92cb3ec671fccf95bb48b17e98e81bd505c2ac0b2f1,25/06/2023 23:13:39,ESCANER
5026,"Guatemala",1,"Villa Canales",16,497,262,2,35,11,0,6,17,4,2,3,0,3,1,0,4,5,0,1,17,0,1,0,1,0,113,4,0,117,0,117,--,259,142,113,117,117,Algún campo sin dato,1,279bcefef9cab10d76ed07b685fedd8eb06648f7a6c7ebb5a4f049060085bebb,25/06/2023 22:54:35,ESCANER
5027,"Guatemala",1,"Villa Canales",16,498,380,60,17,4,1,1,35,1,5,0,2,2,6,2,7,0,2,4,4,2,2,7,1,1,166,29,11,206,0,206,--,372,166,166,206,206,Algún campo sin dato,1,473579a283018ab325f990ad662032cfa1def410073c416ce4e31f62f0228d56,25/06/2023 23:40:56,ESCANER
5028,"Guatemala",1,"Villa Canales",16,498,380,70,31,8,1,2,41,2,5,0,0,2,1,0,7,0,2,2,1,1,1,17,1,1,196,29,12,237,0,237,--,372,135,196,237,237,Algún campo sin dato,1,628fc281a2a77c579915d09cb320455c823babbdebc08201963c63730ee0b5f3,25/06/2023 23:28:09,ESCANER
5029,"Guatemala",1,"Villa Canales",16,498,380,76,22,4,2,1,44,2,3,1,2,3,7,1,5,3,3,4,2,1,1,8,0,3,198,23,9,230,0,230,--,368,138,198,230,230,Algún campo sin dato,1,b013e4a4be6c0a180f5d87b27b9b6fc577c0174e83b49a1383977f6c73188ea8,25/06/2023 22:23:19,ESCANER
5030,"Guatemala",1,"Villa Canales",16,498,380,79,32,6,3,2,34,1,4,2,1,1,0,1,6,1,2,2,1,6,0,13,0,5,202,18,9,229,0,229,--,377,148,202,229,229,Algún campo sin dato,1,79e908c73ff656a43b42e2f28d0fc757ca6e8e883229f2da06da7bfdba0f2b4d,26/06/2023 00:06:43,ESCANER
5031,"Guatemala",1,"Villa Canales",16,498,380,80,23,7,3,1,43,1,8,0,1,4,1,0,5,0,1,2,0,3,3,12,1,3,202,23,13,238,0,238,--,380,142,202,238,238,Algún campo sin dato,1,7733a909c25f9f964c8ff54d01b051dd2d14e8acb22020998f2b586ac2ef7f7e,26/06/2023 00:27:35,ESCANER
5032,"Guatemala",1,"Villa Canales",16,499,380,58,22,2,2,0,21,0,4,1,3,1,3,1,2,1,1,3,4,1,3,15,1,1,150,18,2,170,0,170,--,372,202,150,170,170,Algún campo sin dato,1,69048d22849b1ab278dfc25caafaae87b97d5bbe430dcef00736ce54582f3c59,26/06/2023 00:55:34,ESCANER
5033,"Guatemala",1,"Villa Canales",16,499,380,82,17,3,0,1,29,1,6,0,1,4,6,1,3,2,3,5,6,0,0,16,1,5,192,15,3,210,0,210,--,360,158,192,210,210,Algún campo sin dato,1,7dd338796fa377a92964786cfa73dc3c9ab83b93092e5f48950ef4de0f497e8c,25/06/2023 23:42:57,ESCANER
5034,"Guatemala",1,"Villa Canales",16,499,380,69,17,7,1,1,32,2,5,0,0,1,4,0,7,6,2,3,2,2,2,8,0,1,172,36,1,209,1,210,--,372,162,172,209,210,Algún campo sin dato,1,627730576aad75ab3cd8e26383c69020a379ec3d002e4c07d6709a0525d63d05,25/06/2023 23:11:26,ESCANER
5035,"Guatemala",1,"Villa Canales",16,499,380,72,33,5,0,0,37,1,5,1,3,2,3,0,6,0,1,2,4,2,0,11,0,1,189,25,4,218,0,218,--,369,151,189,218,218,Algún campo sin dato,1,3de094584fdef5fbc9773e69c139c9c68bd72de4b293109b72e7b9827a79065c,26/06/2023 01:44:35,ESCANER
5036,"Guatemala",1,"Villa Canales",16,499,380,91,20,1,0,2,25,1,3,1,0,4,1,0,4,1,2,1,1,1,1,9,2,4,175,29,6,210,0,210,--,367,157,175,210,210,Algún campo sin dato,1,9166da558e9bd91a9478c9686806d986ec53656240db83a48c11c3317a317129,26/06/2023 01:16:14,ESCANER
5037,"Guatemala",1,"Villa Canales",16,499,380,68,17,3,1,1,43,3,2,0,4,2,1,1,4,1,1,1,1,1,0,9,1,3,168,23,7,198,0,198,--,373,175,168,198,198,Algún campo sin dato,1,394e14add061b3e46b20090a2763d4651e85c3c5e4ba9080164b55705534251a,26/06/2023 00:43:04,ESCANER
5038,"Guatemala",1,"Villa Canales",16,499,380,57,19,1,2,0,39,1,5,0,0,4,3,0,5,2,2,1,1,0,1,9,1,5,158,20,5,183,0,183,--,372,189,158,183,183,Algún campo sin dato,1,cd4bf4a0469c2187fbed369d8db4422fb3840ed56f1abc46be068a1161585ec5,26/06/2023 01:22:00,ESCANER
5039,"Guatemala",1,"Villa Canales",16,499,380,60,15,2,1,1,24,2,6,0,0,2,1,0,4,1,3,2,1,1,1,10,1,1,139,36,5,180,0,180,--,372,192,139,180,180,Algún campo sin dato,1,0efde8c167168cc8383a6579bab70ce12f4975bb38f99ad62161973ce8e2a44f,26/06/2023 01:17:49,ESCANER
5040,"Guatemala",1,"Villa Canales",16,499,380,62,18,2,1,1,19,1,5,1,1,3,0,1,4,0,1,2,6,0,1,5,0,0,134,10,0,144,1,145,--,372,227,134,144,145,Algún campo sin dato,1,fc1779a45a754406bcb7cbd06d59bcacd5909566f61319ba440777e22c6622e6,26/06/2023 00:06:02,ESCANER
5041,"Guatemala",1,"Villa Canales",16,499,380,88,14,4,0,2,17,0,3,2,0,1,0,1,4,1,0,3,8,0,0,5,0,2,155,10,2,167,0,167,--,372,205,155,167,167,Algún campo sin dato,1,6e6964a0022e3ee2293deca38f2174e3f9e0c50bf62dd215efc0a954d04ffa58,26/06/2023 00:19:43,ESCANER
5042,"Guatemala",1,"Villa Canales",16,499,228,40,10,4,0,0,19,0,2,1,1,1,1,1,5,0,0,3,2,0,0,4,0,1,95,4,1,100,0,100,--,228,128,95,100,100,Algún campo sin dato,1,647268ddd1105ff903ea0d4cf19b5a5d27659fc80676edb77bbf1b7430980220,25/06/2023 22:18:01,ESCANER
5043,"Guatemala",1,"Villa Canales",16,499,228,41,5,1,0,0,18,1,2,0,0,1,2,0,3,0,1,3,0,0,0,4,0,0,82,10,4,96,0,96,--,228,132,82,96,96,Algún campo sin dato,1,84345dc332627c79b88e90eefbeb71bba5c1c1b931b6b3a034eca6e182dd850b,25/06/2023 22:33:23,ESCANER
5044,"Guatemala",1,"Villa Canales",16,500,380,11,80,23,1,3,45,7,11,2,1,1,3,1,8,14,0,0,8,4,1,4,2,1,231,16,3,250,0,250,--,368,118,231,250,250,Algún campo sin dato,1,9b2cc7079b7d98339057f7a44ac4408fa161e73ff72b501ae8d862f58f84e2e6,26/06/2023 01:16:54,ESCANER
5045,"Guatemala",1,"Villa Canales",16,500,380,4,82,20,1,10,48,5,6,0,1,2,4,0,7,12,0,0,4,4,4,7,0,0,221,13,1,235,13,248,--,368,120,221,235,248,Algún campo sin dato,1,531e7cbc0e73047f06a8c7c416dfc260aedc6cfc0a64f5138acbf7cadb3d56bc,26/06/2023 00:06:33,ESCANER
5046,"Guatemala",1,"Villa Canales",16,500,380,10,104,11,2,3,36,5,1,2,2,4,4,1,6,21,2,0,13,0,3,2,0,2,234,19,0,253,0,253,--,372,119,234,253,253,Algún campo sin dato,1,ec1f3f9c3cc9acc879aa1bc45073e1b69a8ff2df701c730ad8d45cb821a89c05,26/06/2023 00:17:17,ESCANER
5047,"Guatemala",1,"Villa Canales",16,500,380,9,79,17,3,6,37,3,8,7,0,2,0,0,4,21,0,0,12,4,2,6,1,0,221,24,2,247,0,247,--,370,123,221,247,247,Algún campo sin dato,1,8add42c2e65fbff49fc39642b6f6d54c531e4082433b1db22584f95f75787bf4,26/06/2023 00:26:20,ESCANER
5048,"Guatemala",1,"Villa Canales",16,500,380,6,103,16,3,8,40,6,13,0,10,3,3,0,8,10,0,0,11,2,3,2,2,0,249,23,1,273,0,273,--,380,104,249,273,273,Algún campo sin dato,1,75486395ed8a9e3885aa2777e0c0c1dd44bf40f3db90ceea9f8f3fd2eedd5169,26/06/2023 01:02:38,ESCANER
5049,"Guatemala",1,"Villa Canales",16,500,380,12,88,13,3,5,35,2,7,1,6,3,6,0,5,24,2,3,8,2,7,4,2,2,240,23,1,264,0,264,--,372,108,240,264,264,Algún campo sin dato,1,22c40681ce9142f6dc5c782e54c8e096efdc38f2ab7c2677290af46766276948,25/06/2023 23:31:56,ESCANER
5050,"Guatemala",1,"Villa Canales",16,500,380,7,81,20,2,9,36,3,6,1,2,2,3,1,8,18,2,2,7,3,5,3,0,2,223,17,5,245,0,245,--,368,123,223,245,245,Algún campo sin dato,1,878964afee18a966ab3cf806ecedf452fdef66da731490ee150c1e6ffe56f5be,25/06/2023 23:21:05,ESCANER
5051,"Guatemala",1,"Villa Canales",16,500,380,2,79,20,0,5,26,1,12,2,5,3,2,1,2,21,1,0,23,0,2,5,0,0,212,11,1,224,0,224,--,369,145,212,224,224,Algún campo sin dato,1,00a5bbc2d5bc5b2eaf6d6edde7be31d9a66fc3a12e7be0d747d723ae607d057e,26/06/2023 00:33:59,ESCANER
5052,"Guatemala",1,"Villa Canales",16,500,380,8,82,21,0,9,25,0,10,2,3,2,2,2,6,17,1,0,13,0,4,4,0,1,212,1,0,213,0,213,--,372,159,212,213,213,Algún campo sin dato,1,2b05531063c094df64cfe1127f315b501eeab5ba7814668fa8f4e5101fe87c06,26/06/2023 00:11:51,ESCANER
5053,"Guatemala",1,"Villa Canales",16,500,380,11,65,22,2,8,35,5,8,0,4,3,5,0,6,19,1,1,6,3,4,6,3,1,218,21,3,242,0,242,--,372,130,218,242,242,Algún campo sin dato,1,00edc0054c0b7b7eb2d5107c7036108187e1fc618dd254752eb7bb1dd08f8a76,26/06/2023 00:57:41,ESCANER
5054,"Guatemala",1,"Villa Canales",16,501,380,6,75,15,1,6,26,1,5,3,2,3,2,0,1,15,2,0,13,1,2,6,0,0,185,13,3,201,0,201,--,372,171,185,201,201,Algún campo sin dato,1,2a39131d4a556a1392b223bb10a9485b1b32030dcf502f14a238d99f9a32cff8,25/06/2023 23:23:51,ESCANER
5055,"Guatemala",1,"Villa Canales",16,501,380,12,75,21,2,0,27,5,10,0,0,7,3,2,4,8,0,1,9,0,2,4,0,0,192,12,4,208,0,208,--,372,164,192,208,208,Algún campo sin dato,1,9924009b4596e219c2df857da916bcbe140062ca6c0c6bf0821bad5d15c6ea7a,26/06/2023 00:52:52,ESCANER
5056,"Guatemala",1,"Villa Canales",16,501,380,9,93,26,0,5,34,0,6,1,1,1,2,0,4,14,1,0,7,0,3,6,3,1,217,18,6,241,0,241,--,372,131,217,241,241,Algún campo sin dato,1,b2da7979897198c36c4c64f34ce19b681e6738a4bc6338ed39a8ad42a64d32aa,26/06/2023 02:38:07,ESCANER
5057,"Guatemala",1,"Villa Canales",16,501,380,10,79,22,3,9,31,2,9,3,5,2,3,1,6,16,3,1,9,0,3,8,1,2,228,19,2,249,0,249,--,369,123,228,249,249,Algún campo sin dato,1,79f1b1268f1cd6628aa8015c4196fe219f725e3294fa917aab4a676940ed41f8,26/06/2023 01:13:42,ESCANER
5058,"Guatemala",1,"Villa Canales",16,501,380,7,72,13,1,6,33,5,13,0,3,7,5,0,3,20,1,0,6,3,6,6,2,2,214,11,6,231,0,231,--,369,48,214,231,231,Algún campo sin dato,1,b49fbac625b17d5b4185e381a1bacb435c94ef4f91cf8cd904eca699dc6e46f8,26/06/2023 00:04:15,ESCANER
5059,"Guatemala",1,"Villa Canales",16,501,380,9,77,16,1,5,30,3,11,0,6,2,6,0,1,14,0,0,8,2,2,2,2,1,198,9,2,191,7,216,--,380,161,198,209,216,Sumas Asentadas sin cuadrar,1,32675a3a2af7b54eabbe5f0e8a4b912e9cc9ac75748f33b97d23560db39aebcf,26/06/2023 00:18:21,ESCANER
5060,"Guatemala",1,"Villa Canales",16,501,380,9,85,12,1,6,34,3,5,0,5,5,2,1,4,9,0,0,8,1,5,3,0,0,198,18,2,218,0,218,--,368,150,198,218,218,Algún campo sin dato,1,87fa3ccc19673b63a2901a66136bdf77a9b16282a75ff8197e82bb8be299335c,25/06/2023 23:33:22,ESCANER
5061,"Guatemala",1,"Villa Canales",16,501,380,8,66,16,1,7,43,4,3,0,3,4,5,0,8,9,2,0,13,2,1,4,0,0,199,19,3,221,0,221,--,372,151,199,221,221,Algún campo sin dato,1,2e0d6b436cdaa89588010c0a50e5f255156021335427f2745c19533195c1c69a,25/06/2023 23:54:06,ESCANER
5062,"Guatemala",1,"Villa Canales",16,501,380,14,62,11,0,6,37,0,5,2,3,2,2,1,2,13,0,0,13,1,1,7,1,0,183,18,3,204,0,204,--,368,164,183,204,204,Algún campo sin dato,1,513084fa86c95ba9f6c4f304cbc7029e2326dc6ed01806cf5840875248d5777a,26/06/2023 01:28:33,ESCANER
5063,"Guatemala",1,"Villa Canales",16,501,380,15,57,10,1,2,39,4,8,1,1,2,4,1,6,12,0,0,9,2,2,10,1,0,187,16,2,205,0,205,--,368,163,187,205,205,Algún campo sin dato,1,69380f0bde94bc03a59262b6fdbe6d6a1b1fa8c569977afae5feb325a742aaab,26/06/2023 00:26:47,ESCANER
5064,"Guatemala",1,"Villa Canales",16,501,380,7,80,24,1,3,26,1,11,0,1,1,1,0,5,9,0,0,5,2,1,2,0,0,180,15,2,197,0,197,--,367,170,180,197,197,Algún campo sin dato,1,b0233dbe8685e74d294d57cd1536fe9baedce2679d39cfb1166362bbf0ef8af3,26/06/2023 01:13:27,ESCANER
5065,"Guatemala",1,"Villa Canales",16,501,380,8,63,21,0,10,24,6,13,0,0,2,5,0,3,11,0,0,5,0,4,3,1,0,179,6,2,187,0,187,--,372,185,179,187,187,Algún campo sin dato,1,0e18d5e6300ebbbe9df8e47c36948f8ca53e2e8c6998b0f0f89dc203096a50bb,26/06/2023 00:14:49,ESCANER
5066,"Guatemala",1,"Villa Canales",16,501,380,5,72,22,1,8,20,4,8,1,2,0,8,0,8,18,0,0,20,1,4,3,0,1,206,13,0,219,0,219,--,371,152,206,219,219,Algún campo sin dato,1,e266273011e6f34cc35d075a97c590b6f1af8f489bc68ee8040f038907d7fc18,25/06/2023 23:50:48,ESCANER
5067,"Guatemala",1,"Villa Canales",16,501,380,8,89,21,0,9,28,3,4,0,1,1,7,0,8,22,0,0,17,1,3,4,2,0,228,6,1,235,1,236,--,376,140,228,235,236,Algún campo sin dato,1,650fbeb3c0d04eb8a982a33294b12980e8e6a2c1d8bc02f839ab3d458506518f,26/06/2023 00:47:50,ESCANER
5068,"Guatemala",1,"Villa Canales",16,501,380,2,66,19,0,4,23,2,3,0,2,2,8,0,6,18,0,0,9,0,2,5,1,1,173,5,0,178,0,178,--,379,201,173,178,178,Algún campo sin dato,1,5a25f5cc5857e68c717ad6b245ab9119bd8dcb33f869d97373e7f8f88897ac2f,26/06/2023 01:38:17,ESCANER
5069,"Guatemala",1,"Villa Canales",16,501,294,1,37,10,0,4,18,3,7,1,1,0,3,0,2,9,0,0,12,0,4,1,0,1,114,8,0,122,0,122,--,294,172,114,122,122,Algún campo sin dato,1,1c354c21ed10b41e098bebbc26d9878a090e1fdc6073b7defddf2897fdbf0c9e,25/06/2023 23:36:17,ESCANER
5070,"Guatemala",1,"Villa Canales",16,501,294,4,44,15,0,4,21,2,4,1,0,0,3,1,4,5,0,0,13,3,1,2,0,1,128,7,2,137,0,137,--,294,157,128,137,137,Algún campo sin dato,1,280af130265a5d81d96e6a9ee087ccb0330b28177dd035c4b2a309078926c6d9,26/06/2023 01:05:21,ESCANER
5071,"Guatemala",1,"Villa Canales",16,502,380,49,26,7,4,0,67,0,11,0,1,0,5,0,0,0,0,1,1,2,3,26,10,0,213,23,14,250,0,250,--,372,122,213,250,250,Algún campo sin dato,1,10c0cf5026628751d8fbf08b9c3e340b88e236d6d75bb9de345b98b1918ae95c,26/06/2023 00:12:53,ESCANER
5072,"Guatemala",1,"Villa Canales",16,502,380,50,36,2,0,2,60,1,14,0,2,1,6,0,0,0,2,1,2,3,0,24,9,0,215,30,8,253,0,253,--,--,174,215,253,253,Algún campo sin dato,1,bba09ff24de84cb15bc92f7d7821ed6964bac4ff2fbc0858d0700c8b1f94b3fc,26/06/2023 01:45:13,ESCANER
5073,"Guatemala",1,"Villa Canales",16,502,380,60,34,9,0,1,53,4,15,0,2,2,2,0,1,0,0,1,0,0,1,18,14,1,218,34,8,260,0,260,--,372,112,218,260,260,Algún campo sin dato,1,88f1ee150301c67693bf158fc71b313652152be3cc9d12f1fba84285bc37851f,26/06/2023 00:32:06,ESCANER
5074,"Guatemala",1,"Villa Canales",16,502,380,39,52,9,5,1,60,3,14,0,0,0,1,0,2,0,1,1,1,1,2,23,17,3,235,18,2,255,0,255,--,368,113,235,255,255,Algún campo sin dato,1,814947390f462de554dd8acc3e23534c283e8b3af371639d2a46fed7d526dabb,26/06/2023 00:03:18,ESCANER
5075,"Guatemala",1,"Villa Canales",16,502,380,51,33,10,2,1,52,0,6,0,0,0,3,0,0,0,2,1,4,2,1,17,9,2,196,19,3,218,0,218,--,368,150,196,218,218,Algún campo sin dato,1,3235c0b694c69214156d7b44c7f8864dbf85b9ff0abb3d609f24bbedc92b0d13,25/06/2023 23:30:36,ESCANER
5076,"Guatemala",1,"Villa Canales",16,502,380,47,33,5,0,1,48,2,7,0,2,1,2,0,0,0,0,1,2,2,3,25,21,1,203,22,11,236,0,236,--,380,144,203,236,236,Algún campo sin dato,1,92b81df0e59234fec8c9cda7b6a0433ee3d26e65ed8bd322249df9bb57ef42b9,26/06/2023 01:00:12,ESCANER
5077,"Guatemala",1,"Villa Canales",16,502,380,44,32,8,1,0,49,2,14,0,1,1,5,0,3,0,0,2,3,3,2,12,6,1,189,22,4,215,0,215,--,372,157,189,215,215,Algún campo sin dato,1,ceaada4d271b61146b6631be71902ab1c9dd36fbf7e54506720de354436dbbd8,26/06/2023 00:01:07,ESCANER
5078,"Guatemala",1,"Villa Canales",16,502,233,25,29,6,0,2,25,0,5,0,1,1,4,0,0,0,0,0,2,1,0,13,8,0,122,3,2,127,0,127,--,233,106,122,127,127,Algún campo sin dato,1,e3993debd1c64126ea9b55e453a465cc6a404b7b2872d5d1d64d30697d80e492,25/06/2023 22:16:55,ESCANER
5079,"Guatemala",1,"Villa Canales",16,502,232,27,24,5,1,0,27,3,8,0,0,1,1,0,0,0,0,2,2,0,1,9,7,2,120,7,1,128,0,128,--,--,--,120,128,128,Algún campo sin dato,1,e895b8f61fd4c3556732c5eb1eb7a2c5804c56116fa3dadad005d37b1797a351,26/06/2023 00:09:20,ESCANER
5080,"Guatemala",1,"Villa Canales",16,503,380,22,37,4,11,4,45,12,5,0,2,1,13,0,0,3,0,3,8,3,2,22,9,2,208,25,3,236,0,236,--,365,129,208,236,236,Algún campo sin dato,1,392485486bc8be7d8549d31465c630706679d4386a942501f13699eefda06e5e,25/06/2023 23:05:00,ESCANER
5081,"Guatemala",1,"Villa Canales",16,503,380,25,58,3,5,5,41,11,4,0,2,2,13,0,0,2,1,4,9,0,3,13,6,0,207,30,7,244,0,244,--,368,124,207,244,244,Algún campo sin dato,1,c9c2ff637d711ae9532681b40af72d08edad28b3c0f2151c25fe54baee870e52,25/06/2023 23:39:59,ESCANER
5082,"Guatemala",1,"Villa Canales",16,503,380,28,62,2,3,4,57,9,4,0,0,2,16,0,1,2,2,2,4,3,1,16,10,1,229,20,4,253,0,253,--,372,119,229,253,253,Algún campo sin dato,1,1285626bf9dd58be60d7544f5ece525be0da91ba1ea9d49b531174851a691d32,25/06/2023 22:36:32,ESCANER
5083,"Guatemala",1,"Villa Canales",16,503,380,17,59,6,5,6,44,12,4,0,2,4,18,0,0,4,3,3,9,0,0,24,4,1,226,18,6,250,0,250,--,372,122,225,249,249,Sumas Asentadas sin cuadrar,1,ce656492e078895479444e3b0ca4a1bd0353ab137b5dabf5aa4c5f66a8a736f1,26/06/2023 02:12:03,ESCANER
5084,"Guatemala",1,"Villa Canales",16,503,380,25,55,4,0,5,49,6,4,0,4,3,14,0,0,0,2,3,3,2,2,20,6,2,209,26,8,243,0,243,--,380,137,209,243,243,Algún campo sin dato,1,8e5d4e5ae664b9b7d8299e44c89c61b91314ae2e54df6a3c0c58a12b956c2b22,26/06/2023 00:19:43,ESCANER
5085,"Guatemala",1,"Villa Canales",16,503,380,18,49,4,8,1,46,12,6,0,1,1,12,0,2,6,3,3,3,2,2,25,3,2,209,14,3,226,0,226,--,375,149,209,226,226,Algún campo sin dato,1,eb8aa86db76082d01069d008d8749965f043356016ab9c4eb3f8207c3daecd61,26/06/2023 01:14:04,ESCANER
5086,"Guatemala",1,"Villa Canales",16,503,380,26,55,6,4,3,45,9,1,0,1,3,14,0,1,0,3,3,10,1,0,19,2,3,209,14,1,224,0,224,--,368,144,209,224,224,Algún campo sin dato,1,5414c9add6164f1885ba7a17ab5b2f70b0ef0ad5124de861bf0553be9eb77efb,26/06/2023 01:44:04,ESCANER
5087,"Guatemala",1,"Villa Canales",16,503,380,22,54,9,4,5,55,12,2,0,0,0,17,0,0,2,3,3,7,0,1,22,3,0,221,14,3,238,0,238,--,368,130,221,238,238,Algún campo sin dato,1,edef8bff56ccad3d9f87a0e5b51c92ec91c1df47e1164057ae83605a66132637,26/06/2023 00:30:22,ESCANER
5088,"Guatemala",1,"Villa Canales",16,503,380,17,47,5,10,5,45,14,5,1,1,2,18,1,0,4,2,3,4,2,3,15,3,1,208,14,1,223,0,223,--,372,149,208,223,223,Algún campo sin dato,1,58d17d924d36bee5578d93871760c7790bb6df9f62c4454e32dc88ba7c4c94c2,26/06/2023 00:00:38,ESCANER
5089,"Guatemala",1,"Villa Canales",16,503,380,20,46,3,10,6,46,17,8,1,0,1,21,1,1,8,3,6,6,2,2,15,5,4,232,7,3,242,0,242,--,--,--,232,242,242,Algún campo sin dato,1,23761c59b4e4ede1f7a2d2b5c21fb816c26c77eb1c8e64d4d198119771fc4ae3,26/06/2023 00:08:13,ESCANER
5090,"Guatemala",1,"Villa Canales",16,503,380,15,54,6,5,2,41,4,10,0,3,2,18,0,2,1,4,7,8,3,4,19,8,1,217,11,7,235,0,235,0,372,137,217,235,235,,1,e72ee021f0526cbb618dfffa57bd77add13f4fbe00ec2f653f6c38b4b3a9342f,25/06/2023 23:07:16,ESCANER
5091,"Guatemala",1,"Villa Canales",16,503,380,17,41,3,2,1,60,9,4,0,2,4,16,0,0,3,1,6,6,0,2,19,8,0,204,19,6,229,0,229,--,372,143,204,229,229,Algún campo sin dato,1,a3e4994c4421eb97ef333b9cd510631c993507186790a24386293db2dd1596da,26/06/2023 00:19:55,ESCANER
5092,"Guatemala",1,"Villa Canales",16,503,380,16,52,3,7,3,63,6,6,0,3,1,11,0,4,1,2,8,8,1,0,13,3,0,211,21,1,233,0,233,--,372,139,211,233,233,Algún campo sin dato,1,64b6066d260ed2624b82f28e532d8dd128f41082d6723c80c5360aba4bfad024,26/06/2023 01:42:49,ESCANER
5093,"Guatemala",1,"Villa Canales",16,503,380,19,39,4,6,4,46,8,2,2,0,2,13,2,1,3,0,3,2,0,0,16,5,0,177,15,3,195,0,195,--,372,177,177,195,195,Algún campo sin dato,1,2d46e9d9a0257f240ca8a92a929b869c1868452d1695e1c5acaed67878c9040f,26/06/2023 00:39:07,ESCANER
5094,"Guatemala",1,"Villa Canales",16,503,380,29,51,5,2,7,46,9,12,0,1,2,15,2,0,4,1,4,4,1,1,10,5,2,213,11,2,226,0,226,--,368,142,213,226,226,Algún campo sin dato,1,727359f8f207934cc707364bf570a6aab892d6744656c209bdbae0a0e8b98259,25/06/2023 23:29:00,ESCANER
5095,"Guatemala",1,"Villa Canales",16,503,380,12,66,9,3,4,44,18,5,0,0,0,12,0,1,1,0,4,8,1,1,15,4,0,208,8,0,216,0,216,--,368,152,208,216,216,Algún campo sin dato,1,d3bf26adbf6a12506d3ffbcf13654c81422d679c350c706d009be26c5a3c541d,26/06/2023 00:36:18,ESCANER
5096,"Guatemala",1,"Villa Canales",16,503,341,11,56,4,3,5,48,6,2,0,1,0,13,0,0,1,0,4,10,0,2,13,5,0,184,5,0,189,0,189,--,341,152,184,189,189,Algún campo sin dato,1,3bfd183cb65a3440275531d4af1edc961a6d8cbe73f941c082f9b250358828b3,25/06/2023 23:48:54,ESCANER
5097,"Guatemala",1,"Villa Canales",16,503,341,16,36,2,5,4,45,4,9,0,0,0,10,0,0,3,0,2,6,1,0,8,8,1,160,10,4,174,0,174,--,345,171,160,174,174,Algún campo sin dato,1,baaa9cfae2365a5dc6f237178d7ce027ed0261dd90b3aa3e76110b97b4592018,26/06/2023 00:28:41,ESCANER
5098,"Guatemala",1,"Villa Canales",16,504,380,86,14,5,13,0,46,1,7,0,1,1,2,1,0,0,0,1,1,1,2,47,0,3,232,16,2,250,0,250,--,380,130,232,250,250,Algún campo sin dato,1,3dc4dbb8b3d03653b61b30eb90ae67906d149906e9129aa2437c2d1bba4e47b3,26/06/2023 03:03:53,MOVIL
5099,"Guatemala",1,"Villa Canales",16,504,380,78,14,14,3,1,33,2,1,0,0,3,5,0,0,1,0,1,0,4,1,32,1,1,195,20,1,216,0,216,0,372,156,195,216,216,,1,821ef4cfa7bc738474b69dfb33a59bbd7439625b867c10247bb718e1523266a0,25/06/2023 23:53:27,ESCANER
5100,"Guatemala",1,"Villa Canales",16,504,380,78,16,5,7,1,29,0,3,0,1,2,2,1,0,0,0,0,0,0,1,27,2,2,177,23,5,205,0,205,--,372,167,177,205,205,Algún campo sin dato,1,fdc3b8deaaebe1e53bda91b14912b13b4d3c8eda7bf43847b4a9071296ab3570,25/06/2023 23:31:08,ESCANER
5101,"Guatemala",1,"Villa Canales",16,504,328,48,14,5,4,0,26,0,2,0,0,2,2,0,0,1,0,0,3,0,0,30,2,0,139,15,6,160,0,160,--,334,174,139,160,160,Algún campo sin dato,1,7cd345cc79a3347fb522684240683254c9082645930f7af131f01b331c7aedf4,25/06/2023 23:39:05,ESCANER
5102,"Guatemala",1,"Villa Canales",16,504,328,49,7,4,6,0,28,0,0,1,0,3,1,0,0,0,0,0,3,1,0,28,1,4,136,5,0,141,0,141,--,328,187,136,141,141,Algún campo sin dato,1,2198e87eeda85a6a9bc446ee4acd7d727b0c7296235de088a8436f39e430bcae,26/06/2023 00:23:39,ESCANER
5103,"Guatemala",1,"Villa Canales",16,505,353,74,32,0,1,2,70,0,2,0,3,1,1,1,4,0,0,0,1,1,1,9,0,1,204,25,5,234,0,234,--,354,120,204,234,234,Algún campo sin dato,1,ae09914acda2f2fa04a59c9e85befc96132b473209b02b79d220bb204ac5c334,25/06/2023 23:20:12,ESCANER
5104,"Guatemala",1,"Villa Canales",16,505,353,69,14,4,2,0,71,0,2,0,0,0,2,0,10,1,1,2,2,0,1,7,2,2,192,16,5,213,0,213,--,353,140,192,213,213,Algún campo sin dato,1,58460b482157f763d9288edcda9b1cc197feb202d94afc60ad258bc4559cb17d,26/06/2023 00:39:21,ESCANER
5105,"Guatemala",1,"Villa Canales",16,506,293,7,62,14,3,2,31,3,3,1,2,2,20,0,0,0,11,1,4,0,0,2,0,3,171,18,2,191,0,191,--,290,99,171,191,191,Algún campo sin dato,1,58b9138e8d8c9b8d03bfe6771f559ec3f8e49d4fb0c9be217f71c60d45923b43,26/06/2023 01:17:17,ESCANER
5106,"Guatemala",1,"Villa Canales",16,506,293,6,62,12,0,0,28,3,2,0,1,3,15,0,0,0,9,0,13,0,1,0,0,1,156,15,3,174,0,174,--,293,116,156,174,174,Algún campo sin dato,1,9d099862371fb14d9feeaff5b4faf9650ac3bc6d81ed7dd5cfff9b255e46d6c4,26/06/2023 00:44:42,ESCANER
5107,"Guatemala",1,"Villa Canales",16,507,380,52,57,12,11,1,54,0,6,0,5,2,6,0,10,0,1,0,2,5,1,18,8,0,251,22,4,277,0,277,--,372,95,251,277,277,Algún campo sin dato,1,ebe04b59c4a6c3d20d230692eefb3396490d959e12c31638d77c8f165c156996,25/06/2023 23:08:17,ESCANER
5108,"Guatemala",1,"Villa Canales",16,507,380,48,57,13,5,1,48,3,8,2,2,3,5,0,10,1,0,1,1,11,0,20,4,1,244,27,4,275,0,275,--,372,97,244,275,275,Algún campo sin dato,1,b9e6e4f643d02708edc3f002aaca181cb64733e282b4296bdfc94acff9f06d16,25/06/2023 23:05:04,ESCANER
5109,"Guatemala",1,"Villa Canales",16,507,380,52,58,5,16,1,51,0,7,0,2,2,3,0,15,0,2,0,3,10,1,23,7,1,259,25,1,285,0,285,--,372,87,259,285,285,Algún campo sin dato,1,2c622be9ad143dba1ee59e79ada0adcf14d4dc1dc9ad3adf904c687af99464f7,26/06/2023 01:18:05,ESCANER
5110,"Guatemala",1,"Villa Canales",16,507,214,16,31,4,3,1,30,2,2,0,2,0,1,0,11,0,2,0,3,2,0,13,2,2,127,12,2,141,0,141,--,214,73,127,141,141,Algún campo sin dato,1,d102f3222f397c69e2b7a10053f4a500dfdc3db7ad790c2e187fafb65017d4f5,26/06/2023 00:45:58,ESCANER
5111,"Guatemala",1,"Villa Canales",16,507,213,28,29,4,5,0,23,0,1,0,5,1,2,0,9,0,1,0,1,4,0,5,5,0,123,9,0,132,0,132,--,213,81,123,132,132,Algún campo sin dato,1,89072918a84fb296bc8b5f471a2bbf8333f86ff9665cc20380de9db8189848eb,25/06/2023 23:02:31,ESCANER
5112,"Guatemala",1,"Villa Canales",16,508,600,16,46,4,2,5,43,4,10,5,5,9,5,0,3,8,4,1,13,4,4,6,1,1,199,24,3,226,0,226,--,600,374,199,226,226,Algún campo sin dato,1,52690128e61c05eb0b0d03d6012685df83bb6a2f9acc871a4f27bc807bb5d694,26/06/2023 00:18:50,ESCANER
5113,"Guatemala",1,"Villa Canales",16,508,600,18,55,5,8,8,34,7,8,0,2,4,4,0,4,5,4,2,8,3,2,6,1,2,190,21,2,213,0,213,--,599,386,190,213,213,Algún campo sin dato,1,e3d59fd60cb7e5983df3a1f38aa92a90f5f2a28aff1aea37cce500aac21ba029,25/06/2023 23:47:48,ESCANER
5114,"Guatemala",1,"Villa Canales",16,508,600,4,47,6,5,9,37,3,7,2,4,4,5,0,4,8,3,0,8,5,4,9,2,1,177,10,2,189,0,189,--,600,411,177,189,189,Algún campo sin dato,1,34616c93c42a6867907f4d7a5a8e25d681a0f023b306305073d57815f2c2a28d,26/06/2023 00:04:49,ESCANER
5115,"Guatemala",1,"Villa Canales",16,508,600,9,58,9,5,9,40,4,13,7,6,7,7,0,5,5,3,1,11,1,6,13,2,3,224,17,3,244,0,244,--,604,360,224,244,244,Algún campo sin dato,1,64e02c22a825ce82edc48332a0f28afedece17319365ceabc91edcdf84c138e5,26/06/2023 01:45:45,ESCANER
5116,"Guatemala",1,"Villa Canales",16,508,600,7,43,7,5,6,29,4,11,0,5,1,7,0,5,9,5,1,9,4,3,8,3,1,173,19,1,193,0,193,--,597,404,173,193,193,Algún campo sin dato,1,ede28e6e093cbba2e9c6d7f574fdc1f8dce380b4328354a195421494e2ce26ce,26/06/2023 00:42:42,ESCANER
5117,"Guatemala",1,"Villa Canales",16,508,408,8,25,2,3,7,25,2,4,0,2,1,4,0,3,4,1,1,4,1,1,8,1,0,107,10,3,120,0,120,--,405,285,107,120,120,Algún campo sin dato,1,44e086af6c5d0553ef924fc7b510e100cfa80c4309bcf502e0386e6e534b6197,25/06/2023 23:54:46,ESCANER
5118,"Guatemala",1,"Villa Canales",16,508,408,3,4,0,2,1,2,0,3,1,0,0,0,0,0,1,0,0,1,0,0,1,1,0,20,3,0,23,0,23,--,412,389,20,23,23,Algún campo sin dato,1,ec712bdfa0d281e610b77675c8ce5d537a8c403c5a2d010c8310d9db8760a1a7,25/06/2023 22:17:54,ESCANER