﻿TIPO_DE_ELECCIÓN:,CORPORACIÓN MUNICIPAL
26 junio 2023 03:36 (UTC -6)
ACTAS_ESPERADAS,ACTAS_CAPTURADAS,PORCENTAJE_ACTAS_CAPTURADAS,ACTAS_CONTABILIZADAS,PORCENTAJE_ACTAS_CONTABILIZADAS,ACTAS_NO_CONTABILIZADAS,LISTA_NOMINAL_ACTAS_CONTABILIZADAS,VOTOS_EMITIDOS_CONTABILIZADAS,PORCENTAJE_PARTICIPACIÓN_CIUDADANA
87,82,94.2528,82,94.2528,0,29603,21951,74.1512

MESA,DEPARTAMENTO,ID_DEPARTAMENTO,MUNICIPIO,ID_MUNICIPIO,CENTRO_DE_VOTACIÓN,PADRÓN,VAMOS,CABAL,UNE,MLP,VALOR UNIONISTA,VÁLIDOS,NULOS,BLANCO,EMITIDOS,INVÁLIDOS,TOTAL,IMPUGNACIONES,PAPELETAS-RECIBIDAS,PAPELETAS-NO-USADAS,VALIDOS_CALCULADO,EMITIDOS_CALCULADO,TOTAL_CALCULADO,OBSERVACIONES,CONTABILIZADA,CÓDIGO_INTEGRIDAD,FECHA_HORA_PUBLICACIÓN,DIGITALIZACIÓN
9359,"Sololá",7,"Santa Catarina Ixtahuacán",6,1152,400,182,112,10,2,0,306,9,5,320,0,320,0,400,80,306,320,320,,1,28e39fdfd96b20650f0b6140d84126c840f9c84af8a08698ab2b7d24155dd069,26/06/2023 02:01:46,ESCANER
9360,"Sololá",7,"Santa Catarina Ixtahuacán",6,1152,400,192,107,5,0,3,307,6,5,318,0,318,0,400,82,307,318,318,,1,22b75d5f4de35c61672c528c5cad763fde841263e162f3841026f956bc938526,26/06/2023 00:29:45,ESCANER
9361,"Sololá",7,"Santa Catarina Ixtahuacán",6,1152,400,160,156,5,0,2,323,13,7,343,0,343,2,400,57,323,343,343,,1,4db913916c9b42abdec5ddb9a1cfa3d59c9c9a6b63204072b34451196ebcfc47,25/06/2023 23:55:42,ESCANER
9362,"Sololá",7,"Santa Catarina Ixtahuacán",6,1152,400,172,142,3,0,1,318,4,8,330,0,330,--,400,70,318,330,330,Algún campo sin dato,1,a04b1455208519193c0acaf67a4eecfc95981d66a9f1423f5d0424e5b5414559,26/06/2023 01:35:37,ESCANER
9363,"Sololá",7,"Santa Catarina Ixtahuacán",6,1152,400,123,96,5,0,3,227,6,2,235,0,235,--,400,165,227,235,235,Algún campo sin dato,1,58a18cfc20bf133aafcf6b306822649bd21c22163afef42f7e310cf0efcc3f62,26/06/2023 00:15:19,ESCANER
9364,"Sololá",7,"Santa Catarina Ixtahuacán",6,1152,400,126,121,1,2,1,251,4,1,256,0,256,0,400,144,251,256,256,,1,698a637f231ba6905043b96c9376cac8da617508b1eb4078f719585a4157fb8d,25/06/2023 23:03:42,ESCANER
9365,"Sololá",7,"Santa Catarina Ixtahuacán",6,1152,224,86,50,1,0,0,137,1,0,138,0,138,0,224,86,137,138,138,,1,aef96dee6c03fb11fee38638df788c53051c5f0c7bd4260fc99a01997926c1df,25/06/2023 21:32:27,ESCANER
9366,"Sololá",7,"Santa Catarina Ixtahuacán",6,1152,223,77,53,0,0,1,131,3,0,134,0,134,0,223,89,131,134,134,,1,fbee5ea7b9f5133ce3898f30b7673f088eddde9b34952a9105df73b0bc93c0e2,25/06/2023 21:44:09,ESCANER
9367,"Sololá",7,"Santa Catarina Ixtahuacán",6,1153,380,184,106,2,3,2,296,6,3,--,--,--,1,380,71,297,306,306,Sumas Asentadas sin cuadrar,1,538fd547a87242a09683f6f76cedded71ec923e009d50a33ea22c5cc1c00157e,26/06/2023 01:34:36,ESCANER
9368,"Sololá",7,"Santa Catarina Ixtahuacán",6,1153,380,188,91,2,1,0,282,3,4,289,1,290,--,380,90,282,289,290,Algún campo sin dato,1,2ed395e42c121baf7c1b99dc05db99e37172ffe9ef339a75d75d651d381cd9b5,25/06/2023 23:10:08,ESCANER
9369,"Sololá",7,"Santa Catarina Ixtahuacán",6,1153,380,184,105,1,1,1,292,6,1,299,0,299,--,380,81,292,299,299,Algún campo sin dato,1,47221284b1b4af894fb3e9200e3666c98ab489237f5b59fcdc1977659c16578b,25/06/2023 23:16:53,ESCANER
9370,"Sololá",7,"Santa Catarina Ixtahuacán",6,1153,380,198,93,1,0,0,292,1,5,298,0,298,0,380,82,292,298,298,,1,92b7e358c010d26ec6674572b6f6b092102025187446c2a7e0be0105e00abe9a,25/06/2023 23:00:57,ESCANER
9371,"Sololá",7,"Santa Catarina Ixtahuacán",6,1153,380,162,102,1,0,1,266,3,0,269,0,269,0,191,575,266,269,269,,1,7657220108249eec8614fa98b32e75d977d8f0a41b609c2b1a2839a9ad3d9bfc,26/06/2023 00:26:49,ESCANER
9372,"Sololá",7,"Santa Catarina Ixtahuacán",6,1153,380,165,81,3,0,0,249,2,2,253,0,--,0,380,127,249,253,253,Algún campo sin dato,1,bb3c18a6a9affc84c7a96d990c5eaf37ffadc94af8cc140b23f1fdefd96680d8,26/06/2023 00:11:24,ESCANER
9373,"Sololá",7,"Santa Catarina Ixtahuacán",6,1153,380,185,86,3,3,0,277,7,7,291,0,291,0,377,86,277,291,291,,1,66ec48e44254ff6f3b073d8a8d496de920f63e0316da2100df60c1cc49aa585d,26/06/2023 00:41:55,ESCANER
9374,"Sololá",7,"Santa Catarina Ixtahuacán",6,1153,380,161,117,3,2,0,283,15,7,305,--,305,0,380,75,283,305,305,Algún campo sin dato,1,5b5430331789b84813a5a4bb47acbe6e2266be911c6c3efb1bffccac55753dcf,26/06/2023 01:19:34,ESCANER
9375,"Sololá",7,"Santa Catarina Ixtahuacán",6,1153,380,141,121,0,0,1,263,8,6,277,0,277,0,380,103,263,277,277,,1,41cc270d8d2bbdb5b0445a0ba91f5c2dc939b866f7bebe2d6cb34c9d3f35f506,25/06/2023 23:48:14,ESCANER
9376,"Sololá",7,"Santa Catarina Ixtahuacán",6,1153,380,166,104,1,2,1,274,8,4,286,0,--,4,368,79,274,286,286,Algún campo sin dato,1,735cc8508fbb6a5037baad744cf6460770722040d35b6eb3f487c433d03a97fd,26/06/2023 01:53:00,ESCANER
9377,"Sololá",7,"Santa Catarina Ixtahuacán",6,1153,380,172,90,0,1,1,264,4,3,271,0,271,2,377,106,264,271,271,,1,99e7b67ff5f9bbddfc8436bf4a8340d15ede10d18f33f96c86b8d0aa97c10532,25/06/2023 23:57:05,ESCANER
9378,"Sololá",7,"Santa Catarina Ixtahuacán",6,1153,380,172,106,3,0,0,281,13,0,294,0,294,0,380,86,281,294,294,,1,8cf1a5a71a2a4c46afc0fc2d2f9d546732ee6eccadc0de44fa5364995a6cece2,25/06/2023 23:30:01,ESCANER
9379,"Sololá",7,"Santa Catarina Ixtahuacán",6,1154,380,165,92,3,0,1,261,8,8,380,0,380,0,380,103,261,277,277,Sumas Asentadas sin cuadrar,1,ffa6ff413b172f38fa9c034e70c53c71c73f5ef7d45c3fa21424c882f646d088,26/06/2023 00:47:09,ESCANER
9380,"Sololá",7,"Santa Catarina Ixtahuacán",6,1154,380,168,82,1,1,0,252,9,6,267,0,267,1,380,113,252,267,267,,1,3ce6915ca4542ba0d27f48a436dced37dcac3e6c35af6f9adae72892029fd2ad,25/06/2023 23:48:51,ESCANER
9381,"Sololá",7,"Santa Catarina Ixtahuacán",6,1155,380,190,82,0,0,0,272,0,0,272,0,272,--,--,--,272,272,272,Algún campo sin dato,1,b2c70ddf24eda7ea46e32cc7775f678a8730ebcac5eddee9c0928da49fe79820,26/06/2023 00:05:58,ESCANER
9382,"Sololá",7,"Santa Catarina Ixtahuacán",6,1155,380,193,86,1,--,--,280,1,0,281,--,--,0,380,99,280,281,281,Algún campo sin dato,1,e8fafcd521344d2b28dd3ab37ab9207928bcf35ada20ef5bf9f3329d07f40e02,25/06/2023 23:06:37,ESCANER
9383,"Sololá",7,"Santa Catarina Ixtahuacán",6,1156,380,200,75,1,0,0,276,0,1,277,0,277,0,--,--,276,277,277,Algún campo sin dato,1,91c207dc0f39fcf5d9fa629b48860fa427a67746529bf40437c13add49e926d2,26/06/2023 00:42:19,ESCANER
9384,"Sololá",7,"Santa Catarina Ixtahuacán",6,1156,344,152,62,1,0,1,216,3,2,221,0,221,--,344,123,216,221,221,Algún campo sin dato,1,21aea5dba0baf58e9e668ff43518abdfdd27c4073e2e793e0b88d9fe8b1358f5,25/06/2023 23:14:50,ESCANER
9385,"Sololá",7,"Santa Catarina Ixtahuacán",6,1156,343,149,60,1,0,1,211,7,5,223,0,223,0,343,120,211,223,223,,1,8b2cabaf9dfe9b62d6a581723697dcc2d262bd5e8ae172949a543ab9eafecb6c,26/06/2023 00:50:01,ESCANER
9386,"Sololá",7,"Santa Catarina Ixtahuacán",6,1157,380,188,82,3,0,4,277,6,5,288,0,288,1,377,88,277,288,288,,1,05e4fd1cc8267ce99756b74e2aed3fa837277f364524b0fa119cbf680fe6dc3d,26/06/2023 02:41:22,ESCANER
9387,"Sololá",7,"Santa Catarina Ixtahuacán",6,1157,380,213,86,6,0,0,305,7,3,315,0,315,0,380,65,305,315,315,,1,6ef834478bffafd3bf16c62b015b25d23c7034d39c0e4d52b899c7153db3c286,26/06/2023 00:37:21,ESCANER
9388,"Sololá",7,"Santa Catarina Ixtahuacán",6,1157,380,204,87,20,0,7,318,1,1,320,0,320,2,380,58,318,320,320,,1,90edf4562b42597420e5c4aca7adc8e808bf63dfd11081d8be48702801e6bb33,26/06/2023 02:02:42,ESCANER
9389,"Sololá",7,"Santa Catarina Ixtahuacán",6,1157,380,177,67,4,0,2,250,12,2,264,0,264,0,380,116,250,264,264,,1,1058f3df0c8545e4e364a8c4da3137c8d553888cf7c72c3de24921c846a2d632,25/06/2023 23:43:03,ESCANER
9390,"Sololá",7,"Santa Catarina Ixtahuacán",6,1157,380,187,73,5,0,1,266,1,5,272,0,272,0,380,108,266,272,272,,1,46b9bc8fd32b4deecc685d6c4768b52070abce8da8f34e39ee70b409ca180bdc,25/06/2023 23:57:40,ESCANER
9391,"Sololá",7,"Santa Catarina Ixtahuacán",6,1157,380,186,76,4,0,1,267,9,5,281,0,281,--,380,99,267,281,281,Algún campo sin dato,1,27f8b17534f2064d7a8cbe42e8cc07b15a82d4da248f60cce91bc98d51029b6e,26/06/2023 02:41:30,ESCANER
9392,"Sololá",7,"Santa Catarina Ixtahuacán",6,1157,380,189,83,7,2,0,281,9,3,293,0,293,0,380,87,281,293,293,,1,2df82f8c066d6338c02636a4a6a41b8c9f09a5236d8b3e64b632a03d12322008,26/06/2023 01:17:38,ESCANER
9393,"Sololá",7,"Santa Catarina Ixtahuacán",6,1157,380,189,78,4,0,0,271,2,0,273,0,273,0,380,107,271,273,273,,1,110cc7e3509b8897fccd9a8ab9553dd7b409fa45380ef7925bb4361828b86ffa,26/06/2023 00:09:11,ESCANER
9394,"Sololá",7,"Santa Catarina Ixtahuacán",6,1157,380,190,77,2,0,3,272,0,0,272,0,272,--,380,108,272,272,272,Algún campo sin dato,1,ee378914cb2c707bde5e323101d2c34f0d98d6cc9f65e894f924eebdd816799f,26/06/2023 00:44:23,ESCANER
9395,"Sololá",7,"Santa Catarina Ixtahuacán",6,1157,380,162,77,7,0,0,246,2,1,249,0,249,--,381,132,246,249,249,Algún campo sin dato,1,20f3183e9bfcde493397e7890870a3253ded00687b6d91edfc9ca9f6dcad3c5a,26/06/2023 02:48:40,ESCANER
9396,"Sololá",7,"Santa Catarina Ixtahuacán",6,1158,380,176,100,15,0,0,291,19,5,315,--,--,1,379,64,291,315,315,Algún campo sin dato,1,95bbead46bd7b5936159d999222e7f2fffeb7d9662e0cf2209a6093a8c15b329,25/06/2023 23:43:26,ESCANER
9397,"Sololá",7,"Santa Catarina Ixtahuacán",6,1158,380,202,100,10,2,1,315,15,6,336,0,336,0,380,44,315,336,336,,1,0f2ec9e1b9b8d7f779019234d895d51ff990ecf5bb66835e7b6fdbb3a176fa59,25/06/2023 23:14:10,ESCANER
9398,"Sololá",7,"Santa Catarina Ixtahuacán",6,1158,298,132,61,4,1,1,199,2,0,201,0,201,0,298,97,199,201,201,,1,4e8792f8d0e76606cb19e1f1738477443d4a7f269d6c897421fac536c0024b77,26/06/2023 00:19:14,ESCANER
9399,"Sololá",7,"Santa Catarina Ixtahuacán",6,1158,297,152,64,3,0,2,221,7,0,228,--,--,--,297,69,221,228,228,Algún campo sin dato,1,4d5c8f6f26112a88053b110a9f2a405902112c64629320840d9cdfddb3fac7d2,25/06/2023 23:19:44,ESCANER
9400,"Sololá",7,"Santa Catarina Ixtahuacán",6,1159,380,,,,,,,,,,,,,,,,,,,0,,,
9401,"Sololá",7,"Santa Catarina Ixtahuacán",6,1159,380,245,32,5,3,1,286,8,5,299,0,299,--,380,78,286,299,299,Algún campo sin dato,1,cf379118208ac205843fd679b54acb6e089cd6c45714f60cccf13f01465da4d8,26/06/2023 02:50:27,ESCANER
9402,"Sololá",7,"Santa Catarina Ixtahuacán",6,1159,380,206,70,9,0,1,286,5,2,298,0,298,0,380,87,286,293,293,Sumas Asentadas sin cuadrar,1,cb909e44ab1d80cb6757c760a6ec0b1c625a216cd363de51dc53b0d96097cfab,26/06/2023 00:49:43,ESCANER
9403,"Sololá",7,"Santa Catarina Ixtahuacán",6,1159,380,212,73,11,2,0,298,3,1,302,0,302,0,380,78,298,302,302,,1,df08c1668380d2277a16488f33810ed60dccf10d669c5f56469385dc6d5aaf17,25/06/2023 23:24:23,ESCANER
9404,"Sololá",7,"Santa Catarina Ixtahuacán",6,1159,380,,,,,,,,,,,,,,,,,,,0,,,
9405,"Sololá",7,"Santa Catarina Ixtahuacán",6,1159,221,147,26,2,0,0,175,1,0,176,0,176,0,221,45,175,176,176,,1,03fb9b1bb9f7ef558e2e9b8a516f2da812bd8425998deedc7ac1d87db38804b8,26/06/2023 01:14:04,ESCANER
9406,"Sololá",7,"Santa Catarina Ixtahuacán",6,1159,221,126,38,0,0,0,164,3,2,169,0,169,0,221,52,164,169,169,,1,293ed09e6d6789eb6001233214df996dc97d85724be58fd620d157d0775c91a9,26/06/2023 03:04:30,ESCANER
9407,"Sololá",7,"Santa Catarina Ixtahuacán",6,1160,380,219,38,6,1,0,264,10,5,279,0,279,0,380,101,264,279,279,,1,c6dda61e28a809f4caf5d8de7db28f9cbb5f70ce174881427fc8bcfbfac2e500,26/06/2023 01:28:07,ESCANER
9408,"Sololá",7,"Santa Catarina Ixtahuacán",6,1160,380,242,37,12,1,1,293,9,4,306,0,302,--,380,71,293,306,306,Sumas Asentadas sin cuadrar,1,0ab7c97327f6ab4573f82d8a3dbacf0bd79fd756ea0b9c90db44116f90f6455f,26/06/2023 00:12:50,ESCANER
9409,"Sololá",7,"Santa Catarina Ixtahuacán",6,1160,380,233,38,10,1,0,282,13,5,300,0,300,0,379,79,282,300,300,,1,b430d3182d4d8778a69c908f985f4edbd70dfdabc1b472f5f89a641893aaa24e,26/06/2023 00:45:25,ESCANER
9410,"Sololá",7,"Santa Catarina Ixtahuacán",6,1160,380,193,49,8,0,0,250,5,1,256,0,256,--,380,124,250,256,256,Algún campo sin dato,1,82405c354b00c8347ac05fbeb36bf0adf621b7503e84b3f593a2c9eb7f6825ae,26/06/2023 02:08:24,ESCANER
9411,"Sololá",7,"Santa Catarina Ixtahuacán",6,1160,380,211,41,10,--,--,262,13,0,275,0,275,1,380,104,262,275,275,Algún campo sin dato,1,27bfdb4d8242a8ba5bdac8741a9c662417a447f7b356058946c42a1084495a1b,26/06/2023 01:22:28,ESCANER
9412,"Sololá",7,"Santa Catarina Ixtahuacán",6,1160,380,226,41,9,2,1,279,14,5,298,0,298,0,380,82,279,298,298,,1,656065c437970213f271a498292f1a254ce027ed93fb145a4bf8bdbf2972a78b,26/06/2023 01:32:53,ESCANER
9413,"Sololá",7,"Santa Catarina Ixtahuacán",6,1160,380,209,51,17,0,0,277,20,5,302,1,303,--,380,78,277,302,303,Algún campo sin dato,1,341a023aec235960236ad4b77240bb2b661c887219d89c36c8c343d13d420129,26/06/2023 02:15:43,ESCANER
9414,"Sololá",7,"Santa Catarina Ixtahuacán",6,1160,380,210,47,18,1,0,276,16,5,297,0,297,1,380,82,276,297,297,,1,27c9bfb5c2d69acb458f6ef151a4fccc4d9e939ffdd8d199cdd28cc525447512,26/06/2023 00:25:16,ESCANER
9415,"Sololá",7,"Santa Catarina Ixtahuacán",6,1160,380,232,49,10,0,1,292,10,7,309,0,309,0,380,71,292,309,309,,1,f9ab559d34918049d25eeda81069b5b2b58f6b95d48b23cb1dbfe6c6861fde0d,26/06/2023 01:48:43,ESCANER
9416,"Sololá",7,"Santa Catarina Ixtahuacán",6,1160,380,194,50,5,1,0,250,1,6,257,0,257,--,380,123,250,257,257,Algún campo sin dato,1,8afdb1f29da6c006f2de4f83514db058e67dd93224a31d1aaada8018acbd8777,26/06/2023 02:05:16,ESCANER
9417,"Sololá",7,"Santa Catarina Ixtahuacán",6,1160,380,225,40,3,0,0,268,2,0,270,0,270,--,380,110,268,270,270,Algún campo sin dato,1,5dfd24e2303f776c90902f7958c94410fca184b7687074dce0e08d723725c0b1,25/06/2023 22:25:00,ESCANER
9418,"Sololá",7,"Santa Catarina Ixtahuacán",6,1160,380,229,34,5,0,0,268,1,0,269,0,269,0,380,111,268,269,269,,1,043e06553ebce632c302877d2f96156295a35388081b780add8c8fce62e7a100,26/06/2023 01:19:10,ESCANER
9419,"Sololá",7,"Santa Catarina Ixtahuacán",6,1160,297,164,39,6,0,0,209,4,1,214,0,214,0,294,80,209,214,214,,1,bf3202e1417d97bbea4b2bc73989dc8c77937e9d3086848033d4c453a3c4114f,26/06/2023 01:41:31,ESCANER
9420,"Sololá",7,"Santa Catarina Ixtahuacán",6,1160,296,132,31,3,0,0,166,1,4,171,0,171,1,296,121,166,171,171,,1,152923aa40c6c775c6e35b264aa67e611303fd056ea8a2abafc62b43636c0508,25/06/2023 23:50:43,ESCANER
9421,"Sololá",7,"Santa Catarina Ixtahuacán",6,1161,380,141,142,4,0,1,288,12,6,306,0,306,0,377,71,288,306,306,,1,14a9edae2017d751f4d99fa517bdc6626983aba707fa3021660be704a4ed8263,26/06/2023 01:57:48,ESCANER
9422,"Sololá",7,"Santa Catarina Ixtahuacán",6,1161,380,187,88,10,2,2,289,21,6,316,0,316,0,380,64,289,316,316,,1,3ddfc9a5903e3314e6ed6c985f20607b81fecc6050f8d57d37c38b5a050a1b85,25/06/2023 23:21:20,ESCANER
9423,"Sololá",7,"Santa Catarina Ixtahuacán",6,1161,380,139,134,4,5,2,284,2,7,293,--,--,--,379,86,284,293,293,Algún campo sin dato,1,2cf6f5935f1fd44a3dc6ecbe2c28a57e7f7b7b44fed71aa7fee6722083e5477b,26/06/2023 01:16:32,ESCANER
9424,"Sololá",7,"Santa Catarina Ixtahuacán",6,1161,302,97,112,1,0,0,210,3,5,218,1,219,--,299,80,210,218,219,Algún campo sin dato,1,f158ae8f72c05a4dde06ab0f7a1dcac168c1c45a59db84006dd3ec1b91710be9,25/06/2023 22:39:01,ESCANER
9425,"Sololá",7,"Santa Catarina Ixtahuacán",6,1161,302,104,118,0,0,0,222,3,0,225,0,225,0,303,78,222,225,225,,1,92c163f75aeb50d3f282feb4a12f6d26f1dc7dbc4d921092feaf9591bb24c7df,26/06/2023 00:13:17,ESCANER
9426,"Sololá",7,"Santa Catarina Ixtahuacán",6,1162,380,170,133,2,3,3,311,7,11,329,0,329,--,380,51,311,329,329,Algún campo sin dato,1,16936d0204bae79454741176f553803e59fd9c265a2d94ca8d027596d67cb4ae,26/06/2023 00:14:42,ESCANER
9427,"Sololá",7,"Santa Catarina Ixtahuacán",6,1162,380,197,128,1,0,2,328,8,1,337,0,337,--,379,42,328,337,337,Algún campo sin dato,1,5c41eb3eb6d8ba76007c79535ceb837709e5fcddf785af006232609f2d7da113,26/06/2023 00:09:43,ESCANER
9428,"Sololá",7,"Santa Catarina Ixtahuacán",6,1162,380,149,145,0,0,1,295,5,6,306,0,306,0,381,75,295,306,306,,1,781da7b4b138317bfbd7eafec36643506977e85021409b8a9a31896dd664fc3c,26/06/2023 01:49:37,MOVIL
9429,"Sololá",7,"Santa Catarina Ixtahuacán",6,1162,243,91,73,0,0,1,165,3,1,169,0,169,7,243,74,165,169,169,,1,bf3991097f8c21ec401fe04af17d2c8596cbae3e1a578033fadbdc9908c3d4b7,26/06/2023 00:09:18,ESCANER
9430,"Sololá",7,"Santa Catarina Ixtahuacán",6,1162,243,112,76,0,0,0,188,1,1,190,0,0,0,243,53,188,190,190,,1,7f6bdb7525a25747bd2a7b681d73212071ad9223bd99a8dea1163f28fbdab16f,26/06/2023 00:51:33,ESCANER
9431,"Sololá",7,"Santa Catarina Ixtahuacán",6,1163,380,102,109,32,0,0,243,4,5,252,0,252,0,380,128,243,252,252,,1,50d87ce3c8260a32288b18c0ab631fbbbe4a4f94687bf91f29753db2b322963a,26/06/2023 00:40:48,ESCANER
9432,"Sololá",7,"Santa Catarina Ixtahuacán",6,1163,380,127,150,9,1,0,287,17,2,306,0,306,1,380,74,287,306,306,,1,9938da11e669d8036f73d84263b9669b93ef4de96b4f588d2914f950c1c09d44,26/06/2023 00:53:49,ESCANER
9433,"Sololá",7,"Santa Catarina Ixtahuacán",6,1163,380,134,160,4,2,4,304,7,5,316,0,316,0,380,64,304,316,316,,1,6bf5a51770d5871754c95a7e8d025e1d62959e02b1117e050fcc865149f9539d,26/06/2023 01:13:06,ESCANER
9434,"Sololá",7,"Santa Catarina Ixtahuacán",6,1163,380,111,146,9,1,0,267,6,9,282,0,282,0,380,98,267,282,282,,1,cb76bff1a74f7926439d02e097dbbd17bad41726d11af0655da4d4948cf411a4,26/06/2023 01:25:03,ESCANER
9435,"Sololá",7,"Santa Catarina Ixtahuacán",6,1163,380,93,111,26,0,2,232,5,1,238,0,238,1,376,137,232,238,238,,1,6119ef1ad57b00bcbfd0b1a81fbacc60d428068a0d1c67f66badf4ef7ea7998e,25/06/2023 23:48:37,ESCANER
9436,"Sololá",7,"Santa Catarina Ixtahuacán",6,1163,326,86,114,11,1,0,212,2,0,214,0,214,0,326,112,212,214,214,,1,4f99e0fa21307db7a8037811e31dcb64f04886457f0fe77148dd66991b95fc46,25/06/2023 23:56:48,ESCANER
9437,"Sololá",7,"Santa Catarina Ixtahuacán",6,1163,326,71,118,16,0,4,209,0,1,210,0,210,0,325,115,209,210,210,,1,2ee8fa13dceef4a5f0aa0da3f25f47ca515adf88c1b2ec7baa5a25913608a53c,26/06/2023 00:11:30,ESCANER
9438,"Sololá",7,"Santa Catarina Ixtahuacán",6,1164,360,149,90,3,0,2,244,9,4,257,0,244,--,360,103,244,257,257,Sumas Asentadas sin cuadrar,1,02f8398691a7c836344c50e917e3836bb3a7b386ff4a21691badb451c0721be0,26/06/2023 01:55:09,ESCANER
9439,"Sololá",7,"Santa Catarina Ixtahuacán",6,1164,360,123,119,1,0,4,247,8,4,259,0,247,0,357,98,247,259,259,Sumas Asentadas sin cuadrar,1,e97fa75933670bb40944c6e2983c95d77afeda33436f282d05566527e4104141,26/06/2023 01:38:19,ESCANER
9440,"Sololá",7,"Santa Catarina Ixtahuacán",6,1165,380,,,,,,,,,,,,,,,,,,,0,,,
9441,"Sololá",7,"Santa Catarina Ixtahuacán",6,1165,265,,,,,,,,,,,,,,,,,,,0,,,
9442,"Sololá",7,"Santa Catarina Ixtahuacán",6,1165,265,,,,,,,,,,,,,,,,,,,0,,,
9443,"Sololá",7,"Santa Catarina Ixtahuacán",6,1166,375,178,114,4,1,3,300,6,18,324,0,324,--,375,51,300,324,324,Algún campo sin dato,1,5800947581f80b626a0ec9b0ef051c407547a4a0ce44d5aed6623e6d1122a383,25/06/2023 22:58:09,ESCANER
9444,"Sololá",7,"Santa Catarina Ixtahuacán",6,1166,374,169,101,1,0,2,273,0,1,274,0,274,0,374,100,273,274,274,,1,46e8bea0a3c254aeaf38783bc186549f2617c335c6a21f0ed58f740a031e8a57,25/06/2023 23:35:41,ESCANER
9445,"Sololá",7,"Santa Catarina Ixtahuacán",6,1167,328,20,25,2,0,0,47,4,0,51,0,51,--,328,277,47,51,51,Algún campo sin dato,1,35b29543a4aae30e3fbfd711939e6a22f105a9a782dd3aef779de6d02d0eeae9,25/06/2023 21:03:48,ESCANER