﻿TIPO_DE_ELECCIÓN:,CORPORACIÓN MUNICIPAL
26 junio 2023 03:36 (UTC -6)
ACTAS_ESPERADAS,ACTAS_CAPTURADAS,PORCENTAJE_ACTAS_CAPTURADAS,ACTAS_CONTABILIZADAS,PORCENTAJE_ACTAS_CONTABILIZADAS,ACTAS_NO_CONTABILIZADAS,LISTA_NOMINAL_ACTAS_CONTABILIZADAS,VOTOS_EMITIDOS_CONTABILIZADAS,PORCENTAJE_PARTICIPACIÓN_CIUDADANA
97,58,59.7938,58,59.7938,0,21865,14052,64.2670

MESA,DEPARTAMENTO,ID_DEPARTAMENTO,MUNICIPIO,ID_MUNICIPIO,CENTRO_DE_VOTACIÓN,PADRÓN,UNE,ELEFANTE,PHG,PODEMOS,VAMOS,CABAL,PPN,WINAQ,VALOR,MLP,AZUL,CAMBIO,UR,BIEN,VÁLIDOS,NULOS,BLANCO,EMITIDOS,INVÁLIDOS,TOTAL,IMPUGNACIONES,PAPELETAS-RECIBIDAS,PAPELETAS-NO-USADAS,VALIDOS_CALCULADO,EMITIDOS_CALCULADO,TOTAL_CALCULADO,OBSERVACIONES,CONTABILIZADA,CÓDIGO_INTEGRIDAD,FECHA_HORA_PUBLICACIÓN,DIGITALIZACIÓN
19205,"Alta Verapaz",16,"Panzós",7,2949,400,30,23,175,0,15,1,1,1,0,0,0,0,1,0,247,28,3,278,0,278,--,--,--,247,278,278,Algún campo sin dato,1,4280972bca9ede924010696042f699c101e36eeb86cb8878d40dc3b4744fa829,26/06/2023 03:21:04,ESCANER
19206,"Alta Verapaz",16,"Panzós",7,2949,400,44,32,148,0,13,0,1,1,0,0,0,0,0,1,240,26,1,267,0,267,--,400,133,240,267,267,Algún campo sin dato,1,5e21551127850d5fea040c119bc6f40971d9031e236d33c93b28744d06510eae,26/06/2023 02:05:45,ESCANER
19207,"Alta Verapaz",16,"Panzós",7,2949,400,72,29,137,0,15,0,0,0,0,1,0,0,0,1,255,43,3,301,0,301,--,400,99,255,301,301,Algún campo sin dato,1,9ec9aa2e3655fa1dfbcbc277c53542809988df35717e49b0647b6cdf96abdd39,26/06/2023 02:47:10,ESCANER
19208,"Alta Verapaz",16,"Panzós",7,2949,400,,,,,,,,,,,,,,,,,,,,,,,,,,,,0,,,
19209,"Alta Verapaz",16,"Panzós",7,2949,400,51,30,145,0,25,0,1,2,0,0,0,0,0,1,255,37,3,295,0,295,--,--,--,255,295,295,Algún campo sin dato,1,f4a81d9414f0272c80b744407eeacc82d0a773368eb04216066eff3854dab018,26/06/2023 02:16:13,ESCANER
19210,"Alta Verapaz",16,"Panzós",7,2949,400,47,31,142,0,14,1,0,0,0,1,0,0,2,0,301,56,7,301,0,301,--,400,99,238,301,301,Sumas Asentadas sin cuadrar,1,e1e18f7cbac26be4ea631cdbe9fa3b6be54ec5e114923bd79e178ce2963b1d84,26/06/2023 02:36:47,ESCANER
19211,"Alta Verapaz",16,"Panzós",7,2949,400,52,24,168,0,13,0,0,1,0,0,0,0,0,0,258,27,0,285,0,285,--,400,115,258,285,285,Algún campo sin dato,1,825f53cc766f06c1470afc859a3d357e40947c24a46fa90051b7bb8d657c28fd,26/06/2023 00:05:22,ESCANER
19212,"Alta Verapaz",16,"Panzós",7,2949,400,52,29,147,0,8,2,0,0,0,0,0,0,0,0,238,28,3,269,0,269,--,400,131,238,269,269,Algún campo sin dato,1,318f1bb4537e7bb2031d62c485f63b559a70e46922b6c1e01d32205a82f2bee9,26/06/2023 01:58:45,ESCANER
19213,"Alta Verapaz",16,"Panzós",7,2949,400,,,,,,,,,,,,,,,,,,,,,,,,,,,,0,,,
19214,"Alta Verapaz",16,"Panzós",7,2949,400,51,34,150,2,11,1,0,0,0,2,0,0,0,0,251,21,2,274,1,275,3,397,119,251,274,275,,1,fa7e0653bf103d6f13082723ca26d2ccd8c6feb00a2575e9da7d29fd2041bc8e,26/06/2023 02:28:54,ESCANER
19215,"Alta Verapaz",16,"Panzós",7,2949,400,47,40,110,0,9,3,0,1,0,1,0,0,1,0,212,42,13,267,0,267,1,400,132,212,267,267,,1,8ac2b6fb7f5c135d33eaf490f872f0a7648357e401b11a300c12994cf3f631ee,26/06/2023 03:20:24,ESCANER
19216,"Alta Verapaz",16,"Panzós",7,2949,400,62,26,130,0,6,1,0,1,3,0,2,0,0,1,232,2,4,238,30,268,1,400,131,232,238,268,,1,d6cbb7f10ebe03ea1d3fead588ff85d8577d203a2f1e9bc14d57a3bbde29f194,26/06/2023 03:27:26,ESCANER
19217,"Alta Verapaz",16,"Panzós",7,2949,400,,,,,,,,,,,,,,,,,,,,,,,,,,,,0,,,
19218,"Alta Verapaz",16,"Panzós",7,2949,400,36,29,125,0,9,2,0,0,0,1,0,0,3,0,205,36,7,248,0,248,0,400,152,205,248,248,,1,b0409bbbad6c515890e518232c470151ee54a3050701238f7e93c5b84afeaaa9,25/06/2023 23:22:18,ESCANER
19219,"Alta Verapaz",16,"Panzós",7,2949,400,41,28,139,0,13,0,0,1,0,0,0,0,1,1,224,20,6,250,0,250,--,400,150,224,250,250,Algún campo sin dato,1,2438b0ec82db7089556ace376ab64a428ed6f858dca4bac5e5d72ec457456be3,26/06/2023 03:14:01,ESCANER
19220,"Alta Verapaz",16,"Panzós",7,2950,400,,,,,,,,,,,,,,,,,,,,,,,,,,,,0,,,
19221,"Alta Verapaz",16,"Panzós",7,2950,400,,,,,,,,,,,,,,,,,,,,,,,,,,,,0,,,
19222,"Alta Verapaz",16,"Panzós",7,2950,400,45,24,121,0,15,0,0,0,0,0,0,0,0,1,206,7,4,217,--,--,--,400,183,206,217,217,Algún campo sin dato,1,d89edde9221da200241e581db5b571d21de9f2244f85acaf0a15a165488eaa07,26/06/2023 03:30:18,ESCANER
19223,"Alta Verapaz",16,"Panzós",7,2950,374,50,21,120,0,6,0,0,0,0,0,0,0,1,1,199,13,2,214,0,214,--,374,160,199,214,214,Algún campo sin dato,1,55cc25b26ca7afb759fd5345ebef1e1b6247fe73516689f0915c286eb799c40b,26/06/2023 02:36:07,ESCANER
19224,"Alta Verapaz",16,"Panzós",7,2950,373,43,18,121,0,7,0,0,0,1,0,0,0,0,1,191,13,5,209,0,209,--,373,164,191,209,209,Algún campo sin dato,1,984059b9797518b3f1fbd3e8fedf84a2865d68fdf31dda9602024a33e14432dd,26/06/2023 03:33:11,ESCANER
19225,"Alta Verapaz",16,"Panzós",7,2951,380,,,,,,,,,,,,,,,,,,,,,,,,,,,,0,,,
19226,"Alta Verapaz",16,"Panzós",7,2951,380,215,9,76,1,2,0,1,0,0,0,0,0,0,0,304,12,1,317,0,317,--,380,63,304,317,317,Algún campo sin dato,1,cf3782b665b4cb57eacb33d59c528507c97b76fd324c27a5c20014c2001318a1,26/06/2023 02:44:20,ESCANER
19227,"Alta Verapaz",16,"Panzós",7,2951,380,216,12,48,0,3,2,0,1,1,0,0,0,2,0,285,16,2,303,1,304,--,377,73,285,303,304,Algún campo sin dato,1,54a4b0d5ea302b0075928d6f42eac8439b7213746bc2b4eaf711196bc97538bf,26/06/2023 02:25:29,ESCANER
19228,"Alta Verapaz",16,"Panzós",7,2951,380,197,19,51,1,3,0,0,0,0,1,0,0,0,0,272,6,2,280,0,280,--,380,100,272,280,280,Algún campo sin dato,1,02a59cbc12fafb76da6a1fa416f283f075f0f847f6dbd2436232dea9a06a61c7,26/06/2023 01:59:12,ESCANER
19229,"Alta Verapaz",16,"Panzós",7,2951,380,177,6,61,0,2,0,1,2,0,0,0,0,0,0,251,17,2,270,0,270,--,380,110,249,268,268,Sumas Asentadas sin cuadrar,1,1f128e24e755133a5451d0fcecf851fbdbc0da85944a3a1ac79a92d7ab5bf6e4,26/06/2023 00:19:40,ESCANER
19230,"Alta Verapaz",16,"Panzós",7,2951,380,196,12,60,0,5,0,1,2,0,1,0,0,0,0,277,9,2,288,0,288,--,380,92,277,288,288,Algún campo sin dato,1,83ef76a8e51becd53c9e052e2c76d9045b1575fcc61fe6bbb7011a5a3cba1145,26/06/2023 01:35:35,ESCANER
19231,"Alta Verapaz",16,"Panzós",7,2951,380,195,15,54,0,12,0,1,1,0,0,1,0,1,0,280,20,1,301,0,301,--,380,79,280,301,301,Algún campo sin dato,1,88111dc9b966adeaaf406126b654724672a7500ed5e9bc3887830faab64fd0e7,26/06/2023 00:34:10,ESCANER
19232,"Alta Verapaz",16,"Panzós",7,2951,380,188,12,43,0,6,0,0,0,0,0,0,0,0,0,249,14,4,267,0,267,--,380,113,249,267,267,Algún campo sin dato,1,17e78c998e990a224bea648c0649ce426ec5acba8d881e0aa310df0cf8e79a88,26/06/2023 00:47:59,ESCANER
19233,"Alta Verapaz",16,"Panzós",7,2951,380,225,11,34,0,3,0,0,0,0,0,0,0,0,0,273,7,0,280,0,280,--,380,100,273,280,280,Algún campo sin dato,1,354eacd663ab1164759302a527cdc4e743cba1d14e7ff917caa1091d8a29f2a5,26/06/2023 00:57:49,ESCANER
19234,"Alta Verapaz",16,"Panzós",7,2951,380,188,13,49,0,7,0,0,0,0,0,0,0,0,0,257,5,2,264,0,264,--,380,116,257,264,264,Algún campo sin dato,1,988353a832e4df2d77f4b4e019589f1f5e87694bc06cdb136fdb93a03f62cb80,25/06/2023 23:01:14,ESCANER
19235,"Alta Verapaz",16,"Panzós",7,2951,237,104,5,37,0,4,0,0,0,0,0,0,0,0,0,150,6,0,156,0,156,--,237,81,150,156,156,Algún campo sin dato,1,1d9975720fd74a4d76d297a8d3e668aa8959b13c6a49d3b8d5085acb845d8bcc,26/06/2023 01:48:37,ESCANER
19236,"Alta Verapaz",16,"Panzós",7,2951,237,98,5,24,0,5,0,0,1,0,0,0,0,0,0,133,7,5,145,0,145,--,237,92,133,145,145,Algún campo sin dato,1,04a77683d08b3c1bc89cff40394be425c939457254183a9097b53bce84947263,25/06/2023 22:45:15,ESCANER
19237,"Alta Verapaz",16,"Panzós",7,2952,380,86,38,51,1,62,2,1,1,2,3,1,1,0,1,250,30,3,283,0,283,--,--,--,250,283,283,Algún campo sin dato,1,8d69ca1217a60785a97376df2be1cf09c6ccb8c39410bf0f4fbc5df488a31eb4,26/06/2023 02:13:00,ESCANER
19238,"Alta Verapaz",16,"Panzós",7,2952,380,68,28,57,0,41,0,1,2,1,2,1,2,0,0,203,26,6,235,0,235,--,377,142,203,235,235,Algún campo sin dato,1,57ac86e76990f4b3ba0bab14be963397b737a978e6f8d245700fd0c092f5701f,26/06/2023 03:24:52,ESCANER
19239,"Alta Verapaz",16,"Panzós",7,2952,380,97,21,56,0,48,2,2,1,2,2,0,2,0,0,233,34,7,274,0,274,--,380,106,233,274,274,Algún campo sin dato,1,e1f784c961b31bffde84bb0ab201d68f2c319b4c36889ace6017687a75f9488d,26/06/2023 03:17:51,ESCANER
19240,"Alta Verapaz",16,"Panzós",7,2952,380,84,35,61,0,45,0,3,1,5,1,1,3,0,1,240,46,4,290,0,290,--,380,90,240,290,290,Algún campo sin dato,1,0f03f03d8f0fc4c6119b60fdc642851b4bb042c1ec7956f92c7fa9a301b39529,26/06/2023 01:35:36,ESCANER
19241,"Alta Verapaz",16,"Panzós",7,2952,380,66,27,58,0,59,0,1,0,7,3,1,0,0,0,222,31,2,255,0,255,--,381,126,222,255,255,Algún campo sin dato,1,4c33c4bfed942ad803e20d4bd65b3c0846c32da71ccb3242a58440dd3b5a4994,26/06/2023 00:52:11,ESCANER
19242,"Alta Verapaz",16,"Panzós",7,2952,380,,,,,,,,,,,,,,,,,,,,,,,,,,,,0,,,
19243,"Alta Verapaz",16,"Panzós",7,2952,380,,,,,,,,,,,,,,,,,,,,,,,,,,,,0,,,
19244,"Alta Verapaz",16,"Panzós",7,2952,380,75,34,52,1,47,0,3,1,3,4,1,1,0,0,222,33,0,255,0,222,--,380,125,222,255,255,Sumas Asentadas sin cuadrar,1,419b072c9906f0a7410b2c486ab47cf46ae93ae9567336c38ae61f8a7c770011,26/06/2023 01:57:22,ESCANER
19245,"Alta Verapaz",16,"Panzós",7,2952,380,85,38,41,0,42,2,4,2,3,4,0,1,1,0,223,32,4,259,0,259,2,380,119,223,259,259,,1,afe21da2d2e53832a6cb96151ee91f853366ec086240b14b9593761bab747d65,26/06/2023 02:39:27,ESCANER
19246,"Alta Verapaz",16,"Panzós",7,2952,380,87,54,43,0,37,0,1,1,0,2,0,0,0,1,226,40,4,270,0,270,--,380,110,226,270,270,Algún campo sin dato,1,e11051db1dc4101a4a1169dde673e5f2838b71f6289d87f88fae6ffcb04fd3bd,26/06/2023 01:59:53,ESCANER
19247,"Alta Verapaz",16,"Panzós",7,2952,380,91,16,63,0,57,0,4,1,4,0,1,2,0,1,240,41,7,288,0,288,--,380,92,240,288,288,Algún campo sin dato,1,abe0327f69a3fc620b09b14f21153c0dbbfef9172ac82f91d5ef2d7322e8d56c,26/06/2023 01:11:29,ESCANER
19248,"Alta Verapaz",16,"Panzós",7,2952,380,60,33,62,0,55,0,5,4,6,1,0,0,0,0,226,32,3,261,0,261,--,380,119,226,261,261,Algún campo sin dato,1,ff4a5a01318d76585a42e00badf1974db9feb40441c73008edb8805aaeebe753,25/06/2023 23:48:25,ESCANER
19249,"Alta Verapaz",16,"Panzós",7,2952,380,71,32,38,0,55,3,4,1,2,4,2,2,0,0,214,7,3,224,24,248,--,380,132,214,224,248,Algún campo sin dato,1,90d405c76fba1ac2bc30bc44e632df415bdd81bf5d1e29d87c4961c6c0bdac95,26/06/2023 03:31:35,ESCANER
19250,"Alta Verapaz",16,"Panzós",7,2953,380,60,28,44,0,43,0,0,1,1,4,0,1,0,0,182,15,0,197,0,197,--,380,183,182,197,197,Algún campo sin dato,1,7ca3bf2f3e30842aae06129efb68bf51df55af791fe1713d6baaab8887bf0073,26/06/2023 03:21:36,ESCANER
19251,"Alta Verapaz",16,"Panzós",7,2953,380,73,39,48,0,47,1,1,3,4,2,1,0,0,0,219,22,1,242,0,242,--,380,138,219,242,242,Algún campo sin dato,1,084563b196c5559b689af8fc69a08d9872e4daa9b45fa21ec629f0ef1bf19194,26/06/2023 03:25:52,ESCANER
19252,"Alta Verapaz",16,"Panzós",7,2953,380,85,41,49,0,42,3,1,1,3,0,1,0,1,1,228,41,2,271,0,271,0,380,109,228,271,271,,1,b6003dba166e7562c134590859050fb8963940b30b73af6e5d2a589299681782,26/06/2023 02:14:56,ESCANER
19253,"Alta Verapaz",16,"Panzós",7,2953,380,49,28,44,0,49,3,2,0,1,1,3,1,0,0,181,42,2,225,0,225,--,--,--,181,225,225,Algún campo sin dato,1,5c407ce8ac3891692f9a2b2ac161bcf401c09203ee4ea441c75034e4ee10de86,26/06/2023 00:40:16,ESCANER
19254,"Alta Verapaz",16,"Panzós",7,2954,380,76,26,39,0,61,2,5,0,2,1,1,2,--,--,215,40,5,260,0,260,--,380,120,215,260,260,Algún campo sin dato,1,d300927d0d2b8872482375720adfc0686139fe09eb6a411aaf07a59f224bba63,26/06/2023 01:16:13,ESCANER
19255,"Alta Verapaz",16,"Panzós",7,2954,380,69,22,48,0,47,6,3,0,2,4,2,0,0,0,203,32,4,239,0,239,1,381,141,203,239,239,,1,0401c239daa0c241658c3e18e0b4f553fb2c477c70bce5558a88638c4b9773da,26/06/2023 02:06:42,ESCANER
19256,"Alta Verapaz",16,"Panzós",7,2955,380,87,27,49,0,38,0,6,0,3,1,2,1,0,0,214,23,6,243,0,243,--,380,137,214,243,243,Algún campo sin dato,1,5848369e9219be7cc6cb20f5950cdcda851924babcb20d0e4b1768bd00f7b4dc,26/06/2023 03:24:07,ESCANER
19257,"Alta Verapaz",16,"Panzós",7,2955,380,60,27,46,0,41,0,2,1,6,2,0,1,0,0,186,18,2,206,0,206,1,381,175,186,206,206,,1,6be112f50d828b658061d97d14bf181483219a602e52a3c57e1cabcfa6683783,26/06/2023 01:14:12,ESCANER
19258,"Alta Verapaz",16,"Panzós",7,2955,380,,,,,,,,,,,,,,,,,,,,,,,,,,,,0,,,
19259,"Alta Verapaz",16,"Panzós",7,2956,380,70,28,54,0,40,0,5,1,4,1,1,2,1,0,207,11,3,221,0,221,--,380,159,207,221,221,Algún campo sin dato,1,3e44e9a413c2951d040487d834299e60bcc9793926e1ce7b78597fd4004b0f04,26/06/2023 01:59:07,ESCANER
19260,"Alta Verapaz",16,"Panzós",7,2956,380,60,23,62,1,38,0,2,2,1,1,1,1,0,0,192,16,1,209,0,209,--,380,171,192,209,209,Algún campo sin dato,1,16f4d8ccead300a3cfb8d93addeee3527e46c8ea64d08dd4ef00a0adc97ee8c8,26/06/2023 00:57:01,ESCANER
19261,"Alta Verapaz",16,"Panzós",7,2956,319,49,18,37,1,25,0,3,1,0,0,0,1,0,0,135,14,2,151,--,151,--,319,168,135,151,151,Algún campo sin dato,1,1b2ef6101e469cbc39ba0346e9a7078bcd66e87737f618fead085fc6667393a2,26/06/2023 02:29:42,ESCANER
19262,"Alta Verapaz",16,"Panzós",7,2956,318,65,15,45,1,32,1,3,--,2,--,1,1,--,1,167,21,5,193,--,--,--,315,122,167,193,193,Algún campo sin dato,1,a4714eec493a04cc457e3f2e47f45a25a2fafacedc82295513bc468049f204cc,26/06/2023 02:48:18,ESCANER
19263,"Alta Verapaz",16,"Panzós",7,2957,380,,,,,,,,,,,,,,,,,,,,,,,,,,,,0,,,
19264,"Alta Verapaz",16,"Panzós",7,2957,380,,,,,,,,,,,,,,,,,,,,,,,,,,,,0,,,
19265,"Alta Verapaz",16,"Panzós",7,2957,380,,,,,,,,,,,,,,,,,,,,,,,,,,,,0,,,
19266,"Alta Verapaz",16,"Panzós",7,2957,380,,,,,,,,,,,,,,,,,,,,,,,,,,,,0,,,
19267,"Alta Verapaz",16,"Panzós",7,2957,380,,,,,,,,,,,,,,,,,,,,,,,,,,,,0,,,
19268,"Alta Verapaz",16,"Panzós",7,2957,380,,,,,,,,,,,,,,,,,,,,,,,,,,,,0,,,
19269,"Alta Verapaz",16,"Panzós",7,2958,380,,,,,,,,,,,,,,,,,,,,,,,,,,,,0,,,
19270,"Alta Verapaz",16,"Panzós",7,2958,380,,,,,,,,,,,,,,,,,,,,,,,,,,,,0,,,
19271,"Alta Verapaz",16,"Panzós",7,2958,380,,,,,,,,,,,,,,,,,,,,,,,,,,,,0,,,
19272,"Alta Verapaz",16,"Panzós",7,2958,380,,,,,,,,,,,,,,,,,,,,,,,,,,,,0,,,
19273,"Alta Verapaz",16,"Panzós",7,2958,380,,,,,,,,,,,,,,,,,,,,,,,,,,,,0,,,
19274,"Alta Verapaz",16,"Panzós",7,2958,380,,,,,,,,,,,,,,,,,,,,,,,,,,,,0,,,
19275,"Alta Verapaz",16,"Panzós",7,2958,372,,,,,,,,,,,,,,,,,,,,,,,,,,,,0,,,
19276,"Alta Verapaz",16,"Panzós",7,2958,372,,,,,,,,,,,,,,,,,,,,,,,,,,,,0,,,
19277,"Alta Verapaz",16,"Panzós",7,2959,380,,,,,,,,,,,,,,,,,,,,,,,,,,,,0,,,
19278,"Alta Verapaz",16,"Panzós",7,2959,380,,,,,,,,,,,,,,,,,,,,,,,,,,,,0,,,
19279,"Alta Verapaz",16,"Panzós",7,2959,380,,,,,,,,,,,,,,,,,,,,,,,,,,,,0,,,
19280,"Alta Verapaz",16,"Panzós",7,2959,380,,,,,,,,,,,,,,,,,,,,,,,,,,,,0,,,
19281,"Alta Verapaz",16,"Panzós",7,2959,380,,,,,,,,,,,,,,,,,,,,,,,,,,,,0,,,
19282,"Alta Verapaz",16,"Panzós",7,2960,380,,,,,,,,,,,,,,,,,,,,,,,,,,,,0,,,
19283,"Alta Verapaz",16,"Panzós",7,2960,380,,,,,,,,,,,,,,,,,,,,,,,,,,,,0,,,
19284,"Alta Verapaz",16,"Panzós",7,2960,380,,,,,,,,,,,,,,,,,,,,,,,,,,,,0,,,
19285,"Alta Verapaz",16,"Panzós",7,2960,218,,,,,,,,,,,,,,,,,,,,,,,,,,,,0,,,
19286,"Alta Verapaz",16,"Panzós",7,2960,217,,,,,,,,,,,,,,,,,,,,,,,,,,,,0,,,
19287,"Alta Verapaz",16,"Panzós",7,2961,380,,,,,,,,,,,,,,,,,,,,,,,,,,,,0,,,
19288,"Alta Verapaz",16,"Panzós",7,2961,380,,,,,,,,,,,,,,,,,,,,,,,,,,,,0,,,
19289,"Alta Verapaz",16,"Panzós",7,2961,380,,,,,,,,,,,,,,,,,,,,,,,,,,,,0,,,
19290,"Alta Verapaz",16,"Panzós",7,2961,380,,,,,,,,,,,,,,,,,,,,,,,,,,,,0,,,
19291,"Alta Verapaz",16,"Panzós",7,2961,380,88,18,73,1,21,1,2,1,8,3,0,14,0,0,230,2,3,249,14,249,0,380,128,230,235,249,Sumas Asentadas sin cuadrar,1,3667ed4e7a65b4234de2a860a53b59c152bd0053f4e178710af917bf07ca631c,26/06/2023 02:40:18,ESCANER
19292,"Alta Verapaz",16,"Panzós",7,2961,380,96,23,64,0,27,5,6,4,7,3,0,10,0,0,245,16,5,266,0,266,--,380,114,245,266,266,Algún campo sin dato,1,32bb967ec52034ee5934bd0c47030d47b81dca143bc0c3f1682f51b9f662f7e3,26/06/2023 01:50:34,ESCANER
19293,"Alta Verapaz",16,"Panzós",7,2961,380,113,29,44,0,31,3,3,2,4,1,1,14,2,1,248,21,2,271,0,271,--,377,106,248,271,271,Algún campo sin dato,1,0d2bf0a1acc21da8e62182446f38378888c126b8a4e1025f5670039d5cb17ad3,26/06/2023 01:44:29,ESCANER
19294,"Alta Verapaz",16,"Panzós",7,2961,380,91,14,67,0,16,4,3,0,5,4,1,14,0,0,219,11,1,231,0,231,--,380,149,219,231,231,Algún campo sin dato,1,ab6159c2238232dc8d379f671cc6d9092041a3fbb3b50b8ec9d9c149cfeaf085,26/06/2023 03:30:45,ESCANER
19295,"Alta Verapaz",16,"Panzós",7,2961,380,,,,,,,,,,,,,,,,,,,,,,,,,,,,0,,,
19296,"Alta Verapaz",16,"Panzós",7,2961,380,,,,,,,,,,,,,,,,,,,,,,,,,,,,0,,,
19297,"Alta Verapaz",16,"Panzós",7,2961,380,102,11,55,0,24,1,3,1,2,1,0,9,0,0,209,7,3,219,0,219,--,380,161,209,219,219,Algún campo sin dato,1,35820675ed88524f5a103b50a01c06db393811710be7256cf7c2dfdc144512c1,25/06/2023 23:37:58,ESCANER
19298,"Alta Verapaz",16,"Panzós",7,2961,379,92,16,48,0,15,1,3,0,5,0,0,12,0,0,192,3,0,195,--,--,--,376,181,192,195,195,Algún campo sin dato,1,5a7bc4050ce94bd40b2d17fd130bd638f4a014af8eb74f9b268323a49a516b94,26/06/2023 03:22:24,ESCANER
19299,"Alta Verapaz",16,"Panzós",7,2961,379,98,16,36,0,17,0,0,1,4,1,0,11,0,1,185,0,3,188,14,202,--,376,174,185,188,202,Algún campo sin dato,1,0c157ffbce2832b26ec5e06896607d495dfd678690ff829fa4560a69ef4779ae,26/06/2023 01:36:55,ESCANER
19300,"Alta Verapaz",16,"Panzós",7,2962,375,14,12,28,0,9,1,0,0,1,0,0,1,0,0,66,8,1,75,0,75,--,375,300,66,75,75,Algún campo sin dato,1,3c66e971b345b7d6199ad6e9e4e1a6734ac3e7fe19230f2ca1537f258656bc4e,25/06/2023 22:27:43,ESCANER
19301,"Alta Verapaz",16,"Panzós",7,2962,374,5,10,14,0,4,0,0,0,0,0,0,0,1,1,35,4,0,39,0,39,1,374,334,35,39,39,,1,89b06ad6017e0962bf1351c7326c885d788cb96883019c7c824c4bfe64097f25,25/06/2023 22:39:03,ESCANER