﻿TIPO_DE_ELECCIÓN:,CORPORACIÓN MUNICIPAL
26 junio 2023 03:36 (UTC -6)
ACTAS_ESPERADAS,ACTAS_CAPTURADAS,PORCENTAJE_ACTAS_CAPTURADAS,ACTAS_CONTABILIZADAS,PORCENTAJE_ACTAS_CONTABILIZADAS,ACTAS_NO_CONTABILIZADAS,LISTA_NOMINAL_ACTAS_CONTABILIZADAS,VOTOS_EMITIDOS_CONTABILIZADAS,PORCENTAJE_PARTICIPACIÓN_CIUDADANA
49,45,91.8367,45,91.8367,0,16296,10950,67.1944

MESA,DEPARTAMENTO,ID_DEPARTAMENTO,MUNICIPIO,ID_MUNICIPIO,CENTRO_DE_VOTACIÓN,PADRÓN,MLP,CABAL,CCC,EL CANTARO,VALOR,VAMOS,BIEN,CCM,VOS,UNE,VIVA,AZUL,VÁLIDOS,NULOS,BLANCO,EMITIDOS,INVÁLIDOS,TOTAL,IMPUGNACIONES,PAPELETAS-RECIBIDAS,PAPELETAS-NO-USADAS,VALIDOS_CALCULADO,EMITIDOS_CALCULADO,TOTAL_CALCULADO,OBSERVACIONES,CONTABILIZADA,CÓDIGO_INTEGRIDAD,FECHA_HORA_PUBLICACIÓN,DIGITALIZACIÓN
23349,"Jalapa",21,"San Luis Jilotepeque",3,3666,400,7,20,127,98,4,16,0,40,0,3,0,0,315,8,4,327,0,327,--,400,73,315,327,327,Algún campo sin dato,1,00de784bd3d5dd81165eb204b44359957419d360c4ba6ac8f0f4b4a3d8432179,26/06/2023 00:48:18,ESCANER
23350,"Jalapa",21,"San Luis Jilotepeque",3,3666,400,1,14,121,109,5,22,4,41,0,7,0,0,324,7,2,333,0,333,--,400,67,324,333,333,Algún campo sin dato,1,9b411c919ee22089421d276c86ed9190e201260ad6b7c7a9b5c523e78eb0b77d,26/06/2023 02:48:35,ESCANER
23351,"Jalapa",21,"San Luis Jilotepeque",3,3666,400,3,21,116,107,4,21,3,42,1,3,0,0,321,0,0,321,0,321,--,380,59,321,321,321,Algún campo sin dato,1,6bfec25ea1c8d74a913f3cdedec63792f9ba2754093be5f901b23e2b5a77c22c,26/06/2023 00:09:39,ESCANER
23352,"Jalapa",21,"San Luis Jilotepeque",3,3666,400,3,24,100,119,2,22,9,33,2,7,2,1,324,12,0,336,0,336,--,400,64,324,336,336,Algún campo sin dato,1,0dd058d2e795597bf03f9bf7f8c95a439c466abed392f7372d540f537bfc42ea,26/06/2023 01:28:51,ESCANER
23353,"Jalapa",21,"San Luis Jilotepeque",3,3666,400,,,,,,,,,,,,,,,,,,,,,,,,,,0,,,
23354,"Jalapa",21,"San Luis Jilotepeque",3,3666,400,3,21,86,127,2,23,1,41,1,5,1,0,311,8,2,321,0,321,--,400,79,311,321,321,Algún campo sin dato,1,c464aa3d58f02ff461db850f439922f0b42380323b427add163a8e06c56e3580,26/06/2023 02:34:26,ESCANER
23355,"Jalapa",21,"San Luis Jilotepeque",3,3666,400,,,,,,,,,,,,,,,,,,,,,,,,,,0,,,
23356,"Jalapa",21,"San Luis Jilotepeque",3,3666,400,,,,,,,,,,,,,,,,,,,,,,,,,,0,,,
23357,"Jalapa",21,"San Luis Jilotepeque",3,3666,400,3,7,104,82,6,15,2,37,0,5,0,0,261,3,1,265,0,265,--,400,135,261,265,265,Algún campo sin dato,1,ca4f264886ad41bef3115920be31bab89b3a4f53d9267148e7c293d711533f52,26/06/2023 00:36:46,ESCANER
23358,"Jalapa",21,"San Luis Jilotepeque",3,3666,400,4,11,93,87,9,17,3,37,1,5,0,0,267,7,2,276,0,276,--,400,124,267,276,276,Algún campo sin dato,1,3125a3897bc8ab7cbbbe90a9784c9dc5019cb5cfacb004dfb44180cbca7988d7,26/06/2023 03:02:27,ESCANER
23359,"Jalapa",21,"San Luis Jilotepeque",3,3666,400,3,20,92,95,1,18,5,45,1,7,0,0,287,7,6,300,0,300,0,400,100,287,300,300,,1,6852bb3be957bf27f06b2bdf6721c43a8ca27e368ef59189c8c987c1951d2d69,26/06/2023 00:16:38,ESCANER
23360,"Jalapa",21,"San Luis Jilotepeque",3,3666,400,5,25,91,106,2,19,2,40,0,1,0,1,292,14,3,309,0,309,--,400,91,292,309,309,Algún campo sin dato,1,a3194a85eb5836df6e4c76c902e82099b7f731336aaa41e7a6d43172d8a37da8,26/06/2023 00:22:03,ESCANER
23361,"Jalapa",21,"San Luis Jilotepeque",3,3666,400,6,26,91,125,2,26,1,37,5,1,0,0,320,2,1,323,0,323,--,400,77,320,323,323,Algún campo sin dato,1,d8e07986d118c580e361b128cf2dc35f2dc446000ae001a91617ea358abdc4b8,26/06/2023 03:29:25,ESCANER
23362,"Jalapa",21,"San Luis Jilotepeque",3,3666,400,3,17,110,110,0,19,5,40,0,4,1,0,309,8,2,319,0,319,--,399,80,309,319,319,Algún campo sin dato,1,43df7584c80656096022fddd2ec6685167d204cff6b4498eb1bd4e52c97e2f6f,26/06/2023 02:33:11,ESCANER
23363,"Jalapa",21,"San Luis Jilotepeque",3,3666,400,4,15,120,106,2,24,1,26,0,1,0,0,299,7,1,307,--,307,--,399,90,299,307,307,Algún campo sin dato,1,16889223c6a7f45ac94c46ca47f5d575ea3b91ec6925828450829f5ec57f0d29,26/06/2023 01:37:56,ESCANER
23364,"Jalapa",21,"San Luis Jilotepeque",3,3666,400,5,27,112,85,6,23,3,37,2,2,0,0,302,8,3,313,0,313,--,400,87,302,313,313,Algún campo sin dato,1,9bb24c8d940a07e03a889d57d1bca48bc3fc18d25762b6a7463068853a43e215,26/06/2023 01:57:21,ESCANER
23365,"Jalapa",21,"San Luis Jilotepeque",3,3666,400,4,18,90,89,1,23,4,35,2,2,0,0,268,8,2,278,0,278,--,400,122,268,278,278,Algún campo sin dato,1,86a9065a9da7e034add48d578c5ff881c9b91d886af65efbf9d81e0841a71f05,25/06/2023 23:14:18,ESCANER
23366,"Jalapa",21,"San Luis Jilotepeque",3,3666,400,0,26,104,91,1,21,1,34,4,5,0,0,287,3,0,290,0,290,--,400,110,287,290,290,Algún campo sin dato,1,8c565ceb14e7102b60f5ea0c68dfdf6838d79f35aa384aaa2e3b3fb15c035984,26/06/2023 00:04:49,ESCANER
23367,"Jalapa",21,"San Luis Jilotepeque",3,3666,400,11,20,71,83,9,14,7,36,3,6,3,0,263,3,2,268,0,268,--,400,132,263,268,268,Algún campo sin dato,1,17fa99099856a0ac4ff6531d1675a3979c374089422d68de729860719889b1a3,25/06/2023 23:51:17,ESCANER
23368,"Jalapa",21,"San Luis Jilotepeque",3,3666,400,,,,,,,,,,,,,,,,,,,,,,,,,,0,,,
23369,"Jalapa",21,"San Luis Jilotepeque",3,3667,400,4,22,120,93,3,16,1,39,2,4,0,0,304,1,0,305,0,305,--,400,95,304,305,305,Algún campo sin dato,1,8d3854a8e3be26bc80937bda6cffbcfa90134afa12fe8b6183b7db49b357a810,26/06/2023 01:41:17,ESCANER
23370,"Jalapa",21,"San Luis Jilotepeque",3,3667,358,3,17,112,96,1,7,5,24,0,4,0,0,269,1,1,271,0,271,--,358,87,269,271,271,Algún campo sin dato,1,908a04eba85c775a6aacd700de69ccfc9131ee3a014741add4b2363041033326,26/06/2023 03:02:57,ESCANER
23371,"Jalapa",21,"San Luis Jilotepeque",3,3667,358,1,19,80,66,4,8,2,22,1,1,0,0,204,6,2,212,0,212,--,358,146,204,212,212,Algún campo sin dato,1,309e1cb67680254021d8137bc39ab019ff7a9dc1fdb27bf94ff02137271abfc2,25/06/2023 23:45:19,ESCANER
23372,"Jalapa",21,"San Luis Jilotepeque",3,3668,400,2,23,54,69,5,28,3,96,0,20,0,0,300,12,5,317,0,317,--,396,79,300,317,317,Algún campo sin dato,1,8c7fbcd7fd933b2ead4f557bcb300d7dc13baf00a74e4aa99cc94b554e4ec3a3,26/06/2023 01:25:32,ESCANER
23373,"Jalapa",21,"San Luis Jilotepeque",3,3668,236,0,10,42,33,2,17,4,42,0,7,1,0,158,7,0,165,0,165,--,236,71,158,165,165,Algún campo sin dato,1,aefc12f6087eb2da517feff308b3e953985d0d8c2ba21fde780ecb87c69a7b42,25/06/2023 23:44:19,ESCANER
23374,"Jalapa",21,"San Luis Jilotepeque",3,3669,236,1,17,36,24,2,17,3,49,0,6,0,0,155,4,1,160,0,160,--,236,76,155,160,160,Algún campo sin dato,1,0483fedb6e0fb625a7df7a121ca6c2fc202d7b611ecac6f26bda9361f88577b0,26/06/2023 01:08:10,ESCANER
23375,"Jalapa",21,"San Luis Jilotepeque",3,3670,400,18,37,57,78,17,16,3,42,0,11,0,0,279,16,6,301,0,301,--,400,99,279,301,301,Algún campo sin dato,1,13ea2dcf4707ca3f153d5214e83326d6deb4e821ed46e4b1fb9657a5d8ac8a8a,26/06/2023 01:59:32,ESCANER
23376,"Jalapa",21,"San Luis Jilotepeque",3,3670,400,10,35,54,37,9,16,9,50,3,15,0,0,238,12,2,252,0,252,--,400,148,238,252,252,Algún campo sin dato,1,828867121b309dbf0d73a9c36449b0fec66b2bc226497363cd57168543174996,26/06/2023 02:08:27,ESCANER
23377,"Jalapa",21,"San Luis Jilotepeque",3,3670,297,11,19,50,39,10,19,1,29,0,3,2,0,183,8,1,192,0,192,--,297,105,183,192,192,Algún campo sin dato,1,f3e5cfc7f309458b6e216aadf2ec9e8716270fad84f281d7a5ffcbc3d4804309,25/06/2023 23:59:48,ESCANER
23378,"Jalapa",21,"San Luis Jilotepeque",3,3670,297,11,25,48,20,19,16,2,34,0,2,0,1,178,4,1,183,0,183,--,297,114,178,183,183,Algún campo sin dato,1,7c84981387c2987e5f06a7956f0871c11d404e282df85819a9108ff599c34caf,26/06/2023 02:13:53,ESCANER
23379,"Jalapa",21,"San Luis Jilotepeque",3,3671,283,2,24,48,28,5,17,4,39,3,8,2,--,180,12,6,198,0,198,--,283,85,180,198,198,Algún campo sin dato,1,9819663f4733d28a1116f31b9fbe0bc40bffda75cfd11c6bfb08fa8fc38f2152,25/06/2023 22:57:01,ESCANER
23380,"Jalapa",21,"San Luis Jilotepeque",3,3671,283,1,27,47,25,2,12,5,41,4,10,0,0,174,6,1,181,--,--,--,280,99,174,181,181,Algún campo sin dato,1,dc066b7e01a461843fb70088fb879b1edb5ebf6b986c888915832becebdbfe77,26/06/2023 01:28:44,ESCANER
23381,"Jalapa",21,"San Luis Jilotepeque",3,3672,380,57,9,30,32,9,8,2,56,3,4,1,1,212,31,3,246,0,246,--,400,154,212,246,246,Algún campo sin dato,1,a60cad4d8d100aa419740225369e4d06a7a571adb99bc3f301a3dc246d32f098,26/06/2023 01:14:55,ESCANER
23382,"Jalapa",21,"San Luis Jilotepeque",3,3672,380,50,15,22,44,15,22,2,53,0,9,0,0,232,17,8,257,0,257,--,380,123,232,257,257,Algún campo sin dato,1,37b4d7c6b737a92cc55d6d4d2d28d5b2a39640d1068c89f54632b1398b1066fb,26/06/2023 01:29:25,ESCANER
23383,"Jalapa",21,"San Luis Jilotepeque",3,3672,380,45,15,25,31,10,21,1,80,1,9,0,0,238,26,8,272,0,272,--,380,108,238,272,272,Algún campo sin dato,1,dd5a83830f2e1e74ceb1f168fdd34e25bf5813413be358da57db313a23260563,26/06/2023 01:05:44,ESCANER
23384,"Jalapa",21,"San Luis Jilotepeque",3,3672,380,35,18,31,28,6,14,1,45,2,5,1,0,186,14,3,203,0,203,--,380,177,186,203,203,Algún campo sin dato,1,6e1a1bf61c8335e582e6581d3817421609c3ccf3d3baa08c2c1981a11175cd37,26/06/2023 01:40:25,ESCANER
23385,"Jalapa",21,"San Luis Jilotepeque",3,3672,380,26,11,22,36,5,15,1,45,0,1,0,0,162,23,7,192,0,192,--,380,188,162,192,192,Algún campo sin dato,1,30d15103e0b59a14eb92ef1ccaf03989f9c3478958ab5550c965d8ed1464472d,26/06/2023 01:45:06,ESCANER
23386,"Jalapa",21,"San Luis Jilotepeque",3,3673,200,22,15,13,6,3,15,0,32,1,2,0,0,109,7,0,116,0,116,--,200,84,109,116,116,Algún campo sin dato,1,a052cb89d67ed0378e2e010a621acafcdf38f3f556a6d4138e880e46d1f5efd9,25/06/2023 22:54:33,ESCANER
23387,"Jalapa",21,"San Luis Jilotepeque",3,3673,199,12,6,20,12,4,7,0,31,1,1,0,0,94,7,0,101,0,101,--,199,98,94,101,101,Algún campo sin dato,1,b929b88b94838bd54240b2be654aaaebd53960a52dd04c94828284a3a91a0c23,25/06/2023 23:43:00,ESCANER
23388,"Jalapa",21,"San Luis Jilotepeque",3,3674,380,2,18,24,46,6,83,3,60,0,11,1,0,254,18,3,275,0,275,--,380,105,254,275,275,Algún campo sin dato,1,cdc06bb5704b54c47cc0e02d58c169a1a87227133ed48e5b387bf8b2bf81f231,26/06/2023 03:32:54,ESCANER
23389,"Jalapa",21,"San Luis Jilotepeque",3,3674,380,1,24,35,23,7,68,4,61,1,7,1,0,232,16,3,251,0,251,--,381,127,232,251,251,Algún campo sin dato,1,b062602475ef1e027550682032aa3ddac145a972f07cb89fc999254f01514045,26/06/2023 01:41:08,ESCANER
23390,"Jalapa",21,"San Luis Jilotepeque",3,3674,380,2,19,32,42,6,65,5,52,0,5,0,0,228,7,3,238,0,238,--,380,142,228,238,238,Algún campo sin dato,1,b441da943bf5e6003283f68caff5e6edcb81e440b54bca2dd5f3385ced517910,26/06/2023 01:44:25,ESCANER
23391,"Jalapa",21,"San Luis Jilotepeque",3,3674,320,1,23,23,20,3,60,2,41,0,4,0,0,177,19,0,196,0,196,--,320,124,177,196,196,Algún campo sin dato,1,1e28733a5ff5561c66eadcbb5610eb3ab9f1cdbb6fcb79b172bd53a9ef01fa47,26/06/2023 00:48:00,ESCANER
23392,"Jalapa",21,"San Luis Jilotepeque",3,3674,319,1,23,25,25,3,51,2,35,0,7,0,0,172,3,0,175,0,175,--,319,144,172,175,175,Algún campo sin dato,1,04c38bf20285caee7b5848047a8959f4f22dad983ffd2d84160e5dccf8276ef1,26/06/2023 00:10:58,ESCANER
23393,"Jalapa",21,"San Luis Jilotepeque",3,3675,380,3,43,11,28,4,57,1,78,0,15,0,0,240,18,5,263,0,263,--,380,117,240,263,263,Algún campo sin dato,1,13b54f1b0621965c868af9fdb25eb84129419eb3ba0e4c096725e9876a7744fd,26/06/2023 00:28:21,ESCANER
23394,"Jalapa",21,"San Luis Jilotepeque",3,3675,237,0,15,8,17,2,40,0,44,0,8,1,0,135,20,1,156,0,156,--,237,81,135,156,156,Algún campo sin dato,1,41e63b1c6d7ec03bfbb9e885a501fa2a455d49ec3a8c4847bc1afc45d1de0e52,25/06/2023 23:34:59,ESCANER
23395,"Jalapa",21,"San Luis Jilotepeque",3,3675,236,0,18,9,18,3,26,0,50,0,4,1,0,129,5,0,134,0,134,--,236,102,129,134,134,Algún campo sin dato,1,7e7c0540c052da89c492d010289f66562eace679ea6139986d99fc6a7cbfee4a,25/06/2023 23:22:52,ESCANER
23396,"Jalapa",21,"San Luis Jilotepeque",3,3676,509,4,16,38,60,3,11,6,21,1,2,2,0,164,10,1,175,0,175,--,509,334,164,175,175,Algún campo sin dato,1,7a42868e5e06d3d3343733f7f0ed5adcc03df3a0f3c6108b264b71911b86e086,26/06/2023 03:08:16,ESCANER
23397,"Jalapa",21,"San Luis Jilotepeque",3,3676,508,4,8,20,16,2,5,0,15,1,0,0,0,71,3,3,77,0,77,--,508,431,71,77,77,Algún campo sin dato,1,7e27e76bc452dfd1ef11a34490a5d6fcfbf8d348f65fdec79401c536c3b8d60d,26/06/2023 02:41:48,ESCANER