﻿TIPO_DE_ELECCIÓN:,CORPORACIÓN MUNICIPAL
26 junio 2023 03:36 (UTC -6)
ACTAS_ESPERADAS,ACTAS_CAPTURADAS,PORCENTAJE_ACTAS_CAPTURADAS,ACTAS_CONTABILIZADAS,PORCENTAJE_ACTAS_CONTABILIZADAS,ACTAS_NO_CONTABILIZADAS,LISTA_NOMINAL_ACTAS_CONTABILIZADAS,VOTOS_EMITIDOS_CONTABILIZADAS,PORCENTAJE_PARTICIPACIÓN_CIUDADANA
41,41,100.0000,41,100.0000,0,14462,8960,61.9554

MESA,DEPARTAMENTO,ID_DEPARTAMENTO,MUNICIPIO,ID_MUNICIPIO,CENTRO_DE_VOTACIÓN,PADRÓN,VIVA,VAMOS,UNE,CABAL,PHG,PPN,CAMBIO,TODOS,VALOR UNIONISTA,VÁLIDOS,NULOS,BLANCO,EMITIDOS,INVÁLIDOS,TOTAL,IMPUGNACIONES,PAPELETAS-RECIBIDAS,PAPELETAS-NO-USADAS,VALIDOS_CALCULADO,EMITIDOS_CALCULADO,TOTAL_CALCULADO,OBSERVACIONES,CONTABILIZADA,CÓDIGO_INTEGRIDAD,FECHA_HORA_PUBLICACIÓN,DIGITALIZACIÓN
11626,"Quetzaltenango",9,"Flores Costa Cuca",22,1554,400,28,126,13,0,4,2,0,1,70,244,15,1,260,2,262,--,400,138,244,260,262,Algún campo sin dato,1,11b4cb986e506dc962b55916e27a82a7227f6ca5c9c066a49dcecd96bb014229,26/06/2023 01:01:02,ESCANER
11627,"Quetzaltenango",9,"Flores Costa Cuca",22,1554,400,20,110,20,0,2,0,0,1,87,181,44,39,264,0,264,--,400,136,240,323,323,Sumas Asentadas sin cuadrar,1,4b33406ca59b23a34fa97751eb50b5260a093c737fa5797639ce2161a672c85c,26/06/2023 00:57:57,ESCANER
11628,"Quetzaltenango",9,"Flores Costa Cuca",22,1554,400,29,138,13,1,6,2,0,1,73,263,25,4,292,0,292,--,400,108,263,292,292,Algún campo sin dato,1,b6016c754ec4c3372ab366dbd11924aa5f0f795725d24ce8fde4880e647c6de0,26/06/2023 01:06:53,ESCANER
11629,"Quetzaltenango",9,"Flores Costa Cuca",22,1555,400,31,148,19,1,5,1,0,0,74,279,8,3,290,0,290,--,400,110,279,290,290,Algún campo sin dato,1,3b4956d6e49d6d5fbf89e893fbece7f3d155c76e9752f1dcfae2996bbf2b2ef6,26/06/2023 01:18:36,ESCANER
11630,"Quetzaltenango",9,"Flores Costa Cuca",22,1555,400,28,130,14,0,1,0,1,4,81,259,10,7,276,0,276,--,400,124,259,276,276,Algún campo sin dato,1,0f82115d8be33bb390dda836d1a29f3ce68d82ca45d2c098a89203117320b6a5,26/06/2023 01:28:17,ESCANER
11631,"Quetzaltenango",9,"Flores Costa Cuca",22,1555,400,39,101,9,1,5,1,0,0,91,247,13,1,261,0,261,--,400,139,247,261,261,Algún campo sin dato,1,63c33fb7e04c798d7de68942f4b93787a1d2f0f0d79ca1334d3ab713390952dd,26/06/2023 01:46:11,ESCANER
11632,"Quetzaltenango",9,"Flores Costa Cuca",22,1555,400,27,105,11,2,5,0,0,1,80,231,10,2,243,0,243,--,400,157,231,243,243,Algún campo sin dato,1,7fb23af35f92365a954a2f44d16a2aea2f57326ff02c2e56a02233c20130ca7d,26/06/2023 01:40:50,ESCANER
11633,"Quetzaltenango",9,"Flores Costa Cuca",22,1556,400,28,87,8,1,8,0,0,1,79,212,12,1,225,0,225,--,400,175,212,225,225,Algún campo sin dato,1,283a20a072477c7b6d1e987b4b03563822e2cd9f022bb00e7e4adeaa2aeb5916,25/06/2023 23:04:29,ESCANER
11634,"Quetzaltenango",9,"Flores Costa Cuca",22,1556,400,26,104,6,1,3,0,0,0,97,237,3,0,240,0,240,--,400,160,237,240,240,Algún campo sin dato,1,35f617d058a46f5e54f46f72fd992b5dcffa4e4dbd6d7f86ac421b0426c5ff47,25/06/2023 23:06:14,ESCANER
11635,"Quetzaltenango",9,"Flores Costa Cuca",22,1556,207,8,77,7,0,1,0,0,0,44,137,0,0,137,0,137,--,--,--,137,137,137,Algún campo sin dato,1,e6c23f140671f18bc37a750bc17a6866bb519a738536788356221bd293c80715,25/06/2023 23:13:31,ESCANER
11636,"Quetzaltenango",9,"Flores Costa Cuca",22,1556,207,15,53,3,1,8,--,--,--,43,123,3,0,126,0,126,--,207,81,123,126,126,Algún campo sin dato,1,673435468961f4b37bfbcc3936501df975971ce2b9e36e7ac6a0b23b43b4de5d,25/06/2023 23:32:04,ESCANER
11637,"Quetzaltenango",9,"Flores Costa Cuca",22,1557,380,14,100,5,6,0,1,0,0,132,258,23,1,282,0,282,--,380,98,258,282,282,Algún campo sin dato,1,2fe4c443bde025944b2d85d328fec5fc34211c860bd0f05ea99a08eb5f43f450,26/06/2023 01:42:20,ESCANER
11638,"Quetzaltenango",9,"Flores Costa Cuca",22,1557,380,10,95,12,0,1,0,0,0,107,228,24,3,255,0,255,--,380,125,225,252,252,Sumas Asentadas sin cuadrar,1,d09abb5311b56746b55c28537d3c0afa2be5a693e5ccf1d76e5cedbeacfaede6,26/06/2023 01:51:17,ESCANER
11639,"Quetzaltenango",9,"Flores Costa Cuca",22,1557,380,18,102,6,3,0,0,0,0,92,221,17,1,239,0,239,--,380,141,221,239,239,Algún campo sin dato,1,1934132c44b68094cd5ec9f18750f6e0b2c74c1c4f7052ade951d7d8160bda4f,26/06/2023 01:59:43,ESCANER
11640,"Quetzaltenango",9,"Flores Costa Cuca",22,1557,227,11,54,5,1,3,0,0,0,58,132,4,1,137,0,137,--,227,90,132,137,137,Algún campo sin dato,1,206a14322546347d5e5401f949ea1da3b302bf12376fb968eb1647f0916d7f59,26/06/2023 02:09:24,ESCANER
11641,"Quetzaltenango",9,"Flores Costa Cuca",22,1557,226,8,61,2,0,0,1,0,0,72,144,2,0,146,0,146,--,226,80,144,146,146,Algún campo sin dato,1,eb0bd97e0efb31de3f0dea555cdc5f45b73872ae85abc1715b87407753e70cbe,26/06/2023 02:20:33,ESCANER
11642,"Quetzaltenango",9,"Flores Costa Cuca",22,1558,380,27,98,11,0,2,1,0,0,65,204,20,11,235,0,235,--,380,145,204,235,235,Algún campo sin dato,1,e8784448694d76d905c75b31af20ddc25e85b2ca20e359982aba9e07d025fbcf,26/06/2023 00:58:02,ESCANER
11643,"Quetzaltenango",9,"Flores Costa Cuca",22,1558,380,27,115,17,0,4,0,0,1,59,223,23,5,251,0,251,--,380,129,223,251,251,Algún campo sin dato,1,ee39b5d0100d1b00211bea93edbbcf2c4e4a03be8ca8f97efb8e63e7e9f4ae58,26/06/2023 01:12:45,ESCANER
11644,"Quetzaltenango",9,"Flores Costa Cuca",22,1558,380,38,98,8,1,1,2,1,1,82,232,24,9,265,0,265,--,380,115,232,265,265,Algún campo sin dato,1,52775da7eb2a2b5b84ef6b081a815160584114a7a405fb87ca3e4e5746b46185,26/06/2023 01:17:57,ESCANER
11645,"Quetzaltenango",9,"Flores Costa Cuca",22,1558,380,21,100,6,2,6,1,0,1,78,215,18,7,240,0,240,--,382,142,215,240,240,Algún campo sin dato,1,8b978f8d0936c93d0a22e8acc57d0ba499024e58d2153c47f386f9ca54ce5d68,26/06/2023 00:59:38,ESCANER
11646,"Quetzaltenango",9,"Flores Costa Cuca",22,1558,380,25,84,11,0,2,0,0,0,67,189,12,1,202,0,202,--,379,177,189,202,202,Algún campo sin dato,1,c01a001870cb6d745b59f22ccd1aef61f0dd3d667155ec5ab0ce228933633e60,26/06/2023 01:13:12,ESCANER
11647,"Quetzaltenango",9,"Flores Costa Cuca",22,1558,320,25,84,6,0,1,0,0,0,72,188,7,2,197,0,197,--,320,123,188,197,197,Algún campo sin dato,1,f5d42353a60ecc596ac063933817d9d14211499050e1b4754da5692eef84ded3,26/06/2023 01:23:04,ESCANER
11648,"Quetzaltenango",9,"Flores Costa Cuca",22,1558,319,23,73,8,1,2,0,0,0,75,182,3,2,187,0,187,1,319,132,182,187,187,,1,6a1102a7aa2f0f34455bfa4cde1578fd5d3980409a3413c2d396b092bd83b595,26/06/2023 01:37:31,ESCANER
11649,"Quetzaltenango",9,"Flores Costa Cuca",22,1559,380,35,108,11,0,6,3,0,2,77,242,26,15,283,0,283,--,380,94,242,283,283,Algún campo sin dato,1,c1a6a7fb37e7c7627c5d0b9e96020f1a4397bbaa41be87e69adb0b5dfc60c8f0,26/06/2023 01:59:54,ESCANER
11650,"Quetzaltenango",9,"Flores Costa Cuca",22,1559,380,40,86,16,0,5,1,0,0,93,241,26,3,270,--,--,--,380,110,241,270,270,Algún campo sin dato,1,6ab89f5f23afda7830537c743588a1247f5d82e7932cbb1f4013c05c0b2db006,26/06/2023 02:07:34,ESCANER
11651,"Quetzaltenango",9,"Flores Costa Cuca",22,1559,246,26,54,10,0,1,0,0,1,44,136,7,2,145,0,145,--,246,101,136,145,145,Algún campo sin dato,1,93561f0d7839aa1ad0d9e36b3fdf949ddb5ee57960cfbd54ddcaf37167edf077,26/06/2023 02:09:55,ESCANER
11652,"Quetzaltenango",9,"Flores Costa Cuca",22,1559,245,28,57,7,2,3,0,0,0,56,158,4,1,158,0,158,--,245,87,153,158,158,Sumas Asentadas sin cuadrar,1,1d4c5acb83d93d6e9d972ed691980768d809781087051705fc1191eb460dfa52,26/06/2023 02:19:21,ESCANER
11653,"Quetzaltenango",9,"Flores Costa Cuca",22,1560,300,36,41,18,1,6,1,0,0,46,149,36,9,194,0,194,--,300,106,149,194,194,Algún campo sin dato,1,724bf9a9619d24bcf59eab40780015d5a8eb08e6b023ae991e264776ae53ce5f,26/06/2023 01:16:02,ESCANER
11654,"Quetzaltenango",9,"Flores Costa Cuca",22,1560,299,51,35,7,0,2,0,0,0,60,155,13,1,169,0,169,--,299,130,155,169,169,Algún campo sin dato,1,5d560278befe09b216cc73db0d0d169d7f65ce7f4a3839b7f2ab2a290cbe3a1a,26/06/2023 01:20:17,ESCANER
11655,"Quetzaltenango",9,"Flores Costa Cuca",22,1561,380,9,109,11,1,2,1,1,2,107,243,30,1,274,0,274,--,379,105,243,274,274,Algún campo sin dato,1,60498229da3609acb24663a8c164d8aeebbea668526a92d8897b33066832070b,26/06/2023 00:53:16,ESCANER
11656,"Quetzaltenango",9,"Flores Costa Cuca",22,1561,380,7,118,11,1,4,0,0,0,101,242,23,4,269,0,269,--,380,111,242,269,269,Algún campo sin dato,1,4cc398afdeae05eb8ac3159af17efd9ebc4b8f484169d99b635483f567a463b5,26/06/2023 01:10:47,ESCANER
11657,"Quetzaltenango",9,"Flores Costa Cuca",22,1561,380,6,114,10,2,2,0,0,2,99,235,15,4,254,0,254,--,380,126,235,254,254,Algún campo sin dato,1,d2701cdf85f81b3459337d08cd2e11afaeb4b50ebe1224767c507dcb968d9ea1,26/06/2023 01:20:42,ESCANER
11658,"Quetzaltenango",9,"Flores Costa Cuca",22,1561,380,10,97,9,1,3,0,0,2,102,224,11,4,239,0,239,--,380,141,224,239,239,Algún campo sin dato,1,b467fa3c7a92e8edf19b4d358b0cad81d633b272148cc59a6909581a8b91c29e,26/06/2023 01:30:56,ESCANER
11659,"Quetzaltenango",9,"Flores Costa Cuca",22,1561,243,12,49,7,0,2,1,0,0,66,137,1,1,139,0,139,--,242,103,137,139,139,Algún campo sin dato,1,0803473652b852f495bd1c5a9410772db9f98b9c04a69d0a1c0c942361f71044,26/06/2023 01:44:31,ESCANER
11660,"Quetzaltenango",9,"Flores Costa Cuca",22,1561,242,15,70,3,0,5,0,0,0,63,156,4,0,160,0,160,--,242,82,156,160,160,Algún campo sin dato,1,1da681fb6520a0c418336c7fd19ec22f50e9bb299dc89d07a8b226c0c4c4553b,26/06/2023 01:53:15,ESCANER
11661,"Quetzaltenango",9,"Flores Costa Cuca",22,1562,380,9,152,18,0,5,0,0,0,76,260,35,4,299,0,299,--,380,81,260,299,299,Algún campo sin dato,1,a5da60d4ad7e1f3bc6e0fe763b9ee4258b169d7b961338aeadc8268b66966e3f,26/06/2023 01:55:44,ESCANER
11662,"Quetzaltenango",9,"Flores Costa Cuca",22,1562,359,3,151,9,1,5,0,0,0,72,241,15,3,259,0,259,--,356,97,241,259,259,Algún campo sin dato,1,46c97765bcb22f217819eab8b29720942f9856ca682ac99233a77f969a8610ff,26/06/2023 02:02:22,ESCANER
11663,"Quetzaltenango",9,"Flores Costa Cuca",22,1562,358,13,133,6,0,5,0,1,1,73,232,9,0,241,0,241,--,358,117,232,241,241,Algún campo sin dato,1,7b77827e4a3f1fe0e78093ae6ef0e9371b13c1eeef3abed1b6e5440727749133,26/06/2023 02:09:58,ESCANER
11664,"Quetzaltenango",9,"Flores Costa Cuca",22,1563,600,18,69,11,2,1,3,0,1,64,169,2,9,180,11,191,--,598,407,169,180,191,Algún campo sin dato,1,41261f45741570c0bb3802783fa36ea1344b3e6a2c066da4ce92c40393926af7,26/06/2023 00:17:01,ESCANER
11665,"Quetzaltenango",9,"Flores Costa Cuca",22,1563,382,9,35,3,1,3,0,0,1,25,77,5,3,85,0,85,--,382,297,77,85,85,Algún campo sin dato,1,166f14bb2e11344cb9826543a7ea039c31a22f5e894eaf352dcddc72d06cd150,26/06/2023 00:27:49,ESCANER
11666,"Quetzaltenango",9,"Flores Costa Cuca",22,1563,382,5,13,1,1,1,1,0,0,13,35,1,0,36,0,36,--,382,346,35,36,36,Algún campo sin dato,1,f2eddefe8d99459ab5fe4be39dc737e0d52346c65b98bac0c2dbcffc1b933d9f,26/06/2023 00:37:00,ESCANER