﻿TIPO_DE_ELECCIÓN:,CORPORACIÓN MUNICIPAL
26 junio 2023 03:36 (UTC -6)
ACTAS_ESPERADAS,ACTAS_CAPTURADAS,PORCENTAJE_ACTAS_CAPTURADAS,ACTAS_CONTABILIZADAS,PORCENTAJE_ACTAS_CONTABILIZADAS,ACTAS_NO_CONTABILIZADAS,LISTA_NOMINAL_ACTAS_CONTABILIZADAS,VOTOS_EMITIDOS_CONTABILIZADAS,PORCENTAJE_PARTICIPACIÓN_CIUDADANA
130,125,96.1538,125,96.1538,0,44988,33517,74.5020

MESA,DEPARTAMENTO,ID_DEPARTAMENTO,MUNICIPIO,ID_MUNICIPIO,CENTRO_DE_VOTACIÓN,PADRÓN,VAMOS,UNE,TODOS,CABAL,VIVA,SEMILLA,VOS,MLP,VALOR UNIONISTA,VÁLIDOS,NULOS,BLANCO,EMITIDOS,INVÁLIDOS,TOTAL,IMPUGNACIONES,PAPELETAS-RECIBIDAS,PAPELETAS-NO-USADAS,VALIDOS_CALCULADO,EMITIDOS_CALCULADO,TOTAL_CALCULADO,OBSERVACIONES,CONTABILIZADA,CÓDIGO_INTEGRIDAD,FECHA_HORA_PUBLICACIÓN,DIGITALIZACIÓN
9229,"Sololá",7,"Nahualá",5,1127,400,165,6,4,131,4,1,5,6,2,324,8,5,337,0,337,--,400,63,324,337,337,Algún campo sin dato,1,87a45c707b090eaae02fbdbe3295cbd5d389218ad2c3dc83a65a15c35b2ec305,25/06/2023 23:41:26,ESCANER
9230,"Sololá",7,"Nahualá",5,1127,400,154,6,5,140,4,3,6,13,1,332,10,5,347,0,347,--,400,53,332,347,347,Algún campo sin dato,1,808a82881c2ae37ebccfea6843843de5feb01efa66eaca3d9862f8026e823988,25/06/2023 22:56:06,ESCANER
9231,"Sololá",7,"Nahualá",5,1127,400,165,6,4,125,5,1,5,7,2,320,14,16,350,0,350,--,400,50,320,350,350,Algún campo sin dato,1,08002e8123668f0b0808ea9a6b318fb618e3b1261403e813fc4dfd90eb1c1ec9,25/06/2023 22:48:05,ESCANER
9232,"Sololá",7,"Nahualá",5,1127,400,153,5,3,166,7,2,2,13,1,352,11,8,371,0,371,--,400,29,352,371,371,Algún campo sin dato,1,7c88c3ab8ecc2206d9192dae061dfde533bdaa152fda66f4e154980aa4571f25,25/06/2023 22:49:02,ESCANER
9233,"Sololá",7,"Nahualá",5,1127,400,137,4,8,133,9,2,16,17,2,328,13,5,346,0,346,--,400,54,328,346,346,Algún campo sin dato,1,e60d2679bff17700a0db0078a112ec1519de19a2f6e2394705e4deac4ba2bfe1,26/06/2023 00:26:02,ESCANER
9234,"Sololá",7,"Nahualá",5,1127,400,163,6,13,99,5,2,14,10,0,312,10,18,340,0,340,--,400,60,312,340,340,Algún campo sin dato,1,067bda2b7467d14b31fc5f37e4840a8fe6751a28ef9a0481b2baeea6aaf258d3,25/06/2023 23:24:08,ESCANER
9235,"Sololá",7,"Nahualá",5,1127,400,143,10,4,138,11,3,5,7,1,322,14,8,344,0,344,--,399,55,322,344,344,Algún campo sin dato,1,37965966dd5ac0f65f1206376232dc043e2cabf5e42999785e1355beb9f8185a,25/06/2023 23:28:58,ESCANER
9236,"Sololá",7,"Nahualá",5,1127,400,139,28,6,126,6,2,5,12,0,324,8,8,340,0,340,--,400,60,324,340,340,Algún campo sin dato,1,f7903476d3d1b1bd9a93d8a1fe8fcf132b691e59cd17ae9be56894d3375053d6,25/06/2023 22:51:01,ESCANER
9237,"Sololá",7,"Nahualá",5,1127,400,121,10,1,164,2,1,14,6,2,321,7,9,337,0,337,--,400,63,321,337,337,Algún campo sin dato,1,653b7dcc2685c8a273c29e39b595ff36f5992605908640f6285546fd5fc6837e,25/06/2023 23:06:13,ESCANER
9238,"Sololá",7,"Nahualá",5,1127,400,166,11,2,125,5,1,1,1,4,316,8,4,328,0,328,--,400,72,316,328,328,Algún campo sin dato,1,ab00c5c4fc2a7128ec139f663c1b43bba30384b06263c96ae7a83bd1c2aa7dad,26/06/2023 00:13:54,ESCANER
9239,"Sololá",7,"Nahualá",5,1127,400,128,5,3,130,6,1,6,6,2,287,6,0,293,0,293,--,400,107,287,293,293,Algún campo sin dato,1,2b883d90b7e5f84d7771400b35f490558182e00be940d1abecb59878c1b66c0d,26/06/2023 00:44:55,ESCANER
9240,"Sololá",7,"Nahualá",5,1127,400,126,7,4,115,5,1,12,6,1,277,7,6,290,0,290,--,400,110,277,290,290,Algún campo sin dato,1,092a435d6e697a4e1337b8c44d2c83fac9dc49e24dd1369063678198e8a3430c,25/06/2023 23:34:59,ESCANER
9241,"Sololá",7,"Nahualá",5,1128,400,117,2,2,139,3,3,9,5,0,280,7,10,297,0,297,--,400,103,280,297,297,Algún campo sin dato,1,df64978c6ef52a834e9138a5702e9bbd956104e26ddff4fb1b8b504b51c7fc8b,25/06/2023 21:42:21,ESCANER
9242,"Sololá",7,"Nahualá",5,1128,400,120,9,2,117,4,4,8,4,2,270,5,7,282,0,282,--,400,118,270,282,282,Algún campo sin dato,1,65b94b193e2bfc581007588dc7c6e097b2f403cd0c305d64c8ff776bc29292a1,25/06/2023 22:22:09,ESCANER
9243,"Sololá",7,"Nahualá",5,1128,400,125,6,6,131,6,1,6,1,0,282,4,2,288,0,288,--,400,112,282,288,288,Algún campo sin dato,1,2926741429d4b9cd70b0afed5c13ce89d6657d5093965a6d35289ffbc1a34bff,25/06/2023 22:02:10,ESCANER
9244,"Sololá",7,"Nahualá",5,1128,400,139,4,4,111,2,2,6,3,2,273,5,4,282,0,282,--,400,118,273,282,282,Algún campo sin dato,1,af0da32f6e0bb677bc43a77a77cf804f0b06e0c35edc46b3bf8af6bc30c7811a,26/06/2023 00:06:57,ESCANER
9245,"Sololá",7,"Nahualá",5,1128,312,107,2,2,89,1,3,2,1,0,207,2,2,211,0,211,--,312,101,207,211,211,Algún campo sin dato,1,3787b1d2fac9e43f033b5cc7f245581cf20a3fd2956a86f214b0588206b46719,25/06/2023 22:27:12,ESCANER
9246,"Sololá",7,"Nahualá",5,1128,312,103,2,5,91,1,0,2,1,2,207,4,2,213,0,213,--,312,99,207,213,213,Algún campo sin dato,1,a434cf5d5d8aa2fbaad2d1791c64e7938046d1b6443e6f002e0193f643ad83ac,25/06/2023 21:54:48,ESCANER
9247,"Sololá",7,"Nahualá",5,1129,400,165,3,1,101,16,0,7,2,1,296,12,10,318,0,318,--,400,82,296,318,318,Algún campo sin dato,1,19a544312636ebed2fc527a15024403d125672d5c6e4141f7283da91fb0bf0ff,26/06/2023 00:21:41,ESCANER
9248,"Sololá",7,"Nahualá",5,1129,400,184,7,3,110,11,1,8,2,0,326,12,10,348,0,348,--,400,52,326,348,348,Algún campo sin dato,1,c842a3482d0e5c443a2fc6e1bc6307ab75b49ad7f0af4137eb1154bac8000048,26/06/2023 02:12:57,ESCANER
9249,"Sololá",7,"Nahualá",5,1129,400,180,4,0,114,21,1,8,5,2,335,13,4,352,0,352,--,400,48,335,352,352,Algún campo sin dato,1,b1d5a7d36f3e41b012a5a58189db450fdcdfebc53d435abcdf8818871c8917c6,26/06/2023 01:36:39,ESCANER
9250,"Sololá",7,"Nahualá",5,1129,400,154,6,2,100,45,1,8,1,5,322,10,13,345,0,345,--,400,55,322,345,345,Algún campo sin dato,1,b768722f6e4bc371f7fa770c2dcab8861b112870e0d1f868051042eefcef3bbf,25/06/2023 23:20:50,ESCANER
9251,"Sololá",7,"Nahualá",5,1129,400,174,5,1,113,18,1,1,3,0,316,6,12,334,0,334,--,400,66,316,334,334,Algún campo sin dato,1,7bd30826d7badb898fe9b50253d5e229d4920bf0720e0662084c79e82f53e570,26/06/2023 01:45:34,ESCANER
9252,"Sololá",7,"Nahualá",5,1129,400,,,,,,,,,,,,,,,,,,,,,,,0,,,
9253,"Sololá",7,"Nahualá",5,1129,400,135,4,2,146,2,1,4,2,0,296,10,12,318,0,318,--,400,82,296,318,318,Algún campo sin dato,1,86a6735bb6401e4f111af83c9323c308f287bd5eff153181399108d79d19fbc5,25/06/2023 22:35:40,ESCANER
9254,"Sololá",7,"Nahualá",5,1129,400,111,11,1,169,6,1,0,2,1,302,10,12,324,0,324,--,400,73,302,324,324,Algún campo sin dato,1,3fbbb4de22ebf3ab3209d8a5a0041fa1ac161a6d2130338709481c187cab3393,25/06/2023 22:55:19,ESCANER
9255,"Sololá",7,"Nahualá",5,1129,400,115,1,0,132,14,2,4,4,2,274,4,5,283,0,283,--,283,117,274,283,283,Algún campo sin dato,1,34b26ba4dd3ba602d78d6bfcfde5e3051be13663f77728577e347b6d04f9f59f,26/06/2023 01:15:12,ESCANER
9256,"Sololá",7,"Nahualá",5,1129,400,143,3,1,110,10,0,5,0,0,272,1,2,275,--,--,--,400,125,272,275,275,Algún campo sin dato,1,ee425bce1eae7fd456e2119d9fae08faf552d293d77887085da3b3536f0de45f,26/06/2023 01:29:11,ESCANER
9257,"Sololá",7,"Nahualá",5,1130,400,125,4,0,125,10,3,7,0,2,276,9,6,291,0,291,--,400,109,276,291,291,Algún campo sin dato,1,f30eef3e6e7be35749d9656fb538e5f1f0b7f07c94e8d37a53606bc4bae7f90d,25/06/2023 22:33:59,ESCANER
9258,"Sololá",7,"Nahualá",5,1130,400,135,4,0,124,12,0,6,3,1,185,7,2,294,0,294,--,400,106,285,294,294,Sumas Asentadas sin cuadrar,1,49b12e15a7389d97fcfcf76c5d03a0dbbdb9805a818b24c8e3ac08b9fce08eaa,25/06/2023 23:54:58,ESCANER
9259,"Sololá",7,"Nahualá",5,1130,400,143,5,2,95,10,0,6,4,1,266,4,2,272,0,272,0,400,128,266,272,272,,1,d13df3dae20f8ea09a552f7ca734219a3a8042f1e585d02499b85c19dd8ee3d5,25/06/2023 22:40:02,ESCANER
9260,"Sololá",7,"Nahualá",5,1130,400,150,0,3,86,5,4,7,2,0,257,2,0,259,0,259,--,400,141,257,259,259,Algún campo sin dato,1,0c8d04bbdbfc99e920eaf483149536ec5be8d774c0fdac62040044e1972fd3b1,25/06/2023 22:46:12,ESCANER
9261,"Sololá",7,"Nahualá",5,1130,264,99,1,0,61,4,0,6,2,0,173,1,2,176,0,176,--,261,85,173,176,176,Algún campo sin dato,1,a703bc2a7acf8f6c156045a012baf3148e75b4143f4e231c6f7ce33ec93a3bb7,25/06/2023 23:59:22,ESCANER
9262,"Sololá",7,"Nahualá",5,1130,264,96,3,1,53,5,0,2,2,1,163,3,3,169,0,169,--,264,95,163,169,169,Algún campo sin dato,1,b10f0bfd707ac7c5a3d78c379df9d469794db903065a3b9b059933a253ab9087,25/06/2023 22:52:29,ESCANER
9263,"Sololá",7,"Nahualá",5,1131,400,141,4,2,161,3,1,3,3,2,320,12,4,336,0,336,--,400,64,320,336,336,Algún campo sin dato,1,cd1375f996c2f4b012dfd996013b44b46ddcde642179c2b696ebdfac47c9a2c2,25/06/2023 23:44:14,ESCANER
9264,"Sololá",7,"Nahualá",5,1131,400,160,3,2,149,6,0,0,3,2,325,13,7,345,0,345,--,400,55,325,345,345,Algún campo sin dato,1,da02d05891031d60fc2782cdb9d39b6404245d7e0e033c8ec418cf03df16e484,26/06/2023 02:04:37,ESCANER
9265,"Sololá",7,"Nahualá",5,1131,400,170,2,0,155,4,2,3,2,4,342,9,3,354,0,354,--,400,47,342,354,354,Algún campo sin dato,1,c5233aef0afb6db8eb8bab02a8e08ff547cd8a7fa2b58eaf43fb9662c748c9c2,26/06/2023 01:51:32,ESCANER
9266,"Sololá",7,"Nahualá",5,1131,400,177,3,4,127,3,1,0,8,1,324,10,9,343,0,343,--,400,57,324,343,343,Algún campo sin dato,1,5a3555787058791fed6c3de0316bf55b0352114404a86169010f538e600400fd,26/06/2023 00:34:46,ESCANER
9267,"Sololá",7,"Nahualá",5,1131,400,141,5,1,185,3,1,1,2,2,341,7,14,362,0,362,--,400,38,341,362,362,Algún campo sin dato,1,5698f7872525af76837afdeb9b9177634ddf69a454582848a563499e2479622e,26/06/2023 00:04:00,ESCANER
9268,"Sololá",7,"Nahualá",5,1132,400,141,10,1,167,5,2,5,5,5,341,6,3,350,0,350,--,400,50,341,350,350,Algún campo sin dato,1,daacbc705d61f868609bd3d2bf2990ef4e9339f9ab4b862f972080eb306e0c87,26/06/2023 00:46:59,ESCANER
9269,"Sololá",7,"Nahualá",5,1132,400,139,5,2,170,9,1,0,1,3,330,4,8,342,0,342,--,400,58,330,342,342,Algún campo sin dato,1,68c7b13e17d7cf30976567cbfebdc09b254f1ca2dc4672c9d612aa4965e64921,25/06/2023 23:55:27,ESCANER
9270,"Sololá",7,"Nahualá",5,1132,400,126,2,3,127,6,2,0,2,0,268,2,1,271,0,271,--,400,129,268,271,271,Algún campo sin dato,1,4429ee85abaef672ab06ecbe15e79283f55f7195f04cab0ee579ef92a0a6fdb1,25/06/2023 21:54:33,ESCANER
9271,"Sololá",7,"Nahualá",5,1132,400,124,1,2,145,4,4,2,5,1,288,2,2,292,0,292,--,396,104,288,292,292,Algún campo sin dato,1,09bdd19b6139366ddd1f5462f4c566e72080f4a7a4663e9dce3eb9335be1b8e0,26/06/2023 01:42:52,ESCANER
9272,"Sololá",7,"Nahualá",5,1132,400,107,7,3,149,4,2,1,4,1,278,7,5,290,0,290,--,400,110,278,290,290,Algún campo sin dato,1,2f784c194b3b752a6b58e846e049b99bd0db02b530a2a5b260ee55b83b404be0,25/06/2023 22:09:22,ESCANER
9273,"Sololá",7,"Nahualá",5,1133,400,147,3,6,135,1,0,1,1,3,297,2,0,299,0,299,--,400,101,297,299,299,Algún campo sin dato,1,c11fa6e6e991a64bf3d760b536020f6b78a6d26a882c111b530d1238f9e78f49,25/06/2023 23:21:03,ESCANER
9274,"Sololá",7,"Nahualá",5,1133,400,144,1,0,127,5,2,2,2,0,283,3,2,288,1,289,--,400,111,283,288,289,Algún campo sin dato,1,55396208e5f9b3d90594ecdafa7881c4f1197b5072b8ecdd9698a38938f76357,25/06/2023 23:00:00,ESCANER
9275,"Sololá",7,"Nahualá",5,1133,272,105,2,0,74,2,1,0,2,1,187,3,0,190,0,190,--,272,82,187,190,190,Algún campo sin dato,1,757a70991d58ffe7fded11b23c1cd97fd0b3df3a9a92189e11e96fb75aff3195,25/06/2023 21:19:43,ESCANER
9276,"Sololá",7,"Nahualá",5,1133,272,92,2,1,80,0,0,1,1,0,177,2,4,183,1,184,--,272,88,177,183,184,Algún campo sin dato,1,75716163c54eb2ed01510b6677b5d38bb9794197d2f39cfa7ab32b42de0cf157,26/06/2023 00:09:45,ESCANER
9277,"Sololá",7,"Nahualá",5,1134,380,154,4,0,95,1,0,0,0,7,261,9,1,271,0,271,--,380,109,261,271,271,Algún campo sin dato,1,bbdb9ddf48b61781fc87c3ee72433ccff4c8fb36f2e2bf131954cfb1cc78a7bc,26/06/2023 02:05:56,ESCANER
9278,"Sololá",7,"Nahualá",5,1134,380,142,12,3,76,2,1,0,0,9,245,12,10,267,0,267,--,380,113,245,267,267,Algún campo sin dato,1,f40a7cec496b95928dce290e03e205c8513d77e29009817e6cee9576d110efae,26/06/2023 01:34:20,ESCANER
9279,"Sololá",7,"Nahualá",5,1134,380,161,4,0,96,0,0,0,1,5,267,17,5,289,0,289,0,379,90,267,289,289,,1,ee0c4c3726b346700af3d3743fe57090e6cef44c605ec208a9df3b4e2e2a18e2,26/06/2023 00:17:15,ESCANER
9280,"Sololá",7,"Nahualá",5,1134,380,160,11,1,93,0,0,0,0,4,269,8,14,291,0,291,--,380,89,269,291,291,Algún campo sin dato,1,f0a5601a1f90e708ef6f23275bf22fd259f00dee02979454b70a821630053a61,26/06/2023 00:20:09,ESCANER
9281,"Sololá",7,"Nahualá",5,1134,380,140,8,1,92,1,0,0,0,5,247,9,4,260,0,260,--,380,120,247,260,260,Algún campo sin dato,1,e154a61a4bfcece3bf980e44d811e851c2103e4c2f924496fbdc8b60e9fc5447,26/06/2023 00:35:42,ESCANER
9282,"Sololá",7,"Nahualá",5,1134,380,139,6,0,96,0,0,0,0,3,244,8,5,257,0,257,--,380,123,244,257,257,Algún campo sin dato,1,963301bafe76952e74e0a5448206d8cb51e61ecafde5ba02f86b344cbdd9b5d3,26/06/2023 00:24:13,ESCANER
9283,"Sololá",7,"Nahualá",5,1134,380,145,10,0,85,2,0,0,0,2,244,11,5,260,0,260,--,377,117,244,260,260,Algún campo sin dato,1,c1a0bfcdf87a8b576f7bbc25e05cfb847479541f29c2fef4013ea4b2501bf09d,26/06/2023 02:07:56,ESCANER
9284,"Sololá",7,"Nahualá",5,1134,380,117,8,3,91,4,1,0,1,6,231,11,12,254,0,254,--,380,126,231,254,254,Algún campo sin dato,1,b3cf33b9c0bab7895f8dfbf71b7ecb3140d4ba6b71291af1b699005b1b9af196,26/06/2023 01:48:41,ESCANER
9285,"Sololá",7,"Nahualá",5,1134,380,134,7,2,71,2,0,0,0,8,224,4,3,231,0,231,--,378,147,224,231,231,Algún campo sin dato,1,f6a8e788b5028dc1895bb8e5b37c899e7f6c7f8ca59836cdf1253d1a9efce441,26/06/2023 00:42:53,ESCANER
9286,"Sololá",7,"Nahualá",5,1134,380,147,5,1,81,2,0,0,0,8,244,0,0,244,0,244,--,377,133,244,244,244,Algún campo sin dato,1,6447cf1fd4478679890d242fca700f0873b36d3c27d4a783ef3097ccb17e43eb,25/06/2023 23:29:33,ESCANER
9287,"Sololá",7,"Nahualá",5,1135,252,124,1,0,54,0,0,0,0,6,185,2,0,187,0,187,--,252,65,185,187,187,Algún campo sin dato,1,a736f67f6e3edf17d0393606bb0ed7efc460d1173342258eacc49ca7a3903f0f,26/06/2023 00:16:14,ESCANER
9288,"Sololá",7,"Nahualá",5,1135,251,89,4,2,58,4,0,0,1,1,159,4,6,169,0,--,--,251,82,159,169,169,Algún campo sin dato,1,a96c9919bb50a9d86df688709b5a50424666f1693bdd524a42add0d66a728ae0,25/06/2023 23:03:12,ESCANER
9289,"Sololá",7,"Nahualá",5,1136,380,126,23,13,82,0,5,2,0,3,254,19,10,283,0,283,--,380,97,254,283,283,Algún campo sin dato,1,b7d72e88d46a3d51a8a4fc7d7f59292c1f53e4095889db8f72ad744b3a41c194,26/06/2023 01:54:13,ESCANER
9290,"Sololá",7,"Nahualá",5,1136,380,156,19,10,84,5,0,1,0,3,278,18,7,303,0,303,--,380,77,278,303,303,Algún campo sin dato,1,21a6a35f39007a45915e6b852c744e304ecd7efa76dff11098fa8958dfebede5,26/06/2023 02:21:27,ESCANER
9291,"Sololá",7,"Nahualá",5,1136,380,144,19,1,64,1,0,1,1,1,232,8,7,247,0,247,--,380,133,232,247,247,Algún campo sin dato,1,0d5ecb73408a658bc83622389b5f8d0bbbef5d47bd9b920d2996145c5b5e39dd,26/06/2023 00:49:59,ESCANER
9292,"Sololá",7,"Nahualá",5,1136,380,133,21,11,79,2,0,0,1,1,248,23,9,280,0,280,--,380,100,248,280,280,Algún campo sin dato,1,08be816a093905a9318f4ff55faa009c27e1e030ba7a61f19b4a4de606af96d8,26/06/2023 01:25:29,ESCANER
9293,"Sololá",7,"Nahualá",5,1136,380,124,9,7,77,2,0,1,0,3,223,5,6,234,0,234,--,380,146,223,234,234,Algún campo sin dato,1,1d86bce152b597db09b375bf26f0926b243145c3d867985eb9fe4a0ae00b7cf2,26/06/2023 00:36:08,ESCANER
9294,"Sololá",7,"Nahualá",5,1136,199,63,4,6,35,1,0,0,0,1,110,6,0,116,0,116,--,199,83,110,116,116,Algún campo sin dato,1,36ef5e3711da76e4e3321066bd52e16f391b21bc633fb2a4c767acf9ff52cbc9,26/06/2023 01:09:56,ESCANER
9295,"Sololá",7,"Nahualá",5,1136,198,73,7,3,36,0,0,0,0,1,120,4,1,125,0,125,--,198,73,120,125,125,Algún campo sin dato,1,6cfabe8ad05a341c24b879aaeb75c6e9a7a225d0d5da7b2921bc6292d660dfe2,26/06/2023 01:18:30,ESCANER
9296,"Sololá",7,"Nahualá",5,1137,380,155,12,1,99,1,0,1,1,0,270,6,4,280,0,280,--,380,100,270,280,280,Algún campo sin dato,1,ed54fa7745b5a9bce212f0d0611f654fd8a0070986c9cb6affc7d8465bb44a1d,25/06/2023 23:57:40,ESCANER
9297,"Sololá",7,"Nahualá",5,1137,380,163,9,0,115,1,0,3,1,0,292,7,3,302,0,302,--,380,78,292,302,302,Algún campo sin dato,1,cc19ced326a258ca8da5d1dfb30c4da9db51f590b86cd81495f86933fe86beae,25/06/2023 22:58:20,ESCANER
9298,"Sololá",7,"Nahualá",5,1137,380,154,6,3,105,0,1,1,1,2,273,12,5,290,0,290,--,380,90,273,290,290,Algún campo sin dato,1,4ca01f587b2c20183cc888f9efca362fd52f7e12fba5f077e47007be11f26e4b,26/06/2023 00:52:09,ESCANER
9299,"Sololá",7,"Nahualá",5,1137,380,191,5,2,85,1,0,0,1,2,287,9,8,304,0,304,--,380,75,287,304,304,Algún campo sin dato,1,925cb421e194e9fa51d95ff4b412ef86d3a80fd7c5eaab4ead78ef56108d58f5,26/06/2023 00:45:40,ESCANER
9300,"Sololá",7,"Nahualá",5,1137,380,152,6,1,139,0,1,0,1,0,300,12,2,314,0,314,--,380,66,300,314,314,Algún campo sin dato,1,b8d4fdf97e200d47459f930d7e8d043a3eaf866850bcd9210f69d2ab40b844d9,26/06/2023 01:58:07,ESCANER
9301,"Sololá",7,"Nahualá",5,1137,380,169,8,5,111,3,0,2,2,2,300,13,2,315,0,315,--,380,65,302,317,317,Sumas Asentadas sin cuadrar,1,6715ebf87841b77505d525993a378494ec35ad5b037782c2220820f1410fa177,26/06/2023 01:00:55,ESCANER
9302,"Sololá",7,"Nahualá",5,1137,380,106,8,5,157,0,0,0,0,2,278,11,3,292,0,292,--,380,88,278,292,292,Algún campo sin dato,1,f0041f81c7c09a01caaffd66aef7a7aa3b58c2879581855e45624bad7a049f16,26/06/2023 00:16:09,ESCANER
9303,"Sololá",7,"Nahualá",5,1138,380,131,4,0,114,1,0,0,0,1,251,2,1,254,0,254,--,380,126,251,254,254,Algún campo sin dato,1,7bc7748e4325724dd378aa2fc88a0819089d7919ba4239faca51155cfc2259a8,25/06/2023 22:52:35,ESCANER
9304,"Sololá",7,"Nahualá",5,1138,380,130,9,1,117,1,0,0,1,2,261,5,5,271,--,--,--,380,109,261,271,271,Algún campo sin dato,1,311624477591a710b4f792e645fa7cca78a4d0e974f1a719e4b60080035c748e,25/06/2023 21:52:04,ESCANER
9305,"Sololá",7,"Nahualá",5,1138,380,139,6,1,97,0,0,0,0,1,244,12,4,260,--,--,--,380,120,244,260,260,Algún campo sin dato,1,502cd4ab7dfef46a44e86979b8ef50f12f1eddec1bf3d92b27fad87b2b85639b,25/06/2023 22:32:25,ESCANER
9306,"Sololá",7,"Nahualá",5,1138,380,130,3,3,116,1,0,2,0,0,255,15,4,274,0,274,1,380,106,255,274,274,,1,16cb819ea78996da566f34ac929674e217560aa4a69e6f39677333731b61996e,26/06/2023 01:19:59,ESCANER
9307,"Sololá",7,"Nahualá",5,1138,380,144,1,1,106,6,0,0,0,2,260,11,10,281,0,281,--,380,99,260,281,281,Algún campo sin dato,1,39a51f16d10f57319569c8e38e6650c0cdd83a97e2ae7961aa25284ff9e23765,25/06/2023 22:35:47,ESCANER
9308,"Sololá",7,"Nahualá",5,1138,380,168,3,2,91,3,1,0,0,0,268,7,10,285,0,285,--,377,92,268,285,285,Algún campo sin dato,1,5d50f4e1957f7d041f0ccc0d52971682c759d9728241a26454a8573ae8931dfc,25/06/2023 22:58:35,ESCANER
9309,"Sololá",7,"Nahualá",5,1138,380,124,3,2,99,0,0,0,0,2,230,9,2,241,0,241,--,380,139,230,241,241,Algún campo sin dato,1,386ac5a88e7acc3eed72867d61b25c62a06fb32c06b775fa643217e5822e7516,26/06/2023 00:07:46,ESCANER
9310,"Sololá",7,"Nahualá",5,1139,380,130,1,6,114,2,0,0,0,0,253,2,0,255,0,255,--,280,125,253,255,255,Algún campo sin dato,1,9f9454b55e596a1fc04aef0be439963ce69510ae4b5741af61e2e19e1d4a63a7,26/06/2023 00:04:34,ESCANER
9311,"Sololá",7,"Nahualá",5,1139,380,149,2,0,124,1,0,1,0,0,277,5,1,283,0,283,--,380,97,277,283,283,Algún campo sin dato,1,6b2fa8bf0690f17ec88d4a46fb1ebbf3d705fe9c416cacb37771f6e0068039af,25/06/2023 22:57:34,ESCANER
9312,"Sololá",7,"Nahualá",5,1139,312,134,3,2,72,0,0,0,0,0,211,1,0,212,0,212,--,312,100,211,212,212,Algún campo sin dato,1,cad075533edbd81855366c36aee9acf12f89c6056a7dbca552570d81836a18c1,25/06/2023 23:21:41,ESCANER
9313,"Sololá",7,"Nahualá",5,1139,311,106,3,5,65,1,2,2,0,0,184,3,4,191,0,191,--,311,120,184,191,191,Algún campo sin dato,1,f401327d1a03a3359e856153a4c9da21f2c05753f6b2d249a9c43b3da2193b4b,25/06/2023 21:46:27,ESCANER
9314,"Sololá",7,"Nahualá",5,1140,380,189,3,0,95,1,6,0,1,2,297,7,2,306,0,306,--,380,74,297,306,306,Algún campo sin dato,1,cfd5df58580096dd492e42e40d2e07ab7f5bc25736641c7f45c1b6aa791ced68,26/06/2023 00:29:31,ESCANER
9315,"Sololá",7,"Nahualá",5,1140,380,218,7,0,74,1,4,0,0,1,305,5,5,315,0,315,--,380,65,305,315,315,Algún campo sin dato,1,5db6c9859a9c656d65d648dd9b494004eacd3ed045cc7dcf4835bf81957a26e6,26/06/2023 01:27:32,ESCANER
9316,"Sololá",7,"Nahualá",5,1140,380,207,5,1,87,2,1,0,1,2,306,14,8,328,0,0,--,380,52,306,328,328,Algún campo sin dato,1,4fc39ae9b8aa9c0530a26082c8c304a866cf258ea84e9270a15eb85160a62117,26/06/2023 01:13:54,ESCANER
9317,"Sololá",7,"Nahualá",5,1140,380,169,3,0,81,2,5,0,0,1,261,4,6,271,0,0,--,380,109,261,271,271,Algún campo sin dato,1,ccc88e68a24f76ddd04e4d607d659d98dca1032d313d4d7e066e8677a307655e,25/06/2023 23:51:02,ESCANER
9318,"Sololá",7,"Nahualá",5,1140,380,,,,,,,,,,,,,,,,,,,,,,,0,,,
9319,"Sololá",7,"Nahualá",5,1140,380,185,5,3,57,3,4,1,2,1,261,14,16,291,1,292,--,380,88,261,291,292,Algún campo sin dato,1,5c2d107f8c9584e032e52df8a2d9d75edf0b1ba5cf27d89a034473b9a21497ec,26/06/2023 01:40:38,ESCANER
9320,"Sololá",7,"Nahualá",5,1140,341,176,1,0,61,0,0,0,0,0,238,5,1,244,0,244,--,341,97,238,244,244,Algún campo sin dato,1,158d52d25cf5d94d8ec9a5215ce26a5771b276601bc0dfde3a90b7ce752a58d0,26/06/2023 01:49:55,ESCANER
9321,"Sololá",7,"Nahualá",5,1140,341,175,1,0,48,0,6,0,1,1,232,0,1,233,0,0,--,341,108,232,233,233,Algún campo sin dato,1,93be4bed09af886c7b88bc7c680abdc594fcee5b395bd29fb2c413864a63e28e,25/06/2023 22:12:32,ESCANER
9322,"Sololá",7,"Nahualá",5,1141,380,,,,,,,,,,,,,,,,,,,,,,,0,,,
9323,"Sololá",7,"Nahualá",5,1141,380,,,,,,,,,,,,,,,,,,,,,,,0,,,
9324,"Sololá",7,"Nahualá",5,1141,380,179,3,0,111,4,0,2,0,0,299,12,9,320,0,320,--,380,60,299,320,320,Algún campo sin dato,1,9b7ef4d72e8f9381a4e7fbe65a6c6737b03569311e4098740e24ec08efae7574,26/06/2023 01:07:42,ESCANER
9325,"Sololá",7,"Nahualá",5,1141,380,160,2,1,108,1,0,6,0,1,279,8,8,295,0,295,--,380,85,279,295,295,Algún campo sin dato,1,dd100a29e9e92bb63dff2f4d3af18b584f338acfd60a76d0486ddbaac8ae9d64,26/06/2023 00:48:03,ESCANER
9326,"Sololá",7,"Nahualá",5,1141,380,150,4,3,104,2,0,4,1,0,268,7,9,284,0,284,--,379,95,268,284,284,Algún campo sin dato,1,445430a46012fac635e6fa04ff985a63765799b7f38221fc6cafa9b344b08c09,26/06/2023 00:42:24,ESCANER
9327,"Sololá",7,"Nahualá",5,1141,380,136,5,1,108,2,0,2,1,2,257,9,8,274,0,274,--,380,106,257,274,274,Algún campo sin dato,1,b574534cbf1edd93f5c04cbadd65c8da3a0dcc89e57e96fcfcd62039d0bb8106,26/06/2023 00:02:08,ESCANER
9328,"Sololá",7,"Nahualá",5,1141,380,132,3,1,95,5,0,3,0,1,240,14,11,265,0,265,--,380,115,240,265,265,Algún campo sin dato,1,3c272af17455a568889b547f9abb3d978f609a8da21221a2c1055b27da920cfc,26/06/2023 00:58:21,ESCANER
9329,"Sololá",7,"Nahualá",5,1141,380,151,3,1,102,1,0,5,0,0,263,3,3,269,0,269,--,380,111,263,269,269,Algún campo sin dato,1,89ddea0923c7db6bf5427da8816a07e467e45550396fff61242f190be9c7faa3,25/06/2023 23:04:39,ESCANER
9330,"Sololá",7,"Nahualá",5,1141,228,92,1,2,62,0,0,2,0,0,159,4,0,163,0,163,--,228,65,159,163,163,Algún campo sin dato,1,344f9471a74e47c8a135196506cadcb4fc8aba71d70ecb740d752b6f6142b296,26/06/2023 00:19:03,ESCANER
9331,"Sololá",7,"Nahualá",5,1141,227,79,1,1,48,0,0,2,0,0,131,5,3,139,0,139,0,227,85,131,139,139,,1,16ea375db81a639be3b9a0271c6fd15d92b212594487ba3f84352a5eb2961f1b,25/06/2023 22:24:25,ESCANER
9332,"Sololá",7,"Nahualá",5,1142,380,227,3,2,71,2,1,1,1,1,309,11,16,336,0,336,--,380,44,309,336,336,Algún campo sin dato,1,7e75290c377811eebc90b887bf8f7189e732dbf4b6893a2f6085737b9b00450d,26/06/2023 01:27:34,ESCANER
9333,"Sololá",7,"Nahualá",5,1142,216,125,1,1,41,0,0,0,1,0,169,2,5,176,0,176,--,215,39,169,176,176,Algún campo sin dato,1,090aeaa686dc2d1509d42d3ed6ae9a6f2ccb10a3e13643aa53583f3a9138e182,25/06/2023 23:19:20,ESCANER
9334,"Sololá",7,"Nahualá",5,1142,216,124,1,0,39,0,0,0,0,0,164,1,0,165,0,165,--,216,51,164,165,165,Algún campo sin dato,1,1d466237c820fae016d6976bf2fde889a7cdd1ff3303f7b7d4b8c84e3f5465e8,25/06/2023 23:28:12,ESCANER
9335,"Sololá",7,"Nahualá",5,1143,380,93,16,4,113,6,0,2,0,11,245,11,10,266,0,266,--,380,114,245,266,266,Algún campo sin dato,1,bd67468f1b8546373ace499e0c55424d6f16c14e180fb062c266155accc32ecf,26/06/2023 00:21:16,ESCANER
9336,"Sololá",7,"Nahualá",5,1143,380,76,15,6,99,3,0,0,0,16,215,10,15,240,0,240,--,380,140,215,240,240,Algún campo sin dato,1,bd6ff4643e4a5a0662486894ccdb6d45ccec8c8092cd038258c6ae05085e55ef,25/06/2023 23:42:36,ESCANER
9337,"Sololá",7,"Nahualá",5,1143,380,75,12,3,116,3,0,0,0,13,222,9,8,239,0,239,--,380,141,222,239,239,Algún campo sin dato,1,9babf9e4cfaa39030002e02bdf9fce3f7f1173bcf9acef2727a8b36f31fa9ab0,25/06/2023 23:11:24,ESCANER
9338,"Sololá",7,"Nahualá",5,1143,260,57,3,2,61,0,0,0,0,8,131,10,5,146,0,146,--,260,114,131,146,146,Algún campo sin dato,1,729713ae3dffc232423f4330cba0548c4bbaa2e1e9d0714192aedd62898faa0b,25/06/2023 22:02:34,ESCANER
9339,"Sololá",7,"Nahualá",5,1143,259,63,5,2,73,4,0,0,0,4,151,2,2,155,0,155,--,259,104,151,155,155,Algún campo sin dato,1,892dc9466f130093bcddbd86eadb6692e9d227298ffc8a00e51372df4400ac4f,26/06/2023 00:26:20,ESCANER
9340,"Sololá",7,"Nahualá",5,1144,380,211,1,3,99,1,0,0,0,2,317,5,10,332,0,332,--,380,48,317,332,332,Algún campo sin dato,1,bff7020a99d24ab9f52280388b602ade1149b6b389f5b615f66240f3cb29008b,25/06/2023 23:17:10,ESCANER
9341,"Sololá",7,"Nahualá",5,1144,236,115,1,1,62,0,0,0,0,0,179,4,5,188,0,188,--,236,48,179,188,188,Algún campo sin dato,1,5c634d22e885d3098904b9c031b2d339c9974e3437f7f24a5145f8c66ed53c88,25/06/2023 22:02:24,ESCANER
9342,"Sololá",7,"Nahualá",5,1144,236,125,1,0,52,0,0,0,0,0,178,3,0,181,0,181,--,236,55,178,181,181,Algún campo sin dato,1,fa1f7fb49d568884bd959793477c4597bf783a59cd9f41bb463fb04f2c8dcea0,25/06/2023 21:12:09,ESCANER
9343,"Sololá",7,"Nahualá",5,1145,380,166,12,2,104,3,0,2,2,0,291,15,8,314,1,315,--,380,65,291,314,315,Algún campo sin dato,1,872fb54baac78c346ca8080926d05429722214be82f1ac79a262e90e6b2cf4e8,26/06/2023 02:03:04,ESCANER
9344,"Sololá",7,"Nahualá",5,1145,380,152,16,3,131,4,1,2,0,0,309,7,11,327,0,327,--,380,53,309,327,327,Algún campo sin dato,1,b0614c1aab5afab3a07a6b673adc43a7b47b1048a6e2f0a2ba0f6812b22e51bc,26/06/2023 00:05:13,ESCANER
9345,"Sololá",7,"Nahualá",5,1146,380,156,9,3,108,5,0,0,2,0,283,4,8,295,0,295,--,380,85,283,295,295,Algún campo sin dato,1,203b6388619dcf53c69b3cd565b07b10e25d0fa271eaf2b7d1a940a1d920a117,26/06/2023 01:05:58,ESCANER
9346,"Sololá",7,"Nahualá",5,1146,212,81,3,1,63,1,0,1,1,2,153,0,0,153,0,153,--,212,59,153,153,153,Algún campo sin dato,1,f1ca782fdacad4160092faf2d601ff6db87cfa3a904b8a6fd3ed5072faff4249,25/06/2023 22:35:30,ESCANER
9347,"Sololá",7,"Nahualá",5,1146,212,87,2,0,57,1,0,0,0,0,147,0,0,147,0,147,--,212,65,147,147,147,Algún campo sin dato,1,5f3e8b5626e7cb48060db354ab0f29a4385ce5892b7de55d766075c9d68e7bf8,25/06/2023 21:53:13,ESCANER
9348,"Sololá",7,"Nahualá",5,1147,380,143,6,12,102,8,0,4,3,0,278,9,9,296,0,296,--,380,84,278,296,296,Algún campo sin dato,1,4c6da72b6b6cb91e6494d901f54a5fc749b34f6e0aa2d1fae7a210ecfb265aa2,26/06/2023 02:05:41,ESCANER
9349,"Sololá",7,"Nahualá",5,1147,380,137,10,17,110,4,0,3,6,0,287,18,9,314,0,314,--,380,66,287,314,314,Algún campo sin dato,1,e19929b94d3685432b0e746869ed6b846e44c90f9ee95376b30aee9dbe98170c,26/06/2023 00:53:10,ESCANER
9350,"Sololá",7,"Nahualá",5,1147,380,111,5,16,99,2,0,6,0,0,239,10,8,257,0,257,--,380,123,239,257,257,Algún campo sin dato,1,0f1692bd1b2d2ad3de0df0a9df7c885b466ebdd189a39019929a2a74e00f1e54,25/06/2023 22:35:53,ESCANER
9351,"Sololá",7,"Nahualá",5,1148,297,106,2,5,89,2,1,5,0,1,211,3,2,216,0,216,--,294,78,211,216,216,Algún campo sin dato,1,00c4cd97f57aa197ac0ff7fa57d40509d99c599cc8af983a94fbe379af3446cb,26/06/2023 01:41:29,ESCANER
9352,"Sololá",7,"Nahualá",5,1148,296,97,1,8,69,1,0,0,2,0,178,3,3,184,0,184,--,296,112,178,184,184,Algún campo sin dato,1,f7bbf5e8f364be2861271712d25bf2107ef74ad6de30e5bb0ec1e3eb89dd28ce,26/06/2023 01:29:39,ESCANER
9353,"Sololá",7,"Nahualá",5,1149,350,180,6,0,86,1,0,4,0,0,277,9,6,292,0,292,--,350,58,277,292,292,Algún campo sin dato,1,ed97a6e35dc74eb550fee9257a9cb7615dac0d2d5f814322c634482e24b1e631,26/06/2023 01:59:29,ESCANER
9354,"Sololá",7,"Nahualá",5,1149,350,152,2,0,101,1,1,0,1,0,258,1,2,261,0,261,--,350,89,258,261,261,Algún campo sin dato,1,d9b322805d5a0cb52f1eaa7cac8bec52478b0e8189f529f4ba1cf1c27d0f40f0,26/06/2023 02:11:06,ESCANER
9355,"Sololá",7,"Nahualá",5,1150,286,182,1,1,46,3,0,0,0,1,234,7,20,261,0,--,--,286,25,234,261,261,Algún campo sin dato,1,dae010c31476c91109f8a01a608a497af884cd053d3239613cc87dbc98debb5e,26/06/2023 03:34:51,ESCANER
9356,"Sololá",7,"Nahualá",5,1150,286,,,,,,,,,,,,,,,,,,,,,,,0,,,
9357,"Sololá",7,"Nahualá",5,1151,333,17,1,1,34,2,0,1,1,1,58,2,1,61,0,61,--,333,272,58,61,61,Algún campo sin dato,1,53b05fa41d8ae93672821abd1e28d122a49ac8e44f3e9773af49f954376979e1,25/06/2023 21:51:23,ESCANER
9358,"Sololá",7,"Nahualá",5,1151,333,13,1,0,22,3,0,0,2,0,41,2,2,45,0,45,--,333,288,41,45,45,Algún campo sin dato,1,a7467c371e2f22e5587acbf9f4645fbe52e9bb61b6c50ae2f449502a7a7d171e,25/06/2023 21:22:58,ESCANER