﻿TIPO_DE_ELECCIÓN:,CORPORACIÓN MUNICIPAL
26 junio 2023 03:36 (UTC -6)
ACTAS_ESPERADAS,ACTAS_CAPTURADAS,PORCENTAJE_ACTAS_CAPTURADAS,ACTAS_CONTABILIZADAS,PORCENTAJE_ACTAS_CONTABILIZADAS,ACTAS_NO_CONTABILIZADAS,LISTA_NOMINAL_ACTAS_CONTABILIZADAS,VOTOS_EMITIDOS_CONTABILIZADAS,PORCENTAJE_PARTICIPACIÓN_CIUDADANA
85,84,98.8235,84,98.8235,0,32932,18259,55.4445

MESA,DEPARTAMENTO,ID_DEPARTAMENTO,MUNICIPIO,ID_MUNICIPIO,CENTRO_DE_VOTACIÓN,PADRÓN,COCIMI,CABAL,AZUL,CAMBIO,UNE,VALOR,VOS,MLP,VÁLIDOS,NULOS,BLANCO,EMITIDOS,INVÁLIDOS,TOTAL,IMPUGNACIONES,PAPELETAS-RECIBIDAS,PAPELETAS-NO-USADAS,VALIDOS_CALCULADO,EMITIDOS_CALCULADO,TOTAL_CALCULADO,OBSERVACIONES,CONTABILIZADA,CÓDIGO_INTEGRIDAD,FECHA_HORA_PUBLICACIÓN,DIGITALIZACIÓN
23898,"Jutiapa",22,"Asunción Mita",5,3751,400,54,40,3,6,7,96,0,0,206,22,10,238,0,238,--,400,162,206,238,238,Algún campo sin dato,1,f54c24c531108540b974b3df7f687234e3843c987916f2f78add0973b48a3621,26/06/2023 00:49:14,ESCANER
23899,"Jutiapa",22,"Asunción Mita",5,3751,400,68,48,8,5,5,81,1,1,217,15,4,236,0,236,--,400,164,217,236,236,Algún campo sin dato,1,1c4bbb97aa2f3b9015858fd218d52f5e1e7d93836e11c668997ea6cc9e3f80f7,26/06/2023 00:31:48,ESCANER
23900,"Jutiapa",22,"Asunción Mita",5,3751,400,56,45,2,6,6,76,0,0,191,10,3,204,0,204,--,400,196,191,204,204,Algún campo sin dato,1,09ec7e4c29b36596118b82bf561d3524b9127c8947dc04c1b118bf4757502e2c,26/06/2023 00:12:24,ESCANER
23901,"Jutiapa",22,"Asunción Mita",5,3751,400,56,34,4,2,6,92,0,0,194,15,3,212,0,212,--,400,188,194,212,212,Algún campo sin dato,1,8dfb024ce01b088c57a9ebcb366fbc4b82529b89555cd37edf180aa52e65581f,25/06/2023 23:36:08,ESCANER
23902,"Jutiapa",22,"Asunción Mita",5,3751,400,50,41,4,4,4,79,0,0,182,21,3,206,0,206,1,400,193,182,206,206,,1,df91284b9a12d251799a789093b643416ea4f2e876923065f44a41d1f556ce4c,26/06/2023 00:03:15,ESCANER
23903,"Jutiapa",22,"Asunción Mita",5,3751,400,41,39,1,3,6,91,1,2,184,14,0,198,0,198,--,400,202,184,198,198,Algún campo sin dato,1,5d86404e93190efdce03fdc42c0119d3ea45e629bbb8189395bbbd4d8b860314,25/06/2023 23:52:01,ESCANER
23904,"Jutiapa",22,"Asunción Mita",5,3751,243,33,10,1,2,0,78,0,0,124,1,0,125,0,125,--,243,118,124,125,125,Algún campo sin dato,1,4ead7a8822816d4986092b8886641612048ff4b876f0c80f0c5bcbffd134e0cb,25/06/2023 23:03:12,ESCANER
23905,"Jutiapa",22,"Asunción Mita",5,3751,243,23,12,1,1,0,39,0,0,76,3,1,80,0,80,--,243,163,76,80,80,Algún campo sin dato,1,e79bf3e556a7fcb08d5abcbd8b24d0cfb922bc949a4786614d8e4b2532164642,25/06/2023 22:42:13,ESCANER
23906,"Jutiapa",22,"Asunción Mita",5,3752,400,103,43,6,8,11,36,0,3,210,22,4,236,0,236,--,400,164,210,236,236,Algún campo sin dato,1,1bbe948d63754a3305af5013be715f94e6ebb09ec9948cd02609b7256feb8717,26/06/2023 00:36:54,ESCANER
23907,"Jutiapa",22,"Asunción Mita",5,3752,262,89,29,4,6,4,17,0,2,151,16,1,168,0,168,--,262,94,151,168,168,Algún campo sin dato,1,96e492752418d98e2ca8bdc4e5efbbb805224d412dd9c8bf54508b57b1a6378e,25/06/2023 23:34:14,ESCANER
23908,"Jutiapa",22,"Asunción Mita",5,3752,261,59,18,4,4,3,27,0,1,116,3,1,120,0,120,--,258,138,116,120,120,Algún campo sin dato,1,52dbefb02fd3a6b02e7f7999173410853655978b14b2f080a6b43967b659694e,26/06/2023 00:09:13,ESCANER
23909,"Jutiapa",22,"Asunción Mita",5,3753,400,120,40,6,8,4,22,1,0,201,19,5,225,0,225,--,400,175,201,225,225,Algún campo sin dato,1,1645b4702cc955c56fe0acfad2d1f4dfe6b1752e04dadd98c94ee56b645609bc,25/06/2023 23:13:25,ESCANER
23910,"Jutiapa",22,"Asunción Mita",5,3753,400,117,53,5,10,5,37,0,0,227,20,5,252,0,252,--,400,148,227,252,252,Algún campo sin dato,1,9a0e58df0884c7281348be11991739437d778bf9bbbe6d7e0af39515d55a75a1,25/06/2023 23:46:23,ESCANER
23911,"Jutiapa",22,"Asunción Mita",5,3753,400,132,48,12,13,2,37,2,0,246,19,3,268,0,268,--,400,131,246,268,268,Algún campo sin dato,1,1bebb228eb5193c0eb7b2e7ff27b19064a0540db01b8a8579b4272c53ff057a7,26/06/2023 02:02:31,ESCANER
23912,"Jutiapa",22,"Asunción Mita",5,3753,400,125,39,5,11,2,28,2,0,212,9,3,224,0,224,--,400,176,212,224,224,Algún campo sin dato,1,16a6db79809c7774da53cfc6662ee442a6bd396c6dd3a27ed836667638c9ce80,25/06/2023 22:58:45,ESCANER
23913,"Jutiapa",22,"Asunción Mita",5,3753,400,117,38,3,11,4,23,0,0,196,18,2,216,0,196,--,400,184,196,216,216,Sumas Asentadas sin cuadrar,1,8768b95b710936c04be0cb6c4d90de136aae421bb38b695025544cf973496026,26/06/2023 01:03:16,ESCANER
23914,"Jutiapa",22,"Asunción Mita",5,3753,400,111,43,3,9,4,26,1,0,197,10,4,211,0,211,--,400,189,197,211,211,Algún campo sin dato,1,c3dfbb782d09237fcc48a3fd34090324a7644fd675b369c3181a860ffd7a1004,26/06/2023 01:20:54,ESCANER
23915,"Jutiapa",22,"Asunción Mita",5,3753,263,62,28,1,7,1,28,0,0,127,0,0,127,0,127,--,260,133,127,127,127,Algún campo sin dato,1,a80bc3b621eca3da64d853f65d25e32bcc2166ff78cba063c3b42f832f58b424,25/06/2023 23:20:56,ESCANER
23916,"Jutiapa",22,"Asunción Mita",5,3753,263,73,21,2,4,0,22,3,1,126,8,1,135,0,135,--,263,128,126,135,135,Algún campo sin dato,1,486ef4912b16151539c3af3d327899d03ccbcad15301052895122a00f5a47dff,26/06/2023 00:03:55,ESCANER
23917,"Jutiapa",22,"Asunción Mita",5,3754,397,158,33,14,6,6,27,2,1,247,18,1,266,0,266,--,397,131,247,266,266,Algún campo sin dato,1,b9921a6816d9f521aec4712a9056d77c722aaa526f44a2e470991fafeceafdf5,26/06/2023 01:20:55,ESCANER
23918,"Jutiapa",22,"Asunción Mita",5,3754,397,110,31,11,10,3,46,0,3,214,13,1,228,0,228,--,397,169,214,228,228,Algún campo sin dato,1,d0677261001c699ea2b06e424ecb4127b5360b598e7f0a3cdd15b25a71f1a776,26/06/2023 02:09:40,ESCANER
23919,"Jutiapa",22,"Asunción Mita",5,3755,396,113,42,8,7,8,47,0,0,225,14,4,243,0,243,1,396,153,225,243,243,,1,4db17b2b0d99174ca09b60b61d0a990eefad92ca94b54d057acc645a08f6f493,26/06/2023 01:50:01,ESCANER
23920,"Jutiapa",22,"Asunción Mita",5,3755,396,114,39,6,6,3,50,2,0,220,10,3,233,0,233,--,393,160,220,233,233,Algún campo sin dato,1,98dbee57cf3ea45c2b4f7ec23ea36dfb112eebac12fefd351f07b6e8e20b9ee4,26/06/2023 00:43:50,ESCANER
23921,"Jutiapa",22,"Asunción Mita",5,3756,400,127,37,4,10,10,55,0,1,244,18,1,263,0,263,--,400,137,244,263,263,Algún campo sin dato,1,fba98585e3bf2fedd3c522207d60368413428fdff487cd9b6b6f6eb4f95f26f3,25/06/2023 22:16:24,ESCANER
23922,"Jutiapa",22,"Asunción Mita",5,3756,400,145,49,3,8,6,52,2,3,268,10,1,279,0,279,--,400,121,268,279,279,Algún campo sin dato,1,d5044d7fe790c394bdeaa7dba5cc0e31c80252e78f87be1b47695238948de582,25/06/2023 23:04:27,ESCANER
23923,"Jutiapa",22,"Asunción Mita",5,3756,400,147,35,5,10,7,59,3,1,267,7,0,274,0,274,--,400,126,267,274,274,Algún campo sin dato,1,a5786dabb73faffa563c82b7901d6e1c4cc8b9ade5a4f1a0b13973db55896bd9,26/06/2023 00:14:01,ESCANER
23924,"Jutiapa",22,"Asunción Mita",5,3756,400,124,54,7,11,6,51,3,0,256,9,2,267,0,267,--,400,133,256,267,267,Algún campo sin dato,1,bdf684a8ec3579096ab657a3a0e823ef4db52723f2dc808e69b3dbed5eddf370,26/06/2023 00:53:14,ESCANER
23925,"Jutiapa",22,"Asunción Mita",5,3756,400,143,41,4,14,11,57,3,0,273,7,0,280,1,281,0,400,120,273,280,281,,1,ffdcbd4ba375838790aba42c419919ebacf493d8fa4061a6af57943bf70f3775,26/06/2023 02:10:28,ESCANER
23926,"Jutiapa",22,"Asunción Mita",5,3756,400,131,57,4,6,4,64,6,2,275,10,1,286,0,286,--,397,111,274,285,285,Sumas Asentadas sin cuadrar,1,a4d0283563414a29851d3504105469384554609b46c9e639baeb1dd1c99c723f,26/06/2023 02:35:33,ESCANER
23927,"Jutiapa",22,"Asunción Mita",5,3756,400,142,47,3,15,4,52,5,3,271,10,2,283,0,283,--,400,114,271,283,283,Algún campo sin dato,1,a1e1555193835bb71fdfccc6fbdef8ccd209a48c22763e926f15fcf9c4850707,26/06/2023 01:54:05,ESCANER
23928,"Jutiapa",22,"Asunción Mita",5,3756,400,172,32,3,7,4,61,2,0,281,10,2,293,0,293,--,400,107,281,293,293,Algún campo sin dato,1,e2ef8ee4ab241c923994006f000fff65699528a09b29d373798d36b0ceeaf349,26/06/2023 01:22:23,ESCANER
23929,"Jutiapa",22,"Asunción Mita",5,3756,400,138,41,2,8,6,70,6,0,271,9,5,285,0,285,--,400,114,271,285,285,Algún campo sin dato,1,5e1037295df18083dc11e217f002fcf5b692d403ef5114b459cf4ee75306fe2e,26/06/2023 02:29:35,ESCANER
23930,"Jutiapa",22,"Asunción Mita",5,3756,400,131,42,4,7,3,55,6,0,248,7,1,256,0,256,--,400,144,248,256,256,Algún campo sin dato,1,51be90ab2c75d0b1f6e93f8f2d07623d8576b6dc30b8ddfdce7733220521e7b6,26/06/2023 01:23:30,ESCANER
23931,"Jutiapa",22,"Asunción Mita",5,3756,400,113,28,4,5,1,57,0,0,208,3,0,211,0,211,--,397,186,208,211,211,Algún campo sin dato,1,5963cd3b0558f638a5423ddac1a4e2f4c32eee5a551e05ff8b7cf79b32f6a704,26/06/2023 00:01:28,ESCANER
23932,"Jutiapa",22,"Asunción Mita",5,3756,400,149,38,6,6,1,57,1,2,260,13,2,275,0,275,--,400,125,260,275,275,Algún campo sin dato,1,6402417271cd7fd6ecbd5a1b78dbf71f5110daab0ee683f56ba7e007c0cf258b,26/06/2023 01:47:44,ESCANER
23933,"Jutiapa",22,"Asunción Mita",5,3756,400,118,45,3,4,4,60,1,3,238,13,0,251,0,251,--,400,149,238,251,251,Algún campo sin dato,1,81177de4f2507637f9e76cb913dc3f02ade22bb5d6402ab2cc963ecbad1f43ff,26/06/2023 01:46:12,ESCANER
23934,"Jutiapa",22,"Asunción Mita",5,3756,400,,,,,,,,,,,,,,,,,,,,,,0,,,
23935,"Jutiapa",22,"Asunción Mita",5,3756,400,133,47,4,13,4,68,4,0,273,9,1,283,0,283,--,400,117,273,283,283,Algún campo sin dato,1,85d3e0d134f8febaa07dc5b7ac1b4cc19c04211b0cf2ec0e1b14ee25816c45e5,26/06/2023 00:32:59,ESCANER
23936,"Jutiapa",22,"Asunción Mita",5,3756,400,117,54,3,11,1,46,3,1,236,15,2,253,0,253,--,400,147,236,253,253,Algún campo sin dato,1,ee14d22ebdf5d0339a275092cebfaaf4c7fedce32fdfa29a99f09103c7998184,26/06/2023 00:26:11,ESCANER
23937,"Jutiapa",22,"Asunción Mita",5,3756,400,134,46,5,7,5,55,3,2,257,8,3,268,0,268,--,400,132,257,268,268,Algún campo sin dato,1,05200e64425be11960c78602c8112e5953bc557a20ac8ced37b8d6b79c94c33f,25/06/2023 23:18:05,ESCANER
23938,"Jutiapa",22,"Asunción Mita",5,3756,400,112,49,6,15,4,52,3,0,241,11,4,256,0,256,--,400,144,241,256,256,Algún campo sin dato,1,bddfad0698aaaf02a8cafe9e66c66de5b514e45416df6f37a5a1dbf72e2af4e9,25/06/2023 22:56:11,ESCANER
23939,"Jutiapa",22,"Asunción Mita",5,3756,400,110,53,5,8,3,64,2,3,248,15,2,265,0,265,--,400,135,248,265,265,Algún campo sin dato,1,3b4f8f3040efd8562a9bc776352392352198bf482e853cc93eff7ed9a265a31d,26/06/2023 00:34:28,ESCANER
23940,"Jutiapa",22,"Asunción Mita",5,3756,400,120,44,2,6,2,56,6,0,236,11,1,248,0,248,--,400,152,236,248,248,Algún campo sin dato,1,b14b08057486d2ce08145943f1ddfaacc577fdd932ff47a0113fc10323e49282,26/06/2023 01:48:43,ESCANER
23941,"Jutiapa",22,"Asunción Mita",5,3756,400,107,45,1,13,3,54,2,0,225,11,1,237,0,237,--,400,160,225,237,237,Algún campo sin dato,1,1a95461de4a6d7d0e9832a2cd3982dbfc69e2d63982751f698f5c65c1ee0f412,26/06/2023 00:55:55,ESCANER
23942,"Jutiapa",22,"Asunción Mita",5,3756,400,118,50,4,9,6,44,2,0,233,19,0,252,0,252,--,400,148,233,252,252,Algún campo sin dato,1,971f823d0b012bde06fb17cfb7a824384eee08c67eed9acc7e323066c46c8a14,25/06/2023 22:56:36,ESCANER
23943,"Jutiapa",22,"Asunción Mita",5,3756,400,104,39,5,14,3,57,1,2,225,7,2,234,0,234,--,400,166,225,234,234,Algún campo sin dato,1,b19056fe152c63423a4c4005a89cc594627cb167f65b5fe5ee01489ae60a7049,26/06/2023 01:48:07,ESCANER
23944,"Jutiapa",22,"Asunción Mita",5,3756,400,106,42,1,2,4,63,2,0,220,2,0,222,0,222,--,400,178,220,222,222,Algún campo sin dato,1,b14e8c0c16207709140a778b0e01a4b7fdad4b88b853e37354403ff545bc61bc,26/06/2023 00:24:57,ESCANER
23945,"Jutiapa",22,"Asunción Mita",5,3756,400,110,44,2,5,5,55,3,0,224,7,1,232,0,232,--,400,168,224,232,232,Algún campo sin dato,1,07ddfb51de601cad07e59ae7625f47202b0b4e2621c1ce917a0342c9bf8d9f0b,26/06/2023 01:44:01,ESCANER
23946,"Jutiapa",22,"Asunción Mita",5,3756,400,106,30,3,3,3,54,2,0,201,3,0,204,1,205,--,400,195,201,204,205,Algún campo sin dato,1,a1191db64e6e4d7b98da0dbc2bb2443d4f7d8ee98a433ac348cea90b6ec0649e,26/06/2023 01:04:51,ESCANER
23947,"Jutiapa",22,"Asunción Mita",5,3756,400,100,51,3,7,2,85,1,1,250,1,0,251,0,251,--,400,149,250,251,251,Algún campo sin dato,1,3662e65c75cb9444d092e11004f17f34013c202cdaeecd9e5c7b74d1429375c1,26/06/2023 00:46:09,ESCANER
23948,"Jutiapa",22,"Asunción Mita",5,3756,400,130,31,3,9,1,64,1,1,240,1,0,241,1,242,--,400,158,240,241,242,Algún campo sin dato,1,277e7930eaf2686d43a268a35bbe1382d29991a8c480946e5677c3db3a51fe45,26/06/2023 00:04:33,ESCANER
23949,"Jutiapa",22,"Asunción Mita",5,3756,377,114,29,4,4,2,51,2,0,206,6,1,213,0,213,--,377,164,206,213,213,Algún campo sin dato,1,5c1d5bef288f9a4647fcc03210647c9ff3609eb9025be5163743e842a310392c,26/06/2023 00:46:35,ESCANER
23950,"Jutiapa",22,"Asunción Mita",5,3756,377,62,19,1,7,1,44,1,0,135,1,4,140,0,140,--,377,237,135,140,140,Algún campo sin dato,1,e8418e003f7cbf3fa1205f758ba65f08877526f7831aa1b64272b688132822d1,26/06/2023 00:01:08,ESCANER
23951,"Jutiapa",22,"Asunción Mita",5,3757,380,85,68,30,6,8,33,0,0,230,19,6,255,0,255,--,380,125,230,255,255,Algún campo sin dato,1,c9c3c3361c4d788e9c9cc17e24147b2738142e2f2240bccc3e184f9e0bc8d9eb,26/06/2023 00:11:03,ESCANER
23952,"Jutiapa",22,"Asunción Mita",5,3757,380,87,69,31,10,6,30,0,0,233,16,7,256,0,256,--,380,124,233,256,256,Algún campo sin dato,1,d5e8068795b453069079fdd4624df65d1add0a17b2ea90b65491da3193b0f7d6,25/06/2023 22:36:51,ESCANER
23953,"Jutiapa",22,"Asunción Mita",5,3757,380,84,66,27,9,6,27,2,1,222,16,3,241,0,241,--,382,141,222,241,241,Algún campo sin dato,1,33c22132a8001f1ff012543b8d950221b9b44d15609be690ac12f9d73822d9cb,26/06/2023 00:20:33,ESCANER
23954,"Jutiapa",22,"Asunción Mita",5,3757,380,79,72,36,13,9,38,1,0,248,5,3,256,0,256,--,380,124,248,256,256,Algún campo sin dato,1,3f8b3b5627975e913820019e56c5a64cc7dc3d9bb4f5c9fde686358c7af4fc99,26/06/2023 00:05:10,ESCANER
23955,"Jutiapa",22,"Asunción Mita",5,3757,380,76,68,30,2,13,40,2,0,231,17,3,251,0,251,--,380,129,231,251,251,Algún campo sin dato,1,961a0487da95110c82b847913dfbcb6427c8c804e66036e599bfbaf0c364f1e3,26/06/2023 00:25:59,ESCANER
23956,"Jutiapa",22,"Asunción Mita",5,3757,380,84,53,40,10,12,35,2,1,237,16,1,254,0,254,--,380,126,237,254,254,Algún campo sin dato,1,529e190029e64c29224ec00e3206f28f3349e230c865a89cf29d68044e2c5348,25/06/2023 23:25:34,ESCANER
23957,"Jutiapa",22,"Asunción Mita",5,3757,380,87,66,36,11,10,34,3,1,248,16,2,266,0,266,--,380,114,248,266,266,Algún campo sin dato,1,134883b51f9c6f3be97d12bb32b0c4a8b43a23bca105cb3d9ab88149d9047d52,25/06/2023 22:24:33,ESCANER
23958,"Jutiapa",22,"Asunción Mita",5,3757,380,82,79,34,5,12,32,0,0,244,17,5,266,0,266,--,380,144,244,266,266,Algún campo sin dato,1,0a6fd9d8156dc93ed3466acf9be794143ce5be6bea178ae77f8b0580caccace3,26/06/2023 00:16:11,ESCANER
23959,"Jutiapa",22,"Asunción Mita",5,3757,380,56,63,26,10,7,37,0,0,199,2,4,205,0,205,--,380,175,199,205,205,Algún campo sin dato,1,0b9aa68f5c246de08be86ef70da2c616fa7eac93655b7b4e1d1ae5b312577020,25/06/2023 21:55:30,ESCANER
23960,"Jutiapa",22,"Asunción Mita",5,3757,380,63,65,29,7,7,34,2,1,208,13,1,222,0,222,--,380,158,208,222,222,Algún campo sin dato,1,66d4b61fb18134a6528f6da1defff50448183b3914f1537bfe14281319a1e1f2,25/06/2023 22:45:02,ESCANER
23961,"Jutiapa",22,"Asunción Mita",5,3757,380,82,48,32,6,7,44,1,1,221,13,2,236,0,236,--,380,144,221,236,236,Algún campo sin dato,1,5d896d27f82939d892a3fadc2aac35c3feba2597cca1907cdb88103fca841654,25/06/2023 23:43:23,ESCANER
23962,"Jutiapa",22,"Asunción Mita",5,3757,380,79,50,31,9,7,21,3,0,200,7,1,208,0,208,--,380,172,200,208,208,Algún campo sin dato,1,48d340768b52cef833ecc57f0355eb9c7f9c98592a6d904cb70598f796c0cb11,25/06/2023 23:10:25,ESCANER
23963,"Jutiapa",22,"Asunción Mita",5,3757,380,65,56,30,13,4,40,2,1,211,14,2,227,0,227,--,379,152,211,227,227,Algún campo sin dato,1,bae76b880ff742f41521790bbee363ed48939c3284d1f7ceb3921bb5b70328f9,26/06/2023 00:45:38,ESCANER
23964,"Jutiapa",22,"Asunción Mita",5,3757,380,79,47,24,11,12,38,3,0,214,7,4,225,0,225,--,380,155,214,225,225,Algún campo sin dato,1,61516a3f2440033eedbe85ce7e443f1f49f3947d197676e244d90aeb05c98889,25/06/2023 22:05:41,ESCANER
23965,"Jutiapa",22,"Asunción Mita",5,3758,380,84,54,20,8,7,32,1,0,232,20,5,232,0,232,--,381,148,206,231,231,Sumas Asentadas sin cuadrar,1,79a9659f9ac9fa737cea62ba15b307f13cbb3292c8a6cf7e230b0b7ae9d59130,25/06/2023 23:55:34,ESCANER
23966,"Jutiapa",22,"Asunción Mita",5,3758,380,81,60,37,3,7,29,0,1,218,9,2,229,0,229,--,380,151,218,229,229,Algún campo sin dato,1,69b30362c446e723862cd32c003c597d68ebef93d32b1bbd4a85ed27b225cafe,25/06/2023 22:20:33,ESCANER
23967,"Jutiapa",22,"Asunción Mita",5,3758,380,67,61,24,5,7,34,1,0,199,12,3,214,0,214,--,380,166,199,214,214,Algún campo sin dato,1,4781b325fffc74e308cd0f5dce285789476429cd94ff3fb17d8752b3f66b8d8e,26/06/2023 00:26:18,ESCANER
23968,"Jutiapa",22,"Asunción Mita",5,3758,380,67,63,31,9,6,38,1,0,215,5,1,221,0,221,--,380,159,215,221,221,Algún campo sin dato,1,2de7a8d7a93d59fac8fbadeffb5aed9d0b54388080c0046c05183eb736b7b813,25/06/2023 23:01:04,ESCANER
23969,"Jutiapa",22,"Asunción Mita",5,3758,380,57,62,31,4,3,38,2,0,197,4,0,201,0,201,--,380,179,197,201,201,Algún campo sin dato,1,fd7c1f1227d33968ed993fe764c548f3ece88b2f865586837a2a800a41b95931,25/06/2023 22:42:21,ESCANER
23970,"Jutiapa",22,"Asunción Mita",5,3758,380,66,51,17,2,6,45,1,1,189,10,2,201,--,201,--,380,176,189,201,201,Algún campo sin dato,1,f702497c67fb5373d987ff19e8629584370afa31e0a98ae202ad16859bb7ba1e,26/06/2023 00:14:41,ESCANER
23971,"Jutiapa",22,"Asunción Mita",5,3758,380,66,50,24,5,6,58,0,0,209,1,2,212,0,212,--,380,168,209,212,212,Algún campo sin dato,1,ff1b229c330305c6d6578bcdf1947e333ce549d197eff6a3f9eee7e04447c869,26/06/2023 00:10:03,ESCANER
23972,"Jutiapa",22,"Asunción Mita",5,3758,380,59,50,33,6,6,46,1,0,201,4,1,206,0,206,--,380,174,201,206,206,Algún campo sin dato,1,b4132f46a146a64ebd2222940806ace552b644c09436f361ffbe1c51182dc840,26/06/2023 00:23:15,ESCANER
23973,"Jutiapa",22,"Asunción Mita",5,3758,208,33,20,19,1,0,21,1,0,95,7,2,104,0,104,--,208,104,95,104,104,Algún campo sin dato,1,cbfb63753b4b65e2e4a2a6ba2fdbf82e52cb9d4b573bb2e5727f04bf717df824,25/06/2023 22:24:50,ESCANER
23974,"Jutiapa",22,"Asunción Mita",5,3758,208,21,9,12,2,4,15,0,0,63,3,0,66,0,66,--,208,142,63,66,66,Algún campo sin dato,1,ab0302fb64f922669275fb495abe97a93bb98472cef16e270a4dadcb446e50d5,25/06/2023 21:13:10,ESCANER
23975,"Jutiapa",22,"Asunción Mita",5,3759,600,85,35,10,7,6,46,2,1,192,12,2,206,0,206,--,600,394,192,206,206,Algún campo sin dato,1,759e43b0172375e9a317cd67409b0e090b1eec340cbb99c05d1e22b1ae3ea4aa,26/06/2023 00:32:18,ESCANER
23976,"Jutiapa",22,"Asunción Mita",5,3759,600,97,42,10,11,4,36,2,1,203,7,2,212,0,212,--,600,388,203,212,212,Algún campo sin dato,1,948dcefd72d7c12c7aa20c1ec99da288d24f40b24525c794c3a9c73593c05a48,25/06/2023 23:43:42,ESCANER
23977,"Jutiapa",22,"Asunción Mita",5,3759,600,99,43,8,8,7,46,0,2,213,13,2,228,0,228,--,600,369,213,228,228,Algún campo sin dato,1,47b4d706b21ee6e4e6f5bd20d7c2813843bbb680314acc4fe6cf5e775cd0a17e,26/06/2023 02:44:11,ESCANER
23978,"Jutiapa",22,"Asunción Mita",5,3759,600,100,36,12,5,6,41,1,1,202,15,2,219,0,219,--,600,381,202,219,219,Algún campo sin dato,1,da537ca1278ab3c983a3bba5bfef951769245b9981982b1b91e38ba0d069caf8,26/06/2023 01:32:17,ESCANER
23979,"Jutiapa",22,"Asunción Mita",5,3759,600,45,22,7,5,4,18,0,1,102,3,3,108,0,108,--,599,491,102,108,108,Algún campo sin dato,1,fdbf2d4c6ec4641940fdf41774f6e28cde608cbb1a1fe1bb95e3b6b04cac97d3,26/06/2023 00:27:10,ESCANER
23980,"Jutiapa",22,"Asunción Mita",5,3759,600,22,7,4,1,2,7,0,0,43,2,0,45,0,45,--,600,555,43,45,45,Algún campo sin dato,1,5fcfdbcb861971641e6e23a8471a95a9bb1ecd7f09709d8788b7a76d23441602,25/06/2023 22:51:10,ESCANER
23981,"Jutiapa",22,"Asunción Mita",5,3759,341,6,6,1,1,1,4,0,0,19,0,0,19,0,19,--,338,319,19,19,19,Algún campo sin dato,1,d2f905eecacc969486282ca98ae73db79208a9e074366be0b0bfabcf0582a367,25/06/2023 22:29:43,ESCANER
23982,"Jutiapa",22,"Asunción Mita",5,3759,340,8,3,1,1,1,3,0,0,17,0,0,17,0,17,--,340,323,17,17,17,Algún campo sin dato,1,2ccd705c6902115b1326858ba8742b23469159ebbd6571eaef15767dd477a28f,25/06/2023 21:36:34,ESCANER