﻿TIPO_DE_ELECCIÓN:,CORPORACIÓN MUNICIPAL
26 junio 2023 03:36 (UTC -6)
ACTAS_ESPERADAS,ACTAS_CAPTURADAS,PORCENTAJE_ACTAS_CAPTURADAS,ACTAS_CONTABILIZADAS,PORCENTAJE_ACTAS_CONTABILIZADAS,ACTAS_NO_CONTABILIZADAS,LISTA_NOMINAL_ACTAS_CONTABILIZADAS,VOTOS_EMITIDOS_CONTABILIZADAS,PORCENTAJE_PARTICIPACIÓN_CIUDADANA
107,106,99.0654,106,99.0654,0,40693,22899,56.2725

MESA,DEPARTAMENTO,ID_DEPARTAMENTO,MUNICIPIO,ID_MUNICIPIO,CENTRO_DE_VOTACIÓN,PADRÓN,TODOS,AZUL,VAMOS,CABAL,VALOR,PODEMOS,UNE,UNIONISTA,P A N,VOS,VICTORIA,PPN,UR,ELEFANTE,MLP,VÁLIDOS,NULOS,BLANCO,EMITIDOS,INVÁLIDOS,TOTAL,IMPUGNACIONES,PAPELETAS-RECIBIDAS,PAPELETAS-NO-USADAS,VALIDOS_CALCULADO,EMITIDOS_CALCULADO,TOTAL_CALCULADO,OBSERVACIONES,CONTABILIZADA,CÓDIGO_INTEGRIDAD,FECHA_HORA_PUBLICACIÓN,DIGITALIZACIÓN
6285,"Chimaltenango",3,"Tecpán Guatemala",6,668,400,51,8,36,11,19,20,11,25,2,15,27,2,2,12,11,252,9,5,266,1,267,--,400,133,252,266,267,Algún campo sin dato,1,3ebb22769847f2bcff96738cbf8fd6184c76970eda595e1605b1500536b5e951,26/06/2023 00:19:53,ESCANER
6286,"Chimaltenango",3,"Tecpán Guatemala",6,668,400,32,6,50,10,13,34,9,20,4,12,29,3,1,6,9,238,13,8,259,0,259,--,400,141,238,259,259,Algún campo sin dato,1,e77ebcf7a4b4884aad015addbe617d5c0bf2f346e16e3848c5bb27f84b3c6483,26/06/2023 00:27:59,ESCANER
6287,"Chimaltenango",3,"Tecpán Guatemala",6,668,400,45,10,57,10,33,26,17,25,4,6,23,1,2,2,8,269,16,3,288,0,288,--,400,112,269,288,288,Algún campo sin dato,1,233642ca438739e8f0ea3331026b05c59e1c7f20f77f51d8335cac9c3e609b5e,26/06/2023 01:04:55,ESCANER
6288,"Chimaltenango",3,"Tecpán Guatemala",6,668,400,61,9,43,9,22,21,8,11,11,9,28,2,3,11,6,254,10,4,268,0,268,--,398,130,254,268,268,Algún campo sin dato,1,314f4e19c9c9a0ad15f8eadb42f5e6105d89c5cdc78986e7ac1b6db5fd7fc742,25/06/2023 23:13:32,ESCANER
6289,"Chimaltenango",3,"Tecpán Guatemala",6,668,400,53,6,62,4,23,26,9,25,5,9,25,3,1,10,7,268,11,7,286,0,286,--,400,114,268,286,286,Algún campo sin dato,1,1def512cf3ac901b56955b24f7db701a3be97ae853b73f55d21aebf598d785c3,26/06/2023 00:48:31,ESCANER
6290,"Chimaltenango",3,"Tecpán Guatemala",6,668,400,38,4,59,7,23,33,5,24,3,9,26,4,4,8,3,250,11,3,264,0,264,--,340,116,250,264,264,Algún campo sin dato,1,9c6c5c841e6b903eb5d10d1d8c188b9950acb61fd98bc1fd51481691f0f551d2,26/06/2023 00:09:28,ESCANER
6291,"Chimaltenango",3,"Tecpán Guatemala",6,668,400,41,6,47,12,22,33,9,17,3,14,27,1,4,3,6,245,14,3,262,0,262,--,400,138,245,262,262,Algún campo sin dato,1,5eabb4d2362db277333e7f05c3ad82b28152511bbf43e9c8506aa346ac283bcd,26/06/2023 00:39:50,ESCANER
6292,"Chimaltenango",3,"Tecpán Guatemala",6,668,400,27,9,75,9,30,19,9,12,3,10,15,1,1,12,10,242,9,1,252,0,252,--,400,148,242,252,252,Algún campo sin dato,1,64152a55a5fbc7673015c4d2c5a754e14fb25ffc241d1267dc77ba5e3b3d9f0f,25/06/2023 23:56:15,ESCANER
6293,"Chimaltenango",3,"Tecpán Guatemala",6,668,400,40,6,68,15,32,20,6,25,5,6,18,1,4,7,5,258,16,3,277,0,277,--,400,123,258,277,277,Algún campo sin dato,1,3817d09d8102381850bda13a20fdf56f6874a5c1d63bb4690a369497482f1439,26/06/2023 00:57:12,ESCANER
6294,"Chimaltenango",3,"Tecpán Guatemala",6,668,400,29,14,44,4,35,39,5,15,4,4,19,2,2,7,2,225,9,8,242,0,242,--,400,158,225,242,242,Algún campo sin dato,1,90d27e9e2bfa905bca779344a08ab8901ed88b2b6ddf3fba4a79a3f04cf19436,25/06/2023 22:37:43,ESCANER
6295,"Chimaltenango",3,"Tecpán Guatemala",6,668,400,34,7,42,12,37,62,7,20,1,8,16,2,0,11,7,266,4,6,276,0,276,--,399,123,266,276,276,Algún campo sin dato,1,8d78cfdf5b65c80d2cfe547b3ec940c184b377059123ba003334520f15989f1c,26/06/2023 00:47:29,ESCANER
6296,"Chimaltenango",3,"Tecpán Guatemala",6,668,400,32,3,42,14,29,45,11,23,1,7,16,1,1,4,4,233,7,1,241,0,241,--,400,159,233,241,241,Algún campo sin dato,1,eb0243915a58e2cb17e9168036c933dd0a5e3d317cd330d703ed2b8059f9c0e6,25/06/2023 22:58:55,ESCANER
6297,"Chimaltenango",3,"Tecpán Guatemala",6,668,400,34,2,42,14,34,20,14,20,6,14,31,4,1,9,3,248,12,6,266,0,266,--,400,134,248,266,266,Algún campo sin dato,1,07c474ba909fe6e7418fada8ff3df67ca4dc0b93617a5f7ab555dcd5f09e1b67,25/06/2023 23:27:39,ESCANER
6298,"Chimaltenango",3,"Tecpán Guatemala",6,669,400,27,4,51,16,25,29,15,21,3,7,21,4,2,4,3,232,11,4,247,0,247,--,400,153,232,247,247,Algún campo sin dato,1,5c37389c8abf4f019312f89620f38ef3b3c8ec1ce0fb5ca92f230a942c1fb70d,26/06/2023 00:00:33,ESCANER
6299,"Chimaltenango",3,"Tecpán Guatemala",6,669,400,14,3,49,19,21,25,24,23,4,6,25,0,1,6,3,223,24,7,254,0,254,--,400,146,223,254,254,Algún campo sin dato,1,f1ea9b3589221f6d61b7d2eae737ef066e2324127e11c8a43bb8105926efe7fd,26/06/2023 01:49:24,ESCANER
6300,"Chimaltenango",3,"Tecpán Guatemala",6,669,400,32,5,39,11,25,24,7,20,3,5,23,2,1,15,4,216,7,5,228,0,228,--,400,172,216,228,228,Algún campo sin dato,1,aacdc242133928eb799f2a3c4a6929bf8524b8c2aaf400f5ed3e6f74c977a078,25/06/2023 23:52:47,ESCANER
6301,"Chimaltenango",3,"Tecpán Guatemala",6,669,400,45,3,39,8,19,23,7,16,5,12,21,0,2,9,2,211,7,1,219,0,219,--,400,181,211,219,219,Algún campo sin dato,1,2dfdeaf98f0359c7cba1340f0e7de5864f9926ec2555e35ba63e7cde4d7592ea,25/06/2023 22:17:58,ESCANER
6302,"Chimaltenango",3,"Tecpán Guatemala",6,669,400,39,7,47,7,25,24,5,25,5,9,22,1,0,2,7,225,7,1,233,0,233,--,400,167,225,233,233,Algún campo sin dato,1,7dc09cc911ffae0b56da55ca109e68fe3c1ac3ac2237a4fcec6425786f98295a,25/06/2023 22:50:30,ESCANER
6303,"Chimaltenango",3,"Tecpán Guatemala",6,669,400,50,9,42,8,21,24,7,20,1,15,25,1,0,7,6,236,11,1,248,0,248,--,400,152,236,248,248,Algún campo sin dato,1,f6c6d21a7e6afb2ddf3343a81dbf7fd1519e58aff91c25d7d96d6c7c04a30b1c,25/06/2023 22:26:48,ESCANER
6304,"Chimaltenango",3,"Tecpán Guatemala",6,669,400,56,7,35,8,30,25,11,21,2,11,24,2,2,7,9,250,11,3,264,0,264,--,400,136,250,264,264,Algún campo sin dato,1,957ed6596676259c250ef3ec5bde2d247b5343cf897762cc9bf31147f9748c37,25/06/2023 22:13:26,ESCANER
6305,"Chimaltenango",3,"Tecpán Guatemala",6,669,400,48,1,47,10,23,23,5,19,5,10,35,2,1,11,4,244,11,7,262,0,262,--,400,138,244,262,262,Algún campo sin dato,1,4779591aa657e1627a62a3a521884b86444b8f93c3bd103f0ade89f3d3debb8b,25/06/2023 22:42:33,ESCANER
6306,"Chimaltenango",3,"Tecpán Guatemala",6,669,400,51,13,39,8,28,18,15,32,2,10,24,0,1,6,5,252,13,1,266,0,266,--,400,134,252,266,266,Algún campo sin dato,1,9d1e8dd7a25a6c8b6f357e66ba74798bc08c3ff4bf58d5efa51361612a355f05,25/06/2023 23:09:46,ESCANER
6307,"Chimaltenango",3,"Tecpán Guatemala",6,669,400,65,6,39,8,26,22,4,24,6,17,21,1,2,4,7,252,8,5,265,0,265,--,400,132,252,265,265,Algún campo sin dato,1,071bccab643d6893a57eada5b85d12d2f3d2f53a6b08eac208cce7e5f7833244,26/06/2023 00:31:02,ESCANER
6308,"Chimaltenango",3,"Tecpán Guatemala",6,669,400,42,9,52,13,23,24,12,26,5,7,31,3,1,10,8,266,13,8,287,0,287,--,402,115,266,287,287,Algún campo sin dato,1,c4ed031e9d982d72178ed397268af1736cdbab7ec78663b22d59e09580813bf6,26/06/2023 00:48:34,ESCANER
6309,"Chimaltenango",3,"Tecpán Guatemala",6,669,400,73,6,26,12,23,31,17,20,6,9,31,1,2,7,7,271,7,0,278,0,278,--,400,122,271,278,278,Algún campo sin dato,1,7b0c1ba7d6fa3edb0aef6609b32ff00d53e39dc5c322e06e90359bb33a8313b3,26/06/2023 01:37:37,ESCANER
6310,"Chimaltenango",3,"Tecpán Guatemala",6,669,400,50,5,41,6,20,28,12,24,5,13,18,0,1,12,13,248,7,4,259,0,259,--,400,141,248,259,259,Algún campo sin dato,1,07cfa9430ab711962bcd93c5a41111a222e250b87505361503fdfcda7ae55d55,26/06/2023 01:38:31,ESCANER
6311,"Chimaltenango",3,"Tecpán Guatemala",6,669,400,73,2,52,3,27,28,12,15,7,5,27,3,1,10,8,273,10,3,286,0,286,--,400,114,273,286,286,Algún campo sin dato,1,517c2ca2fc805e44ac0f96b68a7e6726bb134f2e128e9ce7622591e5b849fad4,26/06/2023 02:52:37,ESCANER
6312,"Chimaltenango",3,"Tecpán Guatemala",6,669,400,47,6,50,9,15,30,17,21,7,13,23,0,3,9,8,258,8,0,266,0,266,--,400,134,258,266,266,Algún campo sin dato,1,facf45ec17c5e18d22f80b24cfec069379245b50c0616c7f30b85bdb4f7810f4,26/06/2023 00:41:17,ESCANER
6313,"Chimaltenango",3,"Tecpán Guatemala",6,669,400,61,10,41,5,21,30,9,13,3,12,25,2,4,12,7,268,9,4,268,1,269,--,400,131,255,268,269,Sumas Asentadas sin cuadrar,1,0fa58ad7c70b2695f872da7566b53ca8ac6d512e511a9421ee521b21637c429c,26/06/2023 00:37:24,ESCANER
6314,"Chimaltenango",3,"Tecpán Guatemala",6,669,400,55,10,40,7,28,26,6,17,2,9,31,1,2,6,8,248,11,3,262,0,262,--,400,138,248,262,262,Algún campo sin dato,1,83be119dc40622df0d676145cc02a9b17eb8d817461d7737725340500eb7cac5,26/06/2023 00:18:55,ESCANER
6315,"Chimaltenango",3,"Tecpán Guatemala",6,669,400,64,5,36,6,19,22,11,25,4,14,19,4,0,5,3,235,13,3,251,0,251,--,400,149,237,253,253,Sumas Asentadas sin cuadrar,1,b64283e017b3ef78512dc6c75f48b6c89d03cf9601ffe0f032af2c7cbaf119c3,26/06/2023 00:08:15,ESCANER
6316,"Chimaltenango",3,"Tecpán Guatemala",6,669,400,55,3,30,13,28,22,11,13,6,9,32,4,3,4,7,240,13,3,256,0,256,--,400,144,240,256,256,Algún campo sin dato,1,df14c52e371829ab487c79acc3e6ffe1a81b340398b18076cec1bb94d161fb4e,26/06/2023 02:20:12,ESCANER
6317,"Chimaltenango",3,"Tecpán Guatemala",6,669,400,53,10,28,10,30,23,19,21,6,8,23,0,1,8,18,258,11,2,271,0,271,--,400,129,258,271,271,Algún campo sin dato,1,f26d2cd4579992384ad18bace4bd76af3f9da7d019720189c82874581cc77cba,26/06/2023 01:47:49,ESCANER
6318,"Chimaltenango",3,"Tecpán Guatemala",6,670,400,49,5,40,4,17,23,8,18,4,15,26,2,1,7,8,227,9,1,237,0,237,--,400,163,227,237,237,Algún campo sin dato,1,7c220881efe8cc68873aa6e0c834758b3229285e60236f63dde683271f413ca0,25/06/2023 22:56:48,ESCANER
6319,"Chimaltenango",3,"Tecpán Guatemala",6,670,400,37,13,25,8,26,21,5,19,3,9,20,3,1,5,7,202,8,2,212,0,212,--,400,188,202,212,212,Algún campo sin dato,1,c48040e8c9ee74be43593fba9a10c6fa1a8444cc5fef9be63829cf812efd17cd,25/06/2023 23:14:12,ESCANER
6320,"Chimaltenango",3,"Tecpán Guatemala",6,670,400,59,5,37,9,22,14,5,16,5,15,17,2,2,10,5,223,4,2,229,0,229,--,400,171,223,229,229,Algún campo sin dato,1,03d08c3f9cd2819b34fe408afdd2cc28d5022efcefda5be84a56898734f0f3ba,25/06/2023 23:01:49,ESCANER
6321,"Chimaltenango",3,"Tecpán Guatemala",6,670,400,38,5,46,15,17,22,5,20,2,11,21,2,1,6,8,219,2,1,222,0,222,--,400,178,219,222,222,Algún campo sin dato,1,3cc7f4593501b233076b14f7735c9c3f9323a1290d386de7abbc405fb356836b,25/06/2023 23:28:22,ESCANER
6322,"Chimaltenango",3,"Tecpán Guatemala",6,670,400,73,5,43,4,26,23,6,24,0,18,19,0,1,6,3,251,2,0,253,0,253,--,400,147,251,253,253,Algún campo sin dato,1,553e12446debb0599e8ace071b194d6fbff2ce7da9acb4dce87c2cc913e79f2b,26/06/2023 00:43:27,ESCANER
6323,"Chimaltenango",3,"Tecpán Guatemala",6,670,400,56,5,39,7,15,21,6,21,2,19,27,0,3,5,7,236,5,2,243,0,243,0,400,157,233,240,240,Sumas Asentadas sin cuadrar,1,91dcbd60343947320580b98620796bc0591d27c188662a4ab18310e07343c6a0,26/06/2023 00:08:07,ESCANER
6324,"Chimaltenango",3,"Tecpán Guatemala",6,670,400,66,2,29,8,27,16,8,27,5,14,33,3,0,4,6,248,3,1,252,0,252,--,397,146,248,252,252,Algún campo sin dato,1,7fa300a139f17148fedf17490f4b31f30a53b99023dea0542f28aec416fd562f,26/06/2023 00:53:14,ESCANER
6325,"Chimaltenango",3,"Tecpán Guatemala",6,670,400,74,5,30,9,29,23,4,25,2,15,27,2,1,6,15,267,4,1,272,1,273,--,401,128,267,272,273,Algún campo sin dato,1,028aa42e01e34a605ecb61357a2881f1db18b31722fd2ee7c95aa080bd61a8e8,25/06/2023 23:57:27,ESCANER
6326,"Chimaltenango",3,"Tecpán Guatemala",6,670,400,30,3,37,4,19,26,9,25,1,6,17,3,0,11,2,193,4,0,197,0,197,--,397,200,193,197,197,Algún campo sin dato,1,23ff05641661307389c053cfdf134df26179b51ca63f6948261e8971a5b158e2,26/06/2023 01:08:17,ESCANER
6327,"Chimaltenango",3,"Tecpán Guatemala",6,670,400,26,3,40,3,34,22,11,10,2,5,26,0,0,3,4,189,2,1,192,0,192,--,398,206,189,192,192,Algún campo sin dato,1,b3daffef00dbfe039795db3d02c1a846257ef5c045f23d8d843ca01423910fe1,26/06/2023 01:00:28,ESCANER
6328,"Chimaltenango",3,"Tecpán Guatemala",6,670,395,18,5,46,10,22,25,6,9,2,4,20,1,3,3,2,176,2,2,180,0,180,--,395,215,176,180,180,Algún campo sin dato,1,29b2ab5281327c8358c9d9be72e44e7bd28e9ff837e2d5dd379618434571afe4,26/06/2023 00:30:17,ESCANER
6329,"Chimaltenango",3,"Tecpán Guatemala",6,670,394,37,7,40,11,20,19,8,10,3,11,18,3,1,7,2,197,10,0,207,0,207,--,394,187,197,207,207,Algún campo sin dato,1,ce8884115273d785f56d6fafc92c7f43af2b357e350166070f10b6eb2512dee4,25/06/2023 23:47:46,ESCANER
6330,"Chimaltenango",3,"Tecpán Guatemala",6,671,380,13,4,78,13,40,45,2,29,0,3,28,0,0,2,2,259,8,4,271,0,271,--,380,106,259,271,271,Algún campo sin dato,1,092774f857054566cea378f4ac5eeab28b8f41eca06146311a2d8effba60cbbe,26/06/2023 00:33:37,ESCANER
6331,"Chimaltenango",3,"Tecpán Guatemala",6,671,380,18,1,75,18,36,37,2,19,1,1,35,0,0,5,0,248,7,5,260,0,260,--,380,120,248,260,260,Algún campo sin dato,1,c16d58f53461ca651d95899e8be7bb2ea5e3249956152ad567dcdb87d7ff77dd,26/06/2023 00:26:42,ESCANER
6332,"Chimaltenango",3,"Tecpán Guatemala",6,671,380,21,6,56,6,7,72,5,10,1,1,28,2,1,5,1,222,8,7,237,0,237,--,380,143,222,237,237,Algún campo sin dato,1,5b68f4353d7c176fd3adc5a46cdab1af9f3762ec0b2f69fe0699c80f8f659fef,26/06/2023 00:06:24,ESCANER
6333,"Chimaltenango",3,"Tecpán Guatemala",6,671,380,14,3,44,7,18,67,7,16,1,1,12,0,0,0,0,190,3,4,197,0,197,--,380,183,190,197,197,Algún campo sin dato,1,648ca748311ab0f42e143375f20ca919c3e380b6dd4446c4f3bc64cf05e0e1e7,25/06/2023 22:53:23,ESCANER
6334,"Chimaltenango",3,"Tecpán Guatemala",6,671,270,8,3,46,3,10,28,4,8,0,1,16,1,0,2,1,131,2,1,134,0,134,--,267,133,131,134,134,Algún campo sin dato,1,4a68c765792e8386f54a3cfca1cd1912ea8816bda3ca9e9300a1417d3e2f24a7,26/06/2023 00:13:33,ESCANER
6335,"Chimaltenango",3,"Tecpán Guatemala",6,671,270,9,1,37,8,20,23,0,10,1,1,11,2,0,2,0,125,3,0,128,0,128,--,270,142,125,128,128,Algún campo sin dato,1,74288e4b294f5f3f5cd8c30df549778d2f4736d3dbbb312a6f97b3a3d028e02d,25/06/2023 22:45:59,ESCANER
6336,"Chimaltenango",3,"Tecpán Guatemala",6,672,380,20,5,44,26,3,25,19,2,1,1,5,2,1,3,0,157,15,6,178,0,178,--,380,202,157,178,178,Algún campo sin dato,1,7e60f4dc62dadcd6f2299a3df06899d67b4d25212a42f994a6b65237f89c436f,26/06/2023 01:37:41,ESCANER
6337,"Chimaltenango",3,"Tecpán Guatemala",6,672,380,6,5,36,23,1,31,18,1,4,1,10,3,0,2,1,142,22,2,166,0,166,--,380,214,142,166,166,Algún campo sin dato,1,62becc6f462e50bd77aa8a8e70b27442f98c16a9a38357a858fc8753347a9e96,26/06/2023 01:39:06,ESCANER
6338,"Chimaltenango",3,"Tecpán Guatemala",6,672,380,22,0,41,15,8,22,16,4,1,2,20,0,2,3,1,157,21,6,184,0,184,--,380,196,157,184,184,Algún campo sin dato,1,50bff7617469e8e45531028f0ae0d4b6769e2dbeb58c5454825d5d74121d8b84,26/06/2023 01:25:10,ESCANER
6339,"Chimaltenango",3,"Tecpán Guatemala",6,672,380,12,2,29,8,3,24,43,1,0,0,11,1,1,9,0,144,15,9,168,0,168,--,380,212,144,168,168,Algún campo sin dato,1,3ab8520e1e1b0cd623eea2de97d1f10758b904119941623a40049c642810e44f,26/06/2023 00:29:37,ESCANER
6340,"Chimaltenango",3,"Tecpán Guatemala",6,672,380,23,0,33,3,8,64,37,1,1,1,11,6,1,8,5,202,16,6,224,0,224,--,377,153,202,224,224,Algún campo sin dato,1,1ccc9c835320c8bc40a32a4a67fe5b6bacc8bfff14b4a47b07720980bcc8742f,26/06/2023 01:47:09,ESCANER
6341,"Chimaltenango",3,"Tecpán Guatemala",6,672,380,15,2,49,9,22,36,21,1,1,0,12,4,2,7,2,183,14,8,205,0,205,--,380,175,183,205,205,Algún campo sin dato,1,2f38f19fffd95287d1f72613278ae9d4a674566e6b235c0ddeb90505f8501ef3,26/06/2023 01:42:02,ESCANER
6342,"Chimaltenango",3,"Tecpán Guatemala",6,672,380,11,1,53,38,43,18,13,7,2,1,3,4,0,1,1,196,10,8,214,0,214,--,380,166,196,214,214,Algún campo sin dato,1,404773b3cd05818e2e0fdc0cc454d6854344bb885ec4cd80e5dda81d8aac5fd5,26/06/2023 00:41:40,ESCANER
6343,"Chimaltenango",3,"Tecpán Guatemala",6,672,380,15,0,36,21,11,27,11,0,1,1,9,1,0,7,1,141,7,0,148,0,148,--,380,232,141,148,148,Algún campo sin dato,1,b03b62e320d6db1fd726cc05d103238ed6969a285403bfbdcd76355b351120e9,26/06/2023 00:16:46,ESCANER
6344,"Chimaltenango",3,"Tecpán Guatemala",6,672,380,20,2,32,18,8,31,22,1,1,1,8,5,0,6,3,158,10,0,168,0,168,--,380,212,158,168,168,Algún campo sin dato,1,f642a9f0394a56a60d49194aa8eaaa6ca5a60df00b2e0b875821fcde0ed58e44,26/06/2023 00:32:16,ESCANER
6345,"Chimaltenango",3,"Tecpán Guatemala",6,672,380,21,0,27,12,15,23,19,4,1,1,5,1,0,3,0,132,5,7,144,0,144,--,380,236,132,144,144,Algún campo sin dato,1,6c6534decc68d6a62e9a99e8403638086d3457f108b126d47615c99a01da3e4c,26/06/2023 00:14:42,ESCANER
6346,"Chimaltenango",3,"Tecpán Guatemala",6,672,314,20,1,29,17,15,21,20,0,1,2,13,3,1,10,1,154,8,4,166,0,166,--,311,145,154,166,166,Algún campo sin dato,1,55d9916af0efbdaea2f038ccdcb94be46f03e4ca197dd36fd14362c7075096fe,26/06/2023 01:13:23,ESCANER
6347,"Chimaltenango",3,"Tecpán Guatemala",6,672,314,17,0,34,10,7,25,22,2,2,0,13,3,0,4,0,139,5,5,149,0,149,--,311,162,139,149,149,Algún campo sin dato,1,20395b208fe2e18aa1a5b3ec0537dca435190040715e5a1b232ce134f2806ebf,26/06/2023 00:33:03,ESCANER
6348,"Chimaltenango",3,"Tecpán Guatemala",6,673,380,22,2,109,4,22,12,12,2,2,4,8,0,1,2,0,202,8,0,210,0,210,--,379,169,202,210,210,Algún campo sin dato,1,9ee27f937137a711495509ca860c11485b93845051f149e0ce0132930e808394,26/06/2023 02:12:41,ESCANER
6349,"Chimaltenango",3,"Tecpán Guatemala",6,673,380,20,1,58,7,30,21,14,5,2,2,6,3,4,5,2,180,10,6,196,0,196,--,380,184,180,196,196,Algún campo sin dato,1,c3b09cafd7e029a5d1436f2162876bd728eabe80fbcf5cce602b7700ee7a138f,26/06/2023 02:08:45,ESCANER
6350,"Chimaltenango",3,"Tecpán Guatemala",6,673,380,16,11,37,4,44,59,20,4,0,3,3,5,0,7,3,216,10,11,237,0,237,--,380,143,216,237,237,Algún campo sin dato,1,8840e08104ac2567c91c408bfbeba4b022d0ae44bb622e76c2437e9efa1fd352,26/06/2023 00:46:05,ESCANER
6351,"Chimaltenango",3,"Tecpán Guatemala",6,673,380,11,7,40,9,53,53,12,6,2,3,2,7,7,0,0,206,15,6,227,0,227,--,379,152,212,233,233,Sumas Asentadas sin cuadrar,1,794a25be2cc7d139e189f9b9f9767a9f901f2b88f2484ea2fabea2bb2db14f1d,26/06/2023 00:12:19,ESCANER
6352,"Chimaltenango",3,"Tecpán Guatemala",6,673,380,34,4,48,3,30,17,15,0,3,5,6,2,0,7,5,179,9,7,195,0,195,--,380,185,179,195,195,Algún campo sin dato,1,868bb9d4b3b28fd1e56f372a1694cc0f3f064db4ff2bcb7e50a112515656bc91,25/06/2023 23:13:01,ESCANER
6353,"Chimaltenango",3,"Tecpán Guatemala",6,673,380,19,1,44,11,16,36,33,2,1,0,3,1,0,3,2,172,17,4,193,0,193,--,381,188,172,193,193,Algún campo sin dato,1,c0b4cd0e9667dc7f541eaea64b41ed048833955fad0b2ac7496946dbc5d33284,25/06/2023 22:25:40,ESCANER
6354,"Chimaltenango",3,"Tecpán Guatemala",6,673,380,25,3,54,8,21,32,25,1,3,1,5,0,1,5,1,185,9,5,199,0,199,--,380,181,185,199,199,Algún campo sin dato,1,2f9be1681bc70deba21eb57c7af1fbb61b9035a7afebe9af6c67f46a31e7a342,25/06/2023 22:54:41,ESCANER
6355,"Chimaltenango",3,"Tecpán Guatemala",6,673,380,38,0,72,5,20,31,14,4,0,5,10,6,2,5,1,213,11,0,224,0,224,--,400,176,213,224,224,Algún campo sin dato,1,efa80c259104b8711ca59ba9a9f84fdbf961196f833c162f8f22ee648924c2da,26/06/2023 02:18:50,ESCANER
6356,"Chimaltenango",3,"Tecpán Guatemala",6,673,380,23,1,50,4,29,35,16,4,1,5,2,1,0,3,1,175,10,2,187,0,187,--,376,189,175,187,187,Algún campo sin dato,1,10b4b99295262849085d9dcaad026035105c9003120e1670485daff385d7801d,26/06/2023 02:04:39,ESCANER
6357,"Chimaltenango",3,"Tecpán Guatemala",6,673,380,23,3,51,3,32,17,5,2,0,3,6,2,1,2,1,151,10,1,162,0,162,--,380,218,151,162,162,Algún campo sin dato,1,6bf8e9f1305fa181435a3b9b78542887ee0284b0ce503751ebd2451c826f419e,25/06/2023 22:04:59,ESCANER
6358,"Chimaltenango",3,"Tecpán Guatemala",6,673,380,18,2,59,8,26,37,15,5,1,1,0,2,4,4,2,184,3,3,190,0,190,--,380,190,184,190,190,Algún campo sin dato,1,06f1f55743615cab3a5289d8e032598f0bb612383d583d09f5d9d9b0d2e02504,26/06/2023 00:39:50,ESCANER
6359,"Chimaltenango",3,"Tecpán Guatemala",6,673,380,24,2,56,5,38,34,10,2,0,2,7,1,0,3,0,184,4,1,189,191,380,--,380,191,184,189,380,Algún campo sin dato,1,600b1cbfa89d50ea5d2138e37342b665272e36482ba6e11d86165e6ace2f7854,26/06/2023 00:11:14,ESCANER
6360,"Chimaltenango",3,"Tecpán Guatemala",6,673,380,24,3,58,3,31,31,11,2,1,2,4,5,0,1,1,177,2,1,180,0,180,--,380,200,177,180,180,Algún campo sin dato,1,29bfe8fac5554b05491217230a85b316704ae72a08b0f39c169e1d171b843cbe,26/06/2023 02:21:22,ESCANER
6361,"Chimaltenango",3,"Tecpán Guatemala",6,673,248,13,0,28,3,17,13,5,1,0,3,3,2,2,2,1,93,1,1,95,0,95,--,248,153,93,95,95,Algún campo sin dato,1,324e667e03612da2b5f3fc306387791d19ecb1ee8602b136aba0057146fe132b,26/06/2023 02:23:50,ESCANER
6362,"Chimaltenango",3,"Tecpán Guatemala",6,673,248,18,3,32,0,11,21,6,0,0,2,2,1,1,1,1,99,2,3,104,0,104,--,248,144,99,104,104,Algún campo sin dato,1,4531d8f0099f890ae7affb003f66ccf7f4c806a524f7d1b12c05449762354008,26/06/2023 00:32:21,ESCANER
6363,"Chimaltenango",3,"Tecpán Guatemala",6,674,380,4,1,55,23,16,16,16,6,0,0,7,2,0,5,0,151,13,8,172,0,172,--,380,208,151,172,172,Algún campo sin dato,1,c4deb2daad50fd0119c09871a32ee0e4ff80836eb7693b68076ae1e93fa28a3e,26/06/2023 00:16:11,ESCANER
6364,"Chimaltenango",3,"Tecpán Guatemala",6,674,380,2,3,54,12,24,4,36,7,1,0,7,1,1,4,1,157,24,10,191,0,191,--,380,189,157,191,191,Algún campo sin dato,1,acfc34cebb4b5bd33f75d87f9ec75fc35c6a98970a03b27cb3a41c4bb4781396,26/06/2023 01:41:26,ESCANER
6365,"Chimaltenango",3,"Tecpán Guatemala",6,674,380,6,3,34,29,41,6,56,2,1,1,6,0,0,3,0,188,21,9,218,0,218,--,380,162,188,218,218,Algún campo sin dato,1,efd7edeb2f5c9423824fb33874db41b41dae8adb574c31a5f3e85dc7d56a01c1,26/06/2023 02:14:28,ESCANER
6366,"Chimaltenango",3,"Tecpán Guatemala",6,674,380,5,1,69,9,40,20,14,3,1,0,4,0,0,15,1,182,2,8,192,9,201,--,380,179,182,192,201,Algún campo sin dato,1,4d5d4ef682254c6c4630fc01d7164ebbbcc5b37df0a27ebc7510b9cfb09302b9,26/06/2023 01:44:33,ESCANER
6367,"Chimaltenango",3,"Tecpán Guatemala",6,674,380,,,,,,,,,,,,,,,,,,,,,,,,,,,,,0,,,
6368,"Chimaltenango",3,"Tecpán Guatemala",6,674,380,8,4,45,9,20,41,28,3,2,0,0,1,1,8,0,170,8,9,187,0,187,--,380,193,170,187,187,Algún campo sin dato,1,efe2cd0957a1b6363c48efb33cb8c5b1cc8255c7b79ef5771bc63e4e33b3e4f6,26/06/2023 00:49:26,ESCANER
6369,"Chimaltenango",3,"Tecpán Guatemala",6,674,380,5,3,53,6,25,15,20,1,2,0,2,0,0,9,1,142,16,5,163,0,163,--,380,217,142,163,163,Algún campo sin dato,1,6bebe89a85269537b7acbdba2a7dfdbdb4f0f2fe86f3ae108c7ee6825f8e7185,26/06/2023 02:04:56,ESCANER
6370,"Chimaltenango",3,"Tecpán Guatemala",6,674,367,12,1,55,7,32,16,11,7,0,1,0,0,0,5,0,147,15,7,169,0,169,--,367,198,147,169,169,Algún campo sin dato,1,6707c912f5480aa895bec43ea21b870c6c36525275a7bc6b701fe7e67e6623fa,26/06/2023 01:40:33,ESCANER
6371,"Chimaltenango",3,"Tecpán Guatemala",6,674,366,10,1,34,7,35,16,14,0,0,0,1,0,0,5,0,123,13,8,144,0,0,--,365,221,123,144,144,Algún campo sin dato,1,7a5ff0b92f661f528b25f1a242785d90d58bdd19a10c7174578cb90aac96f091,26/06/2023 00:10:11,ESCANER
6372,"Chimaltenango",3,"Tecpán Guatemala",6,675,380,19,4,46,7,106,14,30,11,0,13,2,1,0,4,1,258,12,3,273,0,273,--,380,107,258,273,273,Algún campo sin dato,1,7aef3ea5787d2e917333faf85f6e4f7f9db462a2d001e5b77f2922e1b9f4c567,26/06/2023 00:09:35,ESCANER
6373,"Chimaltenango",3,"Tecpán Guatemala",6,675,380,39,10,85,4,45,12,30,1,0,1,5,1,0,3,2,238,6,1,245,0,245,--,380,135,238,245,245,Algún campo sin dato,1,18fc7ffa090c3067c8a5c56192e63231da6718e6696bb3bf357a071af96f5cb6,26/06/2023 00:47:39,ESCANER
6374,"Chimaltenango",3,"Tecpán Guatemala",6,675,380,51,2,51,3,48,23,22,2,0,5,2,0,0,1,1,211,4,1,216,0,216,--,380,164,211,216,216,Algún campo sin dato,1,d424d9b6932ab2f12e2c446ef8f5f57dae7461d20f1e7c12ef63cd82fbbc966c,26/06/2023 00:30:32,ESCANER
6375,"Chimaltenango",3,"Tecpán Guatemala",6,675,244,23,0,27,1,36,7,13,6,1,3,4,0,0,4,0,125,3,0,128,0,128,--,244,116,125,128,128,Algún campo sin dato,1,ef3303fdbc638d6778569c5451480dee6bc5d5130add2435a715f2e422f7d5f4,25/06/2023 22:36:29,ESCANER
6376,"Chimaltenango",3,"Tecpán Guatemala",6,675,243,24,1,26,7,37,5,11,2,0,6,2,0,0,1,0,122,0,0,122,0,122,--,240,118,122,122,122,Algún campo sin dato,1,ce7206ae618cf5fda218f3c7c1130d558490d62b28add5056a8c87425975c757,25/06/2023 23:58:19,ESCANER
6377,"Chimaltenango",3,"Tecpán Guatemala",6,676,380,33,5,76,10,12,17,68,5,1,9,12,19,0,5,5,277,17,2,296,0,296,--,380,84,277,296,296,Algún campo sin dato,1,19f17bcd8993f99178ad6123bd61e6c2ab711d21f69c22c52ea3df7ec70084dc,26/06/2023 00:49:19,ESCANER
6378,"Chimaltenango",3,"Tecpán Guatemala",6,676,198,16,3,37,7,7,13,24,3,0,4,4,6,0,5,1,130,9,1,140,0,140,--,198,58,130,140,140,Algún campo sin dato,1,e3bf32be25559e06094381104e1cd63e7cdd74eebb09f2c006cef2796c2a4c59,25/06/2023 22:53:11,ESCANER
6379,"Chimaltenango",3,"Tecpán Guatemala",6,676,197,16,1,34,7,3,8,33,2,0,6,6,6,0,2,0,124,4,1,129,0,129,--,197,65,124,129,129,Algún campo sin dato,1,eab70221059c1b9fe080c83b4f5b4a16293a55c4c78b4e9a2b586f457c92018b,25/06/2023 22:28:53,ESCANER
6380,"Chimaltenango",3,"Tecpán Guatemala",6,677,380,31,8,37,7,38,35,31,11,0,5,6,0,0,4,3,219,9,5,233,0,233,--,380,144,216,230,230,Sumas Asentadas sin cuadrar,1,39fd5f2001a255c761433c40a060d70da891f81090a631a191f501c1e23ed370,26/06/2023 01:37:32,ESCANER
6381,"Chimaltenango",3,"Tecpán Guatemala",6,677,380,27,2,25,5,43,32,18,9,2,7,3,2,0,3,8,186,8,6,200,0,200,--,380,180,186,200,200,Algún campo sin dato,1,358e058ec53f36b490aee782d92a52277cfa8b8cad0c7dbbb59067067d3369b0,26/06/2023 01:52:29,ESCANER
6382,"Chimaltenango",3,"Tecpán Guatemala",6,677,380,32,1,29,1,96,16,11,3,0,3,4,1,1,5,10,213,12,8,233,0,233,0,380,147,213,233,233,,1,7b80a1fb354a12fb31af6ead7fa3b89258f8dd7369a5d390e294c4d073f49410,26/06/2023 02:06:17,ESCANER
6383,"Chimaltenango",3,"Tecpán Guatemala",6,677,380,43,1,33,3,45,34,10,8,0,13,6,2,0,4,27,229,12,6,247,0,247,--,380,133,229,247,247,Algún campo sin dato,1,9e1b0830261bac376e6435345a63bdeb9279e65fa7f94d86911061a558d4a78e,26/06/2023 02:19:42,ESCANER
6384,"Chimaltenango",3,"Tecpán Guatemala",6,677,380,33,1,31,4,39,30,11,8,1,5,6,2,0,7,8,185,5,3,193,0,185,--,386,193,186,194,194,Sumas Asentadas sin cuadrar,1,43365c6b666a029ffac0b8bb3336f31d1c824923b9404e2ff283ba0b9635d75b,26/06/2023 01:46:56,ESCANER
6385,"Chimaltenango",3,"Tecpán Guatemala",6,677,335,18,3,23,10,42,18,12,6,1,3,0,0,0,4,13,153,9,3,165,0,165,--,335,165,153,165,165,Algún campo sin dato,1,afaae7b71804e4e1797dca2c6b919979c9d479938a0326c9a78b659fad0dd569,26/06/2023 01:05:19,ESCANER
6386,"Chimaltenango",3,"Tecpán Guatemala",6,677,334,23,1,14,2,49,14,11,3,0,0,5,2,1,2,8,135,4,1,140,0,140,--,334,203,135,140,140,Algún campo sin dato,1,7facf403c34bf1c69bad954ad35a323249588f951938aa27178fd97d44cb4870,25/06/2023 23:52:00,ESCANER
6387,"Chimaltenango",3,"Tecpán Guatemala",6,678,600,28,7,33,9,36,23,14,13,4,5,9,0,2,9,3,195,10,4,209,0,209,--,600,391,195,209,209,Algún campo sin dato,1,6734c90f5a605bffc75d3b799b282a7c3f445c293ea935cc106f1e25f20c48af,25/06/2023 22:43:58,ESCANER
6388,"Chimaltenango",3,"Tecpán Guatemala",6,678,600,40,1,42,10,14,29,9,20,1,2,14,0,1,6,9,198,8,7,213,0,213,--,600,387,198,213,213,Algún campo sin dato,1,a3f79efef3db5d3be923a3de539c2169920bdbc0b10a9d88288c3710a69fbf23,25/06/2023 22:55:53,ESCANER
6389,"Chimaltenango",3,"Tecpán Guatemala",6,678,600,57,4,22,5,18,21,10,28,7,10,16,1,2,8,5,214,10,4,228,0,228,--,600,372,214,228,228,Algún campo sin dato,1,eb834d8e3c908f1681dcfd600ef71e30f0a083b425280e3ff0d4a44f564b5716,26/06/2023 00:06:24,ESCANER
6390,"Chimaltenango",3,"Tecpán Guatemala",6,678,498,84,3,23,6,28,21,11,22,7,12,11,2,5,5,4,244,6,4,254,0,254,--,498,244,244,254,254,Algún campo sin dato,1,ca07cd30e2d69a0126e306c4dc439f3789dc92b86a4031264f4298ab5d03610a,25/06/2023 23:55:08,ESCANER
6391,"Chimaltenango",3,"Tecpán Guatemala",6,678,498,34,3,13,9,17,14,4,15,1,5,16,1,2,7,3,144,7,3,154,0,154,--,497,343,144,154,154,Algún campo sin dato,1,e6520820f47379bd8fee630f2c774d36f9fc2b70fe50dd47c8ed48b148e90ba4,25/06/2023 23:19:52,ESCANER