﻿TIPO_DE_ELECCIÓN:,CORPORACIÓN MUNICIPAL
26 junio 2023 03:36 (UTC -6)
ACTAS_ESPERADAS,ACTAS_CAPTURADAS,PORCENTAJE_ACTAS_CAPTURADAS,ACTAS_CONTABILIZADAS,PORCENTAJE_ACTAS_CONTABILIZADAS,ACTAS_NO_CONTABILIZADAS,LISTA_NOMINAL_ACTAS_CONTABILIZADAS,VOTOS_EMITIDOS_CONTABILIZADAS,PORCENTAJE_PARTICIPACIÓN_CIUDADANA
31,30,96.7741,30,96.7741,0,11230,9173,81.6829

MESA,DEPARTAMENTO,ID_DEPARTAMENTO,MUNICIPIO,ID_MUNICIPIO,CENTRO_DE_VOTACIÓN,PADRÓN,FCN-NACION,PPN,UNE,CABAL,VALOR,VIVA,VAMOS,P A N,VOS,VÁLIDOS,NULOS,BLANCO,EMITIDOS,INVÁLIDOS,TOTAL,IMPUGNACIONES,PAPELETAS-RECIBIDAS,PAPELETAS-NO-USADAS,VALIDOS_CALCULADO,EMITIDOS_CALCULADO,TOTAL_CALCULADO,OBSERVACIONES,CONTABILIZADA,CÓDIGO_INTEGRIDAD,FECHA_HORA_PUBLICACIÓN,DIGITALIZACIÓN
19108,"Alta Verapaz",16,"Tamahú",5,2931,400,9,3,74,3,69,115,17,2,1,288,11,4,303,0,303,--,--,--,293,308,308,Sumas Asentadas sin cuadrar,1,4d39da13c13bf9a10a14546d76cd7cb55fc923d9412406bcb73c453848d7d698,25/06/2023 23:30:27,ESCANER
19109,"Alta Verapaz",16,"Tamahú",5,2931,400,4,4,91,1,85,126,11,2,0,324,6,6,336,0,336,--,400,64,324,336,336,Algún campo sin dato,1,d965b62e60cb8c49c4c7fa39e20c62c291b2c0267b4d39980d8e9c35d5d08872,25/06/2023 23:41:12,ESCANER
19110,"Alta Verapaz",16,"Tamahú",5,2931,400,5,3,113,2,64,116,7,1,1,312,5,7,324,7,331,--,400,69,312,324,331,Algún campo sin dato,1,61b192f9fab8f354521cc815a1b37999d77b114172afcd818164d704ca25c9d7,26/06/2023 00:02:16,ESCANER
19111,"Alta Verapaz",16,"Tamahú",5,2931,400,3,3,107,3,77,116,11,1,2,323,9,3,335,0,335,--,400,65,323,335,335,Algún campo sin dato,1,e627acc8a1ec96a80c2eac45ad620672cabf83c6e62fd6f062974d988da7f3c6,26/06/2023 00:33:10,ESCANER
19112,"Alta Verapaz",16,"Tamahú",5,2931,400,5,5,102,4,79,122,13,1,2,333,4,3,340,1,341,--,400,59,333,340,341,Algún campo sin dato,1,1459e33521c0e140aa6b62fce33110dabaef51ba8228ba3a01bff7f8b00947d2,26/06/2023 01:19:24,ESCANER
19113,"Alta Verapaz",16,"Tamahú",5,2931,400,2,2,91,0,80,124,14,1,2,316,5,6,327,0,327,--,400,73,316,327,327,Algún campo sin dato,1,dc6d0f986f69d148319aa7ea9185dc228bd513cc5d3026e628ec9f402e1265f3,26/06/2023 02:17:05,ESCANER
19114,"Alta Verapaz",16,"Tamahú",5,2931,400,4,3,69,1,70,123,3,1,1,275,4,0,279,0,279,--,400,121,275,279,279,Algún campo sin dato,1,49f11b923e30eb4540fcb4538a01b9f30672e590c22533ef74878c29e829a186,26/06/2023 00:39:22,ESCANER
19115,"Alta Verapaz",16,"Tamahú",5,2931,400,1,3,91,5,74,94,9,1,1,279,3,0,282,0,282,--,400,118,279,282,282,Algún campo sin dato,1,439106a2b25899abd3d4f10db9f5ac04cdaf87b26c995dae9c93aec7547709e8,26/06/2023 01:26:18,ESCANER
19116,"Alta Verapaz",16,"Tamahú",5,2931,400,3,2,91,4,75,112,5,1,3,296,2,1,299,0,296,--,400,101,296,299,299,Sumas Asentadas sin cuadrar,1,3fe560734b7249fa3d54dc3961777d2209cf1f79200267d332e5ebaa996087b7,26/06/2023 02:29:38,ESCANER
19117,"Alta Verapaz",16,"Tamahú",5,2931,371,3,2,95,0,74,92,9,0,0,275,2,1,278,0,278,1,371,93,275,278,278,,1,f538b4f848ddddd9a9f2756cf5a3872e8fafd446ec4a87585874ab0ef50c11ab,25/06/2023 23:52:39,ESCANER
19118,"Alta Verapaz",16,"Tamahú",5,2931,371,4,7,76,3,66,117,5,0,0,278,3,1,282,0,282,--,371,89,278,282,282,Algún campo sin dato,1,bcc4a057ceafaefe74941d407206e70af91c7a57e0e108c18e3db9c01fb0c47c,25/06/2023 23:13:38,ESCANER
19119,"Alta Verapaz",16,"Tamahú",5,2932,380,8,18,117,1,71,74,14,7,0,310,11,1,322,0,322,--,380,58,310,322,322,Algún campo sin dato,1,c2a214b6ae66b43f9a73531708d210087e872e25ba357e757861c55a54da6e6c,25/06/2023 22:34:22,ESCANER
19120,"Alta Verapaz",16,"Tamahú",5,2932,380,6,14,118,2,68,106,15,3,1,333,5,9,347,0,347,--,380,33,333,347,347,Algún campo sin dato,1,682ea5d7302f2d42971fc3fc565611e0cb70ba4532515b5a0d9db0108af75e97,26/06/2023 02:19:00,ESCANER
19121,"Alta Verapaz",16,"Tamahú",5,2932,380,10,14,123,3,65,97,9,4,2,327,3,3,333,0,333,--,380,47,327,333,333,Algún campo sin dato,1,0fe7dd62e2bb913b5cef02e3707c4cb498e3286058c772e9921174493d8a3aac,25/06/2023 23:19:42,ESCANER
19122,"Alta Verapaz",16,"Tamahú",5,2932,380,8,22,124,2,60,85,18,8,1,328,10,3,341,0,341,--,380,39,328,341,341,Algún campo sin dato,1,e214534c783e04810cac58a17e3b92cc45f87828801935cc159992bdf7cb121f,26/06/2023 01:39:13,ESCANER
19123,"Alta Verapaz",16,"Tamahú",5,2932,380,16,13,113,1,50,106,9,4,1,313,4,7,324,0,324,1,380,56,313,324,324,,1,521d490293d6cc3dde020867a2969372b24a516c4bf08a2eff54b7a80c7657d1,26/06/2023 00:57:12,ESCANER
19124,"Alta Verapaz",16,"Tamahú",5,2932,380,7,11,108,3,53,89,11,3,1,286,8,2,296,2,298,2,380,82,286,296,298,,1,3d941567cd88756215a39b2b88c3d629cafda4dc1e3645ee0b174479d3417701,26/06/2023 01:05:38,ESCANER
19125,"Alta Verapaz",16,"Tamahú",5,2932,380,12,9,116,1,54,84,7,4,1,288,4,5,297,0,297,--,380,83,288,297,297,Algún campo sin dato,1,96b5eca2ddd5f3442898207c542d9fa56d750ddeeb071d4d84f64fe4c3d117b2,25/06/2023 23:33:53,ESCANER
19126,"Alta Verapaz",16,"Tamahú",5,2932,304,,,,,,,,,,,,,,,,,,,,,,,0,,,
19127,"Alta Verapaz",16,"Tamahú",5,2932,303,4,3,106,1,36,77,4,3,0,234,2,3,239,0,239,--,303,64,234,239,239,Algún campo sin dato,1,bea8d2be7f83dbee99632c624e47c0dcaac5a638ae0864a9cc1ca0f1586b3735,25/06/2023 22:53:12,ESCANER
19128,"Alta Verapaz",16,"Tamahú",5,2933,380,1,5,118,2,51,121,7,2,2,299,6,4,319,0,319,--,380,61,309,319,319,Sumas Asentadas sin cuadrar,1,223f226f48010df68fb95758fcdc9b1c65944732835d837c4f0b5f1f7e0b6cbf,25/06/2023 22:59:00,ESCANER
19129,"Alta Verapaz",16,"Tamahú",5,2933,380,2,10,108,2,61,136,8,0,2,329,3,9,341,--,341,--,380,39,329,341,341,Algún campo sin dato,1,fe62831706886ed58ea5a050117a86c38120763ba122ac24030166edeb7fe9c1,25/06/2023 23:42:04,ESCANER
19130,"Alta Verapaz",16,"Tamahú",5,2933,380,1,11,82,1,66,144,7,1,2,315,2,4,321,0,321,--,377,56,315,321,321,Algún campo sin dato,1,6b35ff8a319af9450d9a66accae4e4722d83164134801c3f5e51729703f3e749,25/06/2023 23:13:52,ESCANER
19131,"Alta Verapaz",16,"Tamahú",5,2933,380,2,9,89,4,86,127,14,2,0,333,3,2,338,0,338,--,380,42,333,338,338,Algún campo sin dato,1,88302f2e8d500a0c348625549e45aae2e319edee42d49ae557feea21a983f432,26/06/2023 00:01:33,ESCANER
19132,"Alta Verapaz",16,"Tamahú",5,2933,380,0,6,94,1,82,139,8,2,1,333,0,2,335,2,337,--,380,43,333,335,337,Algún campo sin dato,1,126917d582e2c1a9e177e80e7ff531502e78dfaba259e0a5f03c29c801b1b752,26/06/2023 00:45:26,ESCANER
19133,"Alta Verapaz",16,"Tamahú",5,2933,380,0,7,92,2,73,132,6,1,0,313,2,1,316,2,318,--,380,62,313,316,318,Algún campo sin dato,1,62857f0e41cdc4a11e9182323cdeaaf6f650bd27031a096697ffe943ae200e9e,26/06/2023 00:41:48,ESCANER
19134,"Alta Verapaz",16,"Tamahú",5,2933,380,2,7,87,3,64,115,8,1,2,289,9,3,301,0,301,--,380,79,289,301,301,Algún campo sin dato,1,809f83afa0b0053f30dfcb6285e458d6b0093848ebdb88d38288e3ff09a9ae44,26/06/2023 00:38:42,ESCANER
19135,"Alta Verapaz",16,"Tamahú",5,2933,380,0,3,99,0,47,141,2,0,0,292,3,0,295,0,295,1,377,81,292,295,295,,1,a05ea900364d85dc3d28fcb41dae17b26d414b4fa1c4ff788c7e8912da2585a0,26/06/2023 00:23:42,ESCANER
19136,"Alta Verapaz",16,"Tamahú",5,2933,380,0,9,88,0,70,131,5,2,1,306,0,2,308,0,308,--,380,72,306,308,308,Algún campo sin dato,1,03cc3a7ce9a53a0dc4fbfc9ef35909e228b3cb0d9ed0d4c4221ec9ca89144fb3,25/06/2023 23:28:32,ESCANER
19137,"Alta Verapaz",16,"Tamahú",5,2933,253,0,6,65,0,50,78,3,1,0,203,0,1,204,0,204,--,253,49,203,204,204,Algún campo sin dato,1,8939149d6b09a26eec28ce8b0212d3765a4f50569dc1057babe6aaf6027c5e04,25/06/2023 21:49:34,ESCANER
19138,"Alta Verapaz",16,"Tamahú",5,2933,252,3,0,64,1,45,88,4,1,0,206,0,0,206,2,208,--,252,44,206,206,208,Algún campo sin dato,1,fb26e95f905ae9cdb396f0ee2fe21e58ad30cc2425a0df997fa4081def47647f,26/06/2023 00:28:52,ESCANER