﻿TIPO_DE_ELECCIÓN:,CORPORACIÓN MUNICIPAL
26 junio 2023 03:36 (UTC -6)
ACTAS_ESPERADAS,ACTAS_CAPTURADAS,PORCENTAJE_ACTAS_CAPTURADAS,ACTAS_CONTABILIZADAS,PORCENTAJE_ACTAS_CONTABILIZADAS,ACTAS_NO_CONTABILIZADAS,LISTA_NOMINAL_ACTAS_CONTABILIZADAS,VOTOS_EMITIDOS_CONTABILIZADAS,PORCENTAJE_PARTICIPACIÓN_CIUDADANA
46,46,100.0000,46,100.0000,0,17724,10452,58.9708

MESA,DEPARTAMENTO,ID_DEPARTAMENTO,MUNICIPIO,ID_MUNICIPIO,CENTRO_DE_VOTACIÓN,PADRÓN,TODOS,VIVA,MLP,CABAL,UNE,VAMOS,AZUL,VALOR UNIONISTA,VÁLIDOS,NULOS,BLANCO,EMITIDOS,INVÁLIDOS,TOTAL,IMPUGNACIONES,PAPELETAS-RECIBIDAS,PAPELETAS-NO-USADAS,VALIDOS_CALCULADO,EMITIDOS_CALCULADO,TOTAL_CALCULADO,OBSERVACIONES,CONTABILIZADA,CÓDIGO_INTEGRIDAD,FECHA_HORA_PUBLICACIÓN,DIGITALIZACIÓN
20699,"Petén",17,"Santa Ana",7,3218,400,9,38,7,92,10,68,0,1,225,23,6,254,0,254,--,400,146,225,254,254,Algún campo sin dato,1,00b8b14ced6bf4b8962d8e8741d52c9a5b5e815115c854593ee9daba53ca329a,26/06/2023 01:16:27,ESCANER
20700,"Petén",17,"Santa Ana",7,3218,400,5,41,7,92,3,78,0,2,228,18,3,249,0,249,--,400,151,228,249,249,Algún campo sin dato,1,e84db03b459a9ee46332dd216f0ac53fb060bba2f0a42d20da866907f036a1ed,26/06/2023 02:18:56,ESCANER
20701,"Petén",17,"Santa Ana",7,3218,400,7,40,8,85,10,100,0,2,252,22,4,278,0,278,--,400,122,252,278,278,Algún campo sin dato,1,e291e962f87d3771286c794c201a88150a2074694ab8ed20f38bc42f5d0d39ba,26/06/2023 02:35:39,ESCANER
20702,"Petén",17,"Santa Ana",7,3218,400,7,37,9,107,8,70,1,1,240,16,1,257,0,257,--,400,143,240,257,257,Algún campo sin dato,1,e65eb63653afd8da4f6226c31bb0e8e99dc4fb2ea65b13a52343f61724cacaf0,26/06/2023 01:45:34,ESCANER
20703,"Petén",17,"Santa Ana",7,3218,400,7,40,4,90,9,86,1,2,239,19,4,262,138,400,--,400,138,239,262,400,Algún campo sin dato,1,50fe543fa3da218e9d996779706cb67e2a5dedce1c6fb88dbf2ebe8877a7a44a,26/06/2023 02:09:08,ESCANER
20704,"Petén",17,"Santa Ana",7,3218,400,8,51,0,81,8,106,0,0,254,16,2,272,0,272,1,400,128,254,272,272,,1,24f7c8a8f743e102a50d0ae8d92160eb32f8851c105f271d807e5922a0f4037e,26/06/2023 01:26:01,ESCANER
20705,"Petén",17,"Santa Ana",7,3219,400,2,51,7,80,4,76,0,0,220,12,5,237,0,237,--,400,163,220,237,237,Algún campo sin dato,1,8f7a8ac9f6429b99879e068dde4ce2abe62d97b0cbc6c8e701e3041db34c8033,25/06/2023 23:34:30,ESCANER
20706,"Petén",17,"Santa Ana",7,3219,400,10,43,4,76,5,70,2,0,210,14,0,224,0,224,--,--,--,210,224,224,Algún campo sin dato,1,e7f58e9ffab21ee2a0e18ce5f7ca6cca04f6dbb50dfb4a472f04e05cb40c32cc,26/06/2023 00:47:19,ESCANER
20707,"Petén",17,"Santa Ana",7,3219,400,10,38,4,74,5,85,0,2,218,15,1,234,0,234,--,400,166,218,234,234,Algún campo sin dato,1,5fbdc513df750f78d2d346cab2e5490621f4a8912167bb361b08025c8633eaa4,26/06/2023 01:31:20,ESCANER
20708,"Petén",17,"Santa Ana",7,3219,400,8,46,6,90,1,76,0,1,228,13,3,244,0,244,--,400,156,228,244,244,Algún campo sin dato,1,b8b6d486dab4ea2f86379aabb3c259fd0734947e9414d7a4c226107a364a22b1,26/06/2023 00:27:22,ESCANER
20709,"Petén",17,"Santa Ana",7,3219,400,4,38,5,96,10,70,1,0,224,10,1,235,0,235,--,400,165,224,235,235,Algún campo sin dato,1,9f51da3f24e9063daa2b3c68dbe162e1b7579bb63f9d46684d484f1307b482ab,26/06/2023 01:46:10,ESCANER
20710,"Petén",17,"Santa Ana",7,3219,400,7,45,5,89,3,70,0,1,220,18,3,241,0,241,--,400,159,220,241,241,Algún campo sin dato,1,770a8389ff7ad72e451052efbfac4a9a65e26e10ed49cb850b76865ab2ce2cca,26/06/2023 00:53:39,ESCANER
20711,"Petén",17,"Santa Ana",7,3220,400,4,41,4,79,4,75,0,0,207,17,6,230,--,230,--,399,169,207,230,230,Algún campo sin dato,1,945846cd6665747a9d4ffcb5a3ae1eb1292cb6bcd089bf96aca4cc1e187aa6d4,26/06/2023 02:22:01,ESCANER
20712,"Petén",17,"Santa Ana",7,3220,400,10,44,4,81,4,78,0,1,222,15,3,240,0,240,0,400,160,222,240,240,,1,589f4ef1ae52f4fa0866147df42f55cee1d0d1eb00808afe768845515e34a146,26/06/2023 03:35:07,ESCANER
20713,"Petén",17,"Santa Ana",7,3220,400,1,49,1,82,6,70,0,0,209,8,2,219,0,219,--,400,181,209,219,219,Algún campo sin dato,1,b6775fdd548b4fe4e3f48cfa055b643bc14bd7fdca2e8287ae0ee8625a947887,25/06/2023 23:36:01,ESCANER
20714,"Petén",17,"Santa Ana",7,3220,400,6,29,5,92,6,83,0,0,221,4,2,227,0,227,--,400,173,221,227,227,Algún campo sin dato,1,7d772472a13f4dbf5c887c4f869fe2b3abd4b12bfb3fe13a2dd0c320fa94b89c,26/06/2023 00:43:08,ESCANER
20715,"Petén",17,"Santa Ana",7,3220,400,13,55,2,91,3,68,0,0,232,2,1,235,0,235,--,400,165,232,235,235,Algún campo sin dato,1,ac2b11a7e873e05d805e68ef92e0c9650bd52447b0cd195a2fb0b40fc80a8671,26/06/2023 00:34:40,ESCANER
20716,"Petén",17,"Santa Ana",7,3220,400,6,56,3,101,5,88,0,0,259,3,0,262,0,262,--,399,137,259,262,262,Algún campo sin dato,1,665e9d7a8e224ace1095ea93b6ee73ca9affe1d5fed7f0a97bb41f5edfcd3186,26/06/2023 00:18:00,ESCANER
20717,"Petén",17,"Santa Ana",7,3220,400,2,40,1,107,4,83,1,1,239,4,1,244,0,244,--,400,156,239,244,244,Algún campo sin dato,1,0de1f393b3176dc0457c4f9738e5579cec7eacab7d01ee4f6e29fd1bffedea18,26/06/2023 00:32:28,ESCANER
20718,"Petén",17,"Santa Ana",7,3220,400,14,37,4,105,14,62,3,2,233,4,1,238,0,238,--,400,162,241,246,246,Sumas Asentadas sin cuadrar,1,0f14822ab231c27469e6a8babb89c4e3845215fa97df00bb502c347bf16fb00d,25/06/2023 23:49:41,ESCANER
20719,"Petén",17,"Santa Ana",7,3221,379,10,45,10,89,8,53,0,1,216,4,0,220,0,220,--,379,159,216,220,220,Algún campo sin dato,1,072a293d5c91c1e427e30becbc7ed8daa6eeffc26af8893af111ebb9b0f80e60,25/06/2023 23:25:00,ESCANER
20720,"Petén",17,"Santa Ana",7,3221,378,8,37,3,63,4,60,0,2,195,14,4,195,0,195,--,378,183,177,195,195,Sumas Asentadas sin cuadrar,1,0cef7e79bb87ec63a76ec3ac1af4f94a1adcb44605ebf54adedae937ffee6898,26/06/2023 00:52:34,ESCANER
20721,"Petén",17,"Santa Ana",7,3222,380,9,46,4,92,7,39,0,6,203,26,4,203,30,233,--,380,147,203,233,263,Sumas Asentadas sin cuadrar,1,8a0a62239ead595f7632e8c7d72588166b0305f8ac8a551ed210dc9870486f16,25/06/2023 23:28:28,ESCANER
20722,"Petén",17,"Santa Ana",7,3222,380,3,39,12,105,12,46,0,7,224,25,4,253,0,253,--,380,127,224,253,253,Algún campo sin dato,1,99324e3f000503c525cc7a410fff7c1a02e9aeadca3372c1ea594f8d3e9c53ed,25/06/2023 23:31:39,ESCANER
20723,"Petén",17,"Santa Ana",7,3222,380,8,35,9,128,12,46,0,5,243,14,6,263,0,263,--,380,117,243,263,263,Algún campo sin dato,1,dae20576a1d9880475d529dd2ecfd551a046e49a596acbe57f95b7c145653e16,25/06/2023 23:06:22,ESCANER
20724,"Petén",17,"Santa Ana",7,3223,380,9,34,3,91,8,28,0,6,179,12,5,196,0,196,--,380,184,179,196,196,Algún campo sin dato,1,866e3394a91d8990fbed77f3a4d1ee8555c2eaf4ea1ebec16fbe0850cb82c622,26/06/2023 00:52:00,ESCANER
20725,"Petén",17,"Santa Ana",7,3223,380,2,40,7,100,6,44,0,4,203,4,4,211,6,217,--,380,163,203,211,217,Algún campo sin dato,1,88aa3edd6f5a9578c6597ae7573f99cfbc3db7df89858489f80c70d07560d95a,26/06/2023 00:12:52,ESCANER
20726,"Petén",17,"Santa Ana",7,3223,380,6,47,7,92,11,41,0,5,209,20,1,230,0,230,--,380,150,209,230,230,Algún campo sin dato,1,da618853ecb6c80a53c1ae82c447dea09581d08a2f4bdcb26f500a216db6d726,26/06/2023 01:22:10,ESCANER
20727,"Petén",17,"Santa Ana",7,3223,380,3,40,2,89,5,35,2,4,180,18,4,202,0,202,--,380,178,180,202,202,Algún campo sin dato,1,f4b0bb3a0af7067c1976ddde0f28ee45ddbd7686f8785d02e785ba0a51434552,26/06/2023 00:35:36,ESCANER
20728,"Petén",17,"Santa Ana",7,3223,380,3,36,3,115,6,17,1,3,194,6,1,201,0,201,--,--,--,184,191,191,Sumas Asentadas sin cuadrar,1,40d65b72ee74432e1a2f4d44d0522dd0c5f9311e8e1b2b530491ebce8f52dcec,26/06/2023 02:50:02,ESCANER
20729,"Petén",17,"Santa Ana",7,3224,285,3,39,1,76,4,38,0,4,165,1,1,170,3,170,--,285,115,165,167,170,Sumas Asentadas sin cuadrar,1,50215bb19e0eeb98fa96004e19066d7f2aa07e58a80543004ecd8542e5a3b610,26/06/2023 00:15:06,ESCANER
20730,"Petén",17,"Santa Ana",7,3224,285,3,26,3,59,8,15,0,3,117,5,2,124,0,124,--,285,161,117,124,124,Algún campo sin dato,1,beabf141e572074895200cccbefeccebb6d521a09959976d9e06782695d9b90e,25/06/2023 22:49:15,ESCANER
20731,"Petén",17,"Santa Ana",7,3225,380,11,55,3,72,2,86,3,1,233,16,4,253,0,253,--,380,127,233,253,253,Algún campo sin dato,1,b134b0ecce17159a131d4a54c8343bdf8d9ff1d5a23ec56028d294c94dd49169,26/06/2023 01:55:02,ESCANER
20732,"Petén",17,"Santa Ana",7,3225,380,5,53,6,88,5,93,2,0,252,16,11,279,0,279,--,380,101,252,279,279,Algún campo sin dato,1,2cb30e9934105878dc905b5ec41a3946437b9dcb9c0f39fbb143e7362251853a,26/06/2023 00:22:11,ESCANER
20733,"Petén",17,"Santa Ana",7,3225,380,7,30,0,87,4,99,1,1,229,11,5,245,0,245,--,381,136,229,245,245,Algún campo sin dato,1,cea4dfd8412e4150120d092fc4a18780b9072ab84a69071f906451109bb3465f,25/06/2023 23:48:30,ESCANER
20734,"Petén",17,"Santa Ana",7,3225,380,5,43,4,70,4,76,5,0,207,11,2,220,0,220,--,380,160,207,220,220,Algún campo sin dato,1,195e7dbaebce6cb9aec25259c1562d0a60b76d1fdc88c6ec17634a5f66b78326,25/06/2023 23:35:41,ESCANER
20735,"Petén",17,"Santa Ana",7,3225,380,5,49,0,99,4,83,2,0,242,8,4,254,0,254,1,380,126,242,254,254,,1,fa16ea5f2aa66632fc4eeaf65bcb58bdb8faf3117593c7f2887edd291c30d5cc,25/06/2023 23:23:53,ESCANER
20736,"Petén",17,"Santa Ana",7,3225,380,7,37,1,72,5,88,3,1,214,13,3,230,0,230,--,380,150,214,230,230,Algún campo sin dato,1,fdcd8343f43ad77335eab815142699eb5ab06d23c60c13cbaaab6e9ac143e1d6,25/06/2023 21:53:55,ESCANER
20737,"Petén",17,"Santa Ana",7,3225,380,3,46,0,90,3,74,6,1,223,6,2,231,0,231,--,380,149,223,231,231,Algún campo sin dato,1,7feeb1e30f4dcde48120d71fc9a0a3ebcfd92e364cd2b955a9267f61a17301e8,26/06/2023 00:02:17,ESCANER
20738,"Petén",17,"Santa Ana",7,3225,366,11,56,1,98,2,90,4,0,262,2,2,266,0,--,--,366,100,262,266,266,Algún campo sin dato,1,bd5156669f91ca2c1fd0d4ec96efc925f9d112b9010fda8888921c86f0376339,26/06/2023 00:42:33,ESCANER
20739,"Petén",17,"Santa Ana",7,3225,365,7,35,0,87,6,75,3,0,213,3,4,220,0,220,--,365,145,213,220,220,Algún campo sin dato,1,c42372ec67c9921f30d64769a1a312da13f1d54331203d7c5c8b90339977c51c,26/06/2023 00:37:00,ESCANER
20740,"Petén",17,"Santa Ana",7,3226,380,17,47,0,83,7,40,0,0,194,20,4,218,0,218,--,380,162,194,218,218,Algún campo sin dato,1,bd34b9e53af2080d1faa6838e69f2f3fe82c9038d1cd1ecba51c62e922b85c12,25/06/2023 23:52:41,ESCANER
20741,"Petén",17,"Santa Ana",7,3226,380,14,54,2,75,7,35,1,1,189,5,4,198,0,198,--,379,181,189,198,198,Algún campo sin dato,1,d73169d8c9f81ff7d32101f4ee5344a08f32d13d3157fc32c11d7bfb6d9eb370,25/06/2023 23:35:14,ESCANER
20742,"Petén",17,"Santa Ana",7,3226,353,20,40,1,75,4,35,0,1,176,14,4,194,0,194,--,353,159,176,194,194,Algún campo sin dato,1,e95ca132f3ca7fdcc12ee07bf94e4ffcf1b5ae30235bbf5e8efa3a6dca736432,25/06/2023 23:27:14,ESCANER
20743,"Petén",17,"Santa Ana",7,3226,352,16,52,2,76,2,38,0,2,188,3,3,194,0,194,--,352,158,188,194,194,Algún campo sin dato,1,2e97e68b78274aeb200729aef3e571225af5ce1c72771336894acf1d0636f1bb,26/06/2023 00:05:25,ESCANER
20744,"Petén",17,"Santa Ana",7,3227,501,2,15,2,27,3,17,0,2,68,3,4,75,0,75,--,501,426,68,75,75,Algún campo sin dato,1,0df82a59131a9d21fed96dbe5e6d31dcfca9119a99a9454a7c200d2c473382c2,25/06/2023 22:14:34,ESCANER