﻿TIPO_DE_ELECCIÓN:,CORPORACIÓN MUNICIPAL
26 junio 2023 03:36 (UTC -6)
ACTAS_ESPERADAS,ACTAS_CAPTURADAS,PORCENTAJE_ACTAS_CAPTURADAS,ACTAS_CONTABILIZADAS,PORCENTAJE_ACTAS_CONTABILIZADAS,ACTAS_NO_CONTABILIZADAS,LISTA_NOMINAL_ACTAS_CONTABILIZADAS,VOTOS_EMITIDOS_CONTABILIZADAS,PORCENTAJE_PARTICIPACIÓN_CIUDADANA
38,37,97.3684,37,97.3684,0,14283,9988,69.9292

MESA,DEPARTAMENTO,ID_DEPARTAMENTO,MUNICIPIO,ID_MUNICIPIO,CENTRO_DE_VOTACIÓN,PADRÓN,CABAL,VALOR,AZUL,BIEN,PIN,VAMOS,UNE,U R N G - MAIZ,PODEMOS,PPN,SEMILLA,VÁLIDOS,NULOS,BLANCO,EMITIDOS,INVÁLIDOS,TOTAL,IMPUGNACIONES,PAPELETAS-RECIBIDAS,PAPELETAS-NO-USADAS,VALIDOS_CALCULADO,EMITIDOS_CALCULADO,TOTAL_CALCULADO,OBSERVACIONES,CONTABILIZADA,CÓDIGO_INTEGRIDAD,FECHA_HORA_PUBLICACIÓN,DIGITALIZACIÓN
12841,"Retalhuleu",11,"San Felipe",5,1752,400,50,59,10,66,1,62,3,3,3,12,3,272,15,3,290,0,290,1,400,110,272,290,290,,1,17108f96d1a692d0336b2dc3433e3c2e1ed8902d80c9efb140d17d90505cd3e5,25/06/2023 23:36:12,ESCANER
12842,"Retalhuleu",11,"San Felipe",5,1752,400,49,56,12,96,0,58,8,0,1,6,4,290,12,3,305,0,305,--,400,95,290,305,305,Algún campo sin dato,1,47974545a540a70a18e31410e23ed7ec084580e125eadcf79f7c63674dc393d2,26/06/2023 02:14:05,ESCANER
12843,"Retalhuleu",11,"San Felipe",5,1752,400,46,52,7,86,2,78,2,2,2,8,4,289,13,3,305,0,305,4,400,95,289,305,305,,1,941f0fcbd46cf8d9c58741abf5b7b79d8c5cfa742ece974b5dc37d06a049a23c,26/06/2023 01:47:09,ESCANER
12844,"Retalhuleu",11,"San Felipe",5,1752,400,48,55,6,102,2,67,4,2,0,4,5,295,13,2,310,0,310,--,400,90,295,310,310,Algún campo sin dato,1,6339c220c8b6d4fb4e1188e70623b5182b6ad0da552ff6e00f668e483d8ee424,26/06/2023 00:19:34,ESCANER
12845,"Retalhuleu",11,"San Felipe",5,1753,400,49,56,6,98,2,51,5,3,1,5,4,280,24,7,311,0,311,3,400,89,280,311,311,,1,da93b98b36e19d09b3bfab60d0d1001ff63c52fd242203bc1338faadc333b8a6,26/06/2023 00:44:44,ESCANER
12846,"Retalhuleu",11,"San Felipe",5,1753,400,32,63,6,84,4,73,4,7,0,9,7,289,13,5,307,0,307,--,400,93,289,307,307,Algún campo sin dato,1,5f831b906f439671b01339490d9b6ae58c49d138914857797c109c7dc1dd64fc,26/06/2023 01:10:23,ESCANER
12847,"Retalhuleu",11,"San Felipe",5,1753,400,53,53,5,94,3,75,4,2,0,2,7,298,8,5,311,0,311,--,404,93,298,311,311,Algún campo sin dato,1,abd49bc5960fc175bdaaa9eca3d36cc95875fc1ee44e88c70a832dadff7ff773,26/06/2023 00:35:03,ESCANER
12848,"Retalhuleu",11,"San Felipe",5,1753,400,44,60,10,91,1,65,6,4,0,5,7,293,19,0,312,0,312,2,396,84,293,312,312,,1,e815a9bb98dc9ab38b30a5ede6a169a8dc7d105e94117daaf4899783685a3671,25/06/2023 23:48:57,ESCANER
12849,"Retalhuleu",11,"San Felipe",5,1753,400,46,57,11,81,2,60,5,3,1,3,4,273,10,2,285,1,286,6,400,114,273,285,286,,1,7ecad7c5a114d7796125eb0fec2a07d6ac40ffffcade2fda1442eb5084b0225e,26/06/2023 00:06:32,ESCANER
12850,"Retalhuleu",11,"San Felipe",5,1753,400,57,50,6,99,0,51,4,6,1,2,4,280,13,2,295,0,295,--,400,105,280,295,295,Algún campo sin dato,1,8c81bf6a9318031a5820eb3f56ec301ba7766c3e6d38dd052d43ae007c70e960,26/06/2023 01:36:37,ESCANER
12851,"Retalhuleu",11,"San Felipe",5,1753,400,49,48,2,98,2,55,1,3,0,4,4,266,6,1,273,0,273,--,400,127,266,273,273,Algún campo sin dato,1,52de02bc6674b27af86d4d17f81c27de3e69feb2e155ba8ff26ec3d3d0ae6920,26/06/2023 01:45:46,ESCANER
12852,"Retalhuleu",11,"San Felipe",5,1753,400,43,48,3,92,1,66,3,4,0,3,5,268,10,1,279,0,279,--,404,125,268,279,279,Algún campo sin dato,1,864e17ba2adae85760abf1470151c5496f2a490bc85c4153577c5686e4d19eaf,26/06/2023 01:23:48,ESCANER
12853,"Retalhuleu",11,"San Felipe",5,1753,400,43,57,5,91,0,42,0,3,1,8,3,253,8,0,261,0,261,--,400,139,253,261,261,Algún campo sin dato,1,10d12a94e80ae725a51ac02ec9214895ac45042754f150c3d314b29017c311a5,26/06/2023 01:55:53,ESCANER
12854,"Retalhuleu",11,"San Felipe",5,1753,400,57,53,5,76,0,64,2,4,0,5,4,270,10,2,282,0,282,--,400,118,270,282,282,Algún campo sin dato,1,f3c7df3b2ec1fad1289df91ea06c2dd72804f5ed24cc6225b6131aa6ee099d1f,25/06/2023 23:59:27,ESCANER
12855,"Retalhuleu",11,"San Felipe",5,1754,400,67,52,7,93,1,51,2,6,0,8,3,290,2,3,301,0,301,--,404,103,290,295,295,Sumas Asentadas sin cuadrar,1,159957d1d8e5383ec85bf8d2aa14157f5a191b4800a8e090da83dbbbedca2ba2,26/06/2023 01:19:29,ESCANER
12856,"Retalhuleu",11,"San Felipe",5,1754,400,48,55,3,84,4,64,1,4,2,1,4,270,7,3,280,0,280,--,400,120,270,280,280,Algún campo sin dato,1,d70a8191ad67c9d7da1f19e3a72b9d9bf92fdaf3a31ef42adce5a6974ba7fcf4,26/06/2023 00:03:48,ESCANER
12857,"Retalhuleu",11,"San Felipe",5,1754,400,41,54,6,91,2,68,1,1,0,5,3,272,11,5,288,0,288,1,404,115,272,288,288,,1,9a8fe997881f0084381cf10436e0e0abf09c4fefe6176d70bc910c302fc26f5c,26/06/2023 00:56:44,ESCANER
12858,"Retalhuleu",11,"San Felipe",5,1755,400,55,63,5,77,2,62,3,4,0,7,5,283,9,4,296,4,300,4,400,100,283,296,300,,1,658730d6f3ccde293e1b5a44eda884d9ff4801d0aba0bd3a3ff878da1decf1d8,26/06/2023 00:52:59,ESCANER
12859,"Retalhuleu",11,"San Felipe",5,1755,400,33,57,10,75,0,53,3,4,0,9,3,247,18,2,267,0,267,--,400,133,247,267,267,Algún campo sin dato,1,bf4ae005c1e7de7245eafa2981c4f6e05f84b4095fb35de7eb7aa948699209eb,26/06/2023 01:04:19,ESCANER
12860,"Retalhuleu",11,"San Felipe",5,1755,400,36,54,4,82,1,73,2,1,2,5,4,264,11,1,276,0,276,4,400,120,264,276,276,,1,8cde3ab2f44adda12d489c58a334fee666500c900545a63757c9446c9ad110d7,26/06/2023 01:56:17,ESCANER
12861,"Retalhuleu",11,"San Felipe",5,1755,400,32,52,1,92,2,59,3,4,3,6,6,260,12,1,273,0,273,--,400,127,260,273,273,Algún campo sin dato,1,a482c9a08e3e0cec59f4007912875f662791151e5e5b60269b3b799c0a851139,25/06/2023 23:46:43,ESCANER
12862,"Retalhuleu",11,"San Felipe",5,1755,400,47,58,5,89,1,54,3,1,3,6,7,274,4,1,279,0,279,--,400,121,274,279,279,Algún campo sin dato,1,e39fa90258d89ad8257d648d2e508eac9852e1e573b3ece07096ef873c39269a,25/06/2023 23:36:17,ESCANER
12863,"Retalhuleu",11,"San Felipe",5,1755,400,50,62,9,109,3,41,5,2,1,10,4,296,2,0,298,0,298,--,400,102,296,298,298,Algún campo sin dato,1,6aa7f715826a12a89c19d56ca9f90278bbea67f016968cb1a6e8d25a2fc49de1,25/06/2023 23:40:02,ESCANER
12864,"Retalhuleu",11,"San Felipe",5,1755,400,56,59,5,96,3,61,2,1,0,6,9,298,4,1,303,0,303,--,400,97,298,303,303,Algún campo sin dato,1,bfd19648f050e95332d16e4c455aa365d0f8b577543c3c642199c083c16699ff,26/06/2023 02:15:16,ESCANER
12865,"Retalhuleu",11,"San Felipe",5,1755,400,,,,,,,,,,,,,,,,,,,,,,,,,0,,,
12866,"Retalhuleu",11,"San Felipe",5,1755,237,23,27,2,44,0,36,1,1,1,3,7,145,7,0,152,1,153,1,237,84,145,152,153,,1,95136bdf396a8a3a9598de9bb77e4e6bf72cf950b9ebc4bc6f9c323b5b97f2b4,26/06/2023 01:14:02,ESCANER
12867,"Retalhuleu",11,"San Felipe",5,1755,237,13,27,2,47,1,26,0,0,0,3,1,120,9,1,130,0,130,2,239,109,120,130,130,,1,ea8958a4f5f62241b4b930ecdeac13f67a18e857275f87c46c7fc0d521a29381,25/06/2023 23:01:32,ESCANER
12868,"Retalhuleu",11,"San Felipe",5,1756,380,27,69,4,124,1,54,4,3,0,5,8,299,22,6,327,0,327,--,380,53,299,327,327,Algún campo sin dato,1,ff679638df9b38843b4927b91f3c6a7e7541b54ff10828c942cc7d39e93ba80c,26/06/2023 01:17:20,ESCANER
12869,"Retalhuleu",11,"San Felipe",5,1756,380,28,76,5,100,0,65,4,12,0,2,7,299,9,3,311,0,311,--,380,69,299,311,311,Algún campo sin dato,1,527b53dcc3f84f76760857d956bee3adadd0eeccbb260aad6f61674a2bd66b8d,26/06/2023 01:23:27,ESCANER
12870,"Retalhuleu",11,"San Felipe",5,1756,354,28,59,3,96,0,50,5,7,0,4,2,254,7,4,265,0,265,--,354,89,254,265,265,Algún campo sin dato,1,2b4776bc8298c3b9dc662bae5ac4d7b477d2f32c106e2240f833f6d969175b26,26/06/2023 01:43:47,ESCANER
12871,"Retalhuleu",11,"San Felipe",5,1756,353,32,60,2,119,0,42,3,1,1,3,5,268,3,2,273,84,357,--,357,84,268,273,357,Algún campo sin dato,1,76aeee516db46d3ebb2a15990b1e26fe2c993f44f43a6b3cbed0070bd7316891,26/06/2023 01:40:09,ESCANER
12872,"Retalhuleu",11,"San Felipe",5,1757,380,40,97,6,69,1,55,2,0,0,2,3,275,11,3,289,0,289,1,384,94,275,289,289,,1,9cd3d8f6cd92a5f0fd56db53cf19e5fe4ab6a1698d5ef9ff1a01d039d3c4673c,26/06/2023 02:13:13,ESCANER
12873,"Retalhuleu",11,"San Felipe",5,1757,380,44,84,3,76,0,51,0,0,1,1,3,263,14,5,282,0,282,--,380,98,263,282,282,Algún campo sin dato,1,5abf305873ef4345f4ce3c56731c9954acbea9879989b39a0c72485eb22a72fc,26/06/2023 01:46:20,ESCANER
12874,"Retalhuleu",11,"San Felipe",5,1757,380,43,102,4,81,0,48,1,5,0,3,3,290,5,2,297,0,297,--,380,83,290,297,297,Algún campo sin dato,1,f831121795c8941e7333d20ddc3b2dfea353c7289313f34c5aa56e0c51e2099d,26/06/2023 02:17:24,ESCANER
12875,"Retalhuleu",11,"San Felipe",5,1757,211,20,52,0,44,0,26,2,2,0,0,1,147,1,0,148,0,148,6,211,57,147,148,148,,1,345aba35a246211b3ece98bf63bbd1c2a586cc6bdabc59a2362e43d69ae01173,26/06/2023 01:54:54,ESCANER
12876,"Retalhuleu",11,"San Felipe",5,1757,210,28,52,1,43,1,26,0,2,1,1,2,157,1,1,159,0,159,--,210,51,157,159,159,Algún campo sin dato,1,2df3d953c4fb7eee2a6cfa1104eb01ffa59e8012d682fdf4874a710b23ee6663,26/06/2023 02:08:58,ESCANER
12877,"Retalhuleu",11,"San Felipe",5,1758,591,43,41,3,59,2,35,0,4,2,4,4,197,8,2,207,0,207,--,591,383,197,207,207,Algún campo sin dato,1,43d69ca6d4aa8dadd0ec08ae3cc1be1a94a8e90450fc8bfd82181fce6106147a,26/06/2023 00:59:47,ESCANER
12878,"Retalhuleu",11,"San Felipe",5,1758,590,31,37,2,52,0,18,2,3,0,2,5,152,9,6,167,0,167,6,590,423,152,167,167,,1,3e8bb4916bdf6849d1b4ac071299f966f01eb31e5f38707a9989d9da279dfe2e,26/06/2023 01:51:40,ESCANER