﻿TIPO_DE_ELECCIÓN:,CORPORACIÓN MUNICIPAL
26 junio 2023 03:36 (UTC -6)
ACTAS_ESPERADAS,ACTAS_CAPTURADAS,PORCENTAJE_ACTAS_CAPTURADAS,ACTAS_CONTABILIZADAS,PORCENTAJE_ACTAS_CONTABILIZADAS,ACTAS_NO_CONTABILIZADAS,LISTA_NOMINAL_ACTAS_CONTABILIZADAS,VOTOS_EMITIDOS_CONTABILIZADAS,PORCENTAJE_PARTICIPACIÓN_CIUDADANA
324,292,90.1234,292,90.1234,0,111435,62901,56.4463

MESA,DEPARTAMENTO,ID_DEPARTAMENTO,MUNICIPIO,ID_MUNICIPIO,CENTRO_DE_VOTACIÓN,PADRÓN,VAMOS,MLP,TODOS,UNE,VALOR,UR,CABAL,PPN,ELEFANTE,BIEN,VIVA,MI FAMILIA,PODEMOS,CAMBIO,VICTORIA,UNIONISTA,PR,P A N,AZUL,PHG,CREO,FCN-NACION,URNG-MAIZ WINAQ,VÁLIDOS,NULOS,BLANCO,EMITIDOS,INVÁLIDOS,TOTAL,IMPUGNACIONES,PAPELETAS-RECIBIDAS,PAPELETAS-NO-USADAS,VALIDOS_CALCULADO,EMITIDOS_CALCULADO,TOTAL_CALCULADO,OBSERVACIONES,CONTABILIZADA,CÓDIGO_INTEGRIDAD,FECHA_HORA_PUBLICACIÓN,DIGITALIZACIÓN
3541,"Guatemala",1,"San Juan Sacatepéquez",10,348,400,25,3,0,120,3,6,14,4,4,24,3,5,0,2,10,12,1,0,8,0,0,5,4,253,14,3,270,0,270,--,400,130,253,270,270,Algún campo sin dato,1,b896456cb0786b436359fa6967d1e9a011ce9ae5049c450a5f90fda17199492c,26/06/2023 03:09:37,ESCANER
3542,"Guatemala",1,"San Juan Sacatepéquez",10,348,400,25,2,2,110,6,7,19,3,4,16,5,2,1,0,10,9,1,0,15,2,0,1,2,242,23,5,270,0,270,--,400,130,242,270,270,Algún campo sin dato,1,d01c1046eff695baa568bd86b08d595d5905945cf9bb288e135e03b72bae2993,26/06/2023 00:40:14,ESCANER
3543,"Guatemala",1,"San Juan Sacatepéquez",10,348,400,22,2,1,114,3,4,16,1,2,29,4,3,0,0,9,10,1,2,11,6,1,0,2,243,12,5,260,0,260,--,400,140,243,260,260,Algún campo sin dato,1,a45812f64040534259e3a1ccb788a0ba85e764e5077622bc7095dfbf090fe407,25/06/2023 23:28:49,ESCANER
3544,"Guatemala",1,"San Juan Sacatepéquez",10,348,400,20,0,0,126,4,4,16,2,3,28,4,0,0,1,7,11,1,2,10,1,1,1,4,246,15,2,263,1,264,--,400,136,246,263,264,Algún campo sin dato,1,d9416642d29a80fdff282355a224a0c13e4dae22b9554194d17e7823d4cf3166,26/06/2023 03:34:26,ESCANER
3545,"Guatemala",1,"San Juan Sacatepéquez",10,348,400,22,0,1,105,3,4,10,5,7,28,5,0,1,4,8,23,1,0,11,1,0,1,2,242,26,4,272,0,272,--,400,128,242,272,272,Algún campo sin dato,1,f02f4099f66518a4355daaa4d594487ba2de12930d7fba7cb900fbde01972f8d,26/06/2023 02:45:02,ESCANER
3546,"Guatemala",1,"San Juan Sacatepéquez",10,348,400,,,,,,,,,,,,,,,,,,,,,,,,,,,,,,,,,,,,,0,,,
3547,"Guatemala",1,"San Juan Sacatepéquez",10,348,400,27,4,2,136,5,4,19,3,3,22,2,2,1,0,9,17,2,1,9,1,1,3,3,276,15,3,294,0,294,--,397,103,276,294,294,Algún campo sin dato,1,701571f68b48539cdf0b0df7a9e43b48af3fcc28854d4ac61a8bf9a2eeb55241,26/06/2023 02:41:30,ESCANER
3548,"Guatemala",1,"San Juan Sacatepéquez",10,348,400,22,0,0,154,2,2,7,6,3,21,4,1,0,1,5,20,1,2,16,2,0,6,10,285,11,2,298,0,298,--,400,102,285,298,298,Algún campo sin dato,1,f8b0671d0fa3e32d9b44c63a46cbf57119b36a2c7313f07894307f292564922b,26/06/2023 00:54:27,ESCANER
3549,"Guatemala",1,"San Juan Sacatepéquez",10,348,400,23,2,1,158,3,1,13,2,9,13,2,1,0,2,7,22,0,0,11,0,1,4,5,280,7,3,290,0,290,--,400,110,280,290,290,Algún campo sin dato,1,7d9f6ae31c42ea94d5e2530d2b6158ebc94af56809a6da4942b49e8cd36ac678,26/06/2023 00:07:32,ESCANER
3550,"Guatemala",1,"San Juan Sacatepéquez",10,348,400,23,2,0,123,3,4,2,3,3,19,2,3,1,0,8,14,0,2,11,1,0,2,2,228,9,0,237,0,237,--,396,159,228,237,237,Algún campo sin dato,1,32425fd1409bb8eb6fde9b3f74bcaee78c135047574c0de3ca1166a1feee2fb5,26/06/2023 01:20:05,ESCANER
3551,"Guatemala",1,"San Juan Sacatepéquez",10,348,400,25,0,0,141,4,2,12,0,3,16,0,1,0,1,5,24,2,0,3,2,1,4,5,251,9,3,263,0,263,--,380,117,251,263,263,Algún campo sin dato,1,8794ecbb5374508bd8a3fff0103f56c6d77ad57f5043d9aaedcc544e317f30b8,26/06/2023 02:15:10,ESCANER
3552,"Guatemala",1,"San Juan Sacatepéquez",10,348,400,24,1,0,144,2,1,7,2,2,23,3,0,0,1,10,12,1,0,6,6,1,2,2,250,8,2,260,0,260,--,400,140,250,260,260,Algún campo sin dato,1,2000d1daf2300f3932229a7c68f529b005d544848458076f2af7118bb671126a,26/06/2023 00:00:45,ESCANER
3553,"Guatemala",1,"San Juan Sacatepéquez",10,348,400,20,0,3,127,4,5,14,4,2,15,4,2,0,1,6,18,5,0,6,3,1,3,3,246,12,2,260,0,260,--,400,140,246,260,260,Algún campo sin dato,1,f040dded74987db3308d3619e74b8a1b8d8406ab341bce31654f82c5afadaf60,26/06/2023 01:00:14,ESCANER
3554,"Guatemala",1,"San Juan Sacatepéquez",10,348,400,21,2,0,136,4,5,9,6,3,16,4,2,0,0,11,9,0,2,10,2,1,2,6,251,8,3,262,0,262,--,400,138,251,262,262,Algún campo sin dato,1,61cdbf938b001859ce45b5af1f89ee3a84f41a99cebe8dd0ef8dafd5dc6b688c,26/06/2023 01:22:55,ESCANER
3555,"Guatemala",1,"San Juan Sacatepéquez",10,349,400,17,2,0,122,7,1,15,6,8,25,3,3,1,0,11,13,3,1,12,2,1,3,4,260,9,4,273,0,273,--,397,124,260,273,273,Algún campo sin dato,1,3ae2462c71b9f2e27d19be83907910773c3c28351f7a6745e8f157d73dad8808,26/06/2023 02:45:44,ESCANER
3556,"Guatemala",1,"San Juan Sacatepéquez",10,349,400,31,1,1,142,2,3,9,2,7,16,3,1,0,0,10,20,1,1,7,1,0,1,0,259,13,2,274,0,274,--,397,123,259,274,274,Algún campo sin dato,1,5df15c24c34cc582ce6ed8a183c675a79c218b841a192bd90370a956fc68288b,26/06/2023 02:22:12,ESCANER
3557,"Guatemala",1,"San Juan Sacatepéquez",10,349,400,26,2,4,137,3,5,8,3,4,19,2,4,0,3,6,23,0,0,12,4,0,3,5,273,10,1,284,0,284,--,399,115,273,284,284,Algún campo sin dato,1,be821f0fedf70b8562193d43f9ac31c8abcf6b1b3462bbfada3bad05a138dea4,26/06/2023 00:55:51,ESCANER
3558,"Guatemala",1,"San Juan Sacatepéquez",10,349,400,17,4,2,140,5,4,14,2,2,22,0,3,1,1,10,8,0,1,10,1,0,1,4,252,16,1,269,0,269,--,400,131,252,269,269,Algún campo sin dato,1,bfa1eb1ee2d001348d5c769d52b9740b3bce3d4c71d1dab6aabc2e7bcddfcd24,26/06/2023 02:13:34,ESCANER
3559,"Guatemala",1,"San Juan Sacatepéquez",10,349,400,17,1,0,141,3,5,14,2,3,19,4,4,0,0,9,16,1,0,9,2,1,0,6,257,11,2,270,0,270,--,400,130,257,270,270,Algún campo sin dato,1,163ae57fd3cf6e9a1db22592050f4d56ceff62ba7bb39939d11e864c984a0cdf,26/06/2023 00:48:48,ESCANER
3560,"Guatemala",1,"San Juan Sacatepéquez",10,349,400,24,2,0,146,6,5,12,4,2,15,5,0,1,1,9,11,0,3,5,4,0,2,2,259,11,4,274,0,274,--,400,126,259,274,274,Algún campo sin dato,1,053d0e4f3eb5acb42aa6a88ad7c8e4d3b9645f9a1cd9a0ba1bd6e71ad0879747,25/06/2023 23:35:56,ESCANER
3561,"Guatemala",1,"San Juan Sacatepéquez",10,349,400,31,0,1,105,3,0,11,0,5,12,4,1,0,2,10,17,1,0,19,0,0,4,3,229,11,4,244,0,244,--,400,156,229,244,244,Algún campo sin dato,1,d8f9628c9720e42d4f4d7c0afeec4038dc7435f6f9cfdff5f4b6528da9a547a3,26/06/2023 00:17:56,ESCANER
3562,"Guatemala",1,"San Juan Sacatepéquez",10,349,400,22,1,1,132,4,1,14,1,3,9,3,1,0,4,3,17,1,3,12,1,0,1,1,235,10,5,250,0,250,--,397,147,235,250,250,Algún campo sin dato,1,a0e1e2dc1009733ec8608c90c3bd69e68aed6d5eef3373ce3917a22b8f3690ff,26/06/2023 01:16:36,ESCANER
3563,"Guatemala",1,"San Juan Sacatepéquez",10,349,400,23,1,2,125,3,0,19,3,5,18,2,2,0,3,5,12,1,2,11,1,0,2,2,242,10,1,253,0,253,--,396,143,242,253,253,Algún campo sin dato,1,06cec303525e7d185f97cb44f869dc7ab84707764f135346d32e1789aafd5206,26/06/2023 01:13:08,ESCANER
3564,"Guatemala",1,"San Juan Sacatepéquez",10,349,400,27,3,0,116,4,0,9,4,3,17,2,2,0,0,10,12,1,0,13,0,0,2,3,228,9,2,239,0,239,--,401,162,228,239,239,Algún campo sin dato,1,3efcfd0ed9560b120a071c8e39654dd9414b3afd0d93e873bcceb014cd41e3b1,26/06/2023 03:14:34,ESCANER
3565,"Guatemala",1,"San Juan Sacatepéquez",10,349,400,20,0,1,118,2,3,6,2,4,15,4,2,1,2,5,12,2,2,7,5,0,3,5,221,8,0,229,0,229,--,400,171,221,229,229,Algún campo sin dato,1,2600fd2b44790d5e11db5cd32ede810a84f436451031569bfc7423ae49c91b63,26/06/2023 00:24:32,ESCANER
3566,"Guatemala",1,"San Juan Sacatepéquez",10,349,400,17,3,0,111,1,2,15,3,4,16,2,1,0,3,5,11,0,1,6,2,0,3,3,209,9,2,220,0,220,--,400,180,209,220,220,Algún campo sin dato,1,688ce5c8414a03dcd163d7c7a5e12bd60d6206d31e084aae72d28b063bcec620,26/06/2023 02:32:09,ESCANER
3567,"Guatemala",1,"San Juan Sacatepéquez",10,349,400,22,3,3,123,1,5,11,4,5,13,2,3,0,1,3,20,1,0,17,3,0,1,2,243,7,0,250,0,250,--,400,150,243,250,250,Algún campo sin dato,1,087b82e5d9f069f5d7a3093df36cf1aae4df72777aa372e061382d570a7ffac0,26/06/2023 00:12:16,ESCANER
3568,"Guatemala",1,"San Juan Sacatepéquez",10,349,400,26,3,0,90,0,4,18,5,3,14,0,2,1,2,7,22,1,3,8,0,1,5,6,221,6,0,227,0,227,--,400,173,221,227,227,Algún campo sin dato,1,a6400aa360ef578432a9f291fc76bc696269c7c82b293b3b5ab3ccbda79f3520,26/06/2023 00:32:16,ESCANER
3569,"Guatemala",1,"San Juan Sacatepéquez",10,349,400,24,4,0,85,1,3,16,2,5,14,0,0,0,0,4,18,1,0,13,3,0,4,8,205,6,0,211,170,381,--,--,--,205,211,381,Algún campo sin dato,1,49130c759931030b4dc8b18f8fe44d3f0a64d407282281c531d2e41c89fb7ab2,25/06/2023 22:24:05,ESCANER
3570,"Guatemala",1,"San Juan Sacatepéquez",10,349,400,19,1,1,135,1,4,13,1,2,17,0,3,0,1,6,18,2,0,8,0,0,2,4,238,5,0,243,0,243,--,400,157,238,243,243,Algún campo sin dato,1,4fcacafca410fea5deff83f4eef49be71d7a0651c73df85c4206193ed62cde37,25/06/2023 23:53:51,ESCANER
3571,"Guatemala",1,"San Juan Sacatepéquez",10,349,400,19,0,1,104,2,4,9,0,5,10,3,0,0,2,12,21,1,0,1,0,0,3,8,213,5,0,218,0,218,--,400,182,205,210,210,Sumas Asentadas sin cuadrar,1,89eb2e83eeb4cbe4dceabaad69cc641dc04af5934dffa2f7d42d05a0757ba56e,26/06/2023 01:49:37,ESCANER
3572,"Guatemala",1,"San Juan Sacatepéquez",10,349,400,8,1,0,112,2,1,11,1,3,18,1,3,0,0,6,15,0,0,4,1,0,3,2,192,7,0,0,0,199,--,398,198,192,199,199,Algún campo sin dato,1,4c075bb1c8854d703e4a2d707be11901d1b13fdfe0786a803a902c63adfbcee5,26/06/2023 01:15:54,ESCANER
3573,"Guatemala",1,"San Juan Sacatepéquez",10,350,400,23,2,1,92,1,6,6,2,2,23,5,1,0,1,5,11,0,0,5,1,0,1,4,192,7,0,199,0,199,--,400,201,192,199,199,Algún campo sin dato,1,5a19e8376dce15b55974ee259155670e0be8ffbe4962f7807b527d2d44176ceb,25/06/2023 23:06:02,ESCANER
3574,"Guatemala",1,"San Juan Sacatepéquez",10,350,400,15,0,2,82,6,0,9,1,1,17,1,0,0,1,3,14,0,1,6,2,0,3,4,168,8,2,178,0,178,--,400,222,168,178,178,Algún campo sin dato,1,baa25613f422a2a0cd7cf4bdb982bb1b290ccfde1d196a717047630e9df84a4d,25/06/2023 23:34:34,ESCANER
3575,"Guatemala",1,"San Juan Sacatepéquez",10,350,335,14,1,1,70,2,2,8,2,3,13,4,2,0,2,8,15,0,1,3,0,0,0,2,153,4,3,160,0,160,--,335,175,153,160,160,Algún campo sin dato,1,49d3199e4227505a2b3bc5fb5db85fad30caef68b6c2aef8e3b56015c0b65d7b,26/06/2023 01:10:02,ESCANER
3576,"Guatemala",1,"San Juan Sacatepéquez",10,350,334,18,1,0,75,0,0,8,5,3,12,2,1,0,1,6,10,0,0,4,1,0,0,1,148,4,2,154,0,154,--,334,180,148,154,154,Algún campo sin dato,1,d5d33a57c4fcbe3cf94b7028a2dccb428eba92a2fdb35e97b3540b6c1db53719,26/06/2023 01:20:41,ESCANER
3577,"Guatemala",1,"San Juan Sacatepéquez",10,351,400,10,1,1,168,8,4,16,6,2,19,11,5,0,0,4,5,0,2,6,0,1,4,1,274,16,10,300,0,300,--,400,100,274,300,300,Algún campo sin dato,1,544c5cced58853f2900db588d8ee63303ed19dead3943d68ae1516e838e283af,26/06/2023 03:04:19,ESCANER
3578,"Guatemala",1,"San Juan Sacatepéquez",10,351,400,22,0,2,143,3,0,12,2,6,19,6,4,0,2,2,13,2,0,4,1,0,1,6,250,13,3,266,0,266,--,400,134,250,266,266,Algún campo sin dato,1,6ad34a244883aad803e81ec58dc2d9b200974dbb8cd2957a4a9ca4a6b52703bf,26/06/2023 02:23:37,ESCANER
3579,"Guatemala",1,"San Juan Sacatepéquez",10,351,400,17,0,0,150,1,2,6,6,5,17,3,2,0,1,3,8,0,1,7,0,1,2,7,239,14,7,260,0,260,--,400,140,239,260,260,Algún campo sin dato,1,728b7073a5596461bc78b12d761c13239c29ca7565bf6f53b12e7e86d552da15,26/06/2023 02:35:26,ESCANER
3580,"Guatemala",1,"San Juan Sacatepéquez",10,351,269,8,1,1,99,4,0,3,1,3,12,7,0,0,1,7,3,0,0,2,1,0,1,3,157,10,1,168,0,168,--,266,98,157,168,168,Algún campo sin dato,1,26d16b294779a94d673aedb3d682bd11ea067ac173b6afbad9e521da9243ca60,25/06/2023 23:51:11,ESCANER
3581,"Guatemala",1,"San Juan Sacatepéquez",10,351,269,9,1,0,75,3,0,9,0,2,6,9,4,1,0,2,1,1,0,1,2,0,5,2,133,4,0,137,0,137,--,269,132,133,137,137,Algún campo sin dato,1,b4d628fd25c8d1a56f9e9b3ef75f7decc62affcfeeb4914c6df7676e55ed6dfb,26/06/2023 01:12:11,ESCANER
3582,"Guatemala",1,"San Juan Sacatepéquez",10,352,400,44,1,1,76,10,3,12,1,4,35,3,--,1,--,1,11,--,3,5,2,--,1,2,216,22,8,246,--,246,--,397,151,216,246,246,Algún campo sin dato,1,532919e9c924b67371673f61e0476f9ef0fd23a95058192c67b5d155237243f4,26/06/2023 02:39:20,ESCANER
3583,"Guatemala",1,"San Juan Sacatepéquez",10,352,400,,,,,,,,,,,,,,,,,,,,,,,,,,,,,,,,,,,,,0,,,
3584,"Guatemala",1,"San Juan Sacatepéquez",10,352,400,,,,,,,,,,,,,,,,,,,,,,,,,,,,,,,,,,,,,0,,,
3585,"Guatemala",1,"San Juan Sacatepéquez",10,352,400,38,1,1,78,13,6,13,4,3,42,3,0,0,1,6,8,0,3,4,2,0,0,2,228,9,6,243,0,243,--,400,157,228,243,243,Algún campo sin dato,1,063232cb808d77fa027b36ea1581123e5c20b0490c81ca718f083dd9649851f3,26/06/2023 02:57:25,ESCANER
3586,"Guatemala",1,"San Juan Sacatepéquez",10,352,400,34,0,3,98,18,1,5,0,4,29,2,0,1,1,5,10,0,1,8,2,0,1,4,227,7,4,238,0,238,--,400,162,227,238,238,Algún campo sin dato,1,04d60492ab697ef8fc97a42a030f08e70b945c14ea80dbfffa313ffabfaedf6c,26/06/2023 01:00:06,ESCANER
3587,"Guatemala",1,"San Juan Sacatepéquez",10,352,400,,,,,,,,,,,,,,,,,,,,,,,,,,,,,,,,,,,,,0,,,
3588,"Guatemala",1,"San Juan Sacatepéquez",10,352,400,24,3,--,83,6,5,9,1,7,20,1,--,--,--,4,11,--,--,3,--,1,2,2,182,8,--,190,--,190,--,400,210,182,190,190,Algún campo sin dato,1,4de7946b6cd5ca73205ec666af63ff1072700ea5ee75ffbf60500cd0df7237f8,25/06/2023 23:24:44,ESCANER
3589,"Guatemala",1,"San Juan Sacatepéquez",10,352,289,26,1,--,45,9,2,5,--,3,18,1,--,--,2,4,8,--,--,4,--,1,1,1,131,4,--,135,--,135,--,289,154,131,135,135,Algún campo sin dato,1,83e9027de94f711936b74bff260e229331d80d3ec48d6f1cdc61299ff3aa3b43,26/06/2023 00:29:51,ESCANER
3590,"Guatemala",1,"San Juan Sacatepéquez",10,352,289,25,--,--,52,3,3,2,1,2,11,2,--,--,--,4,6,--,--,2,--,--,--,1,114,4,--,118,--,118,--,289,171,114,118,118,Algún campo sin dato,1,695fce85cbe6ec0d267d87826622473a68c920e67e5cd17c01daad4291a38ede,26/06/2023 03:16:26,ESCANER
3591,"Guatemala",1,"San Juan Sacatepéquez",10,353,400,10,1,3,103,15,8,6,1,0,51,7,3,0,1,7,2,0,1,5,0,0,1,3,228,18,6,252,0,252,--,400,148,228,252,252,Algún campo sin dato,1,11a97b13a1ba298d97f93b23f2c3e1bc74fc7d0f3ed7e2610be03edc6386c252,26/06/2023 03:32:53,ESCANER
3592,"Guatemala",1,"San Juan Sacatepéquez",10,353,400,14,1,0,114,21,4,4,2,1,45,6,1,0,2,5,3,0,1,2,1,0,0,0,227,16,7,250,0,250,--,400,150,227,250,250,Algún campo sin dato,1,805f7b137794626b798984552124b5fb1696ef4186516345a46b41c0582194be,26/06/2023 00:10:47,ESCANER
3593,"Guatemala",1,"San Juan Sacatepéquez",10,353,400,,,,,,,,,,,,,,,,,,,,,,,,,,,,,,,,,,,,,0,,,
3594,"Guatemala",1,"San Juan Sacatepéquez",10,353,400,14,0,0,103,12,3,4,0,3,40,1,1,0,1,9,4,0,0,9,1,2,1,4,212,16,8,236,0,236,--,400,164,212,236,236,Algún campo sin dato,1,0bcdad0c53b7a6cebca3ad53d1cbdb2e46d1ae94a612c93d3795b4a09d106108,26/06/2023 03:16:40,ESCANER
3595,"Guatemala",1,"San Juan Sacatepéquez",10,353,400,13,1,0,94,11,2,7,1,4,32,3,1,0,1,7,8,1,1,5,0,0,1,5,198,12,8,218,0,218,--,400,182,198,218,218,Algún campo sin dato,1,9e19786889208901632be0d9a9606d725cb9ecddcd86c31f8f771e6c8052f74c,26/06/2023 01:00:32,ESCANER
3596,"Guatemala",1,"San Juan Sacatepéquez",10,353,400,23,3,1,108,13,3,11,2,3,23,6,2,0,2,8,9,0,2,13,0,1,1,2,236,14,1,251,0,251,--,400,149,236,251,251,Algún campo sin dato,1,a48f8c993fac9353416fde1cabcabf5a22781d1636c43f1bdbecc1ada38ac69e,26/06/2023 01:28:50,ESCANER
3597,"Guatemala",1,"San Juan Sacatepéquez",10,353,400,,,,,,,,,,,,,,,,,,,,,,,,,,,,,,,,,,,,,0,,,
3598,"Guatemala",1,"San Juan Sacatepéquez",10,353,400,28,1,0,67,5,2,6,4,4,33,2,2,0,0,6,7,2,0,6,1,0,0,7,183,7,2,192,0,192,--,400,208,183,192,192,Algún campo sin dato,1,b402f434bb3f086e5ef165b8030699d20aac655666ef75df16a4cc69e6f85601,26/06/2023 02:44:04,ESCANER
3599,"Guatemala",1,"San Juan Sacatepéquez",10,353,363,7,0,0,97,18,0,5,2,3,22,4,0,0,1,8,8,0,2,6,0,1,0,5,189,2,2,193,0,193,--,363,170,189,193,193,Algún campo sin dato,1,52ac182b07c4af1242453a4c2c1680b90c10a5a45fd089e92483eddd7003bcf6,26/06/2023 03:24:01,ESCANER
3600,"Guatemala",1,"San Juan Sacatepéquez",10,353,363,15,1,1,67,6,3,8,0,0,25,0,0,0,0,3,7,0,0,1,0,2,0,3,142,3,0,145,0,145,--,363,218,142,145,145,Algún campo sin dato,1,1911e3e22411acfafbf1c31d9278f80a06eb49923ee1d0c383aa1498ede184c1,25/06/2023 23:20:40,ESCANER
3601,"Guatemala",1,"San Juan Sacatepéquez",10,354,400,,,,,,,,,,,,,,,,,,,,,,,,,,,,,,,,,,,,,0,,,
3602,"Guatemala",1,"San Juan Sacatepéquez",10,354,400,17,10,1,113,7,2,26,2,4,41,8,1,0,1,7,5,0,3,2,1,0,1,6,258,20,3,281,0,281,--,400,119,258,281,281,Algún campo sin dato,1,b6724128a253bc8b354d3ee4b08dfa0947f459cb33ade843d7f6428706202ab9,26/06/2023 02:26:54,ESCANER
3603,"Guatemala",1,"San Juan Sacatepéquez",10,354,400,,,,,,,,,,,,,,,,,,,,,,,,,,,,,,,,,,,,,0,,,
3604,"Guatemala",1,"San Juan Sacatepéquez",10,354,400,11,7,1,138,10,4,22,1,3,23,8,1,0,1,6,18,0,3,8,0,0,2,7,274,12,1,287,0,287,--,400,113,274,287,287,Algún campo sin dato,1,92badc660a296a3a44034acd302b9cfaa3d9e6da08e5b14f3bef1a50b3471fa8,26/06/2023 02:14:22,ESCANER
3605,"Guatemala",1,"San Juan Sacatepéquez",10,354,400,18,4,0,116,11,2,21,2,1,45,3,3,0,1,3,5,4,0,5,0,1,1,4,250,6,2,258,0,258,--,400,142,250,258,258,Algún campo sin dato,1,05aee30c438e2b7ec58cd7a52648773bde6eb9ad2c32d6dba96bd290a6ee3772,26/06/2023 03:33:47,ESCANER
3606,"Guatemala",1,"San Juan Sacatepéquez",10,354,400,,,,,,,,,,,,,,,,,,,,,,,,,,,,,,,,,,,,,0,,,
3607,"Guatemala",1,"San Juan Sacatepéquez",10,354,400,27,8,3,124,4,3,23,4,3,20,3,2,0,1,3,9,0,1,2,2,0,2,5,249,12,2,263,0,263,--,397,134,249,263,263,Algún campo sin dato,1,f32b584bf94ab72fcbd03cf81a5ae8959f060de3506ac443f6455d7220d83129,26/06/2023 02:38:40,ESCANER
3608,"Guatemala",1,"San Juan Sacatepéquez",10,354,400,18,3,1,130,10,2,15,2,4,25,4,1,0,3,2,10,0,3,7,0,0,1,7,248,11,2,261,0,261,--,400,139,248,261,261,Algún campo sin dato,1,13e116df551856d368f8277751d2b4aff99977862771fbf7e94322d9e1a8a9a9,26/06/2023 03:00:41,ESCANER
3609,"Guatemala",1,"San Juan Sacatepéquez",10,354,400,,,,,,,,,,,,,,,,,,,,,,,,,,,,,,,,,,,,,0,,,
3610,"Guatemala",1,"San Juan Sacatepéquez",10,354,400,,,,,,,,,,,,,,,,,,,,,,,,,,,,,,,,,,,,,0,,,
3611,"Guatemala",1,"San Juan Sacatepéquez",10,354,400,,,,,,,,,,,,,,,,,,,,,,,,,,,,,,,,,,,,,0,,,
3612,"Guatemala",1,"San Juan Sacatepéquez",10,354,400,,,,,,,,,,,,,,,,,,,,,,,,,,,,,,,,,,,,,0,,,
3613,"Guatemala",1,"San Juan Sacatepéquez",10,354,400,15,2,0,106,9,2,17,3,2,26,1,0,1,0,6,2,0,3,5,0,0,1,4,205,19,7,231,0,231,--,400,169,205,231,231,Algún campo sin dato,1,c9065db500bda3eb2bca03a876e0d0609d4870b9d12a40b9d26dc3b36d3519e5,26/06/2023 00:14:15,ESCANER
3614,"Guatemala",1,"San Juan Sacatepéquez",10,354,400,19,3,1,112,9,1,6,2,3,23,2,3,2,1,5,9,1,2,1,0,1,1,2,209,18,6,233,0,233,--,400,167,209,233,233,Algún campo sin dato,1,df2777ce91fd0611d4152dc354711bc31416f12bc9657bd6e34409e0fdc1e504,26/06/2023 00:39:44,ESCANER
3615,"Guatemala",1,"San Juan Sacatepéquez",10,354,400,,,,,,,,,,,,,,,,,,,,,,,,,,,,,,,,,,,,,0,,,
3616,"Guatemala",1,"San Juan Sacatepéquez",10,354,400,14,5,1,105,8,1,14,2,2,23,1,1,0,0,7,18,0,2,6,2,0,4,5,221,2,2,225,0,225,--,400,175,221,225,225,Algún campo sin dato,1,1012ae22d72bea88d6f0fad443fdc45e52b1ada5bd7f21b5bdb9e89c0615eb5a,26/06/2023 01:29:29,ESCANER
3617,"Guatemala",1,"San Juan Sacatepéquez",10,354,400,7,5,1,103,7,1,16,3,7,25,2,1,0,1,0,13,1,2,2,0,1,4,6,208,5,0,213,0,213,--,400,187,208,213,213,Algún campo sin dato,1,ff6055f876bda4107b97261e8e412312073ba0fc90e28ba6f132b57486df5f0f,26/06/2023 02:50:14,ESCANER
3618,"Guatemala",1,"San Juan Sacatepéquez",10,354,400,12,6,1,95,9,0,19,0,1,14,1,2,0,3,1,9,1,0,3,1,1,0,2,181,4,1,186,0,186,--,397,211,181,186,186,Algún campo sin dato,1,f0545839138df9f47759e2c2177f6321dc043604cb3ff4d04bb7e5a5ca198d07,26/06/2023 03:10:15,ESCANER
3619,"Guatemala",1,"San Juan Sacatepéquez",10,354,290,9,1,1,51,2,1,8,1,0,13,0,1,0,0,1,3,0,0,0,0,0,0,0,92,7,1,100,0,100,--,290,190,92,100,100,Algún campo sin dato,1,bba0d17820eb06a3ab56df703d37c85f9a2d211779eacb33400040717305564a,25/06/2023 22:32:10,ESCANER
3620,"Guatemala",1,"San Juan Sacatepéquez",10,354,290,12,1,0,59,5,1,11,1,2,13,1,2,0,1,1,7,1,1,1,0,0,4,1,125,6,4,135,0,135,--,287,152,125,135,135,Algún campo sin dato,1,90283e052f2f48f1e9e9268ab43493ddcb70fc1b718d203807e553f51c0aeac7,26/06/2023 02:21:28,ESCANER
3621,"Guatemala",1,"San Juan Sacatepéquez",10,355,400,22,2,1,157,7,3,8,1,5,23,1,4,0,3,3,4,0,2,6,0,1,3,2,258,12,6,276,0,276,--,401,125,258,276,276,Algún campo sin dato,1,acb2a2c441680426205d9dcc8bd6f9981b13b56fbf4380fd02ddb5075e15531a,26/06/2023 01:36:21,ESCANER
3622,"Guatemala",1,"San Juan Sacatepéquez",10,355,400,21,0,1,128,17,2,8,6,5,32,0,1,0,1,1,4,0,1,5,2,1,3,6,245,11,1,257,0,257,--,400,143,245,257,257,Algún campo sin dato,1,344f178a45c351f7abb28a5e010c639c251b536305bf0fd714ecfc0ad63ec466,25/06/2023 23:08:36,ESCANER
3623,"Guatemala",1,"San Juan Sacatepéquez",10,355,400,,,,,,,,,,,,,,,,,,,,,,,,,,,,,,,,,,,,,0,,,
3624,"Guatemala",1,"San Juan Sacatepéquez",10,355,400,22,2,0,128,5,1,12,3,4,32,4,1,2,0,2,2,0,3,4,0,0,0,6,233,14,8,255,0,255,--,400,145,233,255,255,Algún campo sin dato,1,c306b6c18e6df0632b7a64ce08c8b1ff5a89429e9a96148fd8d37c265e3ae1e5,26/06/2023 03:17:01,ESCANER
3625,"Guatemala",1,"San Juan Sacatepéquez",10,355,400,27,5,0,90,13,1,3,6,4,19,4,0,0,1,3,1,1,3,4,0,0,1,4,190,22,3,215,0,215,--,400,185,190,215,215,Algún campo sin dato,1,71071bbc45c30befc084e158754b398a9afdca85776cde0e8e2eb0e59fb4a560,26/06/2023 02:17:17,ESCANER
3626,"Guatemala",1,"San Juan Sacatepéquez",10,355,400,14,0,3,93,17,0,5,1,5,21,2,1,1,0,3,1,0,2,3,0,0,0,3,175,18,4,197,0,197,--,400,203,175,197,197,Algún campo sin dato,1,5e0ff4f7db899ef87790dce9b33f6ffa6042dccfc16d3a5da6333497a1f7da4b,26/06/2023 03:25:02,ESCANER
3627,"Guatemala",1,"San Juan Sacatepéquez",10,355,400,16,2,0,121,7,0,7,1,4,24,0,2,1,0,7,4,0,3,5,0,0,1,5,210,4,4,218,0,218,--,400,182,210,218,218,Algún campo sin dato,1,d060bd720ece706df6cac032678d42cd5124ff749e62adc8a3fb5fefcede75a6,26/06/2023 02:54:44,ESCANER
3628,"Guatemala",1,"San Juan Sacatepéquez",10,355,253,14,0,0,83,2,0,3,1,3,15,2,0,0,0,0,3,0,0,1,0,0,0,1,128,3,0,131,0,131,--,253,122,128,131,131,Algún campo sin dato,1,b7b18e7143cffe87c2c61456bdbd2ae1f7d41053496a83c43acfb6847ac07e39,26/06/2023 00:17:22,ESCANER
3629,"Guatemala",1,"San Juan Sacatepéquez",10,355,252,26,0,0,45,7,1,3,0,1,9,2,0,0,1,0,1,0,0,2,0,0,0,1,99,3,1,103,0,103,--,249,146,99,103,103,Algún campo sin dato,1,a7bd98779ee2ed4b2037c9e3e6d700f4d19971a9fa75573b3a2ba2118e27c826,25/06/2023 23:42:22,ESCANER
3630,"Guatemala",1,"San Juan Sacatepéquez",10,356,380,96,2,3,65,3,0,7,1,3,16,7,1,1,2,5,1,0,0,3,0,1,1,3,221,18,5,244,0,244,--,380,136,221,244,244,Algún campo sin dato,1,5bd9eefcb93791d28de1a3d3f9c1ed238972c550ae10a4c63c63d303138f8c7e,26/06/2023 01:29:20,ESCANER
3631,"Guatemala",1,"San Juan Sacatepéquez",10,356,380,99,0,2,65,2,4,8,3,2,19,8,0,0,1,4,1,1,0,0,1,1,3,4,228,17,11,256,0,256,0,380,124,228,256,256,,1,45dc448666e47e063c60922d903dec4f9bb7b0a8004f248ddc706b535760b6be,26/06/2023 00:03:36,ESCANER
3632,"Guatemala",1,"San Juan Sacatepéquez",10,356,380,101,2,0,50,3,2,4,1,4,29,12,2,0,1,1,1,0,0,1,0,0,3,5,222,7,13,242,--,242,--,380,138,222,242,242,Algún campo sin dato,1,493001db4f0468e80a3d50b65e999012eda8615c8e4dfb43fc6a6ec89d2c9683,26/06/2023 00:57:42,ESCANER
3633,"Guatemala",1,"San Juan Sacatepéquez",10,356,380,88,1,3,42,4,2,5,3,2,20,7,1,2,2,4,0,1,1,1,0,0,1,1,191,8,2,201,1,202,--,377,176,191,201,202,Algún campo sin dato,1,52cb4fe24d92f1eba7099122ccd1137026a619992764f88c03822abda56a5358,26/06/2023 01:16:37,ESCANER
3634,"Guatemala",1,"San Juan Sacatepéquez",10,356,380,84,0,4,50,1,2,9,0,0,17,2,1,1,0,3,2,0,0,1,0,0,2,0,179,7,2,188,0,188,--,380,192,179,188,188,Algún campo sin dato,1,85cef1a882f31afcd98abbe7c3fd60e8f50b7c56154b2fd60cbc1a7ca6edf054,25/06/2023 23:45:57,ESCANER
3635,"Guatemala",1,"San Juan Sacatepéquez",10,356,380,61,0,1,49,6,0,9,4,1,16,8,0,1,2,4,0,1,0,2,0,0,1,1,167,19,5,191,189,380,--,380,189,167,191,380,Algún campo sin dato,1,47dbcb8ac8d004b59145c5f8c43f78e6ccef17fb40faf3b7064cbfc667cfb195,25/06/2023 22:29:15,ESCANER
3636,"Guatemala",1,"San Juan Sacatepéquez",10,356,380,70,0,0,59,3,3,8,0,4,13,4,2,0,0,5,2,1,1,0,0,0,1,0,176,15,5,196,0,196,--,380,184,176,196,196,Algún campo sin dato,1,604838d5c64e8d17e392f12324224093e53ac86d03529851560535fd4b7a5af5,25/06/2023 22:16:44,ESCANER
3637,"Guatemala",1,"San Juan Sacatepéquez",10,356,380,80,0,2,59,2,2,1,0,4,14,4,3,0,0,5,1,0,0,1,1,0,2,4,189,15,7,211,0,211,--,380,169,185,207,207,Sumas Asentadas sin cuadrar,1,aee5a2460b9341b0664fb41f82525a6fbc51735de8b04aaeaa1d2a0da8edf2a6,26/06/2023 00:23:32,ESCANER
3638,"Guatemala",1,"San Juan Sacatepéquez",10,356,380,77,0,1,54,3,2,11,0,2,22,6,3,2,0,1,1,0,0,3,0,0,1,1,190,14,8,212,0,212,--,380,168,190,212,212,Algún campo sin dato,1,773f7778e099336bcf6907ab17861d6729c6634b1e2291c06d3e18240bbadc94,25/06/2023 23:16:15,ESCANER
3639,"Guatemala",1,"San Juan Sacatepéquez",10,356,380,89,0,0,63,0,5,9,2,3,14,9,1,0,0,4,2,0,2,0,0,1,2,2,208,16,6,230,0,230,--,377,147,208,230,230,Algún campo sin dato,1,4a8f67191ad8b91c934de86d8597b2814b06c499b6c78e1b15b4df9d36633b46,25/06/2023 23:32:00,ESCANER
3640,"Guatemala",1,"San Juan Sacatepéquez",10,356,380,79,2,0,57,0,0,16,2,1,18,12,2,1,1,2,1,0,2,3,0,0,7,9,215,12,8,235,0,235,--,380,145,215,235,235,Algún campo sin dato,1,0a3e9ee5220b5cb662b934d053cfbe98a0b5bd5b665436121b90ec58169c093b,26/06/2023 01:35:10,ESCANER
3641,"Guatemala",1,"San Juan Sacatepéquez",10,357,380,99,1,1,57,7,6,8,2,0,17,6,0,0,0,1,0,1,1,2,0,2,4,3,218,16,6,240,0,240,--,370,130,218,240,240,Algún campo sin dato,1,1aa8df3c9424aeff84fabc354b1ef56a4024999f5ec1a4d17992011f373f0313,26/06/2023 02:55:04,ESCANER
3642,"Guatemala",1,"San Juan Sacatepéquez",10,357,380,104,1,0,52,0,2,2,3,2,14,3,0,0,0,0,1,1,2,4,0,0,1,2,194,16,8,218,0,218,--,380,162,194,218,218,Algún campo sin dato,1,5babe383309c62a453a50b8cb6416d020098e0c55602dd1aeaa1fb9df5bb3509,26/06/2023 02:30:05,ESCANER
3643,"Guatemala",1,"San Juan Sacatepéquez",10,357,380,103,1,3,50,0,1,1,1,0,22,5,4,0,0,7,2,0,1,2,0,0,0,2,205,20,13,238,0,238,--,380,142,205,238,238,Algún campo sin dato,1,9c6a8390b9b1cd1d74efa5453db8de5021748b122400a320111e91799179f836,26/06/2023 01:59:25,ESCANER
3644,"Guatemala",1,"San Juan Sacatepéquez",10,357,380,99,0,0,43,1,0,5,2,0,22,6,1,2,0,2,3,0,3,1,1,1,0,3,195,19,8,222,0,222,--,380,158,195,222,222,Algún campo sin dato,1,06cdfa87207502da88e736053a5e3c811113315ca6bc6298dafba730eeda25aa,26/06/2023 01:22:20,ESCANER
3645,"Guatemala",1,"San Juan Sacatepéquez",10,357,380,85,0,0,47,0,0,6,1,2,17,4,1,1,0,0,4,1,0,0,0,0,0,1,170,20,10,200,0,200,--,380,180,170,200,200,Algún campo sin dato,1,54c655896965553b6e185a455351137e2329aab075a2ea7449510600f9434d9e,26/06/2023 01:19:28,ESCANER
3646,"Guatemala",1,"San Juan Sacatepéquez",10,357,380,80,0,0,48,0,0,8,1,1,9,2,3,1,0,3,2,0,2,1,0,1,1,1,164,23,15,202,0,202,--,380,178,164,202,202,Algún campo sin dato,1,549ac053f511fcee4c6bf7f63005b1f97f3c5635ac29ccfd1c28b38b307ee0ad,26/06/2023 01:30:36,ESCANER
3647,"Guatemala",1,"San Juan Sacatepéquez",10,358,380,70,1,1,53,3,2,7,1,1,18,6,0,0,0,3,0,1,2,3,0,0,1,1,174,10,6,190,0,190,--,377,187,174,190,190,Algún campo sin dato,1,c8226f57193664a475bd75a4eccd78b0f2f0745abd05bc40e74372f40af80d35,25/06/2023 23:20:46,ESCANER
3648,"Guatemala",1,"San Juan Sacatepéquez",10,358,380,,,,,,,,,,,,,,,,,,,,,,,,,,,,,,,,,,,,,0,,,
3649,"Guatemala",1,"San Juan Sacatepéquez",10,358,380,72,1,0,57,5,0,3,2,1,3,1,2,0,0,4,0,0,0,1,0,0,11,2,165,10,5,180,0,180,--,380,200,165,180,180,Algún campo sin dato,1,83dea76ad0c3fe812410cbdbfa4322db2d87328f5ffd9b48fe0d17a82af29f2a,26/06/2023 01:37:13,ESCANER
3650,"Guatemala",1,"San Juan Sacatepéquez",10,359,380,82,3,1,44,1,0,6,0,0,16,2,2,0,0,2,3,0,0,1,1,0,0,3,167,5,4,176,0,176,--,380,204,167,176,176,Algún campo sin dato,1,c18632ffb4a0a30bf378b55934974254b53de2e8b0f3aebd8b2f4494d3bedb10,26/06/2023 00:12:03,ESCANER
3651,"Guatemala",1,"San Juan Sacatepéquez",10,359,380,72,0,1,49,1,0,7,0,2,19,6,2,0,0,4,1,0,0,0,0,0,1,0,165,2,0,167,0,167,--,380,213,165,167,167,Algún campo sin dato,1,bd8d94e201e357f47441824f4d09ecc784e63d2f59531fa53498af4e6ce77e9c,25/06/2023 23:55:53,ESCANER
3652,"Guatemala",1,"San Juan Sacatepéquez",10,359,380,80,0,1,41,1,3,1,0,3,16,3,1,1,1,2,1,0,0,0,0,0,0,2,157,11,0,168,0,168,--,377,209,157,168,168,Algún campo sin dato,1,73577becacfbd56bd7a4d3ab8624b65a5b85a436d341bf585474e7ed09d494c0,25/06/2023 23:24:14,ESCANER
3653,"Guatemala",1,"San Juan Sacatepéquez",10,359,380,68,0,0,34,0,0,4,1,0,14,3,3,0,0,2,0,0,0,2,1,0,1,3,136,4,0,140,0,140,--,380,240,136,140,140,Algún campo sin dato,1,411a533912bd7d22ebb9f50852587b77772ac5a4c06feccf5bafd98478b8ca46,25/06/2023 23:16:33,ESCANER
3654,"Guatemala",1,"San Juan Sacatepéquez",10,360,380,75,0,0,33,0,0,1,1,1,13,4,8,0,1,2,0,0,0,0,0,0,0,2,141,1,3,145,0,145,--,380,235,141,145,145,Algún campo sin dato,1,d03d97c3a7ba31a5001b15d461628053b641b05e197462f4b1712f6e849316f2,25/06/2023 22:30:31,ESCANER
3655,"Guatemala",1,"San Juan Sacatepéquez",10,360,297,58,2,0,16,0,1,2,1,2,5,1,2,0,0,2,1,0,0,0,0,0,0,0,93,5,0,98,0,98,--,297,199,93,98,98,Algún campo sin dato,1,fa19b1b6ed6c4eeafddc5725b9d5cb84e7e094b20cbfb954f43e53a329959aa4,25/06/2023 22:11:10,ESCANER
3656,"Guatemala",1,"San Juan Sacatepéquez",10,360,296,52,1,0,31,0,0,1,0,2,9,2,1,0,1,4,0,0,1,0,0,0,0,2,107,8,5,120,0,120,--,296,176,107,120,120,Algún campo sin dato,1,bc137e5bb43501c6e5c0542d0ad82d0d68e272cfeeb643bfae233d6e5b6a772c,25/06/2023 22:03:15,ESCANER
3657,"Guatemala",1,"San Juan Sacatepéquez",10,361,380,188,1,1,6,2,1,6,2,9,0,8,0,1,0,1,0,0,1,0,1,0,0,4,232,17,2,251,0,251,--,397,146,232,251,251,Algún campo sin dato,1,da25d0a17308d66dbc33ce2f5249d34120de28485569cb0134e4672a2d356a4c,26/06/2023 01:30:37,ESCANER
3658,"Guatemala",1,"San Juan Sacatepéquez",10,361,380,185,1,2,6,3,0,4,0,7,2,4,1,0,1,2,0,2,3,1,0,0,3,4,231,27,3,261,0,261,--,380,119,231,261,261,Algún campo sin dato,1,b752082cc969858b329306e6908325166d05100f3403eace7bb1066a07d628c2,26/06/2023 02:08:08,ESCANER
3659,"Guatemala",1,"San Juan Sacatepéquez",10,361,380,202,1,2,7,2,0,4,0,5,1,6,0,2,1,0,1,0,3,2,1,1,0,7,248,16,4,268,0,268,--,400,132,248,268,268,Algún campo sin dato,1,da0827c5278351ca6ce0fa04c9506bd0e43c2ebdb0e9fd661681b8d282974bd7,26/06/2023 01:42:25,ESCANER
3660,"Guatemala",1,"San Juan Sacatepéquez",10,361,380,194,1,3,4,2,0,3,2,9,3,7,2,0,0,1,0,1,1,1,0,0,0,7,241,11,7,259,0,259,--,379,120,241,259,259,Algún campo sin dato,1,8abfbaaa94089e6b43a80da26adabaaea7ea34f6e26495b13ab04771abb06955,26/06/2023 03:09:03,ESCANER
3661,"Guatemala",1,"San Juan Sacatepéquez",10,361,380,197,0,5,6,2,1,7,0,7,2,4,0,1,0,2,1,1,3,1,0,0,0,4,244,12,2,258,0,258,--,380,122,244,258,258,Algún campo sin dato,1,b5ed53de0d0a092f94145644f97ecada183dec89786d02bae69c1cd4737106b0,26/06/2023 02:30:24,ESCANER
3662,"Guatemala",1,"San Juan Sacatepéquez",10,361,380,164,0,1,2,2,0,8,0,6,1,5,0,0,0,4,2,0,1,1,1,0,0,1,199,10,6,215,0,215,--,380,165,199,215,215,Algún campo sin dato,1,309851c1b6b55362540381b8dfd14b8018b553e3165dd1279b1bb14be6ee6fd9,26/06/2023 02:20:40,ESCANER
3663,"Guatemala",1,"San Juan Sacatepéquez",10,362,380,190,2,0,7,1,0,2,0,7,3,2,0,0,0,1,1,1,6,1,3,0,0,4,231,4,1,236,0,236,--,380,144,231,236,236,Algún campo sin dato,1,59f66ad065a146b986eb6a2d25a6463de7955ff1963d7eee0242a4fc58f59f19,25/06/2023 22:23:24,ESCANER
3664,"Guatemala",1,"San Juan Sacatepéquez",10,362,380,191,0,4,7,3,0,7,0,8,1,4,1,0,0,4,0,1,1,1,3,1,2,1,240,8,0,248,0,248,--,380,132,240,248,248,Algún campo sin dato,1,69da662d3ac411a06a39ff34a005e440167495de07a4240428da3e88300d7031,25/06/2023 23:32:35,ESCANER
3665,"Guatemala",1,"San Juan Sacatepéquez",10,362,380,187,1,4,6,0,0,5,0,4,1,3,0,0,0,0,0,1,2,1,2,2,0,6,225,11,2,238,0,238,--,380,142,225,238,238,Algún campo sin dato,1,8b4c3fc30bc2696dcf01c95d229d6c8f3790807008a6c79732c105fcc0822149,25/06/2023 23:35:37,ESCANER
3666,"Guatemala",1,"San Juan Sacatepéquez",10,362,380,201,1,2,5,0,1,5,1,7,1,4,0,1,0,3,0,1,4,0,1,0,0,6,244,5,3,252,0,252,--,380,125,244,252,252,Algún campo sin dato,1,2915e44468356596c23258a6b49efc4654db2918719986c025473e2f13939670,26/06/2023 00:14:23,ESCANER
3667,"Guatemala",1,"San Juan Sacatepéquez",10,362,380,196,0,3,7,0,0,7,0,8,2,8,0,0,0,2,0,0,3,1,0,0,0,5,242,9,2,253,0,253,--,381,128,242,253,253,Algún campo sin dato,1,be575d2cf66283fcf6f977fe46e2cceca4facf381bbd677aa12b1f319614992d,26/06/2023 00:43:54,ESCANER
3668,"Guatemala",1,"San Juan Sacatepéquez",10,362,380,194,0,2,10,0,1,6,0,8,0,7,2,0,0,4,0,0,4,4,2,0,0,8,252,13,3,268,0,268,--,385,117,252,268,268,Algún campo sin dato,1,0ba239b49293d9d99ad00e29365fe0c0dff7a3c66b9b587e659a07ab0a1e6fd1,25/06/2023 21:52:50,ESCANER
3669,"Guatemala",1,"San Juan Sacatepéquez",10,362,380,206,0,2,7,1,0,5,0,5,3,3,0,0,1,1,0,0,3,1,0,1,0,1,240,11,4,255,0,255,--,380,125,240,255,255,Algún campo sin dato,1,ff49a83b8fdd5e6795d78782c95aedff945c4d24130937a8e8a4d83ba4f17b03,26/06/2023 01:30:13,ESCANER
3670,"Guatemala",1,"San Juan Sacatepéquez",10,362,380,195,0,1,9,1,2,4,0,2,3,7,0,0,0,1,0,0,1,1,1,2,0,1,231,11,2,244,0,244,--,380,136,231,244,244,Algún campo sin dato,1,6d8faeae8ed9c30edd2277ab5bd5641ceceae450e0b38542f0f8504a8b16bae6,26/06/2023 00:06:33,ESCANER
3671,"Guatemala",1,"San Juan Sacatepéquez",10,362,380,185,0,3,9,1,0,0,2,6,1,7,0,0,0,2,0,0,0,1,2,0,0,3,222,11,8,241,0,241,--,380,139,222,241,241,Algún campo sin dato,1,5436a13224c5603bd3e4e109cbfce7105c8d9ac977b5a7bdde47a2804306ac09,26/06/2023 01:03:49,ESCANER
3672,"Guatemala",1,"San Juan Sacatepéquez",10,362,380,172,1,3,8,2,0,0,0,9,5,5,0,0,0,1,2,0,2,0,0,1,0,7,218,17,3,238,0,238,--,380,139,218,238,238,Algún campo sin dato,1,571ea537a352999b9b2d41e1988546151f8534c3cefaaddd72eb91a0d1d18d6d,26/06/2023 00:02:44,ESCANER
3673,"Guatemala",1,"San Juan Sacatepéquez",10,362,380,174,2,3,10,3,0,3,0,9,1,4,1,0,0,1,1,0,0,2,5,1,0,1,221,13,3,237,0,237,--,380,143,221,237,237,Algún campo sin dato,1,2727dfcb30f06f5cde6da45c4ef0336f6dce3ec638ba77e66472611a4e040f7a,25/06/2023 23:21:36,ESCANER
3674,"Guatemala",1,"San Juan Sacatepéquez",10,362,380,155,1,1,7,2,0,1,0,2,4,5,2,1,0,1,0,0,5,0,1,2,0,7,197,26,2,225,0,225,--,380,155,197,225,225,Algún campo sin dato,1,73b36cc1324a0f6aba7a92317926285d3bbba0ee3e7a2f615227f4a653c96e7e,25/06/2023 22:57:11,ESCANER
3675,"Guatemala",1,"San Juan Sacatepéquez",10,362,380,157,0,3,3,1,1,3,1,8,1,5,0,0,1,2,0,0,4,1,2,0,0,2,195,21,0,216,4,220,--,--,--,195,216,220,Algún campo sin dato,1,90b48f4facb5f37226d2afdf8d2b4c76303e4ee2f7f749090b0109245c45097b,26/06/2023 00:28:24,ESCANER
3676,"Guatemala",1,"San Juan Sacatepéquez",10,362,380,181,0,2,5,2,1,5,1,3,0,3,0,0,0,1,0,1,2,0,1,0,1,6,215,5,4,224,0,224,--,380,156,215,224,224,Algún campo sin dato,1,6b8137809912c09b8223ec1afecbc1f4a7fa4baaad9f7925192fd116579ae44d,26/06/2023 01:20:56,ESCANER
3677,"Guatemala",1,"San Juan Sacatepéquez",10,363,380,151,3,2,9,1,1,10,0,1,4,2,0,3,0,2,0,0,0,3,0,0,1,8,201,7,0,208,0,208,--,379,171,201,208,208,Algún campo sin dato,1,59aeba3e359be4e12cc5475646d8febb5c2f610245866737d18d765e59cb52aa,26/06/2023 00:00:27,ESCANER
3678,"Guatemala",1,"San Juan Sacatepéquez",10,363,380,163,2,0,2,0,0,5,0,1,2,1,1,0,0,0,0,1,1,0,0,0,0,9,188,3,1,192,0,192,--,380,188,188,192,192,Algún campo sin dato,1,c54101927f4a59243c45360206428fecd06ecc5316c1226674ddbf9d7d6f0eec,26/06/2023 01:03:58,ESCANER
3679,"Guatemala",1,"San Juan Sacatepéquez",10,363,380,159,0,1,4,0,0,3,0,5,2,3,1,0,1,2,0,1,3,2,2,0,1,3,193,6,0,199,0,199,--,376,177,193,199,199,Algún campo sin dato,1,1285a0509fe67ad615dfda9f9783a856a955c4684905c68210729bf1622fcb89,26/06/2023 01:44:34,ESCANER
3680,"Guatemala",1,"San Juan Sacatepéquez",10,363,360,126,2,0,4,0,0,2,1,3,0,1,0,0,0,0,0,0,3,2,0,0,0,6,150,8,0,158,0,158,--,360,202,150,158,158,Algún campo sin dato,1,6b011487947ce7ee613e1a0714b61857b68f06b02bc8cef2c922a05ff2391108,26/06/2023 01:40:04,ESCANER
3681,"Guatemala",1,"San Juan Sacatepéquez",10,363,360,124,1,0,3,0,0,7,0,3,1,1,2,1,0,0,0,0,1,2,0,0,1,4,151,3,0,154,0,154,--,360,206,151,154,154,Algún campo sin dato,1,2e642605543462cc3e305f47a9ffe34aadc0d277351d94adc00655078154a78d,25/06/2023 23:21:15,ESCANER
3682,"Guatemala",1,"San Juan Sacatepéquez",10,364,380,11,5,1,62,4,10,5,0,10,42,4,2,0,1,4,6,0,2,2,1,1,1,3,177,33,8,218,0,218,--,380,162,177,218,218,Algún campo sin dato,1,b601456938f44d20dab304d2b9c9f77f369bb28fd05b0566384c3e9285ed1857,26/06/2023 01:00:13,ESCANER
3683,"Guatemala",1,"San Juan Sacatepéquez",10,364,380,7,1,0,65,3,17,2,0,5,46,4,1,2,4,4,3,1,2,2,0,0,2,0,171,30,10,211,0,211,--,380,169,171,211,211,Algún campo sin dato,1,f54a98856d8acd31b102ae1be865830c4eac7416f2cf1cec35833bc7f30eaa30,26/06/2023 01:08:28,ESCANER
3684,"Guatemala",1,"San Juan Sacatepéquez",10,364,380,12,2,1,45,1,13,2,2,7,63,3,0,1,0,4,3,0,4,2,0,2,2,0,169,21,8,198,0,198,--,380,182,169,198,198,Algún campo sin dato,1,98cfe3131c081ff11984f6c17d7f656c6e0202b87043dc20a256c33bd64922c2,26/06/2023 01:17:18,ESCANER
3685,"Guatemala",1,"San Juan Sacatepéquez",10,364,380,20,0,0,65,4,22,2,0,11,42,6,1,0,0,2,1,2,2,1,0,1,1,5,188,27,3,218,2,220,--,380,157,188,218,220,Algún campo sin dato,1,2f33c66e47a767eb1583a14b2b401ba53e8dcdb19cbf61c11c78240ee1ee738c,26/06/2023 01:42:10,ESCANER
3686,"Guatemala",1,"San Juan Sacatepéquez",10,364,380,15,2,1,71,8,16,2,1,6,40,4,0,0,1,3,0,0,2,2,1,2,0,2,179,26,9,214,0,214,--,380,166,179,214,214,Algún campo sin dato,1,efb340eb8cfdb41c8fff88cc2fa43d556c515b8a5231670ae0ff43ac23b442c2,26/06/2023 00:20:44,ESCANER
3687,"Guatemala",1,"San Juan Sacatepéquez",10,364,380,,,,,,,,,,,,,,,,,,,,,,,,,,,,,,,,,,,,,0,,,
3688,"Guatemala",1,"San Juan Sacatepéquez",10,364,380,13,3,2,70,6,9,1,3,11,44,1,1,0,0,2,0,0,2,4,0,0,0,1,173,51,8,232,0,232,--,380,148,173,232,232,Algún campo sin dato,1,707bdaca865a7fbae1ba5e90b3ed26cb3df9cf537026de7e35ab637736fa71c8,26/06/2023 02:19:05,ESCANER
3689,"Guatemala",1,"San Juan Sacatepéquez",10,364,380,17,2,0,48,4,13,2,2,13,33,6,0,1,0,2,3,0,7,2,0,1,2,2,160,44,14,218,0,218,--,380,162,160,218,218,Algún campo sin dato,1,cac6fdc0d8b21a9b3648fac54a3cadbed82b24063bcf7a166ae8059ad9fa1cb2,26/06/2023 01:18:21,ESCANER
3690,"Guatemala",1,"San Juan Sacatepéquez",10,364,380,17,2,0,66,4,18,3,1,5,37,4,0,1,0,7,3,1,1,3,0,0,2,2,177,29,7,213,0,213,--,380,167,177,213,213,Algún campo sin dato,1,38a93d50ee1ff95ce83ce93ff2d8d0b943e28eda136d7353194a8914d55d5f8a,25/06/2023 23:12:14,ESCANER
3691,"Guatemala",1,"San Juan Sacatepéquez",10,364,380,16,2,0,63,5,16,5,2,5,49,1,4,1,0,3,0,0,3,3,0,1,0,3,182,26,11,219,0,219,--,380,161,182,219,219,Algún campo sin dato,1,4ad09852775ebcb6de419ad2f8f93303a4c981d670e45fc3b26b778323f0b2bb,26/06/2023 00:17:30,ESCANER
3692,"Guatemala",1,"San Juan Sacatepéquez",10,364,380,8,3,0,73,4,10,1,2,7,47,7,2,0,0,4,1,1,3,3,0,0,1,2,179,33,13,225,0,225,--,380,155,179,225,225,Algún campo sin dato,1,058032367a7645b183432899250cef5664af974d0eed5fa1cc7dc3c7f6b6a3ef,26/06/2023 00:30:31,ESCANER
3693,"Guatemala",1,"San Juan Sacatepéquez",10,364,380,15,0,0,60,10,12,0,1,9,50,6,0,0,1,1,4,0,0,1,0,0,1,2,173,36,8,217,0,217,--,380,163,173,217,217,Algún campo sin dato,1,8b855091ac0157d8e31afde38642905935da123cf521fa2ba91b6fab07ce6bde,26/06/2023 01:01:29,ESCANER
3694,"Guatemala",1,"San Juan Sacatepéquez",10,364,380,17,4,2,77,6,15,3,0,3,42,4,0,0,1,5,1,1,2,2,0,1,0,5,191,4,7,202,14,216,--,380,164,191,202,216,Algún campo sin dato,1,2f75dcf3f54e5190166255584ebe0b0f051cfc36778a089120d53fc4a2fd40f3,26/06/2023 01:44:56,ESCANER
3695,"Guatemala",1,"San Juan Sacatepéquez",10,364,380,8,3,1,56,3,19,3,0,8,46,4,0,0,1,5,4,0,3,1,0,0,0,2,167,21,3,191,0,191,--,377,186,167,191,191,Algún campo sin dato,1,c593fcc35c1114e2a7b14773c9e8edf20f7856deb2c0ac7e968a911adc0e5f6b,25/06/2023 23:19:54,ESCANER
3696,"Guatemala",1,"San Juan Sacatepéquez",10,364,380,11,1,1,55,3,20,0,2,8,52,6,0,0,0,1,3,0,1,0,0,0,0,2,166,16,1,183,0,183,--,380,197,166,183,183,Algún campo sin dato,1,26049144585ded155f979cf8ff1fe87f4db5eba68cb57d6416f8d64bdb7053b4,26/06/2023 01:35:11,ESCANER
3697,"Guatemala",1,"San Juan Sacatepéquez",10,364,380,15,2,1,74,3,15,1,1,16,36,1,0,0,0,2,2,0,3,1,0,0,0,0,173,20,6,199,0,199,--,380,181,173,199,199,Algún campo sin dato,1,35a468991fa0d0d656fc89fc0a2db303e4209946838c7a1f6678c128a8626b12,26/06/2023 01:35:03,ESCANER
3698,"Guatemala",1,"San Juan Sacatepéquez",10,364,380,12,3,0,67,6,14,4,1,7,37,5,0,2,0,2,2,0,1,1,1,0,0,1,166,20,7,193,0,193,--,380,187,166,193,193,Algún campo sin dato,1,185b453f3b85c0f2f5b4234ab04f4dc8554a2ce8801f71ab6aafd450260197be,25/06/2023 23:56:05,ESCANER
3699,"Guatemala",1,"San Juan Sacatepéquez",10,364,380,17,1,0,63,4,16,4,1,8,42,4,1,2,0,1,1,1,1,3,1,0,0,5,176,16,2,194,0,194,--,380,186,176,194,194,Algún campo sin dato,1,3dedaaae201f4e72873335bc3c6a592c5f85c2c1fd120ea4149912a2158d0f42,26/06/2023 01:32:01,ESCANER
3700,"Guatemala",1,"San Juan Sacatepéquez",10,364,380,15,3,0,58,4,20,2,2,9,45,4,2,0,0,1,1,0,2,1,0,1,0,1,171,23,9,203,0,203,--,380,177,171,203,203,Algún campo sin dato,1,07d1baad428efc2b51e4ea172d2b3b678c6d3be74e0a5d7a75c157e489eb14f6,26/06/2023 00:32:50,ESCANER
3701,"Guatemala",1,"San Juan Sacatepéquez",10,364,380,18,5,0,54,5,13,2,1,4,50,3,1,1,2,3,3,1,1,2,0,0,1,1,171,31,13,215,0,215,--,380,165,171,215,215,Algún campo sin dato,1,7535c5bd3aeaabe5395bc35284bb789dab0e861ec31edfb98a89cc4e1548fb52,26/06/2023 00:53:22,ESCANER
3702,"Guatemala",1,"San Juan Sacatepéquez",10,364,380,15,3,0,60,3,9,3,2,7,47,3,1,1,0,5,2,0,3,1,0,0,0,2,167,27,8,202,0,202,--,380,178,167,202,202,Algún campo sin dato,1,06f18dda71f275f95764e6f7a9ca21c7c063ecd5038b68c983f408836248f5ba,25/06/2023 22:19:36,ESCANER
3703,"Guatemala",1,"San Juan Sacatepéquez",10,364,380,13,5,1,61,4,14,4,1,14,31,4,1,1,0,5,1,0,1,0,0,0,0,3,164,27,8,199,0,199,--,380,181,164,199,199,Algún campo sin dato,1,eb296a9267cecfd00a5f25a878a408ed9f935f90cb089adfff52706ab5fdbe23,25/06/2023 23:39:00,ESCANER
3704,"Guatemala",1,"San Juan Sacatepéquez",10,364,380,,,,,,,,,,,,,,,,,,,,,,,,,,,,,,,,,,,,,0,,,
3705,"Guatemala",1,"San Juan Sacatepéquez",10,365,380,8,2,0,37,3,10,4,3,18,42,7,0,0,2,6,3,0,2,1,1,1,0,0,150,30,7,187,0,187,--,396,209,150,187,187,Algún campo sin dato,1,0b6b2f9d533734ce347c719e7115627c3d8713a9711cc94d8b101c6c248358e7,26/06/2023 01:43:08,ESCANER
3706,"Guatemala",1,"San Juan Sacatepéquez",10,365,380,17,2,1,62,4,13,2,1,15,35,3,0,0,0,2,0,0,3,3,0,0,0,0,163,23,10,196,0,196,--,379,183,163,196,196,Algún campo sin dato,1,beb57e1e38df198efd6df1d30b79cf444e90b7996b653f100658a22a8dc14e85,26/06/2023 02:25:04,ESCANER
3707,"Guatemala",1,"San Juan Sacatepéquez",10,365,380,6,2,0,52,6,14,3,2,9,25,4,0,2,0,6,1,0,3,5,1,1,0,0,142,22,5,169,0,169,--,381,212,142,169,169,Algún campo sin dato,1,e1fb3a996d5224291444b9e5690ec256c1ebe8abffad20907e8a09df8ca72c2e,25/06/2023 23:58:42,ESCANER
3708,"Guatemala",1,"San Juan Sacatepéquez",10,365,380,8,4,0,45,6,19,4,2,8,28,5,0,1,1,3,2,1,1,3,0,0,0,2,143,21,10,174,0,174,--,380,206,143,174,174,Algún campo sin dato,1,1fedfa6843edb6caa6bb74ed83c09ddaad3f476b1c5613d1728e652169264fc4,26/06/2023 02:10:32,ESCANER
3709,"Guatemala",1,"San Juan Sacatepéquez",10,365,380,5,3,1,49,1,8,1,1,13,33,7,0,0,0,0,2,0,2,2,1,0,1,1,131,31,8,170,0,170,--,380,210,131,170,170,Algún campo sin dato,1,b95d571e17b800e13cb1f8c767ac8e2a8b6e57dc1c3d7088398fc9a4c58cdc78,26/06/2023 01:37:26,ESCANER
3710,"Guatemala",1,"San Juan Sacatepéquez",10,365,380,10,0,2,47,6,10,3,2,8,31,3,0,2,0,3,0,0,4,0,1,1,0,1,134,15,14,163,0,163,--,380,217,134,163,163,Algún campo sin dato,1,88ab7ef44705af81d482dc7b396073e602fdb5bb4b1f9c0181306695e7f42bcf,26/06/2023 02:05:11,ESCANER
3711,"Guatemala",1,"San Juan Sacatepéquez",10,365,380,10,1,3,38,4,13,2,1,8,36,3,0,0,1,1,2,0,2,1,2,0,0,3,131,9,1,141,0,141,--,380,239,131,141,141,Algún campo sin dato,1,33fc0e0e5ec7e1579dbc21422e1f4fe58e4f03267222240648d3e78289389e73,26/06/2023 02:53:17,ESCANER
3712,"Guatemala",1,"San Juan Sacatepéquez",10,365,380,2,0,0,55,4,20,4,0,8,33,1,0,0,0,3,1,1,1,2,0,0,1,3,148,9,1,158,0,158,--,380,222,139,149,149,Sumas Asentadas sin cuadrar,1,c55ed1e0b3d6c030c63d37f139a8f93e5ac9885ce435df7544331c69b5b49049,26/06/2023 01:00:34,ESCANER
3713,"Guatemala",1,"San Juan Sacatepéquez",10,365,380,18,0,0,62,0,15,4,1,9,38,5,0,0,0,1,1,0,1,0,0,0,0,2,158,9,0,167,0,167,--,376,209,157,166,166,Sumas Asentadas sin cuadrar,1,1147f66a1adaa4b44e616fdbf9a38954ed73cf5fe30e2546f5cbca56ba66728c,26/06/2023 01:13:29,ESCANER
3714,"Guatemala",1,"San Juan Sacatepéquez",10,365,380,13,2,1,60,5,5,3,2,7,39,7,2,0,0,3,5,0,1,1,0,0,0,1,157,6,1,164,0,164,--,380,216,157,164,164,Algún campo sin dato,1,5038797c423c5d7bcf13677f278dde66f22e0732860eec26ecee556f1d3cc48c,26/06/2023 01:57:57,ESCANER
3715,"Guatemala",1,"San Juan Sacatepéquez",10,365,380,6,2,0,50,4,18,4,0,10,30,4,0,0,0,1,0,0,0,1,0,1,2,2,135,9,0,144,0,144,--,381,237,135,144,144,Algún campo sin dato,1,07ed5743a5fd2ab2758af366f28a1b69c7aca41e384b1e205758a84f60e46ae4,26/06/2023 01:34:20,ESCANER
3716,"Guatemala",1,"San Juan Sacatepéquez",10,365,380,18,1,0,59,4,14,1,1,8,26,2,0,0,0,2,1,0,0,1,0,0,0,1,139,6,3,148,0,148,--,380,232,139,148,148,Algún campo sin dato,1,d52a122dc2e176a53d86472db07f79e12c97e77c8d3f38240ebe2211675b8727,25/06/2023 23:45:58,ESCANER
3717,"Guatemala",1,"San Juan Sacatepéquez",10,365,380,13,0,0,30,2,6,2,1,3,29,3,0,0,0,1,3,0,1,0,0,0,0,2,96,5,4,105,0,105,--,380,275,96,105,105,Algún campo sin dato,1,f45ca04c99bceeed8b597e142031d29c92fd8b4d4f743faffa6cba0159d27495,25/06/2023 23:19:49,ESCANER
3718,"Guatemala",1,"San Juan Sacatepéquez",10,365,380,16,0,0,40,2,6,3,1,3,25,3,0,1,0,1,0,0,0,0,0,0,1,3,105,4,1,110,0,110,--,380,270,105,110,110,Algún campo sin dato,1,fb5089a54a8dda14222f3ad84bac2c2dee62c31578b22c83244ef2b87390a0fc,25/06/2023 22:44:43,ESCANER
3719,"Guatemala",1,"San Juan Sacatepéquez",10,365,292,8,0,0,42,2,7,3,1,7,26,0,0,0,0,2,3,0,0,2,0,0,1,0,104,14,5,123,0,123,--,292,169,104,123,123,Algún campo sin dato,1,bf33e0dce8bcf0ee1a5542c73be9071b8c1450e6d9c64489dfc1f5dcfb769efa,26/06/2023 00:54:02,ESCANER
3720,"Guatemala",1,"San Juan Sacatepéquez",10,365,291,1,2,0,21,2,4,1,1,5,18,0,0,0,0,2,3,0,1,1,0,1,0,0,63,13,6,82,0,82,--,288,206,63,82,82,Algún campo sin dato,1,ee5ce30a7b6b8ad748d11b7cb962bc1692fdccec2459eb993c0d253e48bf4328,25/06/2023 21:53:59,ESCANER
3721,"Guatemala",1,"San Juan Sacatepéquez",10,366,380,151,3,3,30,3,3,1,2,11,1,6,1,1,0,1,0,2,1,3,2,2,1,3,231,19,2,252,0,252,--,--,--,231,252,252,Algún campo sin dato,1,7274499f7e799b79304db9a544aae1d2f55b9c39d19dadeb8bab18dda53bc551,25/06/2023 23:40:21,ESCANER
3722,"Guatemala",1,"San Juan Sacatepéquez",10,366,380,149,2,2,10,2,6,6,0,13,2,11,1,2,0,1,2,2,0,4,3,2,0,5,219,18,5,242,0,242,--,380,138,225,248,248,Sumas Asentadas sin cuadrar,1,8565c12d0a48dc39894875e83d49ba245c4692bb40bca86b2e6a281b9bd1c96b,26/06/2023 02:40:00,ESCANER
3723,"Guatemala",1,"San Juan Sacatepéquez",10,366,380,165,0,6,16,2,1,9,0,14,4,6,2,0,0,2,2,2,0,6,3,2,0,5,247,13,1,261,0,261,--,380,119,247,261,261,Algún campo sin dato,1,5a4aa0475dd158dad03229901b037e34d43f1e5c03127c18a38d57d96df367e9,25/06/2023 23:08:25,ESCANER
3724,"Guatemala",1,"San Juan Sacatepéquez",10,366,380,170,1,3,12,1,0,13,0,11,0,11,1,1,0,1,1,2,1,2,0,0,1,7,239,16,1,256,0,256,--,380,123,239,256,256,Algún campo sin dato,1,e21d72d26fe52867aca5c45f6eb11f7fe9cd97ee4481560ef975ac68229a3c97,26/06/2023 02:45:52,ESCANER
3725,"Guatemala",1,"San Juan Sacatepéquez",10,366,380,154,2,7,19,2,0,7,1,5,0,10,0,1,1,0,0,4,3,2,1,0,0,13,232,23,5,260,0,260,--,380,120,232,260,260,Algún campo sin dato,1,7e63cb1a5b90f563b9d3dae5c40d3599eccdbd772d815cc394bbe84e96661df1,26/06/2023 00:40:37,ESCANER
3726,"Guatemala",1,"San Juan Sacatepéquez",10,366,380,146,4,2,18,3,0,10,0,9,1,10,0,1,0,3,2,1,1,1,2,0,0,11,223,16,3,242,0,242,--,380,138,225,244,244,Sumas Asentadas sin cuadrar,1,c07afb4c4b6fea5b24ae6907639a0caa03300900d7c5002ae2b575cfb981d7e9,26/06/2023 02:22:55,ESCANER
3727,"Guatemala",1,"San Juan Sacatepéquez",10,366,380,160,1,4,16,0,1,5,1,10,2,8,1,1,1,1,0,3,0,1,1,0,1,13,231,14,2,247,0,247,--,381,134,231,247,247,Algún campo sin dato,1,3fa7bc5c469a3d86150e192871e3fb5db907716b33f965ae2b166b593e174ceb,26/06/2023 00:22:45,ESCANER
3728,"Guatemala",1,"San Juan Sacatepéquez",10,366,380,135,1,1,12,2,3,6,1,13,0,11,0,1,0,2,0,1,1,3,1,3,2,4,203,16,4,223,0,223,--,380,157,203,223,223,Algún campo sin dato,1,ea2bda370e8b3831367de6759b444c903c516b9358a0336a3dd09c4eca10bdba,25/06/2023 23:49:58,ESCANER
3729,"Guatemala",1,"San Juan Sacatepéquez",10,366,380,149,2,4,24,2,3,3,2,11,0,13,1,1,0,0,0,0,1,2,3,1,0,6,228,9,2,239,0,239,--,377,138,228,239,239,Algún campo sin dato,1,1c870ed742877ffac2504e2426cbb37159425eb8ea7247375e8e45dd8976a4d0,26/06/2023 02:53:08,ESCANER
3730,"Guatemala",1,"San Juan Sacatepéquez",10,366,380,,,,,,,,,,,,,,,,,,,,,,,,,,,,,,,,,,,,,0,,,
3731,"Guatemala",1,"San Juan Sacatepéquez",10,366,380,166,1,2,12,0,1,8,0,11,3,6,0,0,0,3,0,2,0,3,3,0,0,11,231,8,0,240,0,240,--,380,137,232,240,240,Sumas Asentadas sin cuadrar,1,2b2a6350a2c2e78fb244e26c7349b4e32e2a48e67ddab865795a3c5dd1b1071f,26/06/2023 03:05:21,ESCANER
3732,"Guatemala",1,"San Juan Sacatepéquez",10,366,380,169,1,3,8,0,1,7,0,10,0,13,0,0,1,1,1,0,0,0,1,0,0,7,223,16,1,240,0,240,--,380,140,223,240,240,Algún campo sin dato,1,acd7688d6d07aad9613c60ee101961489eb7258ba56ce23093beda94f0038532,25/06/2023 23:01:13,ESCANER
3733,"Guatemala",1,"San Juan Sacatepéquez",10,366,380,138,0,1,17,4,1,9,1,16,3,13,0,0,0,1,1,1,0,4,1,1,0,5,217,17,6,240,0,240,--,379,139,217,240,240,Algún campo sin dato,1,c23052cd2d26c19f6d4fae6d07a180e746cc106e516962cd1c8f362d3058fa0c,26/06/2023 02:48:02,ESCANER
3734,"Guatemala",1,"San Juan Sacatepéquez",10,366,380,147,2,1,21,1,1,4,0,12,1,7,2,0,2,0,0,2,0,2,1,0,1,6,213,9,0,222,0,222,0,377,155,213,222,222,,1,a70ed5acbf87eba947bb598036a01c1bc249a5c5e959c99bb036eb12b5d83e90,26/06/2023 03:21:42,ESCANER
3735,"Guatemala",1,"San Juan Sacatepéquez",10,366,380,149,0,4,15,0,2,6,0,15,3,9,0,1,0,0,0,2,2,2,0,1,1,10,222,21,2,245,0,245,--,380,135,222,245,245,Algún campo sin dato,1,a5b8305cc892bb4caa6c7872d5e701abb78f0380d842ecf9c3b66dbfef35fd97,25/06/2023 23:22:22,ESCANER
3736,"Guatemala",1,"San Juan Sacatepéquez",10,366,380,173,0,3,17,2,1,6,1,6,1,16,0,0,0,0,0,1,0,2,3,0,0,10,242,10,2,254,0,254,--,364,110,242,254,254,Algún campo sin dato,1,4ba78a358c6613dfb039e814ea73221693b3a5ec2c142f2cbf16244c1ac4453d,26/06/2023 01:38:03,ESCANER
3737,"Guatemala",1,"San Juan Sacatepéquez",10,366,380,167,3,4,13,0,1,6,1,8,2,10,0,1,0,0,1,1,0,4,2,2,0,2,228,21,1,250,0,250,--,381,131,228,250,250,Algún campo sin dato,1,0497f585ca6c3cacd2ba2e1874c27b7472ab3a8ef82054aaca0addbef0d28798,26/06/2023 03:15:40,ESCANER
3738,"Guatemala",1,"San Juan Sacatepéquez",10,366,380,155,1,1,26,1,1,9,1,20,1,6,0,2,0,1,2,0,0,3,0,1,0,8,239,13,3,255,0,255,--,380,125,239,255,255,Algún campo sin dato,1,8d8e675d616336ba2fc098d40c59a5d8045a7c1dfa26dd462945e0351e976254,26/06/2023 03:20:24,ESCANER
3739,"Guatemala",1,"San Juan Sacatepéquez",10,366,380,162,2,1,15,0,0,9,1,13,3,12,3,0,1,3,2,1,0,2,3,0,0,12,245,11,4,260,0,260,--,380,120,245,260,260,Algún campo sin dato,1,90c5fa9655069b17d117ae42d45f98815d2e56084618b69a2dd64c811d8a8f73,26/06/2023 02:01:53,ESCANER
3740,"Guatemala",1,"San Juan Sacatepéquez",10,366,380,172,0,3,10,0,1,6,0,17,5,7,2,1,0,1,0,2,0,3,3,1,0,5,239,14,2,255,0,255,--,380,125,239,255,255,Algún campo sin dato,1,858b9392b292b127f37054c8a4ae38478f6ae892190c34c39cab64a3331fc6af,26/06/2023 01:21:13,ESCANER
3741,"Guatemala",1,"San Juan Sacatepéquez",10,366,380,159,2,5,19,0,0,4,0,12,2,1,2,2,0,1,1,3,1,3,3,1,0,14,237,10,2,249,0,249,--,377,128,235,247,247,Sumas Asentadas sin cuadrar,1,412116f8cf8378a046adb37c401cdaabd704f59f7f5cc10ce5435b7e941d24ff,26/06/2023 03:06:55,ESCANER
3742,"Guatemala",1,"San Juan Sacatepéquez",10,366,380,164,0,2,12,1,1,11,0,10,1,7,0,0,1,1,0,4,0,1,1,0,1,6,224,16,3,243,0,0,--,377,134,224,243,243,Algún campo sin dato,1,7d6b95c3ca97a733892ef6dece675467a4459845b772d4245652e8cdf7cc3f95,26/06/2023 03:30:38,ESCANER
3743,"Guatemala",1,"San Juan Sacatepéquez",10,366,380,165,0,5,11,1,0,11,0,14,2,6,1,0,0,4,2,3,1,1,4,0,0,4,235,16,2,253,0,253,--,380,127,235,253,253,Algún campo sin dato,1,69c7fc3fd2dd7f4f3ff910e0f315e2068ba23e1509875286b12131e47abd6148,26/06/2023 03:01:42,ESCANER
3744,"Guatemala",1,"San Juan Sacatepéquez",10,366,380,153,0,2,10,1,0,8,1,16,0,8,1,2,0,0,1,0,0,0,4,0,0,9,216,11,4,231,0,231,--,380,149,216,231,231,Algún campo sin dato,1,f46eddece36d397fe025d96813bc329be4919324221d0796902dbf0315545b56,26/06/2023 03:10:54,ESCANER
3745,"Guatemala",1,"San Juan Sacatepéquez",10,366,380,135,0,4,11,0,1,7,0,9,1,7,1,1,1,2,2,0,0,2,2,0,0,5,191,15,5,211,0,211,--,377,166,191,211,211,Algún campo sin dato,1,e80d42abc273f1fe98dec8d196987c67f24e0112be5d656c672b6f2c6e4db045,26/06/2023 03:31:01,ESCANER
3746,"Guatemala",1,"San Juan Sacatepéquez",10,366,380,150,0,4,12,1,1,6,1,18,1,9,0,2,0,1,0,2,0,1,4,1,0,9,223,8,4,235,0,235,--,380,145,223,235,235,Algún campo sin dato,1,0f2e01392f66289667d06fb98e583d55f87be4421ab0a2abe59e95f1e60c3fc0,26/06/2023 02:21:27,ESCANER
3747,"Guatemala",1,"San Juan Sacatepéquez",10,366,380,165,1,2,11,0,0,6,1,14,1,4,1,1,0,2,0,1,0,3,3,0,0,1,217,14,2,233,0,233,--,377,144,217,233,233,Algún campo sin dato,1,91ca6daa14115f3f367db8279792d45f0a29f378b46c2a13a49509d9b51487d0,26/06/2023 03:20:20,ESCANER
3748,"Guatemala",1,"San Juan Sacatepéquez",10,366,380,148,1,4,12,2,1,4,0,7,1,5,1,2,0,2,1,1,0,2,3,0,0,5,202,9,0,211,0,211,--,380,169,202,211,211,Algún campo sin dato,1,b15ef068d09179571c10ef3a26538af0a1d1b68e68217624fae5335de2fe6fff,26/06/2023 02:36:28,ESCANER
3749,"Guatemala",1,"San Juan Sacatepéquez",10,367,380,147,0,3,18,2,1,4,1,10,1,6,1,0,0,1,0,2,3,1,5,0,0,8,214,5,1,220,0,220,0,380,160,214,220,220,,1,ae427421d30309ed87772f11af3d8491dec47946ea681c4a9499adac43bdb72a,25/06/2023 22:02:52,ESCANER
3750,"Guatemala",1,"San Juan Sacatepéquez",10,367,380,172,0,7,9,0,0,9,0,5,0,6,0,1,0,1,0,2,1,2,0,0,1,4,220,2,1,223,0,223,0,380,157,220,223,223,,1,819079ebb9dbef1f32ff0ea0adb29cab5a9624be45fbc05e2b36d91e65fd1cc5,25/06/2023 22:20:22,ESCANER
3751,"Guatemala",1,"San Juan Sacatepéquez",10,367,380,137,0,0,16,3,1,3,0,6,1,10,0,0,0,3,1,2,0,2,1,0,0,10,196,6,0,202,0,202,--,380,178,196,202,202,Algún campo sin dato,1,e9444ce49fb7b44e172106f475ea1008f235ad1261b8f2a74e4c0be69acbe22e,26/06/2023 02:08:10,ESCANER
3752,"Guatemala",1,"San Juan Sacatepéquez",10,367,380,170,3,2,4,0,0,2,1,18,3,6,1,1,0,0,1,0,1,0,2,0,0,9,224,3,0,227,0,227,--,380,153,224,227,227,Algún campo sin dato,1,348ee60a49486438500239761d2088fa94c07d8f43f44559baf88d69d1e543de,26/06/2023 02:53:28,ESCANER
3753,"Guatemala",1,"San Juan Sacatepéquez",10,367,380,167,1,3,5,0,0,2,0,18,1,6,1,0,0,3,0,4,1,0,2,0,0,12,226,6,1,233,0,233,--,380,147,226,233,233,Algún campo sin dato,1,d8af24ac4c9e7a5f50ad4653c9b7e3670a62e57d650470ce744b6e0c2ba35ed0,26/06/2023 02:54:51,ESCANER
3754,"Guatemala",1,"San Juan Sacatepéquez",10,367,380,,,,,,,,,,,,,,,,,,,,,,,,,,,,,,,,,,,,,0,,,
3755,"Guatemala",1,"San Juan Sacatepéquez",10,367,380,,,,,,,,,,,,,,,,,,,,,,,,,,,,,,,,,,,,,0,,,
3756,"Guatemala",1,"San Juan Sacatepéquez",10,367,380,121,3,3,7,0,2,6,0,10,2,3,1,0,0,0,0,1,0,0,2,0,0,6,167,0,0,167,0,167,--,380,213,167,167,167,Algún campo sin dato,1,38e70bf42927283488224801c76be91343a839fc5cb48a2237275a2d94b5d842,26/06/2023 02:15:33,ESCANER
3757,"Guatemala",1,"San Juan Sacatepéquez",10,367,380,145,0,3,10,0,1,2,0,7,1,5,1,0,0,0,1,2,0,0,1,1,0,6,186,7,0,193,0,193,--,380,187,186,193,193,Algún campo sin dato,1,9f0525972c1a7c3cfc542b99eb799b48c2da906978b9081e9f92b09cf4d396c6,26/06/2023 02:43:18,ESCANER
3758,"Guatemala",1,"San Juan Sacatepéquez",10,367,241,89,0,2,6,1,0,8,0,9,1,2,0,0,0,0,1,0,0,0,1,0,0,4,124,1,1,126,1,127,--,241,111,124,126,127,Algún campo sin dato,1,9f9c8bed5e89bd91ebe5743c03b290003cbca636c7fbbab75a8c6f5d8f860b61,26/06/2023 03:18:00,ESCANER
3759,"Guatemala",1,"San Juan Sacatepéquez",10,367,240,89,0,1,6,1,0,3,0,10,1,1,0,1,0,0,0,0,1,2,1,0,0,4,121,2,1,124,0,124,--,236,112,121,124,124,Algún campo sin dato,1,307b27804b36ce8e0665a9f7ae20117a82c231a026e080771459646961660bfd,26/06/2023 00:13:00,ESCANER
3760,"Guatemala",1,"San Juan Sacatepéquez",10,368,380,141,1,1,15,0,1,3,0,11,2,9,2,2,1,2,0,0,0,1,1,1,0,13,207,18,2,227,0,227,--,380,153,207,227,227,Algún campo sin dato,1,8993d5e4441dab8e934b63ff4b53424c3e40555035eff9d170dbf83a48499d82,26/06/2023 02:25:07,ESCANER
3761,"Guatemala",1,"San Juan Sacatepéquez",10,368,380,126,0,7,8,3,1,14,0,13,1,4,1,0,0,1,1,1,1,0,2,0,0,16,200,42,3,245,0,245,--,380,135,200,245,245,Algún campo sin dato,1,64a7f7989d2158a15f7f590530bed6301c727d9df460b8c1258fa7a9c1f82e66,26/06/2023 02:28:08,ESCANER
3762,"Guatemala",1,"San Juan Sacatepéquez",10,368,380,146,0,0,15,2,1,9,3,10,3,5,1,2,0,4,3,3,2,2,2,1,1,8,223,22,2,247,0,247,--,376,129,223,247,247,Algún campo sin dato,1,52a8256c8ee56e2d08bddc22b9ca31743660c1c48b5ceb85a53238f7626b358f,26/06/2023 02:24:46,ESCANER
3763,"Guatemala",1,"San Juan Sacatepéquez",10,368,380,,,,,,,,,,,,,,,,,,,,,,,,,,,,,,,,,,,,,0,,,
3764,"Guatemala",1,"San Juan Sacatepéquez",10,368,380,167,3,3,13,3,1,4,1,14,2,11,3,1,0,3,1,2,0,1,2,0,1,10,246,11,1,258,0,258,--,380,122,246,258,258,Algún campo sin dato,1,956c23e41d86baee2735ad956245536f3125225601d70bcb4c34df54464387b6,26/06/2023 01:57:08,ESCANER
3765,"Guatemala",1,"San Juan Sacatepéquez",10,368,380,156,0,5,15,2,3,9,1,16,2,7,3,0,1,4,2,1,0,2,1,0,0,17,247,17,0,264,0,264,--,380,116,247,264,264,Algún campo sin dato,1,f31cdac75e7d331dda7b06e0de8f5565a3849c8a74ebb3323d11b96610582d9e,25/06/2023 23:32:02,ESCANER
3766,"Guatemala",1,"San Juan Sacatepéquez",10,368,380,131,2,4,14,0,1,7,0,25,3,8,0,1,1,1,1,2,0,2,5,0,0,9,217,13,3,233,3,236,--,376,139,217,233,236,Algún campo sin dato,1,95365e95f9eb8af5b1bcdf602c46cd7f844de3999fb4e387da7df46614b33601,26/06/2023 01:32:46,ESCANER
3767,"Guatemala",1,"San Juan Sacatepéquez",10,368,380,154,3,4,12,2,0,6,2,15,2,6,1,1,0,2,2,4,0,4,3,1,0,9,233,9,1,243,0,243,--,380,137,233,243,243,Algún campo sin dato,1,861f40270db664699913967d58ae27a79ab44b810e257c30070b18262a0d8a8f,25/06/2023 23:06:38,ESCANER
3768,"Guatemala",1,"San Juan Sacatepéquez",10,368,380,,,,,,,,,,,,,,,,,,,,,,,,,,,,,,,,,,,,,0,,,
3769,"Guatemala",1,"San Juan Sacatepéquez",10,368,380,158,0,3,11,0,2,7,0,8,1,6,0,1,1,2,0,3,0,3,2,2,0,12,222,6,0,228,0,228,--,380,152,222,228,228,Algún campo sin dato,1,1e017736f5e091042ba20895350a18501894166b34c8f5e7bf027d9ca8b8e0cd,26/06/2023 01:38:55,ESCANER
3770,"Guatemala",1,"San Juan Sacatepéquez",10,368,380,146,0,5,15,2,2,7,0,15,3,7,2,4,0,0,0,1,1,2,3,1,0,11,227,14,2,243,0,243,--,380,137,227,243,243,Algún campo sin dato,1,91ae1dedd2acef919699ddca242339a90129c387596b3f080819ed532ff8a114,26/06/2023 02:11:35,ESCANER
3771,"Guatemala",1,"San Juan Sacatepéquez",10,368,380,134,3,3,16,0,1,11,1,8,8,2,0,6,0,0,0,1,2,1,1,0,0,9,207,14,1,222,0,222,--,377,155,207,222,222,Algún campo sin dato,1,7fcf938889bdb65635f7331a5730eaf226afedcab0c537361eca67a268a427f2,25/06/2023 23:47:07,ESCANER
3772,"Guatemala",1,"San Juan Sacatepéquez",10,368,380,153,1,5,22,0,1,4,1,17,3,2,0,1,0,0,1,2,2,2,1,2,0,10,230,13,3,246,0,246,--,380,134,230,246,246,Algún campo sin dato,1,e11b1d113fe20a44882481c4ffe42f415246a1a0af13a2a7be2bc35d1dfc6584,25/06/2023 23:53:48,ESCANER
3773,"Guatemala",1,"San Juan Sacatepéquez",10,368,380,151,0,3,5,1,2,10,0,7,0,6,2,3,0,0,1,2,5,2,5,0,0,10,215,13,2,230,0,230,--,380,150,215,230,230,Algún campo sin dato,1,8259979fc2d22b8c87b22cce6868a25b7d08eec0580d00c910c3882fffa90fe4,26/06/2023 01:00:46,ESCANER
3774,"Guatemala",1,"San Juan Sacatepéquez",10,368,380,154,1,2,6,3,1,7,2,16,2,8,1,0,0,1,0,4,0,0,3,1,0,14,226,11,2,239,0,239,--,380,141,226,239,239,Algún campo sin dato,1,b1303b18468da8dfc43bc971e84981889570b62d7fbbf3716f2bf1050ade9d8f,25/06/2023 23:56:03,ESCANER
3775,"Guatemala",1,"San Juan Sacatepéquez",10,368,380,140,0,7,9,3,0,10,0,17,4,6,1,4,0,0,1,0,0,3,2,2,2,10,221,14,1,236,0,236,--,380,144,221,236,236,Algún campo sin dato,1,cb4e70e2396862ce7206cfc257863525c2cbebb0ccd1ecaaf278b68b187660a3,26/06/2023 01:07:33,ESCANER
3776,"Guatemala",1,"San Juan Sacatepéquez",10,368,380,146,1,5,5,2,1,10,0,16,4,5,1,2,0,3,1,3,1,3,3,0,0,10,222,15,1,238,0,238,--,380,142,222,238,238,Algún campo sin dato,1,4571c11f09f0ec6b58bd57034c528dcbd14cba7fde4552bdeeb4d2d2d565cf53,25/06/2023 23:26:36,ESCANER
3777,"Guatemala",1,"San Juan Sacatepéquez",10,368,380,154,1,4,13,1,3,13,1,15,6,7,4,2,1,2,5,1,2,3,5,0,0,14,254,5,1,259,1,254,--,377,123,257,263,264,Sumas Asentadas sin cuadrar,1,0c13cbf477050187e309fe81c15841b985f8c3b43ea35d1b3448ffe07a99aec6,26/06/2023 02:48:32,ESCANER
3778,"Guatemala",1,"San Juan Sacatepéquez",10,368,380,,,,,,,,,,,,,,,,,,,,,,,,,,,,,,,,,,,,,0,,,
3779,"Guatemala",1,"San Juan Sacatepéquez",10,368,380,146,0,0,14,0,1,11,0,20,4,11,2,2,0,0,0,0,2,1,0,0,1,7,222,15,1,238,0,238,--,369,131,222,238,238,Algún campo sin dato,1,d3d8c65822da167fd908c8eda3a57988d3e45e4f3214fb854ce4fae0047a3f52,26/06/2023 01:39:27,ESCANER
3780,"Guatemala",1,"San Juan Sacatepéquez",10,368,380,138,0,0,21,1,1,5,0,16,2,11,0,1,0,1,0,5,2,0,3,1,0,14,222,10,1,233,0,233,--,380,147,222,233,233,Algún campo sin dato,1,98373345d4dfc4b6a4b74b848af2f77b6d4684d331a06c151b0b35b38c4c7531,26/06/2023 00:08:57,ESCANER
3781,"Guatemala",1,"San Juan Sacatepéquez",10,368,380,166,0,4,7,0,0,7,1,12,1,3,0,1,0,1,2,3,2,1,1,3,0,9,224,13,4,241,0,241,--,380,139,224,241,241,Algún campo sin dato,1,d582419cfaab10d5b488edf52f67272b02373536fff6ffcb45c8cb05ea180c42,25/06/2023 22:51:11,ESCANER
3782,"Guatemala",1,"San Juan Sacatepéquez",10,368,380,145,0,1,17,1,0,4,0,9,1,6,1,1,0,1,1,3,1,1,4,0,1,4,202,11,2,215,0,215,--,380,165,202,215,215,Algún campo sin dato,1,68fe5fed1ef06fa16a60b0474f1b115c475471c64c7dd562e9d3e8830d32d391,26/06/2023 02:42:19,ESCANER
3783,"Guatemala",1,"San Juan Sacatepéquez",10,368,380,,,,,,,,,,,,,,,,,,,,,,,,,,,,,,,,,,,,,0,,,
3784,"Guatemala",1,"San Juan Sacatepéquez",10,368,380,,,,,,,,,,,,,,,,,,,,,,,,,,,,,,,,,,,,,0,,,
3785,"Guatemala",1,"San Juan Sacatepéquez",10,368,380,133,1,4,22,0,2,9,0,15,5,2,2,2,0,0,0,4,1,0,4,2,0,6,214,11,1,226,0,226,--,380,154,214,226,226,Algún campo sin dato,1,a3e832e8fde8ab521e8c25fee6b09bc23e5bf0534c4388c912215d29bec8f740,26/06/2023 03:26:20,ESCANER
3786,"Guatemala",1,"San Juan Sacatepéquez",10,368,380,118,0,2,17,1,2,6,0,16,3,9,0,2,1,1,0,3,0,1,4,0,0,10,196,11,5,212,0,212,--,380,168,196,212,212,Algún campo sin dato,1,6339086e77c3cf6c26ad88d736a1db35175b1c8f27f8696aaed61d2477d556c3,26/06/2023 00:26:37,ESCANER
3787,"Guatemala",1,"San Juan Sacatepéquez",10,368,380,149,2,2,11,1,2,10,1,12,2,1,0,0,0,1,0,2,2,0,1,1,1,12,213,7,0,220,0,220,--,380,160,213,220,220,Algún campo sin dato,1,fd1effe729a601113f703f4f61c088962a5ac753d1a2b144e458f8482cd6b10d,26/06/2023 02:09:12,ESCANER
3788,"Guatemala",1,"San Juan Sacatepéquez",10,368,380,119,1,4,12,2,5,5,0,8,6,9,0,1,0,0,0,4,0,0,5,0,0,10,191,13,0,204,0,204,--,380,176,191,204,204,Algún campo sin dato,1,4d776a3b721688b45fe484a9af0f02226af1b47740165e2b4789bc4160752c75,26/06/2023 00:21:23,ESCANER
3789,"Guatemala",1,"San Juan Sacatepéquez",10,368,380,123,0,2,8,1,2,5,0,13,0,5,2,2,0,2,1,0,3,1,4,1,0,14,188,6,3,197,0,197,--,380,180,189,198,198,Sumas Asentadas sin cuadrar,1,b75e05f167e79422f818c72ccade7ee4ed0a07366f9210a33a935927f896d982,26/06/2023 02:05:46,ESCANER
3790,"Guatemala",1,"San Juan Sacatepéquez",10,368,380,150,1,0,6,0,1,9,1,16,3,2,1,3,1,1,0,1,0,0,4,1,1,11,213,6,0,219,0,219,--,380,142,213,219,219,Algún campo sin dato,1,0c6f3f684e6b26ab262b4d3c075041f4b2711e3eda1b83d61578d14c1c14e21a,26/06/2023 02:01:51,ESCANER
3791,"Guatemala",1,"San Juan Sacatepéquez",10,369,380,145,1,4,2,2,0,8,0,18,3,3,0,4,0,2,0,2,0,0,1,0,0,13,208,5,0,213,0,213,--,379,166,208,213,213,Algún campo sin dato,1,4916698d548f6592947e322ad8d12957f3c3f1164ef4f68c208f94a87d74b1e1,26/06/2023 02:03:05,ESCANER
3792,"Guatemala",1,"San Juan Sacatepéquez",10,369,380,106,3,2,5,2,2,11,0,27,2,4,1,0,1,2,0,2,0,1,1,0,0,16,188,8,0,196,0,196,--,380,184,188,196,196,Algún campo sin dato,1,8c0cf3b387adedca8250093aa56a58bd17084a3a9d38171128ef64f5833f0c80,26/06/2023 01:40:55,ESCANER
3793,"Guatemala",1,"San Juan Sacatepéquez",10,369,380,,,,,,,,,,,,,,,,,,,,,,,,,,,,,,,,,,,,,0,,,
3794,"Guatemala",1,"San Juan Sacatepéquez",10,369,380,119,2,4,5,2,1,6,0,10,2,0,0,1,0,0,0,3,0,0,0,1,0,9,165,8,0,173,0,173,--,380,207,165,173,173,Algún campo sin dato,1,adc6db14d1539ccd5a2f3204f2f84c64b195cbcb231738099b996e580e327df6,26/06/2023 01:37:13,ESCANER
3795,"Guatemala",1,"San Juan Sacatepéquez",10,369,380,111,0,2,8,1,0,8,2,17,1,4,1,0,1,2,0,3,0,1,1,0,0,15,178,1,0,179,198,377,2,377,198,178,179,377,,1,e10a040dc98e78b886404f0144d865a98012c470cb06e426a590bff342306e45,26/06/2023 01:28:09,ESCANER
3796,"Guatemala",1,"San Juan Sacatepéquez",10,369,222,77,0,0,7,1,1,5,1,11,2,3,0,0,0,2,1,0,0,1,0,1,0,8,121,5,0,126,0,126,--,219,93,121,126,126,Algún campo sin dato,1,af47179cd250306cab61a4e3c1c1b724b9bbcdba261100d8df0bab48f11c45a9,26/06/2023 01:01:45,ESCANER
3797,"Guatemala",1,"San Juan Sacatepéquez",10,369,221,60,0,1,1,2,0,5,0,7,2,1,0,0,0,1,0,0,0,2,0,0,0,5,87,3,1,91,0,91,--,218,127,87,91,91,Algún campo sin dato,1,4580d5c0759589a32600f737b6e75f6636e3df209f8409170539fe246f881a2f,25/06/2023 23:49:01,ESCANER
3798,"Guatemala",1,"San Juan Sacatepéquez",10,370,380,29,0,0,65,2,10,4,1,8,53,4,0,0,1,7,7,1,3,1,0,0,1,0,197,15,2,214,0,214,--,381,167,197,214,214,Algún campo sin dato,1,8c75a939c4e68003557ae0a2fd0cfa979a421598280aea7008d1a71db5f4e95a,25/06/2023 22:43:53,ESCANER
3799,"Guatemala",1,"San Juan Sacatepéquez",10,370,380,23,0,1,70,1,10,10,2,6,44,4,0,0,2,5,3,1,2,3,0,1,4,0,192,31,10,233,0,233,--,380,147,192,233,233,Algún campo sin dato,1,5427453b6d8e5f7111deff92330d85887099b39190d3a015f7349bf10583c353,26/06/2023 02:42:47,ESCANER
3800,"Guatemala",1,"San Juan Sacatepéquez",10,370,380,,,,,,,,,,,,,,,,,,,,,,,,,,,,,,,,,,,,,0,,,
3801,"Guatemala",1,"San Juan Sacatepéquez",10,370,380,28,0,1,76,2,7,12,2,8,32,6,0,2,0,3,2,1,4,4,0,0,2,5,197,24,10,231,0,231,1,380,149,197,231,231,,1,89c27160dfdce02622629f4d0328d75019b52ed7e12c6fc866675e2bdeeb2f9c,26/06/2023 03:11:11,ESCANER
3802,"Guatemala",1,"San Juan Sacatepéquez",10,370,380,25,1,1,85,1,7,12,0,8,40,5,2,0,0,9,1,0,8,1,0,0,0,1,177,24,8,239,0,239,--,379,140,207,239,239,Sumas Asentadas sin cuadrar,1,63c99bd135e6f420886a77bae8b59c8dca9984ffbc361c100c2e6bd000b62380,26/06/2023 00:37:35,ESCANER
3803,"Guatemala",1,"San Juan Sacatepéquez",10,370,380,27,2,3,93,5,7,10,0,6,28,8,2,0,1,9,3,0,2,3,1,2,0,1,213,21,8,242,0,242,--,380,138,213,242,242,Algún campo sin dato,1,d7fea14b9b8ae07ac1ee0514badc206b9c1753182da6a9294b2351a43dedf263,26/06/2023 01:30:00,ESCANER
3804,"Guatemala",1,"San Juan Sacatepéquez",10,370,380,30,2,1,84,4,7,8,2,5,27,5,3,0,0,8,7,3,5,1,1,1,1,2,207,20,8,235,0,235,--,380,145,207,235,235,Algún campo sin dato,1,d57f9ee6736771421432080db9c9dbc03ea05d53666209a5dcc956751aa074e6,26/06/2023 01:50:40,ESCANER
3805,"Guatemala",1,"San Juan Sacatepéquez",10,370,380,30,1,2,65,3,13,11,1,9,40,10,1,0,0,5,2,0,1,2,2,1,2,1,202,17,5,224,0,224,--,380,156,202,224,224,Algún campo sin dato,1,1b21f0e6f3f7b2ba4cb9fa07af6ef0616149bd40a192170a9782e56093ec0d7d,25/06/2023 23:50:05,ESCANER
3806,"Guatemala",1,"San Juan Sacatepéquez",10,370,380,19,0,0,71,2,16,13,0,2,41,3,0,0,3,6,7,1,1,0,0,1,0,1,187,10,0,197,0,197,--,380,183,187,197,197,Algún campo sin dato,1,a74b180ae50cde92aebb915b3c4b6052e45f275e8334b297756e324b2119f559,26/06/2023 00:17:09,ESCANER
3807,"Guatemala",1,"San Juan Sacatepéquez",10,370,380,23,0,2,77,0,6,2,2,3,53,3,0,0,1,5,2,0,0,3,1,2,0,2,187,11,7,205,0,205,--,380,175,187,205,205,Algún campo sin dato,1,396cc4a3ef4d160107c5710905394cdec42c3f8359b3830514b0676497e9ecc0,26/06/2023 03:27:06,ESCANER
3808,"Guatemala",1,"San Juan Sacatepéquez",10,370,380,28,1,2,77,2,9,10,2,6,31,5,0,1,2,5,4,0,3,0,0,0,1,2,191,16,5,212,0,212,--,381,169,191,212,212,Algún campo sin dato,1,8430f39a932a31dd5860647372f24a7b14cf890716ef1745880c35f587e09703,25/06/2023 23:39:32,ESCANER
3809,"Guatemala",1,"San Juan Sacatepéquez",10,370,380,26,0,1,91,2,8,9,3,3,46,5,0,0,0,10,4,0,1,2,0,0,1,2,214,20,0,234,2,236,--,380,144,214,234,236,Algún campo sin dato,1,98ebe771d7a33a939ee6cc6c65883bd1b5d9cd5a97f696bd1dc6c58b8207c454,26/06/2023 03:04:59,ESCANER
3810,"Guatemala",1,"San Juan Sacatepéquez",10,370,380,27,0,0,68,1,11,8,2,9,39,8,0,0,0,9,1,0,2,4,0,3,1,3,196,21,3,220,0,220,--,369,149,196,220,220,Algún campo sin dato,1,f864c7b64cd31279fd4b8f0a114dc87a9edf7c02553e3be939308da782f63d9a,26/06/2023 03:32:28,ESCANER
3811,"Guatemala",1,"San Juan Sacatepéquez",10,370,380,36,1,1,83,1,15,5,0,4,44,4,0,0,5,5,3,0,0,4,0,0,0,3,214,17,2,233,0,233,--,380,147,214,233,233,Algún campo sin dato,1,ccc1de020f17c9e30627b6c237b07db0139781d548b662dfbc984b5cf8105cd9,26/06/2023 00:40:47,ESCANER
3812,"Guatemala",1,"San Juan Sacatepéquez",10,370,380,26,1,2,83,1,8,11,4,7,34,3,0,1,0,9,1,0,2,0,1,0,2,0,196,23,7,226,--,226,--,380,154,196,226,226,Algún campo sin dato,1,16638bbda2b38c1cd7bd41d0fd99f49d94777c359f7c59866221649cf8140b93,26/06/2023 02:36:18,ESCANER
3813,"Guatemala",1,"San Juan Sacatepéquez",10,370,380,25,0,0,71,4,8,9,0,6,36,4,0,0,0,4,2,0,2,0,0,1,2,0,174,25,6,205,0,205,--,380,175,174,205,205,Algún campo sin dato,1,7839083b8fd39dd2002697f182db084f71403912266d673f582683e749cd1506,26/06/2023 02:26:03,ESCANER
3814,"Guatemala",1,"San Juan Sacatepéquez",10,370,380,14,1,0,79,1,7,12,1,4,31,8,2,2,1,7,4,0,0,3,2,0,0,1,180,20,11,211,0,211,--,377,166,180,211,211,Algún campo sin dato,1,055d9634e234f34fb9ea453225233b3338bc0a33dc1699c14a99d615eef92192,26/06/2023 03:17:20,ESCANER
3815,"Guatemala",1,"San Juan Sacatepéquez",10,370,380,19,0,1,75,0,7,5,1,3,25,4,1,3,0,5,2,0,1,1,0,1,1,1,156,22,8,186,0,186,--,380,194,156,186,186,Algún campo sin dato,1,ed68290781b095e6bc7a82a39706c3a691f538ff3c4f4ac97bd16dd9c832075c,26/06/2023 02:12:04,ESCANER
3816,"Guatemala",1,"San Juan Sacatepéquez",10,370,380,13,0,0,76,5,5,6,2,7,31,1,0,0,0,4,1,0,2,2,0,1,0,1,156,24,16,197,0,197,--,380,182,157,197,197,Sumas Asentadas sin cuadrar,1,18bfe1ecc988b21b2cb9a1431d46090805d008062cccbf2c2ce6cab8b658133b,26/06/2023 00:05:10,ESCANER
3817,"Guatemala",1,"San Juan Sacatepéquez",10,370,380,30,0,0,65,2,7,5,4,3,23,4,0,0,1,5,1,0,0,3,0,0,0,0,153,28,5,186,0,186,--,380,194,153,186,186,Algún campo sin dato,1,031d93c8ed2eed0007b6f1effc75f4e2bb76df48a1eae9c2764fdd073c001e0d,26/06/2023 02:52:38,ESCANER
3818,"Guatemala",1,"San Juan Sacatepéquez",10,370,380,32,0,1,75,0,6,6,1,4,35,3,0,0,0,6,3,0,0,1,0,1,1,0,175,21,0,196,0,196,--,380,184,175,196,196,Algún campo sin dato,1,4d1535f69e796ff26f81b04d349f4b7d22ecfa55fdbcf5260f55ca850bb7ed22,26/06/2023 03:19:31,ESCANER
3819,"Guatemala",1,"San Juan Sacatepéquez",10,370,380,28,0,2,60,4,6,6,1,5,18,1,0,1,0,7,8,0,0,0,1,1,1,4,154,14,3,171,0,171,--,380,209,154,171,171,Algún campo sin dato,1,55266b53f1567a941873cf019bcf71a53dd3b59100254e4d26bbeb540929588e,26/06/2023 02:13:45,ESCANER
3820,"Guatemala",1,"San Juan Sacatepéquez",10,371,380,22,1,0,59,2,7,5,0,7,23,2,0,0,0,7,5,0,1,0,0,0,0,1,143,1,0,143,0,143,--,380,237,142,143,143,Sumas Asentadas sin cuadrar,1,de83d552c11a5e340c2f116968e88a63b932988eb04f9ff5ff222c54790e5f0e,25/06/2023 23:08:31,ESCANER
3821,"Guatemala",1,"San Juan Sacatepéquez",10,371,380,13,1,1,88,2,3,3,0,2,23,1,2,0,0,2,2,0,0,1,0,0,0,1,145,4,1,150,0,150,--,376,226,145,150,150,Algún campo sin dato,1,dd0a7e67dbef614b9a963e78e689a5b224711e7757391de9b8d496b2bd21d60f,25/06/2023 22:51:54,ESCANER
3822,"Guatemala",1,"San Juan Sacatepéquez",10,371,380,20,1,1,53,0,9,12,0,3,32,2,2,0,0,5,4,0,0,1,2,0,1,2,150,6,0,156,0,156,--,380,224,150,156,156,Algún campo sin dato,1,249ba5736bf6ab36e7fc8b43b7c173d1b492d1af0378ffc9afb85b90b041aede,26/06/2023 00:33:46,ESCANER
3823,"Guatemala",1,"San Juan Sacatepéquez",10,371,380,11,0,0,51,1,8,4,1,0,20,5,0,0,1,5,7,1,0,2,0,0,0,1,118,7,1,126,0,126,--,377,151,118,126,126,Algún campo sin dato,1,698c7773a9b8da2c3e96c0c3afe08bd00cd43da1d13463ecb04ea763fd83cd76,25/06/2023 23:35:42,ESCANER
3824,"Guatemala",1,"San Juan Sacatepéquez",10,371,264,9,0,0,32,3,5,5,0,2,19,1,0,0,0,3,1,0,1,1,0,0,0,2,84,4,4,92,0,92,--,264,172,84,92,92,Algún campo sin dato,1,15866bf0ab7dd6cccf94c207a35ad80f4b8afa6453cbd73a0be9424dec94963b,25/06/2023 23:21:11,ESCANER
3825,"Guatemala",1,"San Juan Sacatepéquez",10,371,264,12,0,0,33,1,4,3,0,4,18,3,0,0,0,3,1,1,1,4,0,0,0,0,88,9,4,101,0,101,--,264,163,88,101,101,Algún campo sin dato,1,fa23c3808367674650547491b8b6a33b139acf5b25a7132006efbf15a64a7445,25/06/2023 22:25:45,ESCANER
3826,"Guatemala",1,"San Juan Sacatepéquez",10,372,380,48,1,2,59,3,1,35,0,8,20,22,1,0,2,7,1,0,3,15,2,0,0,2,232,22,5,259,0,259,--,380,121,232,259,259,Algún campo sin dato,1,d58bbefeeac81dd8bf4f5b89141f14a126aff5d3cf93d27a3e4527df385cc134,26/06/2023 00:39:18,ESCANER
3827,"Guatemala",1,"San Juan Sacatepéquez",10,372,380,64,0,0,61,5,1,20,1,7,24,22,1,1,2,2,1,1,0,13,0,0,0,3,229,18,9,256,0,256,--,381,125,229,256,256,Algún campo sin dato,1,299e4032d9ebeb26b6f162826392f650fe653dcb28b0da94fa37f9e0be2fd547,26/06/2023 02:47:42,ESCANER
3828,"Guatemala",1,"San Juan Sacatepéquez",10,372,380,45,2,1,68,5,3,24,2,8,15,21,3,0,2,4,5,0,2,15,1,0,0,4,230,15,16,261,1,262,--,382,120,230,261,262,Algún campo sin dato,1,b17036a2c61e0ad7b8a0669cb73f6f475498632f0f3e4e3d1c4089a7777437fc,26/06/2023 03:34:52,ESCANER
3829,"Guatemala",1,"San Juan Sacatepéquez",10,372,380,54,0,0,82,6,2,27,2,8,20,10,1,1,1,3,2,1,2,13,0,0,2,5,242,14,4,260,0,260,--,380,120,242,260,260,Algún campo sin dato,1,c6366512ac086335f18302dac95cb9c5b077e056065a950823cbf5ef5e5a869a,26/06/2023 02:39:49,ESCANER
3830,"Guatemala",1,"San Juan Sacatepéquez",10,372,380,48,3,1,72,1,0,25,0,5,29,20,0,0,1,1,2,0,1,11,0,0,0,4,224,14,5,243,0,243,--,380,137,224,243,243,Algún campo sin dato,1,52b56d1cba7457bc9e172b4eacd2c280a981fe9208f68796d7d9d94dd6e67c4f,26/06/2023 02:59:12,ESCANER
3831,"Guatemala",1,"San Juan Sacatepéquez",10,372,380,40,3,2,77,3,3,26,2,6,24,16,0,1,1,1,5,1,0,8,0,2,1,2,224,11,0,235,0,235,--,380,145,224,235,235,Algún campo sin dato,1,1a7572703e8f1eb895fb76f222d7833e9bb8ba2de1a47cdc287d46dfcb8488b8,26/06/2023 03:13:36,ESCANER
3832,"Guatemala",1,"San Juan Sacatepéquez",10,372,380,,,,,,,,,,,,,,,,,,,,,,,,,,,,,,,,,,,,,0,,,
3833,"Guatemala",1,"San Juan Sacatepéquez",10,372,380,,,,,,,,,,,,,,,,,,,,,,,,,,,,,,,,,,,,,0,,,
3834,"Guatemala",1,"San Juan Sacatepéquez",10,372,380,32,1,2,64,5,1,34,2,10,14,18,4,0,2,1,6,1,4,9,1,1,2,4,218,16,4,238,0,238,--,377,139,218,238,238,Algún campo sin dato,1,7079fb7d41ff16c39cfc7acfa4902e37fe6f05d87797f02b9ce06b6a49411adc,26/06/2023 00:48:00,ESCANER
3835,"Guatemala",1,"San Juan Sacatepéquez",10,372,380,30,0,0,67,3,1,26,0,7,14,13,2,0,0,1,7,1,0,11,0,1,1,2,187,19,5,211,0,211,--,380,169,187,211,211,Algún campo sin dato,1,20a569752f9e3d0996d662b1045fba93d6e661fd1ae95922ebd9c45dae1dfffe,26/06/2023 02:52:46,ESCANER
3836,"Guatemala",1,"San Juan Sacatepéquez",10,372,380,,,,,,,,,,,,,,,,,,,,,,,,,,,,,,,,,,,,,0,,,
3837,"Guatemala",1,"San Juan Sacatepéquez",10,373,380,35,2,0,64,4,0,18,0,5,13,20,1,0,0,2,5,2,2,10,0,1,1,4,189,14,7,210,0,210,--,380,170,189,210,210,Algún campo sin dato,1,1db3da6a0d1790b1ac81481865808aa9e8ff40a4ed0196cf91adaccc3108e060,26/06/2023 00:53:14,ESCANER
3838,"Guatemala",1,"San Juan Sacatepéquez",10,373,380,45,2,0,54,4,3,20,0,9,18,10,0,1,0,1,3,1,0,6,1,0,1,1,180,12,2,194,0,194,--,380,186,180,194,194,Algún campo sin dato,1,4fb80067ae86dbf89cbf8a9d92bc0868b52f48b7f35265cb302b2b7c5bef3cbb,26/06/2023 01:08:20,ESCANER
3839,"Guatemala",1,"San Juan Sacatepéquez",10,373,380,43,1,1,59,4,1,29,1,5,28,6,1,0,1,5,7,0,0,4,1,3,1,5,206,7,2,215,0,215,--,377,162,206,215,215,Algún campo sin dato,1,6e4d1f154abba6ea49598e9122f36fa4be7875d5d9cb93dc5db1807ce82a57a9,26/06/2023 00:38:52,ESCANER
3840,"Guatemala",1,"San Juan Sacatepéquez",10,373,380,29,0,1,72,1,1,17,0,8,32,6,3,0,0,1,7,0,0,4,2,0,1,5,190,3,0,193,0,193,--,380,187,190,193,193,Algún campo sin dato,1,c40a62b939ac3f217a1d947b1f24e3c49d17aefaac6bfed21872c58075604d12,26/06/2023 01:38:11,ESCANER
3841,"Guatemala",1,"San Juan Sacatepéquez",10,373,211,26,0,0,23,2,0,5,0,4,6,7,0,0,0,2,1,0,0,1,1,1,1,2,82,3,1,86,0,86,--,211,125,82,86,86,Algún campo sin dato,1,e6a2438d1fb2e3603e91dafb9d347c0805f81818f5686b7865a8c383bf4c44f9,26/06/2023 00:19:20,ESCANER
3842,"Guatemala",1,"San Juan Sacatepéquez",10,373,211,18,1,0,37,0,3,13,0,3,8,4,3,0,0,2,4,1,0,3,0,0,0,1,101,1,0,102,0,102,--,211,109,101,102,102,Algún campo sin dato,1,d2d38c32ad575021e36e9aefd1355003088fd9e207dd034efe24ba3a047212b6,25/06/2023 23:07:17,ESCANER
3843,"Guatemala",1,"San Juan Sacatepéquez",10,374,380,64,0,1,30,3,1,32,2,72,5,6,3,0,2,1,1,2,2,2,6,0,0,9,244,14,0,258,0,258,1,380,122,244,258,258,,1,4f75a753cbe6a55131101d8eccd1cfa7b28ec4389a56cb1d689b175fabc67e41,26/06/2023 00:31:40,ESCANER
3844,"Guatemala",1,"San Juan Sacatepéquez",10,374,380,65,0,2,39,1,0,20,1,57,2,10,1,1,0,2,2,0,0,3,3,0,1,19,229,11,0,240,0,240,--,380,140,229,240,240,Algún campo sin dato,1,8e69eb2e250d82f13f523a2cd87e3cd9e6a77715d040cf976111ebb29fd4ce8e,25/06/2023 23:03:06,ESCANER
3845,"Guatemala",1,"San Juan Sacatepéquez",10,374,380,58,2,1,25,3,1,18,2,58,3,6,2,1,0,2,0,4,1,4,3,1,1,8,204,11,0,215,0,215,--,380,165,204,215,215,Algún campo sin dato,1,0271b4e9d255e0f269e4bebda0582d7a93c45ef1ccac3e9241cbc7bd16171df1,25/06/2023 23:06:12,ESCANER
3846,"Guatemala",1,"San Juan Sacatepéquez",10,374,380,69,0,2,35,3,3,22,0,64,2,7,0,5,2,1,0,1,1,3,4,0,0,8,232,14,0,246,0,246,--,380,134,232,246,246,Algún campo sin dato,1,98f79c4a179a70119ebc1e803653077b6bfed2a88514cfd067af94edbb6553cc,26/06/2023 00:01:37,ESCANER
3847,"Guatemala",1,"San Juan Sacatepéquez",10,374,380,74,2,3,31,4,3,16,1,64,5,4,2,1,0,2,1,1,3,1,8,2,0,17,245,13,0,258,0,258,--,380,122,245,258,258,Algún campo sin dato,1,157f9dbbee63aa3a388b1022b4a672bbc253d478db157a25ff290afab559774b,25/06/2023 23:19:54,ESCANER
3848,"Guatemala",1,"San Juan Sacatepéquez",10,374,380,62,0,3,34,2,2,17,0,67,4,2,0,3,1,2,1,2,1,4,0,2,1,13,223,16,3,242,0,242,--,380,138,223,242,242,Algún campo sin dato,1,f7b0f28ed27c2e125d7466b3b051022f752c6140cdd67966733107220fca78df,26/06/2023 01:09:46,ESCANER
3849,"Guatemala",1,"San Juan Sacatepéquez",10,374,380,63,2,1,26,1,0,15,2,68,3,2,1,2,0,1,2,2,0,6,9,0,1,9,216,6,2,224,0,224,--,380,156,216,224,224,Algún campo sin dato,1,ab3aa245ab0ba292d7b4d12cd6ff82d31afc24997c4551bfb72c33f4acef3f3e,26/06/2023 00:23:45,ESCANER
3850,"Guatemala",1,"San Juan Sacatepéquez",10,374,309,69,0,3,12,2,0,18,1,55,3,1,1,3,1,1,0,0,1,1,3,0,0,16,191,5,1,197,0,197,--,308,111,191,197,197,Algún campo sin dato,1,cfccc6c0d144254acd88bcb5105a96f00426989d84abc1d240a18d7903673a2a,26/06/2023 01:06:50,ESCANER
3851,"Guatemala",1,"San Juan Sacatepéquez",10,374,309,52,2,0,17,2,0,11,1,52,4,4,2,3,0,2,1,2,0,2,3,3,0,16,179,3,2,184,0,184,--,306,122,179,184,184,Algún campo sin dato,1,da35779ce444cd209ae423af3895d0e05a2b16c7185538a4e8b1845b1f41beb2,26/06/2023 01:21:10,ESCANER
3852,"Guatemala",1,"San Juan Sacatepéquez",10,375,266,35,1,2,65,2,0,2,0,16,7,3,0,0,0,0,1,1,0,10,2,0,0,15,162,18,0,180,0,180,--,266,86,162,180,180,Algún campo sin dato,1,f6f97b94acf71eb09597a6695a2340b325cb8b4afeea6eb3d43ddd4c79677be5,26/06/2023 01:21:34,ESCANER
3853,"Guatemala",1,"San Juan Sacatepéquez",10,375,265,44,0,3,39,2,0,1,1,6,4,7,0,0,0,0,0,0,0,5,0,0,0,10,122,6,1,129,0,129,--,266,137,122,129,129,Algún campo sin dato,1,17b2eac0d39bce1c77782082b4b3e7e372664c1e8763907d49cc0b2ba8b44b2d,26/06/2023 00:07:16,ESCANER
3854,"Guatemala",1,"San Juan Sacatepéquez",10,376,600,21,5,4,89,8,5,18,2,4,27,13,1,2,0,11,8,0,2,5,0,0,2,2,229,15,6,250,0,250,--,600,350,229,250,250,Algún campo sin dato,1,b8800d5c066ec4bea9c671048b46386181a8d90e50059925fddc8de1148d69bf,26/06/2023 01:31:01,ESCANER
3855,"Guatemala",1,"San Juan Sacatepéquez",10,376,600,26,3,1,89,10,9,16,8,8,31,13,1,0,3,3,5,0,3,16,1,1,2,8,257,20,11,288,0,288,--,600,312,257,288,288,Algún campo sin dato,1,d55c9d3ac4cf7f780b43080426abce4ad89cf10a2f79b0e8309eb2f408e66983,26/06/2023 02:45:14,ESCANER
3856,"Guatemala",1,"San Juan Sacatepéquez",10,376,600,,,,,,,,,,,,,,,,,,,,,,,,,,,,,,,,,,,,,0,,,
3857,"Guatemala",1,"San Juan Sacatepéquez",10,376,600,22,6,2,95,10,3,13,1,3,24,6,2,0,2,5,9,0,3,12,0,0,6,8,232,25,6,263,0,263,--,600,337,232,263,263,Algún campo sin dato,1,bb765f742148cf63d345fc016ebc5f59a1f9539cad66d058d99e30e5481b2ff3,26/06/2023 03:32:46,ESCANER
3858,"Guatemala",1,"San Juan Sacatepéquez",10,377,600,37,1,1,124,4,10,17,2,8,30,4,2,1,4,9,4,2,4,14,1,1,1,6,287,20,8,315,1,316,--,600,284,287,315,316,Algún campo sin dato,1,e326e5fc4ebae6710b83cd397e807f5a2fa088897a69c205d0660b4c919e8135,26/06/2023 01:50:02,ESCANER
3859,"Guatemala",1,"San Juan Sacatepéquez",10,377,600,25,0,2,117,1,2,12,3,5,34,9,0,0,1,10,5,0,2,10,1,1,3,4,247,26,9,282,0,282,--,600,318,247,282,282,Algún campo sin dato,1,e97ac44599ec801b01534e1e2887092f0717838ee6a2bee4c0eedbcba8501e71,26/06/2023 00:54:16,ESCANER
3860,"Guatemala",1,"San Juan Sacatepéquez",10,377,600,38,3,1,118,6,2,10,1,5,31,7,1,1,2,2,2,0,6,16,0,2,0,6,260,18,8,286,0,286,--,598,312,260,286,286,Algún campo sin dato,1,7bccb6a84d7336a823703341f7a39c0c419daf27c07baeac939f3a1018fd3539,26/06/2023 02:26:57,ESCANER
3861,"Guatemala",1,"San Juan Sacatepéquez",10,377,600,34,6,4,85,6,6,9,5,4,21,3,1,0,0,5,1,0,1,4,0,0,1,10,206,19,10,235,0,235,--,600,365,206,235,235,Algún campo sin dato,1,b4232af3b244c32f92b8fc1699ac4f3957f839aa40c3fff8bec10c11aea4d3bf,26/06/2023 02:35:02,ESCANER
3862,"Guatemala",1,"San Juan Sacatepéquez",10,378,600,23,1,1,77,4,5,12,1,3,24,5,2,0,1,7,5,2,2,8,0,0,0,3,186,18,6,210,0,210,--,600,390,186,210,210,Algún campo sin dato,1,2432bb22bd1b96bff3ee743c14c0f45c4c5634670fc1ffcf7062a7a3ee764d51,26/06/2023 00:20:45,ESCANER
3863,"Guatemala",1,"San Juan Sacatepéquez",10,378,560,17,1,0,59,4,3,9,1,2,18,3,2,0,0,4,4,0,0,8,0,1,0,3,139,11,0,150,0,150,--,558,408,139,150,150,Algún campo sin dato,1,d8ac99899989f1940c54039a95f7bf8010970e40f52412d7210fc0c1c6e2f028,26/06/2023 01:49:01,ESCANER
3864,"Guatemala",1,"San Juan Sacatepéquez",10,378,560,9,1,0,24,2,3,2,2,2,5,1,0,0,0,5,0,0,1,2,0,0,3,1,63,8,3,74,0,74,--,557,483,63,74,74,Algún campo sin dato,1,be0c437354232768e359f8ede3f25557c90270e6f8f670e75da70f0d66220992,25/06/2023 21:30:42,ESCANER