﻿TIPO_DE_ELECCIÓN:,CORPORACIÓN MUNICIPAL
26 junio 2023 03:36 (UTC -6)
ACTAS_ESPERADAS,ACTAS_CAPTURADAS,PORCENTAJE_ACTAS_CAPTURADAS,ACTAS_CONTABILIZADAS,PORCENTAJE_ACTAS_CONTABILIZADAS,ACTAS_NO_CONTABILIZADAS,LISTA_NOMINAL_ACTAS_CONTABILIZADAS,VOTOS_EMITIDOS_CONTABILIZADAS,PORCENTAJE_PARTICIPACIÓN_CIUDADANA
35,35,100.0000,34,97.1428,1,12450,9135,73.3734

MESA,DEPARTAMENTO,ID_DEPARTAMENTO,MUNICIPIO,ID_MUNICIPIO,CENTRO_DE_VOTACIÓN,PADRÓN,VAMOS,PHG,UNE,CABAL,PPN,CREO,VIVA,VALOR,VÁLIDOS,NULOS,BLANCO,EMITIDOS,INVÁLIDOS,TOTAL,IMPUGNACIONES,PAPELETAS-RECIBIDAS,PAPELETAS-NO-USADAS,VALIDOS_CALCULADO,EMITIDOS_CALCULADO,TOTAL_CALCULADO,OBSERVACIONES,CONTABILIZADA,CÓDIGO_INTEGRIDAD,FECHA_HORA_PUBLICACIÓN,DIGITALIZACIÓN
13880,"San Marcos",12,"San Rafael Pie De La Cuesta",11,1945,400,124,119,0,13,14,11,3,0,284,15,4,303,0,303,--,--,--,284,303,303,Algún campo sin dato,1,ccfb4034021ba6f2fb306c4381468be2ffb0006bc74e9afefee049c2b56d105b,26/06/2023 00:13:38,ESCANER
13881,"San Marcos",12,"San Rafael Pie De La Cuesta",11,1945,400,111,125,7,17,36,13,1,2,312,15,1,328,0,328,--,400,72,312,328,328,Algún campo sin dato,1,a175bcc42a2f1b2a713a3cde7de558d6f2bf4bf204abea363f1dbeb46719f279,25/06/2023 23:59:28,ESCANER
13882,"San Marcos",12,"San Rafael Pie De La Cuesta",11,1945,400,111,131,1,19,34,7,1,0,304,5,6,315,0,315,--,400,85,304,315,315,Algún campo sin dato,1,5179f6b63d382c43ad2bb8203fcba77d213f0f40d17206eea68bf21ca908f632,25/06/2023 23:32:33,ESCANER
13883,"San Marcos",12,"San Rafael Pie De La Cuesta",11,1945,400,133,115,8,20,23,6,0,2,307,16,4,327,0,327,--,400,73,307,327,327,Algún campo sin dato,1,9fcd3a7f694b9ae7bcb0c58585f6702b398486509c6b1580ae7c649501b16cc9,26/06/2023 00:42:32,ESCANER
13884,"San Marcos",12,"San Rafael Pie De La Cuesta",11,1946,400,143,116,3,9,14,7,3,2,297,16,6,319,0,319,--,400,81,297,319,319,Algún campo sin dato,1,5adcd2f7a33a2431c78945e627006e03c290a5e243ce8fd9a68efe67658b141e,26/06/2023 00:00:35,ESCANER
13885,"San Marcos",12,"San Rafael Pie De La Cuesta",11,1946,400,139,128,4,10,27,4,1,4,317,13,10,340,0,340,--,399,59,317,340,340,Algún campo sin dato,1,7b2aeeb6a0a455dc16aa35164efb4b1f30700fbf588a54f6089280dcd27ec875,25/06/2023 23:36:49,ESCANER
13886,"San Marcos",12,"San Rafael Pie De La Cuesta",11,1946,400,164,106,3,16,22,6,1,1,319,6,2,327,0,327,--,400,73,319,327,327,Algún campo sin dato,1,9993d59f569e07fe6c17f60188e233a72cd9532a7f6875ea73864d6c384abcd6,26/06/2023 02:02:38,MOVIL
13887,"San Marcos",12,"San Rafael Pie De La Cuesta",11,1946,400,119,112,2,16,28,15,1,1,294,1,0,295,0,295,--,400,104,294,295,295,Algún campo sin dato,1,1defd932f7c9459d5c6f2f6dbaf29be718f7ced4cc68fb8a6c82cff5f729e2aa,26/06/2023 00:45:47,ESCANER
13888,"San Marcos",12,"San Rafael Pie De La Cuesta",11,1946,400,125,103,5,13,24,13,2,0,285,7,1,293,0,293,--,400,107,285,293,293,Algún campo sin dato,1,52735873e484bbd385ebf689cb1bc7977434b342784e59e4332014ad9fd44c51,26/06/2023 00:52:36,ESCANER
13889,"San Marcos",12,"San Rafael Pie De La Cuesta",11,1946,400,127,117,0,13,28,17,2,0,304,2,2,308,0,308,--,400,92,304,308,308,Algún campo sin dato,1,b59569e697da44a0ea4459b20892beee7cfca33e800ee109d509b2ae552d38a2,26/06/2023 00:29:32,ESCANER
13890,"San Marcos",12,"San Rafael Pie De La Cuesta",11,1946,400,124,105,1,11,24,12,2,1,280,6,3,289,0,289,--,400,111,280,289,289,Algún campo sin dato,1,fecbde3a65bdf30fa4f85973ce147bd13b75599d375828efeae499c8c7526998,25/06/2023 23:08:38,ESCANER
13891,"San Marcos",12,"San Rafael Pie De La Cuesta",11,1946,400,107,120,3,19,36,9,1,0,295,4,3,302,0,302,--,401,99,295,302,302,Algún campo sin dato,1,676231805b12c23a41adb4a44fea8f9c9dce663906ee8b1408c103293360b29a,26/06/2023 00:32:40,ESCANER
13892,"San Marcos",12,"San Rafael Pie De La Cuesta",11,1947,400,124,125,4,13,28,7,0,3,304,1,0,305,0,305,0,400,95,304,305,305,,1,1d28937b3b5ffab22d9d00083d2de0811616b661642fb9776453513916cd2387,25/06/2023 23:51:16,ESCANER
13893,"San Marcos",12,"San Rafael Pie De La Cuesta",11,1947,400,139,119,1,13,29,14,1,1,317,1,1,319,0,319,0,396,77,317,319,319,,1,7b27a47b76225fb8bde5461957f7afead6d7ca6698fc0ac035dc3e5d64612c26,25/06/2023 23:31:42,ESCANER
13894,"San Marcos",12,"San Rafael Pie De La Cuesta",11,1947,344,90,123,0,8,25,8,2,0,256,1,0,257,0,257,0,344,84,256,257,257,,1,38a5534bfcfcc0f3274889c6f0979d35f7df865d7b9fc8b9950bdea72c587798,26/06/2023 00:12:22,ESCANER
13895,"San Marcos",12,"San Rafael Pie De La Cuesta",11,1947,343,87,82,0,17,20,12,0,0,218,1,1,220,0,220,0,343,123,218,220,220,,1,1db515f2f7deea012e261f10ced4ca173732a3d4bafaf86f655faa148b3837c8,25/06/2023 23:53:13,ESCANER
13896,"San Marcos",12,"San Rafael Pie De La Cuesta",11,1948,400,158,71,4,8,23,13,1,0,278,21,5,304,0,304,--,399,95,278,304,304,Algún campo sin dato,1,a169997e80b13c0b8c3d97dd7d5087ee121807809f924bc615e1457d4af9ccae,25/06/2023 23:19:39,ESCANER
13897,"San Marcos",12,"San Rafael Pie De La Cuesta",11,1948,259,86,47,0,3,16,7,1,0,160,9,4,173,0,173,--,259,86,160,173,173,Algún campo sin dato,1,65b2cd5d6d780d0183f56ec79260bb655a4add65352ac9f3243eb3f4a2221a48,25/06/2023 22:37:58,ESCANER
13898,"San Marcos",12,"San Rafael Pie De La Cuesta",11,1948,258,87,43,1,2,15,6,2,0,156,4,0,160,0,160,--,258,98,156,160,160,Algún campo sin dato,1,e675f50726c8eda816f87d04401c6867e5e992b956daa804c6d941ec3dc79a65,25/06/2023 21:59:35,ESCANER
13899,"San Marcos",12,"San Rafael Pie De La Cuesta",11,1949,380,144,83,1,20,9,8,1,0,266,23,8,297,0,--,--,380,83,266,297,297,Algún campo sin dato,1,69ff26e81644e3d8592d92e420781d78caca2658ce6b6d6cdd4cc43fc50fafaa,25/06/2023 23:17:51,ESCANER
13900,"San Marcos",12,"San Rafael Pie De La Cuesta",11,1949,380,158,82,3,8,15,9,0,0,275,20,2,297,0,297,--,380,83,275,297,297,Algún campo sin dato,1,685e3d43c6d76c40884098f112894411862810f7ce1a21b6e57b441de8853932,25/06/2023 23:12:45,ESCANER
13901,"San Marcos",12,"San Rafael Pie De La Cuesta",11,1949,380,--,--,--,--,--,--,--,--,--,--,--,--,--,--,--,--,--,,,,Acta ilegible,0,f5f39233623e4141e989f43ce96383492eac7385494dc069ea494fe558320fe2,26/06/2023 00:14:58,ESCANER
13902,"San Marcos",12,"San Rafael Pie De La Cuesta",11,1949,380,172,105,4,4,6,3,3,1,298,12,6,316,0,--,--,380,64,298,316,316,Algún campo sin dato,1,516f51e9f984bcf38a7093ce6000c8d4e66037d7a53d649346249b1834af62b1,25/06/2023 23:57:24,ESCANER
13903,"San Marcos",12,"San Rafael Pie De La Cuesta",11,1949,380,148,111,4,14,8,5,0,0,290,14,7,311,0,311,--,380,69,290,311,311,Algún campo sin dato,1,2bdccb72150aa3d33bc79336b6a6d603d30ea7739e9b7c100164006a9a0ff870,26/06/2023 00:14:41,ESCANER
13904,"San Marcos",12,"San Rafael Pie De La Cuesta",11,1950,380,129,103,3,14,9,0,1,0,259,14,1,274,0,274,--,380,106,259,274,274,Algún campo sin dato,1,d4405cbeca3c3d3bbdffe7af678e6040c09243b9fec33625ad28ffc25ac9139a,26/06/2023 01:13:33,MOVIL
13905,"San Marcos",12,"San Rafael Pie De La Cuesta",11,1950,380,118,115,2,16,14,5,2,0,272,15,3,290,90,380,0,380,90,272,290,380,,1,e5b39a6aa0a3bce5e4e1c3252b23bb2f648dfdfa41b85a289498ea297ee413c1,26/06/2023 00:46:56,MOVIL
13906,"San Marcos",12,"San Rafael Pie De La Cuesta",11,1950,380,147,88,5,21,8,3,2,0,274,9,5,288,0,288,0,380,92,274,288,288,,1,1ad9c50f1f4db92a5ae15fade28bb4ed820b3264b1456c583b438c8bc7e8afe6,26/06/2023 00:15:10,MOVIL
13907,"San Marcos",12,"San Rafael Pie De La Cuesta",11,1950,380,143,104,4,12,6,5,0,1,275,9,4,288,0,288,0,380,92,275,288,288,,1,fbd331c287fa452066523a9c8b996312c35a2b89d657bb91b8212ef3dda5e0e5,26/06/2023 00:05:45,MOVIL
13908,"San Marcos",12,"San Rafael Pie De La Cuesta",11,1950,380,150,113,0,11,8,2,0,0,284,3,0,287,0,287,0,380,90,284,287,287,,1,53d67fa49ed7070b8cccab1e7e5d103b6864fa3bfa50398911c44f737a894af1,25/06/2023 23:57:09,MOVIL
13909,"San Marcos",12,"San Rafael Pie De La Cuesta",11,1951,251,95,66,0,10,7,5,0,0,183,1,0,184,0,184,--,251,67,183,184,184,Algún campo sin dato,1,5dbbf69dc32a3ca2479d4ef6a064660ee098c6e598627f62627a20e376d73cd9,25/06/2023 23:21:21,ESCANER
13910,"San Marcos",12,"San Rafael Pie De La Cuesta",11,1951,251,84,55,0,9,9,1,0,0,158,5,1,164,0,164,--,251,87,158,164,164,Algún campo sin dato,1,8f7e84172974d88bab826a42018825aa04b6d5a49f2441b40554b2cb0e729127,25/06/2023 23:00:57,ESCANER
13911,"San Marcos",12,"San Rafael Pie De La Cuesta",11,1952,331,110,71,1,6,39,9,2,0,238,2,10,250,18,268,--,328,60,238,250,268,Algún campo sin dato,1,d76bc1be397914d32ace2d3f74f35757e6b687810140c5a665fb687be3c30d97,26/06/2023 01:11:44,MOVIL
13912,"San Marcos",12,"San Rafael Pie De La Cuesta",11,1952,330,89,72,1,4,28,10,0,0,204,6,7,217,--,--,--,330,113,204,217,217,Algún campo sin dato,1,f8637622895ea5555f5511a13cb8cc5308d008a1a73995e5ae5a5646e3f8439c,26/06/2023 01:29:33,MOVIL
13913,"San Marcos",12,"San Rafael Pie De La Cuesta",11,1953,332,59,42,0,9,7,3,0,0,120,6,0,126,0,126,--,329,203,120,126,126,Algún campo sin dato,1,f95ee51effd86729925b3723d398be324c727647fea5247a3ffc7a8ed1149fb2,25/06/2023 23:55:23,ESCANER
13914,"San Marcos",12,"San Rafael Pie De La Cuesta",11,1953,331,25,25,2,2,5,2,0,0,61,1,0,62,0,62,--,331,269,61,62,62,Algún campo sin dato,1,645c5d2f2f3f0d953125886686e79eccae3ce1c5f0397f17a70939740d153820,25/06/2023 22:03:16,ESCANER