﻿TIPO_DE_ELECCIÓN:,CORPORACIÓN MUNICIPAL
26 junio 2023 03:36 (UTC -6)
ACTAS_ESPERADAS,ACTAS_CAPTURADAS,PORCENTAJE_ACTAS_CAPTURADAS,ACTAS_CONTABILIZADAS,PORCENTAJE_ACTAS_CONTABILIZADAS,ACTAS_NO_CONTABILIZADAS,LISTA_NOMINAL_ACTAS_CONTABILIZADAS,VOTOS_EMITIDOS_CONTABILIZADAS,PORCENTAJE_PARTICIPACIÓN_CIUDADANA
88,85,96.5909,85,96.5909,0,31211,24742,79.2733

MESA,DEPARTAMENTO,ID_DEPARTAMENTO,MUNICIPIO,ID_MUNICIPIO,CENTRO_DE_VOTACIÓN,PADRÓN,PPN,AZUL,VAMOS,PHG,VIVA,CABAL,VICTORIA,UNE,CAMBIO,FCN-NACION,MLP,VALOR,CREO,VÁLIDOS,NULOS,BLANCO,EMITIDOS,INVÁLIDOS,TOTAL,IMPUGNACIONES,PAPELETAS-RECIBIDAS,PAPELETAS-NO-USADAS,VALIDOS_CALCULADO,EMITIDOS_CALCULADO,TOTAL_CALCULADO,OBSERVACIONES,CONTABILIZADA,CÓDIGO_INTEGRIDAD,FECHA_HORA_PUBLICACIÓN,DIGITALIZACIÓN
19740,"Alta Verapaz",16,"San Juan Chamelco",10,3014,400,133,1,96,3,6,4,19,14,0,2,2,4,1,285,18,3,306,2,308,--,400,92,285,306,308,Algún campo sin dato,1,a69c271184a58ed00c6f5a1872d0532d0b1c9a82ef0685b99355e4ec8d4a6f60,26/06/2023 02:34:37,ESCANER
19741,"Alta Verapaz",16,"San Juan Chamelco",10,3014,400,119,0,133,5,7,9,27,21,1,0,1,2,2,327,14,7,348,0,348,--,400,52,327,348,348,Algún campo sin dato,1,114f9d8e6673cb636605477b5dbe627026c055e8f795103aabdd9bc920e972fb,26/06/2023 00:16:54,ESCANER
19742,"Alta Verapaz",16,"San Juan Chamelco",10,3014,400,128,2,97,4,13,5,24,8,2,2,4,1,1,291,28,4,323,0,323,--,397,74,291,323,323,Algún campo sin dato,1,8a1a0e40c45490a1fe27f822801253f7fd2567889566ed7de43c4c4190868342,25/06/2023 23:26:23,ESCANER
19743,"Alta Verapaz",16,"San Juan Chamelco",10,3014,400,114,1,113,3,10,10,34,8,1,1,1,3,0,299,18,5,322,0,299,--,400,78,299,322,322,Sumas Asentadas sin cuadrar,1,898a91ebf2498ca20907029dee6d1c737c6705b01d09ca3caea5f1362a3548a3,26/06/2023 01:54:28,ESCANER
19744,"Alta Verapaz",16,"San Juan Chamelco",10,3014,400,127,2,124,4,8,11,25,11,2,1,3,2,1,321,11,2,334,0,334,--,400,66,321,334,334,Algún campo sin dato,1,82bc1617e8f722392247918ca7dfdf7c67bac8757d617ff8361170d5fe9e3fd9,26/06/2023 01:14:59,ESCANER
19745,"Alta Verapaz",16,"San Juan Chamelco",10,3014,400,134,3,125,2,9,15,31,10,0,1,3,4,1,338,16,2,356,0,356,0,400,44,338,356,356,,1,e69e8de207c9b3dad0c2a86f2508463a18977dd84527642d787f9f27748495d0,26/06/2023 02:28:33,ESCANER
19746,"Alta Verapaz",16,"San Juan Chamelco",10,3014,400,145,0,128,8,8,6,31,8,1,0,0,3,0,338,6,0,344,0,344,--,400,56,338,344,344,Algún campo sin dato,1,d7610a048fb9ef973aeb0e41258fd8fe9033f5d068bc0c6012b6b55bba24678c,25/06/2023 23:48:20,ESCANER
19747,"Alta Verapaz",16,"San Juan Chamelco",10,3014,400,116,6,130,4,14,17,27,13,0,0,3,2,1,333,10,1,344,0,344,--,400,56,333,344,344,Algún campo sin dato,1,d62546e1ef30dc59396906d5175efc848a2b66c3a5cb82beab71ecd2bf1c22ad,26/06/2023 00:24:04,ESCANER
19748,"Alta Verapaz",16,"San Juan Chamelco",10,3015,400,116,5,99,2,5,6,27,11,2,3,2,4,0,282,6,1,289,0,289,--,400,111,282,289,289,Algún campo sin dato,1,1d8e5bddd4028884d05bfd2cd92ed56e910ce9093eefece55229cb93f50bc9ef,26/06/2023 01:18:27,ESCANER
19749,"Alta Verapaz",16,"San Juan Chamelco",10,3016,400,119,1,106,4,2,7,25,9,1,1,1,2,2,280,12,1,293,0,293,--,400,107,280,293,293,Algún campo sin dato,1,c4ceb011409a53ded839794ca53ae46668d7fd008a765ad0e4ce23ccb41de615,26/06/2023 02:25:46,ESCANER
19750,"Alta Verapaz",16,"San Juan Chamelco",10,3016,400,109,2,102,6,10,9,22,12,3,0,5,4,2,286,18,4,308,0,308,--,397,89,286,308,308,Algún campo sin dato,1,aaa5c90fa58937e4e057e59181bdf8fc02983f7072bec2266c4eea796e3831f4,26/06/2023 00:41:08,ESCANER
19751,"Alta Verapaz",16,"San Juan Chamelco",10,3016,400,109,4,128,4,8,4,17,15,1,4,4,3,1,302,9,3,314,0,314,1,400,86,302,314,314,,1,c28af7002a7513add6542dbb83fdc04f8123d0e7d5ccab1a6d32b17a6d3e65e4,26/06/2023 02:29:53,ESCANER
19752,"Alta Verapaz",16,"San Juan Chamelco",10,3016,400,120,1,127,1,3,11,12,23,2,3,1,1,0,305,9,0,314,0,314,--,400,86,305,314,314,Algún campo sin dato,1,c404f99c686fa580da16a4d814f91028209043ea97ba7f24ae327b56cc1e84da,26/06/2023 00:49:43,ESCANER
19753,"Alta Verapaz",16,"San Juan Chamelco",10,3016,400,110,4,108,3,7,6,21,15,0,1,0,2,0,277,12,1,290,0,290,--,400,110,277,290,290,Algún campo sin dato,1,42fb9d67272ba2be46676bf1f814b11db86e70f5356bee1d28fbf3c9d313b6f2,25/06/2023 23:59:08,ESCANER
19754,"Alta Verapaz",16,"San Juan Chamelco",10,3016,400,124,1,116,2,7,7,18,11,3,5,2,0,0,296,7,2,305,0,305,--,400,95,296,305,305,Algún campo sin dato,1,b540acd570d2155a1c638f74982a2866ac92c8ed19b336087b950f21a8655cd4,25/06/2023 22:42:05,ESCANER
19755,"Alta Verapaz",16,"San Juan Chamelco",10,3016,400,121,4,101,4,7,3,21,7,3,1,3,2,2,279,11,0,290,0,290,--,--,--,279,290,290,Algún campo sin dato,1,d8690fbdc61507ff0f6cc511bb945ae4a4b2420b1d6e51a238192040189c9855,26/06/2023 02:13:17,ESCANER
19756,"Alta Verapaz",16,"San Juan Chamelco",10,3016,400,118,5,93,3,3,3,25,6,1,0,1,2,1,261,7,0,268,1,269,--,--,--,261,268,269,Algún campo sin dato,1,81ffd9480116bc2fb18f6f2e10a41aae915edb86cb4749a8892831769f6ec011,26/06/2023 00:16:38,ESCANER
19757,"Alta Verapaz",16,"San Juan Chamelco",10,3016,400,147,6,99,5,1,4,19,8,0,1,2,5,0,297,1,1,299,0,299,--,400,101,297,299,299,Algún campo sin dato,1,acc3e3ceec83a83d11ceb6ff8fc89a799cf3aa36bd311004b5d6521d8df9b983,26/06/2023 02:06:59,ESCANER
19758,"Alta Verapaz",16,"San Juan Chamelco",10,3016,400,111,7,97,4,7,1,27,6,1,1,1,3,0,266,5,1,272,0,272,--,400,128,266,272,272,Algún campo sin dato,1,d86bb4f67dcc051af5fce0714ad39789c6e568e63e0b463e349e90baa4507abd,26/06/2023 02:44:55,ESCANER
19759,"Alta Verapaz",16,"San Juan Chamelco",10,3016,400,127,5,78,3,3,6,12,13,1,0,1,3,0,252,4,0,252,0,256,--,400,144,252,256,256,Sumas Asentadas sin cuadrar,1,99ea5318054143b3d7fa01f4271ceb25a0b50a454ce20f64b208c750ee08079c,26/06/2023 00:32:56,ESCANER
19760,"Alta Verapaz",16,"San Juan Chamelco",10,3016,328,100,1,73,1,5,5,16,6,1,3,0,1,0,212,4,0,216,0,216,--,328,112,212,216,216,Algún campo sin dato,1,a57e40847b1b4ce512d5bdc4a5c6679ba2ae217896ca8b0cdb9f1d9124411b79,25/06/2023 23:51:30,ESCANER
19761,"Alta Verapaz",16,"San Juan Chamelco",10,3016,328,90,2,79,2,3,2,11,10,2,1,0,2,2,206,7,0,213,0,213,--,328,115,206,213,213,Algún campo sin dato,1,2dca779b8bedd92e472661fc224dcd2c9619dd066db7b953fdb8ce921558eca9,26/06/2023 02:40:23,ESCANER
19762,"Alta Verapaz",16,"San Juan Chamelco",10,3017,400,132,3,87,2,1,0,44,12,2,0,0,1,4,288,27,11,326,0,326,--,400,74,288,326,326,Algún campo sin dato,1,30c8e915d959537c9fd97972efb56c4c7f88c22c8768f0117acfbfd88ceddc94,26/06/2023 01:00:33,ESCANER
19763,"Alta Verapaz",16,"San Juan Chamelco",10,3017,400,127,2,94,12,2,1,72,9,2,3,0,1,3,328,12,2,342,0,342,--,400,58,328,342,342,Algún campo sin dato,1,420608899a0aedd415229fb7cae3f90187f3c6e8d9b51cb97794eb35dba049b9,26/06/2023 02:18:30,ESCANER
19764,"Alta Verapaz",16,"San Juan Chamelco",10,3017,400,126,1,103,6,3,5,49,18,0,2,1,1,2,317,23,8,348,0,348,--,400,52,317,348,348,Algún campo sin dato,1,a8d143fd23c2293a5b4ab2af7fb034de73e779adda906b34cb79f0ad7be25f1c,26/06/2023 02:12:43,ESCANER
19765,"Alta Verapaz",16,"San Juan Chamelco",10,3018,400,131,1,95,6,8,6,65,13,1,2,1,2,0,331,13,3,347,0,347,--,400,53,331,347,347,Algún campo sin dato,1,94d8d7eab3a69dac269cfd85329e4051cb2ccd859c4830d5b4d26f0b95062d61,26/06/2023 00:35:56,ESCANER
19766,"Alta Verapaz",16,"San Juan Chamelco",10,3018,400,107,1,93,6,3,5,54,10,0,2,0,2,1,284,15,2,301,0,301,--,400,99,284,301,301,Algún campo sin dato,1,765058968a3bf579c529333109f65c2bc304c74bdc83fc4c4d69b8149f44d672,25/06/2023 23:54:59,ESCANER
19767,"Alta Verapaz",16,"San Juan Chamelco",10,3019,400,118,4,92,2,1,2,44,22,2,3,1,1,1,293,8,5,306,0,306,--,400,94,293,306,306,Algún campo sin dato,1,315b05812139807da1ae49d093de3b9ca7a9dfc900dc4c1c0ba9bb71fd2dce85,25/06/2023 22:38:40,ESCANER
19768,"Alta Verapaz",16,"San Juan Chamelco",10,3019,400,105,1,87,3,4,4,38,15,--,1,1,--,--,259,1,5,273,8,--,--,400,127,259,265,273,Sumas Asentadas sin cuadrar,1,c582edc9dd2689298a26e03016a82d2f1a453ea55e0dd355a244f2327af6097b,25/06/2023 23:31:58,ESCANER
19769,"Alta Verapaz",16,"San Juan Chamelco",10,3019,376,110,0,75,4,1,4,56,13,2,0,1,1,0,268,2,0,270,0,270,1,382,112,267,269,269,Sumas Asentadas sin cuadrar,1,16bc5a29879c995b972f5c1361e3719685c5b828bc52d61143522fc4f7afe9e5,26/06/2023 00:10:10,ESCANER
19770,"Alta Verapaz",16,"San Juan Chamelco",10,3019,375,108,3,73,6,2,5,45,18,0,1,0,0,1,262,4,1,267,0,267,--,375,108,262,267,267,Algún campo sin dato,1,987d7755bd82cae3f47e5b724f387a455fa51fa7b18386d09fa7684252e3ab11,25/06/2023 23:48:02,ESCANER
19771,"Alta Verapaz",16,"San Juan Chamelco",10,3020,380,84,2,96,12,1,12,58,11,0,1,0,0,0,277,27,10,314,0,314,--,380,66,277,314,314,Algún campo sin dato,1,1569c553ed7849054190fb962c3d655fe68e50ec4b922d05ccd534c349a36e6a,25/06/2023 22:31:32,ESCANER
19772,"Alta Verapaz",16,"San Juan Chamelco",10,3020,380,100,2,60,27,2,8,51,12,0,0,0,1,1,264,28,14,306,0,306,--,379,73,264,306,306,Algún campo sin dato,1,5191f8d7747dc7a81bb1df7ae2fe66ba434a4acca75004664824f46d94ce60c2,26/06/2023 01:11:08,ESCANER
19773,"Alta Verapaz",16,"San Juan Chamelco",10,3020,380,99,0,100,15,5,5,54,11,0,0,0,1,0,290,30,7,327,0,327,--,377,50,290,327,327,Algún campo sin dato,1,60538041a7a967b29c5fae44c6922abe0117ec12168128df61d1279fc18afd04,25/06/2023 23:56:25,ESCANER
19774,"Alta Verapaz",16,"San Juan Chamelco",10,3020,380,110,3,52,32,4,5,64,12,0,1,0,0,0,283,35,7,325,0,325,--,380,55,283,325,325,Algún campo sin dato,1,de05d93f643fe3ce9d50b949d00d907accc9378131dbf8bebc4be7016bee9bbb,26/06/2023 00:36:57,ESCANER
19775,"Alta Verapaz",16,"San Juan Chamelco",10,3020,380,115,1,118,13,1,7,42,11,0,2,0,2,0,312,18,7,337,0,337,--,377,40,312,337,337,Algún campo sin dato,1,c75a56ee36823d9534709a10d21123639f3388c0a202dfba6228f22ca4abd5b2,25/06/2023 23:45:17,ESCANER
19776,"Alta Verapaz",16,"San Juan Chamelco",10,3020,380,109,3,75,20,2,9,50,14,0,1,0,1,0,284,17,9,310,1,310,--,377,66,284,310,311,Sumas Asentadas sin cuadrar,1,eecdb9d83ce08f4e30f2d570b65a039daf545d57f9c28ec70ed00aa4f628c7a8,26/06/2023 02:18:58,ESCANER
19777,"Alta Verapaz",16,"San Juan Chamelco",10,3021,380,114,0,73,26,3,7,51,4,0,1,0,1,0,280,12,3,295,0,295,--,381,86,280,295,295,Algún campo sin dato,1,6c12ba6e914c1763f36c532321c722bf652a912a1c5a967925383f0c67ec3e60,25/06/2023 22:28:30,ESCANER
19778,"Alta Verapaz",16,"San Juan Chamelco",10,3021,380,100,0,63,18,2,6,59,2,0,0,0,2,0,252,12,2,266,0,266,--,380,114,252,266,266,Algún campo sin dato,1,5bf4b1d04bfea6864601275735072cd46d3bc8baf6262e851b097230ea203bb8,26/06/2023 01:26:27,ESCANER
19779,"Alta Verapaz",16,"San Juan Chamelco",10,3021,380,108,0,66,17,0,2,39,8,0,0,0,1,0,241,8,4,253,0,253,--,379,126,241,253,253,Algún campo sin dato,1,4c1cb444ced6f0309317cfe894514d56912e2230a97f1b5173af3f00a1537ea4,25/06/2023 22:55:39,ESCANER
19780,"Alta Verapaz",16,"San Juan Chamelco",10,3021,336,90,0,46,23,1,7,51,3,0,0,0,1,0,222,3,2,227,0,227,--,333,106,222,227,227,Algún campo sin dato,1,db7895c757444950898239c25cf55b9a0c1668086f75a40bde89007a2b2b0cf6,26/06/2023 00:48:41,ESCANER
19781,"Alta Verapaz",16,"San Juan Chamelco",10,3022,336,87,1,57,36,1,6,42,5,0,0,0,1,0,236,6,4,246,0,246,--,336,90,236,246,246,Algún campo sin dato,1,06589a5fa2258f87bdff6af45dd53fb0e9c92b39a815d8714ffc5a2acca7cbec,26/06/2023 00:33:56,ESCANER
19782,"Alta Verapaz",16,"San Juan Chamelco",10,3023,380,123,0,109,16,4,2,27,27,0,0,0,0,0,308,13,8,330,1,380,--,380,50,308,329,330,Sumas Asentadas sin cuadrar,1,6fde7317c01539f4e6e8e5beebf02c6d1ade844c2830aa6c7532de960ad57a38,26/06/2023 02:53:47,ESCANER
19783,"Alta Verapaz",16,"San Juan Chamelco",10,3023,380,112,1,123,26,1,0,16,24,0,1,0,1,2,307,18,14,339,0,339,--,380,41,307,339,339,Algún campo sin dato,1,55aab588add5a66600120b87602dbfcdba3ac87bd7c933d7f2608a07d5f243b3,26/06/2023 00:02:25,ESCANER
19784,"Alta Verapaz",16,"San Juan Chamelco",10,3023,380,100,2,134,10,3,2,22,26,0,2,0,1,1,303,22,7,332,0,332,--,380,48,303,332,332,Algún campo sin dato,1,6cf13673a1204adf446694a5578e22dc4fa3dd982d83e2c8fdd746ca975c8454,26/06/2023 02:52:43,ESCANER
19785,"Alta Verapaz",16,"San Juan Chamelco",10,3024,380,136,1,113,18,1,0,17,20,0,1,2,0,0,309,10,6,325,--,--,3,380,52,309,325,325,Algún campo sin dato,1,17d26a8130dfe1bc6ab334b9b2fc9c5ddf1dc4eccfc6b67366d5defc58736633,26/06/2023 02:27:39,ESCANER
19786,"Alta Verapaz",16,"San Juan Chamelco",10,3025,380,116,1,119,16,4,3,17,28,0,0,0,0,0,304,15,12,331,--,--,--,380,49,304,331,331,Algún campo sin dato,1,d5c8a6354433a6a351a3745b7db626fbdf719abba55c63be5c6c996b62ac3042,25/06/2023 23:36:16,ESCANER
19787,"Alta Verapaz",16,"San Juan Chamelco",10,3025,380,102,0,114,7,3,1,47,14,0,0,0,2,1,291,19,13,323,0,323,--,380,57,291,323,323,Algún campo sin dato,1,8acbdaeee9bb2e314c0f617fdabe5ca8b045edf13825554267c1b7ea81a351e1,26/06/2023 01:41:00,ESCANER
19788,"Alta Verapaz",16,"San Juan Chamelco",10,3026,380,104,1,115,12,1,1,25,22,0,1,0,0,0,282,14,4,300,0,300,--,377,77,282,300,300,Algún campo sin dato,1,02e1d90258d775a8dd305e9cdc31c0d98a0c737ebc43e89a2ecf2cd2e1e89227,26/06/2023 02:49:58,ESCANER
19789,"Alta Verapaz",16,"San Juan Chamelco",10,3026,380,,,,,,,,,,,,,,,,,,,,,,,,,,,0,,,
19790,"Alta Verapaz",16,"San Juan Chamelco",10,3027,380,101,0,122,15,0,0,20,15,0,0,0,0,--,273,9,1,283,0,283,--,380,97,273,283,283,Algún campo sin dato,1,815e1697b600f350d3a1e75b54f98bb6c7b94c7faaae4436f878ab25f270391a,26/06/2023 02:09:21,ESCANER
19791,"Alta Verapaz",16,"San Juan Chamelco",10,3027,380,119,0,102,12,0,1,17,15,0,1,1,0,1,269,18,1,288,0,288,--,380,92,269,288,288,Algún campo sin dato,1,10c174219bd7a9eca0f9a1d25e0136f5d84e7fa6d5646011f946710a6dfb1222,26/06/2023 00:32:55,ESCANER
19792,"Alta Verapaz",16,"San Juan Chamelco",10,3028,380,102,0,100,8,3,1,22,14,0,0,0,1,0,251,6,0,257,0,257,--,379,122,251,257,257,Algún campo sin dato,1,f7721733d8eeb6f9e373dcc825ca9304da84d04af311f8e6f1cb17819b1ac62d,26/06/2023 00:05:02,ESCANER
19793,"Alta Verapaz",16,"San Juan Chamelco",10,3028,380,106,0,108,10,2,1,21,12,0,0,1,1,0,262,2,2,266,0,266,--,380,114,262,266,266,Algún campo sin dato,1,1b721e883c6466e03ebe1bacfc806572474220caa79065c79a2db85f4e32098c,26/06/2023 00:59:55,ESCANER
19794,"Alta Verapaz",16,"San Juan Chamelco",10,3028,199,59,1,45,5,2,0,7,5,0,0,0,0,0,124,1,1,126,1,127,--,199,72,124,126,127,Algún campo sin dato,1,ccb526113cb6e0c79b8a6b389b9f794063ddbdf60329103a253ac5807bfa9e52,25/06/2023 23:30:52,ESCANER
19795,"Alta Verapaz",16,"San Juan Chamelco",10,3028,199,54,0,54,9,0,0,7,11,1,0,0,0,0,136,5,4,145,0,145,--,199,54,136,145,145,Algún campo sin dato,1,621d850ac8906e3cb4b4a0abd934d721847fca6ed5759ca3a37a7d0cde5ba52c,25/06/2023 22:30:40,ESCANER
19796,"Alta Verapaz",16,"San Juan Chamelco",10,3029,380,104,3,75,13,0,2,96,11,0,1,0,1,2,308,13,4,325,0,325,--,380,52,308,325,325,Algún campo sin dato,1,6c3b33b08cea62591428e0adae094f35a2baf74f19c0aaebc0e803d211fe61dd,26/06/2023 00:44:49,ESCANER
19797,"Alta Verapaz",16,"San Juan Chamelco",10,3029,380,109,0,112,16,1,3,79,19,0,0,1,0,0,340,10,3,353,1,354,--,380,26,340,353,354,Algún campo sin dato,1,1ab5211a91680ff06bab28379b940ebedb9f0511d541134862d32867514839ec,26/06/2023 02:42:44,ESCANER
19798,"Alta Verapaz",16,"San Juan Chamelco",10,3029,380,111,1,72,26,1,3,85,22,0,2,0,3,0,326,13,6,345,19,345,--,380,35,326,345,364,Sumas Asentadas sin cuadrar,1,b493fef1b0847c1ba038200ef2f6a4a5f05837c0084d5edc4ee958f4afcdfaf8,26/06/2023 02:33:47,ESCANER
19799,"Alta Verapaz",16,"San Juan Chamelco",10,3029,380,129,1,71,15,5,4,63,26,0,0,0,0,0,314,7,5,326,0,326,--,380,54,314,326,326,Algún campo sin dato,1,0e7e9a2ddf43eaf1fa586865834c35923b9667f8c55537d16a08cb5fd5c08133,26/06/2023 02:53:52,ESCANER
19800,"Alta Verapaz",16,"San Juan Chamelco",10,3029,380,100,0,95,20,4,0,64,15,1,0,0,0,2,301,13,9,323,0,323,--,380,57,301,323,323,Algún campo sin dato,1,01b8e4352d13b49499389e6bd557422771db5c648d46695fa084f7af1863389c,26/06/2023 02:00:11,ESCANER
19801,"Alta Verapaz",16,"San Juan Chamelco",10,3029,380,113,2,98,15,4,1,77,11,0,3,0,0,1,325,8,2,335,0,335,--,380,45,325,335,335,Algún campo sin dato,1,52def1561d654bebb375befa50d3e10f04ec613adb41e919bf8c645f29870590,26/06/2023 00:05:15,ESCANER
19802,"Alta Verapaz",16,"San Juan Chamelco",10,3029,380,103,0,87,23,3,0,78,24,1,1,0,0,1,321,5,4,330,0,330,--,380,49,321,330,330,Algún campo sin dato,1,fb2ce6a7447a407ad5668515aeac05a58786f670b1206f4b8d08b29f79898e8b,26/06/2023 01:01:25,ESCANER
19803,"Alta Verapaz",16,"San Juan Chamelco",10,3029,380,125,0,68,22,1,0,66,13,1,0,0,1,1,298,7,4,309,0,309,--,380,71,298,309,309,Algún campo sin dato,1,a6398e84a5b456993217f374e8acc95c665282587d3ccc6ad165e19ae1e86b04,25/06/2023 23:45:56,ESCANER
19804,"Alta Verapaz",16,"San Juan Chamelco",10,3029,380,94,0,85,19,4,1,81,10,0,0,0,2,0,296,5,3,304,0,304,--,380,76,296,304,304,Algún campo sin dato,1,794784f50843cf6e17a418c466141bf69aa58e4db42594e8eb6c9cef3cad896f,26/06/2023 01:58:06,ESCANER
19805,"Alta Verapaz",16,"San Juan Chamelco",10,3030,380,106,0,81,15,1,0,69,14,0,1,0,1,0,288,2,0,290,0,290,--,380,90,288,290,290,Algún campo sin dato,1,92b8c721c3d2d70d3b211f8eea4bd2630e817f64fa9e4c728ac318bcc115e39a,26/06/2023 00:07:28,ESCANER
19806,"Alta Verapaz",16,"San Juan Chamelco",10,3030,236,71,0,54,11,1,0,39,8,0,2,1,0,0,187,2,1,190,0,190,--,236,46,187,190,190,Algún campo sin dato,1,7bab52dd1a449ee401e59773374d507def4735543d4b3d56d91794e2a0f1acae,25/06/2023 23:35:19,ESCANER
19807,"Alta Verapaz",16,"San Juan Chamelco",10,3030,236,72,0,37,10,9,1,40,6,0,0,0,0,0,175,3,3,181,0,181,--,236,55,175,181,181,Algún campo sin dato,1,9aabe6bfc44cd7a2d7e717d4b3173d6ba58789370127f8ac1db985ef1d12bf0a,25/06/2023 22:49:25,ESCANER
19808,"Alta Verapaz",16,"San Juan Chamelco",10,3031,380,94,2,52,13,7,2,105,15,0,1,1,1,1,294,37,12,343,0,343,--,380,37,294,343,343,Algún campo sin dato,1,b6f1ae81c3ebdd84c42776492314079e3774259e4025f6498de5bca70893e298,26/06/2023 00:09:00,ESCANER
19809,"Alta Verapaz",16,"San Juan Chamelco",10,3031,380,95,0,51,17,17,1,75,18,0,2,0,1,2,279,21,11,311,0,311,--,377,66,279,311,311,Algún campo sin dato,1,cc38eae73df1befc8c9b6f2c12f3c9668dd7b245100f927233d72757692ebd3c,26/06/2023 03:21:18,ESCANER
19810,"Alta Verapaz",16,"San Juan Chamelco",10,3032,380,92,2,43,17,8,1,98,16,0,1,0,1,2,281,30,4,315,0,--,2,380,63,281,315,315,Algún campo sin dato,1,40ba28b86dace939de44cb7505c81fc90da02a46431f6b55a762aedb2df32777,26/06/2023 02:42:12,ESCANER
19811,"Alta Verapaz",16,"San Juan Chamelco",10,3032,324,86,2,43,13,13,0,47,14,0,0,0,2,3,223,10,7,240,--,240,--,324,84,223,240,240,Algún campo sin dato,1,1dab4f86078130eed6f256bbd67c6bc9a30c1ffeab2a27592dc07b6cdf8b01e3,26/06/2023 02:24:58,ESCANER
19812,"Alta Verapaz",16,"San Juan Chamelco",10,3032,323,103,0,39,7,9,0,63,4,0,0,0,0,2,227,3,0,230,0,230,--,320,90,227,230,230,Algún campo sin dato,1,7975c916b2c680d4aea10a3100cc80261ae778efdc34785e7de0ad641c1efa33,25/06/2023 23:55:12,ESCANER
19813,"Alta Verapaz",16,"San Juan Chamelco",10,3033,380,92,3,150,1,3,1,3,39,0,1,0,2,0,299,24,4,325,0,325,2,380,55,295,323,323,Sumas Asentadas sin cuadrar,1,1a30c9195cb6080d573af351dd90235f6ec662a4c6f790da6bf4181ac01bd28a,26/06/2023 01:03:11,ESCANER
19814,"Alta Verapaz",16,"San Juan Chamelco",10,3033,380,78,0,134,3,1,1,10,88,0,1,0,3,0,319,11,8,338,0,338,--,380,39,319,338,338,Algún campo sin dato,1,d2a9656f98c199c91ad9ac9726052e6ac3894979c46980a63e9db9207886d1df,26/06/2023 01:11:46,ESCANER
19815,"Alta Verapaz",16,"San Juan Chamelco",10,3033,380,56,1,193,3,2,3,1,47,0,1,0,1,2,310,16,10,336,0,336,--,380,44,310,336,336,Algún campo sin dato,1,b0a710397df19f05bd4ab6523a9ccc2f80663d1d694dd255e5a3b8c6b102680c,26/06/2023 01:19:28,ESCANER
19816,"Alta Verapaz",16,"San Juan Chamelco",10,3034,380,,,,,,,,,,,,,,,,,,,,,,,,,,,0,,,
19817,"Alta Verapaz",16,"San Juan Chamelco",10,3034,380,,,,,,,,,,,,,,,,,,,,,,,,,,,0,,,
19818,"Alta Verapaz",16,"San Juan Chamelco",10,3034,213,51,0,82,0,0,1,4,31,0,0,0,1,0,170,2,1,173,0,173,--,213,40,170,173,173,Algún campo sin dato,1,8316113b10cb17392c4c743bb54a458f53846262d0b3e029920bac639bd43ce5,25/06/2023 23:12:56,ESCANER
19819,"Alta Verapaz",16,"San Juan Chamelco",10,3034,212,38,1,87,1,1,0,1,26,0,0,0,1,0,156,1,3,160,0,160,--,212,52,156,160,160,Algún campo sin dato,1,d6861aca425a61d1cec790f94ce74a7fc3e9fdfa4d1926a179cca9ae388da1f0,25/06/2023 23:28:32,ESCANER
19820,"Alta Verapaz",16,"San Juan Chamelco",10,3035,380,93,2,79,4,5,1,127,8,0,1,0,1,0,321,6,10,337,0,337,--,377,40,321,337,337,Algún campo sin dato,1,34a5bf1213dfd73da39539be0c2d4907ec1f03b7b095776564cdeb4053a1c6bd,26/06/2023 00:37:38,ESCANER
19821,"Alta Verapaz",16,"San Juan Chamelco",10,3035,380,120,1,79,12,2,3,108,8,0,0,0,0,0,333,10,7,350,0,350,--,380,30,333,350,350,Algún campo sin dato,1,125d67774825a2f95f62a530726d4078a4f0ed6b3cf3258279a25892b42e61bb,26/06/2023 00:25:05,ESCANER
19822,"Alta Verapaz",16,"San Juan Chamelco",10,3035,380,104,4,80,10,7,0,109,5,0,0,3,1,0,323,16,5,344,0,344,--,372,28,323,344,344,Algún campo sin dato,1,ddbcc16a4d3ae0c7f59771d7719d60ce965f12058f56b9302007707acb3b650e,26/06/2023 00:14:40,ESCANER
19823,"Alta Verapaz",16,"San Juan Chamelco",10,3035,380,100,0,77,7,4,0,99,5,0,2,1,0,0,295,8,8,311,0,311,--,--,--,295,311,311,Algún campo sin dato,1,60d2074c39939562cfa8faf153261c371f6dbccf10a6c2cbaef3cee037030b2a,26/06/2023 01:57:23,ESCANER
19824,"Alta Verapaz",16,"San Juan Chamelco",10,3035,380,85,1,73,6,3,2,112,4,0,1,1,0,0,288,1,2,291,0,291,--,380,89,288,291,291,Algún campo sin dato,1,fa701c9b6115a13ecc9929012a306523644125a1d6d93f347d02fbb5b3493018,25/06/2023 23:10:06,ESCANER
19825,"Alta Verapaz",16,"San Juan Chamelco",10,3036,211,52,0,40,8,3,0,63,4,0,0,0,1,0,171,2,1,174,0,174,--,211,37,171,174,174,Algún campo sin dato,1,aa36ca9c07d74b4b7b7ae3d0f5f67201bee547a355358a34ebcc2c70854f395d,25/06/2023 23:05:36,ESCANER
19826,"Alta Verapaz",16,"San Juan Chamelco",10,3036,211,57,0,36,7,0,0,61,4,0,0,0,1,0,166,2,0,168,0,168,--,208,40,166,168,168,Algún campo sin dato,1,d1ea5c5065acff1249a37e58daecb8aa5b9acab3a10788f698fc08093f0f447f,26/06/2023 00:14:46,ESCANER
19827,"Alta Verapaz",16,"San Juan Chamelco",10,3037,388,63,0,38,3,4,5,17,11,0,0,1,2,0,144,13,5,162,0,162,--,393,231,144,162,162,Algún campo sin dato,1,26d2365fc93b537770935a7302bbd5ceb0fc722c118b3ecba1e842b836225fc6,26/06/2023 01:21:03,ESCANER