﻿TIPO_DE_ELECCIÓN:,CORPORACIÓN MUNICIPAL
26 junio 2023 03:36 (UTC -6)
ACTAS_ESPERADAS,ACTAS_CAPTURADAS,PORCENTAJE_ACTAS_CAPTURADAS,ACTAS_CONTABILIZADAS,PORCENTAJE_ACTAS_CONTABILIZADAS,ACTAS_NO_CONTABILIZADAS,LISTA_NOMINAL_ACTAS_CONTABILIZADAS,VOTOS_EMITIDOS_CONTABILIZADAS,PORCENTAJE_PARTICIPACIÓN_CIUDADANA
126,126,100.0000,126,100.0000,0,45765,21289,46.5180

MESA,DEPARTAMENTO,ID_DEPARTAMENTO,MUNICIPIO,ID_MUNICIPIO,CENTRO_DE_VOTACIÓN,PADRÓN,UNE,U R N G - MAIZ,AZUL,VAMOS,TODOS,CABAL,VALOR,UNIONISTA,VIVA,CAMBIO,UR,PPN,PR,VÁLIDOS,NULOS,BLANCO,EMITIDOS,INVÁLIDOS,TOTAL,IMPUGNACIONES,PAPELETAS-RECIBIDAS,PAPELETAS-NO-USADAS,VALIDOS_CALCULADO,EMITIDOS_CALCULADO,TOTAL_CALCULADO,OBSERVACIONES,CONTABILIZADA,CÓDIGO_INTEGRIDAD,FECHA_HORA_PUBLICACIÓN,DIGITALIZACIÓN
14982,"Huehuetenango",13,"Chiantla",2,2145,400,47,6,1,80,5,6,19,4,15,0,3,2,0,188,13,8,209,0,209,--,401,192,188,209,209,Algún campo sin dato,1,97abe53e6eddb481012345b3ba1cd61182442c8159c115e3cb067acf337096cf,25/06/2023 21:46:48,ESCANER
14983,"Huehuetenango",13,"Chiantla",2,2145,400,48,3,5,77,3,9,16,5,28,0,1,2,1,198,8,2,208,1,209,--,400,191,198,208,209,Algún campo sin dato,1,76f2f3ae346ee947ed121ae9e6640f687a64dd10f2e6e71698d2499a933774dd,26/06/2023 00:16:11,ESCANER
14984,"Huehuetenango",13,"Chiantla",2,2145,400,36,5,1,65,9,11,25,7,17,1,1,3,0,205,16,8,205,0,205,--,400,195,181,205,205,Sumas Asentadas sin cuadrar,1,803fe26600f800128950cddf709ff4f370d90ab174d663dbf015484417081d1f,26/06/2023 00:10:55,ESCANER
14985,"Huehuetenango",13,"Chiantla",2,2145,400,40,1,6,73,11,11,27,5,27,0,1,1,0,203,14,2,219,0,219,--,400,181,203,219,219,Algún campo sin dato,1,06bff3f3a0aab15161729e6d49c036accb135e60ec3969ae55ecdca0ce7a3442,25/06/2023 23:28:32,ESCANER
14986,"Huehuetenango",13,"Chiantla",2,2146,400,51,2,1,87,5,18,23,5,19,1,1,2,1,216,21,4,241,0,241,--,400,159,216,241,241,Algún campo sin dato,1,a30d030536a3d5a8d18bd1792f766c376dbc55b1005d782502f00f0f153a9e24,25/06/2023 23:38:28,ESCANER
14987,"Huehuetenango",13,"Chiantla",2,2146,400,46,1,2,79,5,12,33,9,20,0,0,1,0,208,12,4,224,0,224,--,400,176,208,224,224,Algún campo sin dato,1,d8f2523090a822b62346b9e7b5048b75ddcbf0aeaa46596943bde0629756c646,25/06/2023 22:30:25,ESCANER
14988,"Huehuetenango",13,"Chiantla",2,2146,400,63,1,2,94,3,12,37,4,30,1,1,1,0,249,12,4,265,0,265,--,400,135,249,265,265,Algún campo sin dato,1,3d427a3f3cc3442f18288dd3c5479b96e111e960595554b95ed3a29ae49907fe,25/06/2023 23:15:05,ESCANER
14989,"Huehuetenango",13,"Chiantla",2,2146,400,52,1,1,69,1,12,36,6,25,0,0,0,0,203,4,2,209,0,209,--,400,191,203,209,209,Algún campo sin dato,1,9b8a97e26655af926c11746cdc6da280cbac3eaa49920dbee446a01ca8c0200d,25/06/2023 23:25:04,ESCANER
14990,"Huehuetenango",13,"Chiantla",2,2147,400,38,2,4,71,3,8,34,3,7,1,2,2,1,176,11,0,187,0,187,--,400,213,176,187,187,Algún campo sin dato,1,2075b0643e5c99e8e12e68b25336bb65791facafdd1eedebbfbf730d3b04097e,25/06/2023 23:19:35,ESCANER
14991,"Huehuetenango",13,"Chiantla",2,2147,400,58,3,9,73,2,14,31,3,22,1,5,0,0,221,3,0,224,0,224,--,400,176,221,224,224,Algún campo sin dato,1,2130fc06c5f2d1337e4929ed4f6224c67477e8f0b70a04b59671aaf79a26a265,25/06/2023 22:35:33,ESCANER
14992,"Huehuetenango",13,"Chiantla",2,2147,400,54,2,3,78,1,11,29,7,20,0,1,3,0,209,10,0,219,0,219,--,400,181,209,219,219,Algún campo sin dato,1,ecfe08448bea9ed77e49c05a0ad3040f10a6a08a1a98006070ed1253b7a4b2dd,26/06/2023 00:20:33,ESCANER
14993,"Huehuetenango",13,"Chiantla",2,2147,400,42,2,2,75,2,11,28,3,29,0,6,0,0,200,10,2,212,0,212,--,400,188,200,212,212,Algún campo sin dato,1,042ac4a549cd9813a3c98fa9814046240d4cfe767d331ee6e5319d1b91573a72,25/06/2023 23:29:04,ESCANER
14994,"Huehuetenango",13,"Chiantla",2,2147,400,61,3,1,100,2,6,32,3,30,1,2,0,0,241,5,0,246,0,246,--,400,154,241,246,246,Algún campo sin dato,1,2a62beac468b8e7a3a76c7909f33b101c46d3f499560ee7b00f9a51c619b7c31,26/06/2023 00:03:44,ESCANER
14995,"Huehuetenango",13,"Chiantla",2,2148,400,42,3,4,84,5,8,28,4,10,0,6,2,0,196,13,4,213,1,214,0,396,182,196,213,214,,1,38dea073eb1cf36dc257dfc4020191fc955c1a471f869bd03cf6b797ce3d19b1,26/06/2023 01:25:15,ESCANER
14996,"Huehuetenango",13,"Chiantla",2,2148,400,40,0,0,87,1,7,30,6,13,0,1,1,0,186,9,0,195,0,195,--,400,205,186,195,195,Algún campo sin dato,1,5595ba2d603499b77b2a61ce0eb48459243002d052e9a3b3f27ad94e144e20e6,26/06/2023 00:02:32,ESCANER
14997,"Huehuetenango",13,"Chiantla",2,2148,400,38,1,3,68,3,9,25,3,21,0,2,0,0,173,13,4,190,0,190,--,400,210,173,190,190,Algún campo sin dato,1,897323ee0a46c4450813dfe0f0017a83ba01520ee6c8c5ddacdf753dd8b704c7,26/06/2023 00:14:24,ESCANER
14998,"Huehuetenango",13,"Chiantla",2,2148,400,28,1,2,58,4,7,36,6,15,0,2,1,0,160,15,0,175,0,175,--,400,225,160,175,175,Algún campo sin dato,1,04de89ad5b73fc1491c7dd01bfd6d8656e4f84f93e2275f617d8bf729511e67a,25/06/2023 23:08:49,ESCANER
14999,"Huehuetenango",13,"Chiantla",2,2148,400,24,2,0,81,3,9,26,8,11,0,4,0,0,168,10,2,180,0,180,--,400,220,168,180,180,Algún campo sin dato,1,142fbe88393e619bcb919c974f94cdc1f82a8a9b2b940c4ea5038630c104905a,25/06/2023 23:27:44,ESCANER
15000,"Huehuetenango",13,"Chiantla",2,2148,400,37,1,4,72,4,10,31,2,18,0,1,2,0,182,8,1,191,0,191,--,400,209,182,191,191,Algún campo sin dato,1,a38d5581743add6aaa6a70c04418d3284e1bcb71335121d82efc07ffeacb593c,26/06/2023 00:20:47,ESCANER
15001,"Huehuetenango",13,"Chiantla",2,2149,368,20,1,1,55,3,12,23,3,13,0,1,2,0,134,2,0,136,1,137,--,365,228,134,136,137,Algún campo sin dato,1,7cf2550395b5667066a814e22b5fa7a0a39869d35500aabce6e7c2f204c2287f,25/06/2023 23:07:50,ESCANER
15002,"Huehuetenango",13,"Chiantla",2,2149,368,27,1,2,47,5,4,28,3,14,0,1,2,0,134,2,0,136,5,141,--,368,227,134,136,141,Algún campo sin dato,1,8e0a3a480b720d607eb412ccd3e64e902fbc01bb2f6d44f034a3c2b753fd8143,26/06/2023 00:15:21,ESCANER
15003,"Huehuetenango",13,"Chiantla",2,2150,400,32,4,2,51,11,5,27,0,7,0,0,0,0,139,15,8,162,0,162,--,400,238,139,162,162,Algún campo sin dato,1,555531f7b6edca9791fbfc1c133a99767e0d8327a6e0b2fb4ceba7def5917f10,25/06/2023 23:30:08,ESCANER
15004,"Huehuetenango",13,"Chiantla",2,2150,400,33,6,0,56,11,6,27,1,9,0,1,0,0,150,14,3,167,0,167,--,400,233,150,167,167,Algún campo sin dato,1,b00ca25a595e6c7b64403fbd59bf1b6701d2fc847a8367564a5753a764f4ed65,26/06/2023 00:40:01,ESCANER
15005,"Huehuetenango",13,"Chiantla",2,2150,400,35,2,1,58,6,8,18,3,15,0,1,0,0,147,10,8,165,0,165,0,396,231,147,165,165,,1,cee02a0cc0c61267e8773d7f74ee78743f6b7308feed824e65d4f1df05d28502,26/06/2023 01:03:36,ESCANER
15006,"Huehuetenango",13,"Chiantla",2,2150,281,28,1,1,46,2,1,16,2,5,0,0,0,0,102,4,4,110,0,110,--,281,171,102,110,110,Algún campo sin dato,1,a3f71f786fdf54e2e0e35055c02359a6170689ca218dd9de407ca76d5772c04b,25/06/2023 23:56:06,ESCANER
15007,"Huehuetenango",13,"Chiantla",2,2150,280,15,2,0,31,6,4,15,0,8,0,1,0,0,82,1,0,83,0,83,--,280,197,82,83,83,Algún campo sin dato,1,4d885d89ba857f59f8e9f21c2b8862b6602d78afb65a7b994e0b3a258540ff5a,26/06/2023 00:48:45,ESCANER
15008,"Huehuetenango",13,"Chiantla",2,2151,400,45,5,1,52,10,10,32,3,19,0,1,1,0,179,29,2,210,0,210,--,400,190,179,210,210,Algún campo sin dato,1,73a59ffdc47fd223609a202f6e339d3630a575e673e9400f2bf276f7450e6a39,26/06/2023 01:01:44,ESCANER
15009,"Huehuetenango",13,"Chiantla",2,2151,400,40,1,1,54,7,18,34,10,17,0,1,0,0,183,18,13,214,0,214,--,400,186,183,214,214,Algún campo sin dato,1,37bdd14ffb12fb0a19bbd09794e63a0d08a98cf67263127c96ea49cecd508d17,25/06/2023 23:29:41,ESCANER
15010,"Huehuetenango",13,"Chiantla",2,2151,400,47,1,4,56,4,11,44,2,15,0,0,2,1,187,14,2,203,0,203,--,400,197,187,203,203,Algún campo sin dato,1,2e8d0819ab1d72aecb539c9a13c17cb731c0b50b8cea27c59a575e3c3bfdc9f6,25/06/2023 23:11:15,ESCANER
15011,"Huehuetenango",13,"Chiantla",2,2151,400,51,2,1,52,3,11,38,7,18,1,0,1,0,185,21,3,209,1,210,--,400,190,185,209,210,Algún campo sin dato,1,176ddb318a8e61dfa3ab88e4d2b4aac760a97b72093fac68aaaf7537ba5b01a8,26/06/2023 00:32:15,ESCANER
15012,"Huehuetenango",13,"Chiantla",2,2151,400,26,1,4,43,2,12,31,4,8,3,0,0,1,135,22,5,162,0,162,--,400,238,135,162,162,Algún campo sin dato,1,f22a2a61a8ddce3d98deb1b138eb6da95dfc6f1e7425d034e1b8efd701b62c11,26/06/2023 00:48:25,ESCANER
15013,"Huehuetenango",13,"Chiantla",2,2151,256,22,2,1,34,2,8,24,7,3,0,0,0,5,108,5,0,113,0,113,--,256,143,108,113,113,Algún campo sin dato,1,c961913bc6819874c527d33dfe583ee24e8097f16eebb3fdc9641127b5200905,25/06/2023 22:44:32,ESCANER
15014,"Huehuetenango",13,"Chiantla",2,2151,256,12,0,0,47,0,7,17,0,5,2,1,1,0,92,4,1,97,0,97,--,256,159,92,97,97,Algún campo sin dato,1,885c36e639978fd63dadb25b0f96c2101759c0c8a3fbab6d09aa991dd0653767,25/06/2023 21:31:16,ESCANER
15015,"Huehuetenango",13,"Chiantla",2,2152,380,26,7,5,103,11,9,5,0,4,0,1,4,0,175,24,9,208,0,208,--,380,172,175,208,208,Algún campo sin dato,1,48ba7098dccb8eeaa86dd0db76719556190d8a006bd20f83c0aa2baed7f77222,26/06/2023 01:36:12,ESCANER
15016,"Huehuetenango",13,"Chiantla",2,2152,380,39,2,5,97,9,13,12,0,6,0,0,0,0,183,25,6,214,0,214,--,380,166,183,214,214,Algún campo sin dato,1,6a6cbf214963a19f9132271a093a98c717131ed955742647b5957cd1246058b7,25/06/2023 23:58:19,ESCANER
15017,"Huehuetenango",13,"Chiantla",2,2152,380,33,4,4,107,16,11,8,0,6,0,0,1,2,192,27,8,227,0,227,--,380,153,192,227,227,Algún campo sin dato,1,1075daf8c35d64e23a999e42179264d0a855707a4747634fe6e9a5b9cb5b59ef,26/06/2023 00:06:11,ESCANER
15018,"Huehuetenango",13,"Chiantla",2,2153,380,19,2,3,88,4,17,8,0,6,0,0,3,0,150,22,6,178,0,178,0,380,202,150,178,178,,1,47adb085de2e504675a1f06d6939e9c55c2c01f1e968ce969d42835f1625cfdc,26/06/2023 00:33:03,ESCANER
15019,"Huehuetenango",13,"Chiantla",2,2153,380,24,8,9,90,5,18,6,1,6,0,0,1,0,168,23,13,204,0,204,--,380,176,168,204,204,Algún campo sin dato,1,472f72b76f2b0a92111c5c30908092c739e9806aeb52d6df63bc189afab6d400,26/06/2023 01:58:27,ESCANER
15020,"Huehuetenango",13,"Chiantla",2,2153,380,23,2,2,100,7,11,4,0,6,0,1,0,0,156,10,6,172,0,172,--,380,208,156,172,172,Algún campo sin dato,1,5e2ef9ec2beadbb9ce416e5eae9a0df0d851d31467b8d00003e0dab1940f3b66,25/06/2023 23:51:40,ESCANER
15021,"Huehuetenango",13,"Chiantla",2,2154,332,20,2,0,99,5,15,2,0,3,0,0,2,0,148,8,2,158,0,158,--,332,174,148,158,158,Algún campo sin dato,1,1d6bc1e853fb3eeaf0fc71bc907c6957d5fc9c3d9be9cc325ed3b33b1202d444,25/06/2023 23:19:10,ESCANER
15022,"Huehuetenango",13,"Chiantla",2,2154,332,21,0,0,87,4,12,3,1,0,0,0,1,0,129,7,4,140,0,140,--,332,192,129,140,140,Algún campo sin dato,1,48a1d064de5249a8649f3c0d208c1c426f3a8efe445a51c273c850b978aea9ca,26/06/2023 00:31:14,ESCANER
15023,"Huehuetenango",13,"Chiantla",2,2155,380,64,3,2,36,8,10,31,2,2,1,0,0,1,160,19,7,186,0,186,--,380,194,160,186,186,Algún campo sin dato,1,f7e8b56cd035b5956721cceef52545d2ae2ab922c5de75dc9a32728f09fe1f59,26/06/2023 01:07:02,ESCANER
15024,"Huehuetenango",13,"Chiantla",2,2155,380,80,5,1,31,2,10,36,1,5,0,1,1,0,173,34,8,215,0,215,--,379,164,173,215,215,Algún campo sin dato,1,8e5177c8210e8aab1cea522b2a3c8d815f60e67cdad73b72d33cb5580675b683,26/06/2023 01:19:41,ESCANER
15025,"Huehuetenango",13,"Chiantla",2,2155,380,70,4,9,44,2,5,28,0,3,0,1,1,0,167,24,6,197,0,197,--,380,183,167,197,197,Algún campo sin dato,1,fcc3e819ca8afaafc738b2834674a6c474fee7c4bbbe4ba8aeca79826076a190,26/06/2023 01:24:25,ESCANER
15026,"Huehuetenango",13,"Chiantla",2,2155,380,40,2,3,26,1,7,30,0,5,1,1,0,0,116,18,13,147,0,147,--,380,233,116,147,147,Algún campo sin dato,1,363060730dfcfeeb7cd0378d7fac8190d04f899e8da71c450bb264418ff4f599,26/06/2023 00:07:15,ESCANER
15027,"Huehuetenango",13,"Chiantla",2,2155,199,16,0,0,19,4,5,15,0,2,0,0,0,0,61,5,0,66,0,66,--,199,133,61,66,66,Algún campo sin dato,1,9be8a7d1dcb0ff4e43ea81191c797023c4e308149a2a606abc2d4c1f2b04fef8,25/06/2023 22:35:40,ESCANER
15028,"Huehuetenango",13,"Chiantla",2,2155,198,23,2,0,13,0,4,18,0,2,0,0,0,0,62,11,2,75,0,75,--,198,123,62,75,75,Algún campo sin dato,1,81747de3c86299e21b347a92bc311b87f3b643ccdb6b3728c23b0cb45372132c,26/06/2023 00:26:29,ESCANER
15029,"Huehuetenango",13,"Chiantla",2,2156,380,39,5,3,56,11,17,36,1,1,0,1,1,3,174,22,10,206,0,206,--,362,156,174,206,206,Algún campo sin dato,1,bf805bcb502dfe516bd4e5ecf885c89f8473fdd4f052c240c3cc3c9fdb0253cc,25/06/2023 23:38:03,ESCANER
15030,"Huehuetenango",13,"Chiantla",2,2156,380,55,4,1,55,4,4,26,0,3,0,1,1,0,154,25,7,186,0,186,--,379,193,154,186,186,Algún campo sin dato,1,842113b8277aa6f90043b2d216ecb5e0c13738b1f535e18ad5a1918ac3fb5fe2,25/06/2023 23:23:51,ESCANER
15031,"Huehuetenango",13,"Chiantla",2,2156,380,55,3,2,60,6,4,35,1,1,0,1,0,0,168,24,7,199,0,199,--,380,181,168,199,199,Algún campo sin dato,1,84c033cf548b80d08d314372beb78dde35066c227d54e9d2c25504d065f7a6df,26/06/2023 01:58:41,ESCANER
15032,"Huehuetenango",13,"Chiantla",2,2156,295,39,2,0,32,3,4,18,0,3,0,0,0,0,101,15,2,118,0,118,--,295,177,101,118,118,Algún campo sin dato,1,7ff7ead6d934117c4bdf66d7935b257b4f99da98353f75d10511f2d1875a90b2,26/06/2023 00:04:58,ESCANER
15033,"Huehuetenango",13,"Chiantla",2,2156,295,27,1,1,41,4,5,20,3,0,0,0,0,1,103,12,3,118,0,118,0,295,177,103,118,118,,1,f0a58b10921cdaf9dabad03d38b177cf6cff381bd07370ce16e5767dac76f543,25/06/2023 23:01:29,ESCANER
15034,"Huehuetenango",13,"Chiantla",2,2157,380,33,0,6,81,11,3,22,1,12,0,1,3,0,173,23,14,210,0,210,--,380,170,173,210,210,Algún campo sin dato,1,3b824b5c2de48e840c424b3e16de99af45c4145ac6b752ea35d7eaeb7fa8703f,25/06/2023 23:33:59,ESCANER
15035,"Huehuetenango",13,"Chiantla",2,2157,380,33,7,3,48,14,4,41,2,9,0,2,0,0,163,13,7,183,0,183,--,380,197,163,183,183,Algún campo sin dato,1,aae3adccbc8688c1f48389e14afb6b0afbbe8b1e8a50c619d868a2a4b482f203,25/06/2023 22:57:56,ESCANER
15036,"Huehuetenango",13,"Chiantla",2,2157,286,10,0,2,42,11,3,13,1,6,0,1,0,0,89,11,3,103,0,103,--,286,183,89,103,103,Algún campo sin dato,1,28cfeb8d6d711be1038df8e805eb5f46fd07beea00085d1a40a48fbbcb4eb159,25/06/2023 23:15:37,ESCANER
15037,"Huehuetenango",13,"Chiantla",2,2157,286,14,0,0,32,6,1,21,2,1,0,1,2,0,80,11,0,91,0,91,--,286,195,80,91,91,Algún campo sin dato,1,e5dccc3a790837dee13cdee1114eafd17f176aeec8bb6e32db99bee37b094c22,25/06/2023 22:51:13,ESCANER
15038,"Huehuetenango",13,"Chiantla",2,2158,380,36,6,1,76,15,3,19,1,8,0,0,0,0,165,31,15,211,0,211,--,396,185,165,211,211,Algún campo sin dato,1,8bab04a5e34569581af461ab6f2fa7866624dee781311ff15dd1e4511b8cc081,25/06/2023 23:46:32,ESCANER
15039,"Huehuetenango",13,"Chiantla",2,2158,380,52,3,9,81,12,6,17,2,5,1,2,1,1,192,24,9,225,1,226,--,380,154,192,225,226,Algún campo sin dato,1,1c1e439e33cdcf10f085b38bdc77a352dc040873b9fc5b8c62de433a2c057565,26/06/2023 01:22:47,ESCANER
15040,"Huehuetenango",13,"Chiantla",2,2158,380,52,8,8,84,8,4,15,2,5,1,1,0,1,189,27,8,224,0,224,--,280,156,189,224,224,Algún campo sin dato,1,21cc268fc89ca90ef16cc6b17a6ac27353d9d69894b8686feca554fcfbf0ccf8,26/06/2023 02:23:37,ESCANER
15041,"Huehuetenango",13,"Chiantla",2,2158,380,60,7,3,91,13,4,13,0,5,0,1,1,0,198,20,10,228,0,228,--,380,152,198,228,228,Algún campo sin dato,1,c5d5d3ceb8e5a380d794b81b242844ca35dc5ab325b650aa8e9906dd9dabaedf,26/06/2023 00:57:51,ESCANER
15042,"Huehuetenango",13,"Chiantla",2,2158,380,41,4,2,68,13,3,14,3,14,1,0,0,0,163,23,8,194,0,194,--,380,186,163,194,194,Algún campo sin dato,1,9428af129d5b8203d42043d1ffc953f1d619e1ffe09e2d3808c16cfc6e028b72,26/06/2023 00:05:08,ESCANER
15043,"Huehuetenango",13,"Chiantla",2,2158,380,38,5,1,70,11,1,15,1,7,0,0,1,0,150,23,9,182,0,182,--,380,198,150,182,182,Algún campo sin dato,1,d1acf586e1cc7e9b2f7fc0ed0c8f95c84c4f03538103a936e371b8e60d8e3b0b,25/06/2023 23:09:22,ESCANER
15044,"Huehuetenango",13,"Chiantla",2,2158,380,43,8,4,60,13,2,8,3,20,0,0,0,1,162,19,4,185,0,185,--,380,195,162,185,185,Algún campo sin dato,1,d1a81832ae41e63ae0cf4e7bc8157e19e748375f9138a6a01ec1bdb62d014ccb,26/06/2023 02:15:02,ESCANER
15045,"Huehuetenango",13,"Chiantla",2,2158,380,38,6,1,69,5,7,10,0,10,0,0,1,0,147,29,10,186,0,186,--,380,194,147,186,186,Algún campo sin dato,1,18e0c2cf5b27f086f09bf2f04f941d20f88ae7222e4615a2023dda480cfd8dc9,26/06/2023 02:34:45,ESCANER
15046,"Huehuetenango",13,"Chiantla",2,2158,380,44,1,2,78,6,6,10,0,5,0,0,0,1,153,7,2,162,1,163,--,380,217,153,162,163,Algún campo sin dato,1,6b37dd4d77ed8093cafd7600f8dab0971c6543c17efc5f91e26b367560a6a528,26/06/2023 01:39:39,ESCANER
15047,"Huehuetenango",13,"Chiantla",2,2158,380,38,2,2,84,9,6,8,0,3,2,1,0,0,155,13,4,172,0,172,--,380,208,155,172,172,Algún campo sin dato,1,3fffe2e1d073e0547e99a46926ecb2a391dbec0dde93033eaf264b08bdfcf5df,25/06/2023 22:39:39,ESCANER
15048,"Huehuetenango",13,"Chiantla",2,2158,262,24,2,1,59,5,2,5,0,2,0,0,1,0,101,9,6,116,0,116,--,262,146,101,116,116,Algún campo sin dato,1,fd14ef90b62122184e37fa59839ad0d702d90b6748415b7708bf67e7204292e0,25/06/2023 21:47:20,ESCANER
15049,"Huehuetenango",13,"Chiantla",2,2158,262,22,2,1,63,2,4,6,0,7,0,0,0,0,107,9,2,--,--,118,--,262,144,107,118,118,Algún campo sin dato,1,5af0d76029639ece490f4dec400d54a1fd85f43a70be933cc6d1deb5ba912d27,25/06/2023 23:30:53,ESCANER
15050,"Huehuetenango",13,"Chiantla",2,2159,380,36,1,7,76,10,9,22,0,6,0,1,2,0,170,27,6,203,0,203,--,380,177,170,203,203,Algún campo sin dato,1,a797689669436bc27e898ee36cefa4ecfcbadbb7445ca5c13604d869c9c31100,26/06/2023 01:33:02,ESCANER
15051,"Huehuetenango",13,"Chiantla",2,2159,380,42,0,9,68,4,12,10,0,9,0,0,0,1,155,29,10,194,0,194,--,380,186,155,194,194,Algún campo sin dato,1,a4d618ab908915eff0fa8a341405531585670116ca2a4f8d7072bf5b53383c99,26/06/2023 00:06:09,ESCANER
15052,"Huehuetenango",13,"Chiantla",2,2159,380,58,2,12,70,4,10,16,0,10,1,0,1,0,184,31,7,222,0,222,--,376,154,184,222,222,Algún campo sin dato,1,1fd498b4d32516292b962401238cf4aa7df227fef087091a3fd4cf3dbcadcf82,26/06/2023 00:35:22,ESCANER
15053,"Huehuetenango",13,"Chiantla",2,2159,380,52,2,6,85,1,9,16,5,9,1,0,0,2,188,28,8,224,0,224,--,381,157,188,224,224,Algún campo sin dato,1,532f9a0e9dbbb64748726f2e357d30525a23b257eba92dd3a20bd437b7a7cdaf,26/06/2023 00:16:46,ESCANER
15054,"Huehuetenango",13,"Chiantla",2,2159,380,39,0,7,93,1,12,17,1,12,0,0,0,1,183,20,7,210,0,210,--,380,170,183,210,210,Algún campo sin dato,1,15cd7123d5c27ed746c76ae8a74d549d8c8be22d10461cd2f64960732c7dbe06,26/06/2023 00:45:44,ESCANER
15055,"Huehuetenango",13,"Chiantla",2,2159,380,26,2,4,82,2,5,22,0,4,0,1,0,0,148,26,9,183,0,183,--,380,197,148,183,183,Algún campo sin dato,1,166ff030680a6c13e38cdffd96b2fc65110f9af6bab5e507e20eec9350091e76,26/06/2023 01:56:05,ESCANER
15056,"Huehuetenango",13,"Chiantla",2,2159,380,41,3,4,88,2,4,14,0,3,0,1,0,0,160,24,9,193,0,193,--,380,187,160,193,193,Algún campo sin dato,1,3ea2a7a03c8b029167b9d2cf2a672bafecd00de710f0546473029365f87e78be,26/06/2023 00:01:23,ESCANER
15057,"Huehuetenango",13,"Chiantla",2,2159,380,24,0,8,81,3,8,7,1,5,0,1,1,6,145,19,11,175,0,175,--,380,205,145,175,175,Algún campo sin dato,1,d631bf47389d5fdc68515e673db0aeef3994d57b0d4848c7197379f57011d84b,26/06/2023 00:29:41,ESCANER
15058,"Huehuetenango",13,"Chiantla",2,2159,380,32,0,2,69,3,11,9,1,1,0,0,4,5,137,16,4,157,0,157,--,380,223,137,157,157,Algún campo sin dato,1,66f6c4f9eba118eacdcb19e76aa5bcf4536d53baee425d9d975620b579323a62,26/06/2023 00:23:51,ESCANER
15059,"Huehuetenango",13,"Chiantla",2,2159,380,39,0,4,77,4,11,9,1,3,0,0,0,2,150,18,12,180,1,181,--,380,199,150,180,181,Algún campo sin dato,1,37422f3f18454ebe10c28a8bae8b671b807993aa208bd1bd7f2dd1cca9a2976c,26/06/2023 01:12:31,ESCANER
15060,"Huehuetenango",13,"Chiantla",2,2160,328,16,0,2,65,2,6,7,0,0,0,0,0,2,100,13,3,116,0,116,--,328,212,100,116,116,Algún campo sin dato,1,ef806cc4895ecd4db407774d6b5f53f738b868f5227e1e0779eb9383d7c05675,25/06/2023 21:58:24,ESCANER
15061,"Huehuetenango",13,"Chiantla",2,2160,327,37,1,4,59,0,3,6,0,2,0,0,0,2,114,21,6,141,0,141,--,327,186,114,141,141,Algún campo sin dato,1,df972629a3814a519965eb5209128401c1340af7712344403db3238744c05a2a,26/06/2023 01:25:25,ESCANER
15062,"Huehuetenango",13,"Chiantla",2,2161,380,11,1,1,85,10,5,10,0,2,0,1,0,0,126,19,3,148,0,148,--,380,232,126,148,148,Algún campo sin dato,1,9277bcd6f90ffc702fcce9ed609072cfcba2623aedcbf7b8a80eb844d6894598,25/06/2023 23:04:54,ESCANER
15063,"Huehuetenango",13,"Chiantla",2,2161,380,20,2,9,84,16,6,9,0,7,1,1,0,0,155,23,9,187,0,187,--,380,193,155,187,187,Algún campo sin dato,1,a59a5ae021909b5cbbcdbe0f5dd8a68a81d45d460cccf441803f8abc9c10b9b2,25/06/2023 23:36:01,ESCANER
15064,"Huehuetenango",13,"Chiantla",2,2161,380,13,2,2,63,7,4,10,0,1,0,0,1,0,103,12,6,121,0,121,--,380,259,103,121,121,Algún campo sin dato,1,e6630dfd9e5835d2faa42a892ded89a225ae3c483651285c2b0ddc733eb5e7c2,25/06/2023 22:33:51,ESCANER
15065,"Huehuetenango",13,"Chiantla",2,2161,380,18,1,3,62,9,5,9,1,6,0,1,0,0,115,8,5,128,0,128,--,376,248,115,128,128,Algún campo sin dato,1,9df5f06afaa5bbeeafba4361e403f28a16367e714fc4710ffb614a8048cc9ee6,25/06/2023 22:07:40,ESCANER
15066,"Huehuetenango",13,"Chiantla",2,2161,312,7,0,4,36,6,5,4,0,2,0,0,0,0,64,9,7,80,0,80,--,312,232,64,80,80,Algún campo sin dato,1,9c05a1f6ec180703455cb58188a83e7e81fbb93dfe283814500e30434cd62b65,25/06/2023 22:23:48,ESCANER
15067,"Huehuetenango",13,"Chiantla",2,2161,311,9,1,1,49,6,6,5,0,2,0,0,0,0,79,8,3,90,0,90,--,311,221,79,90,90,Algún campo sin dato,1,1f94f67594b4f2587b60a7ce691087fbf4335cf3f184bb33181c162164c35122,25/06/2023 21:29:23,ESCANER
15068,"Huehuetenango",13,"Chiantla",2,2162,380,44,0,3,86,6,4,8,1,3,0,0,1,0,156,20,5,181,0,181,--,380,199,156,181,181,Algún campo sin dato,1,0cda4bf9de4f67125525f2a6a11da417be4c32bf6e5dfc38233f4f42499c6bcc,26/06/2023 00:14:44,ESCANER
15069,"Huehuetenango",13,"Chiantla",2,2162,380,65,2,1,101,5,5,6,1,2,0,0,0,0,188,9,11,208,0,208,--,380,172,188,208,208,Algún campo sin dato,1,34d2fed1f18854924c6fc48f0a233159f6579041b18e1ea38a740a9d7daf62b3,26/06/2023 00:10:06,ESCANER
15070,"Huehuetenango",13,"Chiantla",2,2162,380,47,1,1,73,5,2,5,1,1,0,0,0,0,136,19,8,163,0,163,--,380,217,136,163,163,Algún campo sin dato,1,3c4de49d73127f874a31e7d78cc74e12180159209e28cf7762e187c9c8fe613a,26/06/2023 00:22:58,ESCANER
15071,"Huehuetenango",13,"Chiantla",2,2162,380,46,0,3,72,5,3,12,0,1,0,0,0,0,142,28,5,175,0,175,--,380,205,142,175,175,Algún campo sin dato,1,c75fb90c238a105dad658ff5ca1d7da60156b94db507ff4c174b74d9a8f0dac7,25/06/2023 22:49:46,ESCANER
15072,"Huehuetenango",13,"Chiantla",2,2162,380,38,1,2,64,2,1,12,0,1,0,0,2,0,123,14,12,149,0,149,--,380,231,123,149,149,Algún campo sin dato,1,a59e363eade93b1dffb91fd34284538459c97563e3f233b0b593b7c5b180e3a8,26/06/2023 00:31:25,ESCANER
15073,"Huehuetenango",13,"Chiantla",2,2163,380,30,0,0,80,4,0,11,3,0,0,0,0,0,128,9,2,139,0,139,--,380,241,128,139,139,Algún campo sin dato,1,a47bf17227d3cd57adc21a4bb054156bd3d836875752ef4b4f0b57e5aae9e115,26/06/2023 01:11:21,ESCANER
15074,"Huehuetenango",13,"Chiantla",2,2163,196,17,0,0,27,1,1,6,0,2,0,0,0,0,54,1,0,55,0,55,--,196,141,54,55,55,Algún campo sin dato,1,284e77169df1c3bd270c0085b64dcda404acb62e48a4386d116079c5e75a7610,26/06/2023 00:02:05,ESCANER
15075,"Huehuetenango",13,"Chiantla",2,2163,195,12,0,1,37,3,0,4,0,0,0,0,0,0,57,5,1,63,0,63,--,195,132,57,63,63,Algún campo sin dato,1,3f55650fb7920641f381113e8d6e04fc742132eeaeb13c7e3f26a532212ec4b0,25/06/2023 23:38:25,ESCANER
15076,"Huehuetenango",13,"Chiantla",2,2164,380,53,1,2,87,5,6,8,1,3,0,0,1,2,169,27,7,203,0,203,--,380,177,169,203,203,Algún campo sin dato,1,782bcc4a5f9476eaeed67c5c3b3c1f54a7bf194f9997d0800f1d0a833ad89b76,25/06/2023 23:43:52,ESCANER
15077,"Huehuetenango",13,"Chiantla",2,2164,380,44,3,0,86,4,11,10,2,2,0,1,0,0,163,20,6,189,0,189,--,380,191,163,189,189,Algún campo sin dato,1,def48c01aa5d53382e337d3941ff2c227a66278b08f98cc3e2e8a2fcd92d1196,25/06/2023 21:29:15,ESCANER
15078,"Huehuetenango",13,"Chiantla",2,2164,380,58,2,3,80,6,8,17,1,5,0,1,1,0,182,22,5,209,1,210,--,380,170,182,209,210,Algún campo sin dato,1,dc18c756eccd853eaefd456e320dcb3779b12f249a0b67b7cc1115608fd6f00a,25/06/2023 23:16:15,ESCANER
15079,"Huehuetenango",13,"Chiantla",2,2164,380,40,1,1,86,5,7,7,0,4,1,2,0,2,156,39,10,205,0,205,--,380,175,156,205,205,Algún campo sin dato,1,a5ba948d3a89ae79a9a400bf763ea8130ec231ab608440be60ad93f5d74d71b1,25/06/2023 22:18:04,ESCANER
15080,"Huehuetenango",13,"Chiantla",2,2164,374,35,1,0,77,4,4,21,1,2,0,1,0,0,146,16,7,169,0,169,--,371,202,146,169,169,Algún campo sin dato,1,cfd5c155908953fb0d134ed5e04a589a41325150d9e7620164f0d6f58e1e5d3c,25/06/2023 23:19:09,ESCANER
15081,"Huehuetenango",13,"Chiantla",2,2164,374,34,0,0,109,7,7,11,2,4,0,0,0,0,174,11,0,185,0,185,--,374,189,174,185,185,Algún campo sin dato,1,82f4ccbeb1d9914c5f0c79742b42cfa0d489fa82fd334d8726d3b3b2451c7779,25/06/2023 22:16:07,ESCANER
15082,"Huehuetenango",13,"Chiantla",2,2165,380,46,3,2,86,3,4,11,6,7,2,0,1,0,171,33,5,209,0,209,--,380,171,171,209,209,Algún campo sin dato,1,79a05d02f8a727a756f46fdbf89ddc0433dcc5d02af392ff934db09861aad52a,26/06/2023 01:01:52,ESCANER
15083,"Huehuetenango",13,"Chiantla",2,2165,380,41,5,5,84,7,7,16,3,4,0,0,0,1,173,9,0,182,0,182,--,380,198,173,182,182,Algún campo sin dato,1,867eb708113a7fc076fcda32269d900d02992043290e6f3efc491bac348b8a1d,26/06/2023 00:59:07,ESCANER
15084,"Huehuetenango",13,"Chiantla",2,2165,333,29,6,0,65,3,2,19,1,3,1,0,0,0,129,13,7,149,0,149,--,33,184,129,149,149,Algún campo sin dato,1,d9a55ba69dd3be50fc133cedd394b732dec0842965d8187818af80bc42d5bdb3,26/06/2023 00:00:35,ESCANER
15085,"Huehuetenango",13,"Chiantla",2,2165,332,16,1,0,62,2,1,10,1,2,0,0,0,0,95,8,0,103,0,103,--,332,229,95,103,103,Algún campo sin dato,1,814fb1cf84e87bcbe5e10a3c56813d99ee3bb8dfc28a5c43b5cac4e2be88b31b,25/06/2023 22:41:29,ESCANER
15086,"Huehuetenango",13,"Chiantla",2,2166,380,46,0,1,82,1,6,5,2,3,0,0,2,1,149,29,5,183,0,183,--,380,197,149,183,183,Algún campo sin dato,1,b433e585252fb03a4a59a758f5af3d3cb737f0463921a6aa6aae6936a0c8247e,25/06/2023 23:35:41,ESCANER
15087,"Huehuetenango",13,"Chiantla",2,2166,275,20,0,0,53,0,5,7,0,2,0,0,2,1,90,12,5,107,0,107,--,275,168,90,107,107,Algún campo sin dato,1,f42734acaf000eaef33958c9babe5183b44435806cc51c5a162fb354f180d45f,25/06/2023 23:03:00,ESCANER
15088,"Huehuetenango",13,"Chiantla",2,2166,274,29,0,1,57,0,2,3,0,1,0,0,0,0,93,9,0,102,0,102,--,274,172,93,102,102,Algún campo sin dato,1,2f04cb82181362d89dd0ca50fd7dc5fbd8d17327531fa3ac6a68b46c04a1acbe,25/06/2023 22:22:29,ESCANER
15089,"Huehuetenango",13,"Chiantla",2,2167,380,45,0,6,69,12,22,2,0,2,1,0,0,0,159,41,14,214,0,214,--,380,166,159,214,214,Algún campo sin dato,1,673528a4f28dfc41112ae81482eb9d4f1d26df6635cfcb331adfaa15800310e0,26/06/2023 00:00:21,ESCANER
15090,"Huehuetenango",13,"Chiantla",2,2167,380,39,2,5,60,10,26,4,0,4,0,0,3,2,155,20,16,191,0,191,--,380,189,155,191,191,Algún campo sin dato,1,37fc6e4e03eefe7d3dafa8e24868a34b60615c3ffd2d382e889dbb4432dcee71,25/06/2023 23:41:55,ESCANER
15091,"Huehuetenango",13,"Chiantla",2,2167,380,31,1,2,79,10,19,3,0,1,0,0,1,0,147,22,12,181,0,181,--,380,199,147,181,181,Algún campo sin dato,1,6c1f2be2777abc124a34411134608e11868039ca4806912a7448c72d51d98c1d,26/06/2023 00:32:07,ESCANER
15092,"Huehuetenango",13,"Chiantla",2,2167,380,31,2,69,13,17,2,0,0,1,2,2,0,3,142,39,12,93,0,193,--,380,187,142,193,193,Sumas Asentadas sin cuadrar,1,e8489dc850a224aa351a24c29b7dc5a5b5c5bfe2085da3c87a39903daac78e89,26/06/2023 00:47:04,ESCANER
15093,"Huehuetenango",13,"Chiantla",2,2167,380,30,1,2,63,5,14,2,0,7,1,0,0,0,125,31,12,168,0,168,--,380,212,125,168,168,Algún campo sin dato,1,8e23f4f647c9577611d973c1bbc4a0debcd8b367fc5cf93e6ff37255989edecb,25/06/2023 22:59:30,ESCANER
15094,"Huehuetenango",13,"Chiantla",2,2168,300,32,0,0,49,6,11,1,1,0,0,0,1,0,101,27,0,128,0,128,4,300,172,101,128,128,,1,884853afe1914092ecf03df3f08db5944e7ae5f59c03a38cab2aef179d1262f8,25/06/2023 23:06:21,ESCANER
15095,"Huehuetenango",13,"Chiantla",2,2168,299,31,0,1,71,6,14,2,0,0,1,0,0,0,126,15,7,148,0,148,--,299,151,126,148,148,Algún campo sin dato,1,b786173101910888dafc03bf7ccc889c3887df0ad676f951a916b757223e1816,25/06/2023 23:31:46,ESCANER
15096,"Huehuetenango",13,"Chiantla",2,2169,380,16,0,4,106,14,12,13,1,2,0,0,2,0,170,29,8,207,0,207,--,380,169,170,207,207,Algún campo sin dato,1,0a33cdf4b1d2ba4b2cd1c1df65c78a9b4662ab379c773c91fb32205a595e303d,26/06/2023 01:19:28,ESCANER
15097,"Huehuetenango",13,"Chiantla",2,2169,295,14,0,2,70,10,6,8,0,0,0,0,0,1,111,18,9,138,0,138,--,295,157,111,138,138,Algún campo sin dato,1,37846bb0ded996ed62066dd4b2b1bfdbb2241a475c35b2ca0ee18873d0213b3a,26/06/2023 00:19:09,ESCANER
15098,"Huehuetenango",13,"Chiantla",2,2169,295,7,0,2,71,4,7,7,0,0,0,1,0,2,101,6,10,117,0,117,--,295,178,101,117,117,Algún campo sin dato,1,705b40f682754d10047e7c5cb190ca77eb05b2633c668b2150c500736e1afafd,26/06/2023 00:32:40,ESCANER
15099,"Huehuetenango",13,"Chiantla",2,2170,305,22,1,3,80,44,3,1,0,10,0,0,0,0,164,18,6,188,0,188,--,305,117,164,188,188,Algún campo sin dato,1,63900754e1a5748371043f66aaa20cdad4070dd674c294a2f4432678c8c9a176,25/06/2023 21:28:39,ESCANER
15100,"Huehuetenango",13,"Chiantla",2,2170,304,19,1,2,60,44,1,1,0,8,0,0,0,0,136,20,5,161,0,161,--,304,143,136,161,161,Algún campo sin dato,1,03dd3224cf1a168dd0695b9d612b2187b05a96d030116f3526502fccf418ea0f,25/06/2023 21:15:47,ESCANER
15101,"Huehuetenango",13,"Chiantla",2,2171,380,51,3,5,79,13,7,23,2,6,0,0,3,1,193,23,8,224,31,255,--,380,156,193,224,255,Algún campo sin dato,1,049a8e16b887cfd758468c15e6213b0162755726e2bb724a203e4b009c746061,26/06/2023 00:50:22,ESCANER
15102,"Huehuetenango",13,"Chiantla",2,2171,291,23,1,1,58,8,6,15,1,3,0,0,1,2,119,21,6,146,0,146,--,291,145,119,146,146,Algún campo sin dato,1,87b50dd8e601f11eb4b262cf45a6d176e9041b1587ae56634d0b690b8ba6e577,25/06/2023 22:28:34,ESCANER
15103,"Huehuetenango",13,"Chiantla",2,2171,290,26,0,1,54,6,2,17,1,3,0,0,1,0,111,4,0,115,0,115,--,290,175,111,115,115,Algún campo sin dato,1,4ebea635ba455c64043df6372b3fdba6b3dd64d8fc74aaeebcd0dc199ba7265c,25/06/2023 23:34:31,ESCANER
15104,"Huehuetenango",13,"Chiantla",2,2172,600,21,2,0,42,1,5,10,1,4,0,1,0,0,87,4,2,93,0,93,--,600,507,87,93,93,Algún campo sin dato,1,b245e6891a97ba0faf4e2d41e42cc42a43f06f87025e00e8431fd2900b286983,25/06/2023 21:24:56,ESCANER
15105,"Huehuetenango",13,"Chiantla",2,2172,600,25,0,1,39,0,7,18,2,8,0,1,1,1,103,13,2,118,0,118,--,600,482,103,118,118,Algún campo sin dato,1,83c8af7b211370959e02a629c5ac7ae0f03f40e9905da92568c0e102ba3bc99e,25/06/2023 23:26:37,ESCANER
15106,"Huehuetenango",13,"Chiantla",2,2172,390,19,0,2,28,2,3,7,1,5,0,1,0,0,68,2,1,71,0,71,--,390,319,68,71,71,Algún campo sin dato,1,78f3d06d4dbabb86bb40f8edf7cd52f58cfc5ee4dfdf446f7aedcffc99eafc9e,25/06/2023 21:31:46,ESCANER
15107,"Huehuetenango",13,"Chiantla",2,2172,389,8,0,0,4,2,1,5,0,0,0,0,1,0,21,4,0,25,0,25,--,389,364,21,25,25,Algún campo sin dato,1,bb3ea6af7160b5d6bf27da5a20edfae9fb0bbef0ab8ed7c09152b6f61ebbdbc6,25/06/2023 21:48:06,ESCANER