﻿TIPO_DE_ELECCIÓN:,CORPORACIÓN MUNICIPAL
26 junio 2023 03:36 (UTC -6)
ACTAS_ESPERADAS,ACTAS_CAPTURADAS,PORCENTAJE_ACTAS_CAPTURADAS,ACTAS_CONTABILIZADAS,PORCENTAJE_ACTAS_CONTABILIZADAS,ACTAS_NO_CONTABILIZADAS,LISTA_NOMINAL_ACTAS_CONTABILIZADAS,VOTOS_EMITIDOS_CONTABILIZADAS,PORCENTAJE_PARTICIPACIÓN_CIUDADANA
78,73,93.5897,73,93.5897,0,26392,15096,57.1991

MESA,DEPARTAMENTO,ID_DEPARTAMENTO,MUNICIPIO,ID_MUNICIPIO,CENTRO_DE_VOTACIÓN,PADRÓN,CABAL,AZUL,BIEN,TODOS,UNE,CAMBIO,VOS,VIVA,VALOR,VICTORIA,VAMOS,PODEMOS,MLP,PPN,VÁLIDOS,NULOS,BLANCO,EMITIDOS,INVÁLIDOS,TOTAL,IMPUGNACIONES,PAPELETAS-RECIBIDAS,PAPELETAS-NO-USADAS,VALIDOS_CALCULADO,EMITIDOS_CALCULADO,TOTAL_CALCULADO,OBSERVACIONES,CONTABILIZADA,CÓDIGO_INTEGRIDAD,FECHA_HORA_PUBLICACIÓN,DIGITALIZACIÓN
10277,"Totonicapán",8,"Santa María Chiquimula",6,1347,400,62,3,33,17,14,0,8,7,27,6,19,3,2,8,209,19,8,236,0,236,0,400,164,209,236,236,,1,d923d635959b248e5926b1dbc3bc9d8376a20336b2f7abb17e7761c5e6465a07,25/06/2023 23:29:56,ESCANER
10278,"Totonicapán",8,"Santa María Chiquimula",6,1347,400,40,2,28,13,11,0,15,8,46,2,36,0,4,4,209,16,10,235,0,235,0,400,165,209,235,235,,1,85da119ebd3591e89168df0736e1c2fdd283b2305de50f90479421d322d0dbd7,25/06/2023 22:53:10,ESCANER
10279,"Totonicapán",8,"Santa María Chiquimula",6,1347,400,55,2,42,13,20,0,14,2,37,4,12,3,1,1,206,18,8,232,0,232,0,400,168,206,232,232,,1,6bc763809c511243389e5d8410313d5b6447c42ad32262828994767f5738e888,26/06/2023 01:12:17,MOVIL
10280,"Totonicapán",8,"Santa María Chiquimula",6,1347,400,41,5,124,8,16,1,3,4,16,1,5,2,0,3,229,17,6,252,0,252,0,400,148,229,252,252,,1,6c1cbbbf3c9a36c5a34fffcc43cef29247599c857a57fba7b3f41a7b968810c6,26/06/2023 01:43:29,MOVIL
10281,"Totonicapán",8,"Santa María Chiquimula",6,1348,400,45,2,138,4,26,1,2,1,10,1,10,0,2,2,244,25,8,277,0,277,0,400,123,244,277,277,,1,912dc88b12ddc6da987bfa1e70865327010ac36e25e38eb0c81ad052ac879478,25/06/2023 23:15:38,ESCANER
10282,"Totonicapán",8,"Santa María Chiquimula",6,1348,400,,,,,,,,,,,,,,,,,,,,,,,,,,,,0,,,
10283,"Totonicapán",8,"Santa María Chiquimula",6,1348,400,,,,,,,,,,,,,,,,,,,,,,,,,,,,0,,,
10284,"Totonicapán",8,"Santa María Chiquimula",6,1349,400,,,,,,,,,,,,,,,,,,,,,,,,,,,,0,,,
10285,"Totonicapán",8,"Santa María Chiquimula",6,1350,400,125,2,28,18,17,1,3,10,54,2,3,2,0,3,268,17,9,294,0,294,--,402,108,268,294,294,Algún campo sin dato,1,0407049c2f0e194ca42cd4ee882a86a1977192e563a8b866d31c024915f9b2d1,26/06/2023 00:41:27,ESCANER
10286,"Totonicapán",8,"Santa María Chiquimula",6,1351,400,87,2,41,12,23,0,6,5,42,4,9,1,0,3,235,11,8,254,0,254,--,400,146,235,254,254,Algún campo sin dato,1,a49156a04a322beac8e00cba25beefbf6fa0c7384939008d0b41564c4d375230,26/06/2023 01:16:49,ESCANER
10287,"Totonicapán",8,"Santa María Chiquimula",6,1351,400,70,5,44,9,16,1,7,6,33,2,11,2,1,5,212,11,4,227,0,227,0,400,173,212,227,227,,1,33d11aa29b19d87733a6e13a7c41b9d1c1dbe3d9afbc61daeb491ef755c13857,26/06/2023 02:11:35,ESCANER
10288,"Totonicapán",8,"Santa María Chiquimula",6,1351,400,65,2,30,15,15,2,6,7,47,3,9,0,3,2,206,14,9,229,0,229,0,397,168,206,229,229,,1,8666769db948eb34d9b6eb2436a2972f9de623f58c4b4a577cc1e9ce39d3240c,26/06/2023 02:19:34,ESCANER
10289,"Totonicapán",8,"Santa María Chiquimula",6,1351,400,74,6,38,21,22,0,7,9,44,1,7,3,1,3,236,10,4,250,0,250,0,400,150,236,250,250,,1,52b38481794a1d6a1f20c1b9128c3b914e9df891983a9697eb0b78fb490442bf,26/06/2023 02:27:00,ESCANER
10290,"Totonicapán",8,"Santa María Chiquimula",6,1352,400,76,6,46,12,13,0,6,6,47,1,11,0,0,3,227,13,6,246,0,246,0,400,154,227,246,246,,1,d802339a21ad8a1f3aa939d689419a48b4e0d8233ffaa816013129261a9b820c,26/06/2023 00:05:20,ESCANER
10291,"Totonicapán",8,"Santa María Chiquimula",6,1352,400,77,3,30,14,10,1,9,1,62,1,6,0,0,5,219,11,7,237,0,237,0,403,166,219,237,237,,1,bfd0073b5396fc6f55240d50a403cae1e40ef925c001710d8d6871910ec0fe2a,26/06/2023 01:10:49,ESCANER
10292,"Totonicapán",8,"Santa María Chiquimula",6,1352,400,64,0,52,11,19,0,5,3,39,3,7,4,0,0,207,2,3,212,0,212,0,398,186,207,212,212,,1,e6d8651966a479c8b71d3c8ce99cc407ce0be37c71e54f76b980fd3462cd5047,25/06/2023 23:21:49,ESCANER
10293,"Totonicapán",8,"Santa María Chiquimula",6,1353,400,62,1,51,11,23,0,5,8,34,0,12,2,0,1,210,4,0,214,0,214,0,400,186,210,214,214,,1,5f218c7ab036d19ce4fc2dc727c09217f90e281440c0246b2b57caeb0890c091,25/06/2023 22:07:59,ESCANER
10294,"Totonicapán",8,"Santa María Chiquimula",6,1354,400,66,--,43,14,7,1,11,3,35,2,5,1,2,1,191,7,1,199,--,199,--,400,201,191,199,199,Algún campo sin dato,1,2613985a7a0b348e7c606e0a3bb3ffe7579ab6947f961b9579d6e201a6c69465,25/06/2023 21:27:38,ESCANER
10295,"Totonicapán",8,"Santa María Chiquimula",6,1354,283,46,2,35,13,7,0,2,2,21,1,3,3,0,2,137,1,2,140,0,140,--,284,144,137,140,140,Algún campo sin dato,1,c47d90cc4c95171fc9b7561c4a686e2ae3cb5c19eb55980169fa3bba1dcef6a7,25/06/2023 23:40:39,ESCANER
10296,"Totonicapán",8,"Santa María Chiquimula",6,1354,282,40,5,24,6,15,1,5,2,26,4,11,4,1,1,145,4,6,155,0,155,--,280,125,145,155,155,Algún campo sin dato,1,0214d74434cdbba4ed14cae37ad081aab550e43333d1c432bdb8bc234536645b,25/06/2023 23:48:48,ESCANER
10297,"Totonicapán",8,"Santa María Chiquimula",6,1355,400,59,5,44,7,20,1,11,3,38,2,11,4,4,2,211,21,8,240,0,240,0,400,160,211,240,240,,1,a2aa7814b9e1eb2311e4dfb401a25b7691d8dfc96bbfadc00ece2f0032f15da2,25/06/2023 23:00:32,ESCANER
10298,"Totonicapán",8,"Santa María Chiquimula",6,1355,400,69,5,45,12,12,1,20,11,27,3,13,2,1,5,226,28,12,266,0,266,--,400,134,226,266,266,Algún campo sin dato,1,969cb55e182eef8489094929bbfd79497946e24194874ee965d789c74d55572f,25/06/2023 22:04:49,ESCANER
10299,"Totonicapán",8,"Santa María Chiquimula",6,1355,400,114,2,30,12,25,0,4,7,28,5,1,3,3,2,235,16,6,257,0,235,--,400,140,236,258,258,Sumas Asentadas sin cuadrar,1,a53e190a692548575074ffe4f16f14359cc86f6d29de3cd520b7cdfac77a0992,26/06/2023 00:22:09,ESCANER
10300,"Totonicapán",8,"Santa María Chiquimula",6,1355,400,70,3,28,6,13,0,7,4,69,2,32,2,0,0,236,25,8,269,0,269,0,400,131,236,269,269,,1,2539c7240c02c419cf6b2994d1a1cb3e306109d75d0fc70b096bd9d0d32fb91b,25/06/2023 23:39:00,ESCANER
10301,"Totonicapán",8,"Santa María Chiquimula",6,1355,400,74,1,9,6,21,0,8,11,39,3,8,1,0,2,186,32,25,243,0,243,--,400,157,183,240,240,Sumas Asentadas sin cuadrar,1,3ea4ed484ad7bd82a81b3fd2e49b6b7e31d726bdc0508226ec3e6f4b9b037744,26/06/2023 00:43:05,ESCANER
10302,"Totonicapán",8,"Santa María Chiquimula",6,1355,400,69,0,27,5,9,0,6,5,47,1,12,1,0,2,184,14,4,202,0,202,0,400,198,184,202,202,,1,284d80c8ab8f00ed7b44cd173f40c9a3af3c960384f02d4030b8048246329e44,25/06/2023 21:44:48,ESCANER
10303,"Totonicapán",8,"Santa María Chiquimula",6,1355,400,47,0,46,11,9,1,16,4,43,4,16,1,2,4,204,12,10,226,0,226,0,400,174,204,226,226,,1,166e28add4075a4b34c12af3683aded6d06016f29698d2d37374ac290c51d322,25/06/2023 23:30:44,ESCANER
10304,"Totonicapán",8,"Santa María Chiquimula",6,1355,400,77,1,33,4,8,1,5,4,44,0,21,2,1,1,202,15,8,225,0,225,0,400,175,202,225,225,,1,1ab6b45eaef4dee86d055ff56347d1fd6e7a37502060db32855f26ae1f83b5c0,25/06/2023 22:14:27,ESCANER
10305,"Totonicapán",8,"Santa María Chiquimula",6,1355,400,66,0,36,8,10,1,5,5,50,1,13,1,0,3,199,5,0,204,0,0,--,400,196,199,204,204,Algún campo sin dato,1,cd506fe9e39058455e562dd0135348e5bea94f02198a9370692fdc1b85d437f2,25/06/2023 23:54:09,ESCANER
10306,"Totonicapán",8,"Santa María Chiquimula",6,1355,253,46,1,25,9,13,0,1,1,28,1,6,3,0,0,134,7,2,143,0,143,0,253,110,134,143,143,,1,1083261ea8a1e6980b05886b8620aa32a056e71a7b6ed46d1eea0c2e494a5fed,25/06/2023 21:07:47,ESCANER
10307,"Totonicapán",8,"Santa María Chiquimula",6,1355,253,49,2,19,9,6,0,6,1,36,2,9,1,0,0,140,6,2,148,0,148,0,253,105,140,148,148,,1,1626b26bfa42b316b6290daa23b7464498544dbbafc41960866c4dc30d08922b,25/06/2023 21:04:12,ESCANER
10308,"Totonicapán",8,"Santa María Chiquimula",6,1356,380,48,0,19,6,30,0,2,4,46,23,4,4,3,2,191,15,15,221,0,221,0,380,159,191,221,221,,1,057299e1791d337e1250152be846fa0af031a2b41def0c48f533cd1b8fea9cf1,25/06/2023 22:38:33,ESCANER
10309,"Totonicapán",8,"Santa María Chiquimula",6,1356,380,58,2,39,9,21,0,4,10,31,10,10,4,0,0,203,21,14,238,0,238,--,381,143,198,233,233,Sumas Asentadas sin cuadrar,1,b2dcbbdbdcd8f51892f143287e6fb9dde96e560a3493ebb1d8fb943ef812b2b7,25/06/2023 22:30:55,ESCANER
10310,"Totonicapán",8,"Santa María Chiquimula",6,1356,380,54,6,45,20,23,0,1,12,35,13,7,2,0,3,221,8,10,239,0,239,--,380,141,221,239,239,Algún campo sin dato,1,90c75267ca5f704b70f49c7d7d681753be947b4612fb0bd6a7d17b13af9f4271,26/06/2023 00:46:44,ESCANER
10311,"Totonicapán",8,"Santa María Chiquimula",6,1356,380,54,4,15,12,22,1,5,10,59,12,9,17,4,2,226,17,10,253,0,253,--,--,--,226,253,253,Algún campo sin dato,1,1953e95f0179944a6624ebcb76c649dd0ee7f90df580b62481c4ec893a67034e,25/06/2023 21:59:10,ESCANER
10312,"Totonicapán",8,"Santa María Chiquimula",6,1356,380,49,3,14,17,37,3,6,8,46,11,3,20,1,1,218,26,19,263,0,263,--,377,114,219,264,264,Sumas Asentadas sin cuadrar,1,aab6aa2b710bdcb9701d1822a1eb4a81c8108725af8bede594e03557a24ce0df,26/06/2023 01:11:02,ESCANER
10313,"Totonicapán",8,"Santa María Chiquimula",6,1356,380,47,3,9,16,33,0,7,5,55,9,8,13,1,5,211,17,15,243,0,243,0,377,134,211,243,243,,1,6ebce7cc5b02010344b141a78a98305beb74504292e98a3affd0aa6816655c3f,25/06/2023 23:10:00,ESCANER
10314,"Totonicapán",8,"Santa María Chiquimula",6,1356,380,53,5,15,18,27,0,12,1,54,10,5,21,0,2,223,22,7,252,0,223,--,379,127,223,252,252,Sumas Asentadas sin cuadrar,1,d496b97d831b750a60dd9dc11bf6a3fc66fdfb53c8e3f58ea9926ebaff025934,26/06/2023 01:04:15,ESCANER
10315,"Totonicapán",8,"Santa María Chiquimula",6,1356,380,48,2,18,18,20,1,5,2,57,17,3,12,0,4,207,16,6,229,0,229,0,377,148,207,229,229,,1,7dd968d4e336b84fdb98f754c09580c0509eeced14f0b51293f16cf3ae5018fa,25/06/2023 22:05:11,ESCANER
10316,"Totonicapán",8,"Santa María Chiquimula",6,1356,380,40,1,23,7,23,0,7,5,39,16,5,8,0,3,177,6,15,198,0,198,--,380,182,177,198,198,Algún campo sin dato,1,0ec18e8cfe01524593c7b678091f6f13d9f5cfe2bf3394e78c7ce74db6503f96,25/06/2023 22:32:59,ESCANER
10317,"Totonicapán",8,"Santa María Chiquimula",6,1356,380,50,3,19,12,28,2,3,5,59,11,5,8,2,2,209,13,5,227,0,227,--,377,150,209,227,227,Algún campo sin dato,1,b68de5cc3ebc9edbf37d7f6b87783fa05e5657d50e27f9315d28941304da1089,26/06/2023 00:27:23,ESCANER
10318,"Totonicapán",8,"Santa María Chiquimula",6,1356,380,51,7,21,10,33,1,5,4,31,22,5,4,0,5,199,17,7,223,24,223,--,380,157,199,223,247,Sumas Asentadas sin cuadrar,1,bc129bd706d78d87e80642a9b149a7d21d5fb2f6d6aed7180525aaaec690e526,25/06/2023 22:50:40,ESCANER
10319,"Totonicapán",8,"Santa María Chiquimula",6,1356,380,42,7,27,9,16,0,1,2,62,19,13,1,0,1,200,17,14,231,0,231,--,377,146,200,231,231,Algún campo sin dato,1,b09b64f5f9772a29031aca649d7e83bc08627fb0d7e41ce2e0ed225d5a1eb8c5,26/06/2023 00:44:50,ESCANER
10320,"Totonicapán",8,"Santa María Chiquimula",6,1356,380,33,4,26,10,19,0,4,5,59,15,4,7,0,2,188,12,7,207,0,207,--,380,173,188,207,207,Algún campo sin dato,1,45a4ff4fbe6e0904479ead078115f352ef7cc40a758d4104dc386260df91f2ed,25/06/2023 23:58:18,ESCANER
10321,"Totonicapán",8,"Santa María Chiquimula",6,1356,380,56,2,20,7,18,2,6,2,41,11,8,9,0,3,185,11,9,205,0,205,0,380,175,185,205,205,,1,0315a49f46cbb80a233a230599946a280f7d44accdb8bf63e865acb71008a3c2,25/06/2023 23:04:57,ESCANER
10322,"Totonicapán",8,"Santa María Chiquimula",6,1356,380,41,3,21,12,30,1,2,7,49,10,5,7,0,4,192,9,8,209,0,209,0,377,168,192,209,209,,1,e70fb6158e829e59cb5cf34c66d8458efef36a6254edacd093fc27df633bf73f,26/06/2023 00:35:36,ESCANER
10323,"Totonicapán",8,"Santa María Chiquimula",6,1356,380,57,1,15,11,26,0,3,6,47,16,2,4,2,4,194,5,2,201,0,201,--,380,179,194,201,201,Algún campo sin dato,1,f5d34385006bb8fa003b2bc1ebfd59095f2791819f68b02fbafede09fc031735,25/06/2023 21:48:40,ESCANER
10324,"Totonicapán",8,"Santa María Chiquimula",6,1356,380,54,5,15,12,15,0,8,4,53,21,3,11,0,1,202,3,3,208,0,208,0,380,172,202,208,208,,1,12e13c3a05ee578af0de177c3d95c51ef52bd1db581a90aa808db50cf74d4479,25/06/2023 22:51:35,ESCANER
10325,"Totonicapán",8,"Santa María Chiquimula",6,1356,380,48,4,15,11,21,1,3,6,52,10,7,7,0,2,187,5,4,196,0,196,0,380,184,187,196,196,,1,0996bf678496225966938d7af765dd489a8d268914ebd6e0af72450c60af094a,26/06/2023 00:19:30,ESCANER
10326,"Totonicapán",8,"Santa María Chiquimula",6,1356,247,41,1,11,1,17,0,4,3,34,8,1,6,3,1,131,5,2,138,0,138,--,244,106,131,138,138,Algún campo sin dato,1,2ad88388d0af77bc1763c37cbfa31a4e59fb5145e25fb1f4867a1c210796053d,26/06/2023 01:03:03,ESCANER
10327,"Totonicapán",8,"Santa María Chiquimula",6,1356,246,30,0,11,8,13,3,2,2,31,10,5,3,0,2,120,3,5,128,3,131,0,246,115,120,128,131,,1,4550e5ee5c1fc884bf64a14f89171610c1b8cdc186897075053291064687f6c2,25/06/2023 23:12:12,ESCANER
10328,"Totonicapán",8,"Santa María Chiquimula",6,1357,380,36,4,23,9,19,4,4,11,22,15,12,1,0,5,165,20,14,199,0,199,0,380,181,165,199,199,,1,19eb8ae1106244360eff3b2d588904578c19feb609fc0d94f742e2a3287c85fd,25/06/2023 23:20:32,ESCANER
10329,"Totonicapán",8,"Santa María Chiquimula",6,1357,380,47,4,15,12,33,3,6,8,25,10,25,7,0,4,199,14,12,225,0,225,--,377,12,199,225,225,Algún campo sin dato,1,335d43db5b334530b0fd724543142a1c1a5f4aa6e133f3e26f3f972902f0d5b4,26/06/2023 00:41:36,ESCANER
10330,"Totonicapán",8,"Santa María Chiquimula",6,1357,380,83,3,12,13,18,1,3,4,21,1,20,3,0,1,183,14,11,208,172,380,0,380,172,183,208,380,,1,fee37f825b1435f3b4c5cf086b7f72c13b6def54e5993cd5db9e56928e7643a2,25/06/2023 22:42:28,ESCANER
10331,"Totonicapán",8,"Santa María Chiquimula",6,1357,380,39,3,10,6,15,3,6,6,11,10,10,3,0,2,124,21,6,151,0,151,--,380,229,124,151,151,Algún campo sin dato,1,8f7a60537a568ee0cf6457ab1d7cc8cd7afc28b7db82507703b9356a9ab64a9d,25/06/2023 21:54:13,ESCANER
10332,"Totonicapán",8,"Santa María Chiquimula",6,1357,254,30,2,6,8,10,1,1,1,20,12,9,3,0,1,104,6,1,111,0,111,0,254,143,104,111,111,,1,8e0861ed562cb471af594b0af5bf540cd7147807c8cb88f436079ba0a757341a,25/06/2023 23:00:36,ESCANER
10333,"Totonicapán",8,"Santa María Chiquimula",6,1357,253,43,1,6,6,11,2,4,2,15,10,7,0,0,0,107,6,6,119,0,119,0,253,134,107,119,119,,1,ee27b822241bcd7bf2f33f820a8b8f36e7afe0602ca8be590629fbb6d8da8a1a,25/06/2023 22:48:21,ESCANER
10334,"Totonicapán",8,"Santa María Chiquimula",6,1358,380,100,6,20,30,14,4,9,0,1,11,12,3,0,0,210,24,16,250,0,250,--,374,127,210,250,250,Algún campo sin dato,1,7fe5d4837192b315d61bedf4eac3e7a4ab4ecabf2ef187a4f9de729bbb5f7be8,26/06/2023 02:32:55,ESCANER
10335,"Totonicapán",8,"Santa María Chiquimula",6,1358,380,,,,,,,,,,,,,,,,,,,,,,,,,,,,0,,,
10336,"Totonicapán",8,"Santa María Chiquimula",6,1358,380,71,3,13,20,19,0,16,5,10,3,68,2,1,3,234,24,15,273,0,273,0,380,107,234,273,273,,1,4a7317c01048bb6034a005dd88df9e70d2d1a456a28a0b6f4c77009e84bd1510,26/06/2023 02:03:40,ESCANER
10337,"Totonicapán",8,"Santa María Chiquimula",6,1358,380,88,5,13,18,2,1,15,4,7,3,19,5,0,3,183,13,7,203,0,203,0,380,174,183,203,203,,1,d66b600c3c7cb618bcaeaab341763c8babfa2d936dc5ca3093cb4a2504fa0d8e,26/06/2023 02:15:58,ESCANER
10338,"Totonicapán",8,"Santa María Chiquimula",6,1358,380,84,10,15,17,8,1,14,3,11,2,23,2,1,1,192,11,10,213,0,213,1,380,166,192,213,213,,1,00a0a3dc9d023b4202b59ebdd82a2fe3f975bce4d08be25bfa1f5f3b60199d87,26/06/2023 00:29:57,ESCANER
10339,"Totonicapán",8,"Santa María Chiquimula",6,1358,251,49,5,13,12,3,0,7,2,5,2,26,1,2,1,128,1,3,132,0,132,0,251,119,128,132,132,,1,6140c00105819440a4f6e960bcade9d0b2fe4c1bb1950e708ef8e405fed7c2bb,26/06/2023 02:20:03,ESCANER
10340,"Totonicapán",8,"Santa María Chiquimula",6,1358,250,51,5,6,16,5,1,10,0,11,2,11,2,1,2,123,2,2,127,0,127,0,250,123,123,127,127,,1,f3207052200f09b31f335029cd2e1e29c206620ddc613c4f56b31531ed548e3c,26/06/2023 02:23:21,ESCANER
10341,"Totonicapán",8,"Santa María Chiquimula",6,1359,380,71,3,13,5,23,1,5,4,21,2,19,2,8,1,178,24,12,214,0,214,0,380,166,178,214,214,,1,f2b6ffe2387128c7469b6910df1c32e781ae3bc4f3fbd1849ffb7ede321e9f79,25/06/2023 22:12:19,ESCANER
10342,"Totonicapán",8,"Santa María Chiquimula",6,1359,380,70,1,12,8,27,2,2,7,42,3,16,2,11,0,203,20,11,234,0,234,--,379,145,203,234,234,Algún campo sin dato,1,7bb5a5169a3e8fb48dd597e78e734148996be85b46bf2a1db41aaa41cf78181d,26/06/2023 01:15:26,ESCANER
10343,"Totonicapán",8,"Santa María Chiquimula",6,1359,380,53,1,9,13,32,1,3,8,41,3,25,1,22,3,215,15,11,241,7,248,--,281,140,215,241,248,Algún campo sin dato,1,9cc01c38ed2860f3507db2ba07bb397c128bd40061f82bd9abf333041c5bd6eb,26/06/2023 00:46:54,ESCANER
10344,"Totonicapán",8,"Santa María Chiquimula",6,1359,380,,,,,,,,,,,,,,,,,,,,,,,,,,,,0,,,
10345,"Totonicapán",8,"Santa María Chiquimula",6,1359,380,51,2,20,4,24,0,7,5,20,0,37,3,10,0,183,19,10,212,0,212,--,383,171,183,212,212,Algún campo sin dato,1,3d71e04966729991bbdced4f7f79a55a5b711de4943c626adf148db64b39c81f,26/06/2023 02:05:45,ESCANER
10346,"Totonicapán",8,"Santa María Chiquimula",6,1359,380,63,0,20,7,16,0,6,9,22,2,34,2,10,0,191,18,8,217,0,217,--,380,163,191,217,217,Algún campo sin dato,1,11a1db6609617b8e34144c717b22ea9773b0fe94ea4499dffd2350012dfe9109,25/06/2023 23:56:42,ESCANER
10347,"Totonicapán",8,"Santa María Chiquimula",6,1360,380,65,0,13,6,14,0,1,2,24,3,25,3,12,1,169,16,10,195,0,195,0,380,185,169,195,195,,1,19d1361331332d804012ec2c96b37252b1193bdb9736038483de496295fb5863,25/06/2023 23:50:01,ESCANER
10348,"Totonicapán",8,"Santa María Chiquimula",6,1360,239,28,0,12,3,15,0,5,4,22,2,14,0,10,1,116,1,1,118,0,118,--,239,121,116,118,118,Algún campo sin dato,1,54ba63979cb2bda2b315c48078354d554eb379a2866b3115195b40d049275429,26/06/2023 00:20:32,ESCANER
10349,"Totonicapán",8,"Santa María Chiquimula",6,1360,238,26,0,11,3,10,1,4,1,19,2,14,1,4,0,96,6,8,110,3,113,3,238,125,96,110,113,,1,8c6cd3936b6877869c3f661a24bae6945e12055146ac5630c069de928d94ae0d,25/06/2023 22:56:48,ESCANER
10350,"Totonicapán",8,"Santa María Chiquimula",6,1361,380,72,5,23,10,7,0,3,9,33,5,22,3,1,1,194,14,12,220,0,220,0,380,160,194,220,220,,1,35ef46957dd902cebcafb2a313ef2d600d0e439669a211034ae9ce91b9e650fa,26/06/2023 03:16:59,ESCANER
10351,"Totonicapán",8,"Santa María Chiquimula",6,1361,380,76,6,30,15,9,1,1,15,30,3,11,3,3,2,205,14,8,227,0,227,0,379,152,205,227,227,,1,06b3e84934f660ff0669a0f39390e85893f664e5e69d89d4e3ecd0c08a756baa,26/06/2023 03:14:08,ESCANER
10352,"Totonicapán",8,"Santa María Chiquimula",6,1361,215,37,4,13,4,1,0,0,2,19,6,14,1,0,3,104,8,6,118,0,118,--,215,97,104,118,118,Algún campo sin dato,1,a9f09f2a06cb605701aa296660a77c25f89a946adff211919fb1d5c6e9353b87,26/06/2023 00:04:40,ESCANER
10353,"Totonicapán",8,"Santa María Chiquimula",6,1361,214,48,3,26,7,1,1,2,1,13,2,8,1,2,1,116,7,1,124,0,124,--,214,90,116,124,124,Algún campo sin dato,1,95d76c69a953917247c3ac2232af674e52f825ec01391868fb4bf6f9820c8c68,26/06/2023 00:49:35,ESCANER
10354,"Totonicapán",8,"Santa María Chiquimula",6,1362,394,13,1,5,4,3,0,2,1,5,1,1,1,0,1,38,1,1,40,0,40,0,391,351,38,40,40,,1,99e57519a6697f4ffdca1d117095f02935fc47dcaec9ae94e734dd004bed7ebf,25/06/2023 20:41:11,ESCANER