﻿TIPO_DE_ELECCIÓN:,CORPORACIÓN MUNICIPAL
26 junio 2023 03:36 (UTC -6)
ACTAS_ESPERADAS,ACTAS_CAPTURADAS,PORCENTAJE_ACTAS_CAPTURADAS,ACTAS_CONTABILIZADAS,PORCENTAJE_ACTAS_CONTABILIZADAS,ACTAS_NO_CONTABILIZADAS,LISTA_NOMINAL_ACTAS_CONTABILIZADAS,VOTOS_EMITIDOS_CONTABILIZADAS,PORCENTAJE_PARTICIPACIÓN_CIUDADANA
49,49,100.0000,49,100.0000,0,18124,9897,54.6071

MESA,DEPARTAMENTO,ID_DEPARTAMENTO,MUNICIPIO,ID_MUNICIPIO,CENTRO_DE_VOTACIÓN,PADRÓN,AZUL,MLP,TODOS,PHG,UNE,PPG,CABAL,UNIONISTA,VAMOS,VICTORIA,CCS,VALOR,BIEN,ELEFANTE,PODER,PPN,VÁLIDOS,NULOS,BLANCO,EMITIDOS,INVÁLIDOS,TOTAL,IMPUGNACIONES,PAPELETAS-RECIBIDAS,PAPELETAS-NO-USADAS,VALIDOS_CALCULADO,EMITIDOS_CALCULADO,TOTAL_CALCULADO,OBSERVACIONES,CONTABILIZADA,CÓDIGO_INTEGRIDAD,FECHA_HORA_PUBLICACIÓN,DIGITALIZACIÓN
13915,"San Marcos",12,"Nuevo Progreso",12,1954,400,2,16,13,35,21,1,39,6,34,14,18,1,6,3,10,0,219,13,9,241,0,241,0,400,156,219,241,241,,1,1cfe662318f219036c4060b012625d06cb8c8fc7af1a8af6194b0143746f363a,26/06/2023 01:05:03,ESCANER
13916,"San Marcos",12,"Nuevo Progreso",12,1954,400,6,7,14,39,32,2,20,1,59,19,13,1,1,5,5,0,224,25,6,255,0,255,0,400,145,224,255,255,,1,4a2cb6f73c231bbf330a32941557dda92210769f99ec8b6eae5beaf80614b762,26/06/2023 00:42:43,ESCANER
13917,"San Marcos",12,"Nuevo Progreso",12,1954,400,2,10,18,47,16,2,40,1,47,15,13,1,5,7,5,0,229,27,6,262,0,262,0,400,138,229,262,262,,1,c386ca914934d080a99f7d6a4886b8332e9b52482c4bc39381df2c974164e0b6,26/06/2023 02:26:39,ESCANER
13918,"San Marcos",12,"Nuevo Progreso",12,1954,400,5,2,20,40,33,1,36,1,27,19,27,4,8,6,9,0,238,35,6,279,0,279,0,400,121,238,279,279,,1,39f51aef747917d9bc3742b03c589ed1935f2a1c6a22c75c80ed7bfb836df891,26/06/2023 01:52:53,ESCANER
13919,"San Marcos",12,"Nuevo Progreso",12,1954,400,6,13,7,41,40,3,40,1,39,11,12,2,4,3,7,1,230,24,7,261,0,261,0,400,139,230,261,261,,1,7ef29ebcaf81769fdc717f5c82845c4efb26d255c09c38b19e4ab8ac118f4c5c,26/06/2023 00:49:45,ESCANER
13920,"San Marcos",12,"Nuevo Progreso",12,1954,400,2,10,14,42,35,2,28,3,48,21,12,3,5,5,13,0,243,32,8,283,0,283,0,400,117,243,283,283,,1,88e1d1d3e66c7d3e8e94fd19f8631dedecbd682c8ec2336ac29342a267a813ff,26/06/2023 03:00:48,ESCANER
13921,"San Marcos",12,"Nuevo Progreso",12,1954,400,10,5,10,56,39,1,36,9,34,20,17,4,2,8,4,1,256,22,4,282,0,282,1,400,117,256,282,282,,1,df2e20a8daa32ece28e0fa3833eeadaa61bea5a354d47953aa81450ebbc4e0a1,26/06/2023 01:52:40,ESCANER
13922,"San Marcos",12,"Nuevo Progreso",12,1954,400,1,7,14,48,30,1,20,3,24,12,19,4,0,5,4,0,192,7,1,200,0,200,0,400,200,192,200,200,,1,fec2eb02f90a1ec82591c4aa4d0082bce1d2d9d0f75ef5a90d1d7e26822c92a5,26/06/2023 01:15:10,ESCANER
13923,"San Marcos",12,"Nuevo Progreso",12,1954,400,3,11,13,46,26,1,31,1,25,15,8,2,2,6,6,0,196,10,4,210,0,210,0,400,190,196,210,210,,1,beb4ce38090965718b3ea807df383be7c16cd968a48b6af62a4bd575b880208d,25/06/2023 23:37:47,ESCANER
13924,"San Marcos",12,"Nuevo Progreso",12,1954,400,2,9,18,39,16,3,23,1,30,21,17,1,2,6,4,0,192,10,1,203,0,203,0,400,197,192,203,203,,1,af780a0add4624aee8200e9a56af67c8f369ea3d8ad1239d7ae701a4beabc14c,26/06/2023 00:06:37,ESCANER
13925,"San Marcos",12,"Nuevo Progreso",12,1954,400,2,9,22,39,22,2,29,3,35,17,9,4,2,10,3,0,208,17,2,227,0,227,0,400,173,208,227,227,,1,8bed5afa25364ab791ae56acc8d0553fd806fd161c55cf042d2506f5b56e21b8,26/06/2023 01:14:00,ESCANER
13926,"San Marcos",12,"Nuevo Progreso",12,1954,400,2,6,16,53,35,0,31,4,30,11,14,1,2,10,7,0,222,10,5,237,0,237,0,400,163,222,237,237,,1,3b823939acd4a096732594a866131c1302e66bc32bfda747d638a4ceda7bf78a,26/06/2023 00:58:03,ESCANER
13927,"San Marcos",12,"Nuevo Progreso",12,1954,400,7,6,9,45,30,1,29,2,31,16,18,0,2,6,8,1,211,20,3,234,0,234,0,400,166,211,234,234,,1,afadac6941fb0570455db58538313fd68115807a2e772bfc5d6c91d85ccd13da,26/06/2023 03:22:00,ESCANER
13928,"San Marcos",12,"Nuevo Progreso",12,1954,400,4,11,8,48,36,3,26,0,29,12,19,4,1,3,9,0,213,13,6,232,0,232,0,400,168,213,232,232,,1,c383375b46805eabd91d62e403ef6639e0647c6d2dca0833ae6204e81e3bd17b,25/06/2023 23:59:31,ESCANER
13929,"San Marcos",12,"Nuevo Progreso",12,1954,400,1,14,8,30,28,3,25,1,25,14,15,3,3,5,16,0,191,14,10,215,0,215,0,400,185,191,215,215,,1,d2e21f14e7b38b64f95f073fe86691a068f686b8ed30fff2d49d8a2c2b05401c,25/06/2023 23:29:05,ESCANER
13930,"San Marcos",12,"Nuevo Progreso",12,1954,400,3,9,13,69,17,1,17,6,31,6,18,1,1,2,8,0,202,4,4,210,0,210,0,400,190,202,210,210,,1,b30dcee04929cd6d02154ec84188a659cedd023890d3250b0ac9a956e1e868ae,26/06/2023 00:39:42,ESCANER
13931,"San Marcos",12,"Nuevo Progreso",12,1955,400,3,4,14,51,20,1,31,2,40,10,6,3,0,4,8,0,197,2,2,201,149,350,0,350,149,197,201,350,,1,2e01a3c387cda4dbb55aedb18edf9f2a730e9dcb38fd657b9a68c2f458b6abe3,25/06/2023 23:50:33,ESCANER
13932,"San Marcos",12,"Nuevo Progreso",12,1955,400,5,5,14,51,27,6,27,2,27,11,9,6,2,2,7,0,201,1,0,202,0,202,0,400,198,201,202,202,,1,f21032d9dc5a3340e75ac36e23d2b2e28f4226dd950bda33221cec11cc2deb69,26/06/2023 01:46:56,ESCANER
13933,"San Marcos",12,"Nuevo Progreso",12,1955,400,1,14,7,37,27,2,22,0,25,12,12,0,1,3,7,0,170,3,3,176,0,176,0,400,224,170,176,176,,1,3fa2901972d5ba833a5fee3e1bc109deace030e60e6b3f08c4133d484a357af6,26/06/2023 00:12:48,ESCANER
13934,"San Marcos",12,"Nuevo Progreso",12,1955,256,1,0,8,22,17,1,23,0,12,9,5,0,0,5,5,0,108,5,0,113,0,113,0,256,143,108,113,113,,1,3b61973f2ed1643cccee6072447c788444b6cb549c1ff0f1e8f5706057f7fef5,25/06/2023 23:08:08,ESCANER
13935,"San Marcos",12,"Nuevo Progreso",12,1955,255,0,7,9,28,14,1,7,2,10,7,11,0,0,2,3,0,101,5,0,106,1,107,0,255,148,101,106,107,,1,c7c385359046987275c2fd83f2600da6a7b75abc4db639d7b848b1078297d284,25/06/2023 23:36:55,ESCANER
13936,"San Marcos",12,"Nuevo Progreso",12,1956,380,2,5,19,11,47,5,29,1,91,2,26,2,0,0,2,1,243,31,9,283,0,283,0,380,97,243,283,283,,1,267086ada06ec3282aa15887bc517d578769edf7e39a570d2bb7221137149ee5,26/06/2023 02:34:55,ESCANER
13937,"San Marcos",12,"Nuevo Progreso",12,1956,380,0,6,11,13,38,9,26,0,102,2,9,6,1,0,1,1,225,11,2,238,0,238,0,380,142,225,238,238,,1,9624dbd756254bdf43454e12871b6c8f05bfa9077771d769a3b56db55b757dde,25/06/2023 23:35:39,ESCANER
13938,"San Marcos",12,"Nuevo Progreso",12,1956,355,1,7,12,13,30,8,26,0,101,4,11,1,1,1,1,0,217,20,4,241,0,241,0,355,114,217,241,241,,1,bfae541fdf2d3f5f9c35f3c281e585d4ecbededff26bc20b48325662e41d85ff,26/06/2023 02:13:43,ESCANER
13939,"San Marcos",12,"Nuevo Progreso",12,1956,354,4,2,17,10,29,10,23,0,80,1,10,0,1,0,3,0,190,14,1,205,0,205,--,354,146,190,205,205,Algún campo sin dato,1,1246afcdc5711abcbfcd9a083586d7b99f530bfdb763754f600957d0d5c49b98,26/06/2023 03:33:29,ESCANER
13940,"San Marcos",12,"Nuevo Progreso",12,1957,380,4,15,20,23,35,8,17,1,44,4,47,2,0,1,5,0,226,16,5,247,0,247,0,380,133,226,247,247,,1,75155cb57063cdf400004b35093023c621b74072c94423675e0a3cf9d7069f1c,26/06/2023 01:28:21,ESCANER
13941,"San Marcos",12,"Nuevo Progreso",12,1957,380,2,15,20,30,42,7,13,2,44,1,48,1,1,4,2,0,232,14,8,254,0,254,0,381,127,232,254,254,,1,de0c8215aeb4d29e1b625993a655c0124a130b8ac101bbd5217306a4740e537c,25/06/2023 23:38:05,ESCANER
13942,"San Marcos",12,"Nuevo Progreso",12,1957,380,0,5,21,24,44,12,15,0,42,2,48,1,0,0,4,0,218,21,7,246,0,246,0,380,134,218,246,246,,1,828892fb027b0f1e079baebb474752af066fbe99e7a7c205e692a4b5999efc5f,25/06/2023 23:31:55,ESCANER
13943,"San Marcos",12,"Nuevo Progreso",12,1957,380,3,6,16,31,27,12,12,1,29,4,34,5,0,0,9,0,189,10,6,205,0,205,0,380,175,189,205,205,,1,eb848345c7c3f47d77368bef3df313c26c05ed3025871f6f4f0f8d043a933ccb,25/06/2023 23:49:17,ESCANER
13944,"San Marcos",12,"Nuevo Progreso",12,1957,380,2,7,12,44,40,6,15,0,37,4,30,1,0,3,5,0,206,14,4,224,0,224,0,380,156,206,224,224,,1,3c3560406fae44b53da2a2d96ded91701c6a8091db76498990479af812e8f8f9,26/06/2023 02:45:49,ESCANER
13945,"San Marcos",12,"Nuevo Progreso",12,1957,380,4,8,13,27,38,16,20,0,32,2,33,3,0,2,3,0,201,14,3,17,0,201,0,380,162,201,218,218,Sumas Asentadas sin cuadrar,1,fe936f62e78b2a9a2acaadb475fe4a2bc7885d21d50e0742d1cb81d30146aa5b,26/06/2023 03:18:30,ESCANER
13946,"San Marcos",12,"Nuevo Progreso",12,1957,380,2,7,21,34,27,9,18,1,34,5,25,2,0,1,3,0,189,7,3,199,0,199,0,380,181,189,199,199,,1,57a09ebafbd969d0e44878e29f2e41938909b7867d6a808a643adf2160c2a9d7,26/06/2023 01:37:45,ESCANER
13947,"San Marcos",12,"Nuevo Progreso",12,1957,223,0,1,7,31,10,11,12,0,14,0,20,0,0,0,7,0,113,2,0,115,0,115,0,223,108,113,115,115,,1,8e0daa71b65c3f422b886e3812239e6b68e0ee10dfdac2be11534b51e00d8206,26/06/2023 00:19:43,ESCANER
13948,"San Marcos",12,"Nuevo Progreso",12,1957,222,1,0,9,10,18,8,7,0,14,1,11,1,0,1,0,0,81,3,0,84,0,84,0,222,138,81,84,84,,1,6878a850a069322999d30372e6e7bb27f8bdd683f0b691a83095acf08a21f20c,26/06/2023 00:09:03,ESCANER
13949,"San Marcos",12,"Nuevo Progreso",12,1958,380,5,1,3,8,76,3,4,2,78,1,19,0,0,0,0,1,201,21,9,231,0,231,0,380,149,201,231,231,,1,29d2399b5fd5143c6c384a28162f416f2246ef8e4c35a8495e48b0d37f612238,26/06/2023 00:32:40,ESCANER
13950,"San Marcos",12,"Nuevo Progreso",12,1958,380,0,1,8,7,78,1,5,0,81,7,13,2,1,0,0,1,205,15,13,233,0,233,0,380,147,205,233,233,,1,b967b60b56ca278abe09d62c71611359823fde3160f7c4b0b08cadf7c9b3cf5c,26/06/2023 00:35:53,ESCANER
13951,"San Marcos",12,"Nuevo Progreso",12,1958,380,2,1,7,3,92,2,3,2,62,8,12,0,0,0,0,1,195,16,2,213,0,213,0,381,168,195,213,213,,1,571473037464d1b681d3e7d62cc3721bdb37c14d14e4c5ad2047888ae1bde943,26/06/2023 00:20:50,ESCANER
13952,"San Marcos",12,"Nuevo Progreso",12,1958,380,1,2,6,6,68,2,2,2,82,12,0,0,1,0,0,1,185,20,9,214,0,214,0,380,166,185,214,214,,1,abfbdc3def29bba57f11d85bf48201e0c652301166688a0d475c8dc3f8d504d7,26/06/2023 01:28:17,ESCANER
13953,"San Marcos",12,"Nuevo Progreso",12,1958,284,2,1,1,6,68,1,4,0,43,3,2,0,0,0,0,0,131,7,5,143,0,143,0,284,141,131,143,143,,1,e45e38c517ea094ed8f9bdc9eea07254ecdb1a98c29308bffe80b147a9338ee9,25/06/2023 22:53:58,ESCANER
13954,"San Marcos",12,"Nuevo Progreso",12,1958,283,2,1,4,4,60,2,2,1,55,5,3,0,0,1,0,0,140,0,3,143,0,143,0,280,137,140,143,143,,1,df1ce5699649f409dd5340f635e8cba35ed9a53610aaaa1ef9b1c7e0fb418d8d,25/06/2023 23:36:56,ESCANER
13955,"San Marcos",12,"Nuevo Progreso",12,1959,380,3,6,36,17,34,1,20,26,17,3,12,1,0,0,3,1,180,30,12,222,0,222,0,380,158,180,222,222,,1,15974fadbb0a6a58659596242abbfacd2eddaffca2a7a8efd9b319a53aaf5d68,26/06/2023 01:37:54,ESCANER
13956,"San Marcos",12,"Nuevo Progreso",12,1959,380,3,20,49,13,24,2,16,26,24,6,17,2,1,3,2,1,209,15,9,233,0,233,0,380,147,209,233,233,,1,e7e86495448bf8d316b257d612c50b6d1b16f8793476f39c54dc6475651e6542,25/06/2023 23:24:40,ESCANER
13957,"San Marcos",12,"Nuevo Progreso",12,1959,308,2,9,37,6,17,0,13,16,18,10,18,1,1,0,1,0,149,12,10,171,0,171,--,305,134,149,171,171,Algún campo sin dato,1,a069c2bd9e06c1a13e6dd5fd4e187b9469057ea6f035914a67307a0f4ff2633e,26/06/2023 00:27:29,ESCANER
13958,"San Marcos",12,"Nuevo Progreso",12,1959,307,2,11,34,19,14,2,17,9,23,5,5,9,1,2,2,0,155,6,2,163,0,163,--,304,141,155,163,163,Algún campo sin dato,1,eddab8c8866948d3ef322d352a61ca349b95a6440d475b29779d7cd6fb874d10,25/06/2023 22:35:12,ESCANER
13959,"San Marcos",12,"Nuevo Progreso",12,1960,326,3,3,11,13,18,2,8,3,21,14,20,0,2,1,2,1,122,16,9,147,0,147,0,326,179,122,147,147,,1,6649a61cf4999371fc75ccbde94c9ffc66937db58dad7ce3710da640f0befd0c,25/06/2023 22:40:32,ESCANER
13960,"San Marcos",12,"Nuevo Progreso",12,1960,325,2,8,9,3,13,2,18,1,18,24,26,0,1,2,0,0,127,12,2,141,0,141,0,325,184,127,141,141,,1,e729592080485acf404ba35e56f9a76f04ee589b9b64d949f1122eebad6caf9b,25/06/2023 23:01:10,ESCANER
13961,"San Marcos",12,"Nuevo Progreso",12,1961,600,6,4,5,26,13,4,9,3,24,5,13,1,2,8,3,0,126,12,9,147,0,147,0,600,453,126,147,147,,1,bd3d18698d451b5938dfd181d25c2d7bbacae0ca3d39439a1db0d0ea9053e5a8,25/06/2023 21:42:14,ESCANER
13962,"San Marcos",12,"Nuevo Progreso",12,1961,363,1,1,3,11,4,2,6,0,14,4,9,2,0,2,3,0,62,5,2,69,0,69,0,363,294,62,69,69,,1,0af3d52a0670d64a4571e2984f1a1a47ea72a112215c181fed32d00470d48e61,25/06/2023 23:36:59,ESCANER
13963,"San Marcos",12,"Nuevo Progreso",12,1961,363,1,1,2,8,2,1,4,0,6,0,5,0,0,1,1,0,32,3,4,39,0,39,0,363,324,32,39,39,,1,c77811c10a94620e3842884d06247c49b8badb7706cdd5ae1dd9412cff06e4da,25/06/2023 20:39:39,ESCANER