﻿TIPO_DE_ELECCIÓN:,CORPORACIÓN MUNICIPAL
26 junio 2023 03:36 (UTC -6)
ACTAS_ESPERADAS,ACTAS_CAPTURADAS,PORCENTAJE_ACTAS_CAPTURADAS,ACTAS_CONTABILIZADAS,PORCENTAJE_ACTAS_CONTABILIZADAS,ACTAS_NO_CONTABILIZADAS,LISTA_NOMINAL_ACTAS_CONTABILIZADAS,VOTOS_EMITIDOS_CONTABILIZADAS,PORCENTAJE_PARTICIPACIÓN_CIUDADANA
14,5,35.7142,5,35.7142,0,1817,1491,82.0583

MESA,DEPARTAMENTO,ID_DEPARTAMENTO,MUNICIPIO,ID_MUNICIPIO,CENTRO_DE_VOTACIÓN,PADRÓN,VAMOS,AZUL,UNE,CABAL,VÁLIDOS,NULOS,BLANCO,EMITIDOS,INVÁLIDOS,TOTAL,IMPUGNACIONES,PAPELETAS-RECIBIDAS,PAPELETAS-NO-USADAS,VALIDOS_CALCULADO,EMITIDOS_CALCULADO,TOTAL_CALCULADO,OBSERVACIONES,CONTABILIZADA,CÓDIGO_INTEGRIDAD,FECHA_HORA_PUBLICACIÓN,DIGITALIZACIÓN
9615,"Sololá",7,"San Pablo La Laguna",15,1201,400,,,,,,,,,,,,,,,,,,0,,,
9616,"Sololá",7,"San Pablo La Laguna",15,1201,400,132,29,114,58,333,5,8,346,0,346,--,400,54,333,346,346,Algún campo sin dato,1,b4921f3a3a7640b2dc22c7a38c3fc1424fd27ea6316fe25969737e6bd568d651,26/06/2023 01:27:02,ESCANER
9617,"Sololá",7,"San Pablo La Laguna",15,1201,400,,,,,,,,,,,,,,,,,,0,,,
9618,"Sololá",7,"San Pablo La Laguna",15,1202,400,,,,,,,,,,,,,,,,,,0,,,
9619,"Sololá",7,"San Pablo La Laguna",15,1202,400,,,,,,,,,,,,,,,,,,0,,,
9620,"Sololá",7,"San Pablo La Laguna",15,1202,400,,,,,,,,,,,,,,,,,,0,,,
9621,"Sololá",7,"San Pablo La Laguna",15,1203,400,,,,,,,,,,,,,,,,,,0,,,
9622,"Sololá",7,"San Pablo La Laguna",15,1203,400,,,,,,,,,,,,,,,,,,0,,,
9623,"Sololá",7,"San Pablo La Laguna",15,1203,400,,,,,,,,,,,,,,,,,,0,,,
9624,"Sololá",7,"San Pablo La Laguna",15,1203,400,119,25,111,56,311,5,3,319,0,319,--,399,80,311,319,319,Algún campo sin dato,1,113f1406a009b1c4cbce31b47cceb0a846a3f0deaca3cb5f71b351dcfb33639c,26/06/2023 02:54:47,ESCANER
9625,"Sololá",7,"San Pablo La Laguna",15,1203,400,105,27,120,60,312,3,0,315,0,315,--,403,88,312,315,315,Algún campo sin dato,1,e56438d3d7ddd54e044041d0bd606919c091bd7f3a941a5d545c9fa93e6e9a84,26/06/2023 01:11:08,ESCANER
9626,"Sololá",7,"San Pablo La Laguna",15,1203,400,,,,,,,,,,,,,,,,,,0,,,
9627,"Sololá",7,"San Pablo La Laguna",15,1203,309,97,27,86,51,261,2,0,263,0,263,--,309,46,261,263,263,Algún campo sin dato,1,b5692a84d6582507bb26ba8f523c7fa6792f4065c1ba6b86cb384b572a462ced,26/06/2023 02:13:19,ESCANER
9628,"Sololá",7,"San Pablo La Laguna",15,1203,308,89,30,78,48,245,2,1,248,0,248,--,305,57,245,248,248,Algún campo sin dato,1,c2b0d29faca0f906b3305a3fe20014ac8f73480e1f2423c47cf4cd524e08bbb2,26/06/2023 02:31:34,ESCANER