﻿TIPO_DE_ELECCIÓN:,CORPORACIÓN MUNICIPAL
26 junio 2023 03:36 (UTC -6)
ACTAS_ESPERADAS,ACTAS_CAPTURADAS,PORCENTAJE_ACTAS_CAPTURADAS,ACTAS_CONTABILIZADAS,PORCENTAJE_ACTAS_CONTABILIZADAS,ACTAS_NO_CONTABILIZADAS,LISTA_NOMINAL_ACTAS_CONTABILIZADAS,VOTOS_EMITIDOS_CONTABILIZADAS,PORCENTAJE_PARTICIPACIÓN_CIUDADANA
84,59,70.2380,59,70.2380,0,22424,11404,50.8562

MESA,DEPARTAMENTO,ID_DEPARTAMENTO,MUNICIPIO,ID_MUNICIPIO,CENTRO_DE_VOTACIÓN,PADRÓN,AZUL,TODOS,MLP,CAMBIO,UR,VALOR,CABAL,PPN,VICTORIA,UNE,VAMOS,VIVA,BIEN,VÁLIDOS,NULOS,BLANCO,EMITIDOS,INVÁLIDOS,TOTAL,IMPUGNACIONES,PAPELETAS-RECIBIDAS,PAPELETAS-NO-USADAS,VALIDOS_CALCULADO,EMITIDOS_CALCULADO,TOTAL_CALCULADO,OBSERVACIONES,CONTABILIZADA,CÓDIGO_INTEGRIDAD,FECHA_HORA_PUBLICACIÓN,DIGITALIZACIÓN
23265,"Jalapa",21,"San Pedro Pinula",2,3651,400,14,15,9,3,2,52,27,15,3,26,52,2,1,221,27,10,258,0,258,--,400,142,221,258,258,Algún campo sin dato,1,12d73a419d4253c1adbdeb5c659d2e63bfae0fac6fc69ec8a827b3cc492ff161,26/06/2023 02:38:03,ESCANER
23266,"Jalapa",21,"San Pedro Pinula",2,3651,400,,,,,,,,,,,,,,,,,,,,,,,,,,,0,,,
23267,"Jalapa",21,"San Pedro Pinula",2,3651,400,10,15,7,1,3,57,23,16,1,34,59,1,1,228,32,6,266,0,266,--,400,134,228,266,266,Algún campo sin dato,1,33e0f5bf9acb343e01ed3001dd8399dcff269be9deef0ba816d18afe2bfe657a,26/06/2023 00:41:12,ESCANER
23268,"Jalapa",21,"San Pedro Pinula",2,3651,400,19,11,12,5,2,61,27,18,3,31,57,1,1,248,22,16,286,0,286,--,400,114,248,286,286,Algún campo sin dato,1,8342e0bc5fd76cbaf4df38303b948ad031bd43aea1c588c52b34589c28f26138,26/06/2023 02:46:42,ESCANER
23269,"Jalapa",21,"San Pedro Pinula",2,3651,400,,,,,,,,,,,,,,,,,,,,,,,,,,,0,,,
23270,"Jalapa",21,"San Pedro Pinula",2,3652,400,11,12,2,10,2,91,25,12,0,34,40,2,0,241,36,3,280,0,280,--,400,120,241,280,280,Algún campo sin dato,1,27e3caace84057975ba73d45403d7129a9c52943b90380781f1c82ad2bc5fe14,26/06/2023 02:34:58,ESCANER
23271,"Jalapa",21,"San Pedro Pinula",2,3652,400,9,18,5,3,4,47,52,10,0,26,48,1,1,224,20,8,252,0,252,--,400,148,224,252,252,Algún campo sin dato,1,c4c756988dfb6f8316d07d3dd83d5e269fdcccaf3290f2252b46aa17f911dd70,26/06/2023 02:44:42,ESCANER
23272,"Jalapa",21,"San Pedro Pinula",2,3653,400,,,,,,,,,,,,,,,,,,,,,,,,,,,0,,,
23273,"Jalapa",21,"San Pedro Pinula",2,3653,400,17,24,2,3,1,85,33,9,1,27,40,0,0,242,12,3,257,0,257,--,400,143,242,257,257,Algún campo sin dato,1,2cd852b594c054ccd0d7b3f0a077634ada8c892eb196f037cc95235e7e72c8f2,26/06/2023 03:01:28,ESCANER
23274,"Jalapa",21,"San Pedro Pinula",2,3654,400,9,17,2,1,0,67,18,12,1,22,50,1,0,200,17,7,224,0,224,0,398,174,200,224,224,,1,35473d017d03f2a226ffd051761de22c07c532d8ffad1a9a63e19438528be239,26/06/2023 03:05:54,ESCANER
23275,"Jalapa",21,"San Pedro Pinula",2,3654,400,10,18,6,1,5,71,20,17,0,30,37,3,0,218,19,7,244,0,244,--,396,152,218,244,244,Algún campo sin dato,1,64618e23ad55df1008c07cea85dbb1b6be1aae1af05e06919296f378bb4b7097,26/06/2023 03:00:09,ESCANER
23276,"Jalapa",21,"San Pedro Pinula",2,3654,400,,,,,,,,,,,,,,,,,,,,,,,,,,,0,,,
23277,"Jalapa",21,"San Pedro Pinula",2,3655,400,18,19,3,4,0,62,29,10,0,21,45,0,0,211,13,4,228,0,228,--,400,172,211,228,228,Algún campo sin dato,1,68cbe30fb006909dfa20d2d1d4b8b925a57d288c9d45a6f90fc4a40021a18832,26/06/2023 02:47:30,ESCANER
23278,"Jalapa",21,"San Pedro Pinula",2,3655,400,14,17,2,2,1,75,29,7,0,15,37,0,1,200,0,2,202,1,203,--,395,192,200,202,203,Algún campo sin dato,1,19bfcd82cc91f714b7cfa7b3f799be7415cc2ebb41c11310dc4c7d9793582b3d,26/06/2023 02:57:28,ESCANER
23279,"Jalapa",21,"San Pedro Pinula",2,3656,400,10,15,3,2,3,54,19,13,0,23,58,0,0,200,4,0,204,0,204,0,401,197,200,204,204,,1,df18415ed49d9d4099d91e761b05b0248de309be87ee99a037c3be9808302d51,26/06/2023 00:32:01,ESCANER
23280,"Jalapa",21,"San Pedro Pinula",2,3656,400,19,29,1,3,0,60,27,9,1,24,31,1,0,205,3,2,210,0,210,0,397,187,205,210,210,,1,8b250e548a96209d8e11794818dd5064dd1d8eeffe4a6188795abc37d4f7adfe,26/06/2023 00:37:56,ESCANER
23281,"Jalapa",21,"San Pedro Pinula",2,3656,367,4,15,3,4,2,44,17,12,0,19,24,1,0,145,3,0,148,0,148,0,367,219,145,148,148,,1,58543ceeecb3108ead4bf350ad2ff8fcefebbde18d65c9f4ed39809bdd055f81,26/06/2023 00:44:37,ESCANER
23282,"Jalapa",21,"San Pedro Pinula",2,3656,366,11,9,2,3,1,50,9,12,3,25,51,0,0,176,4,2,182,0,182,0,366,184,176,182,182,,1,c724a2f341d42dc41effd2b197c5483f2283def3c5f39fb00415c2ca67e88c99,26/06/2023 00:49:36,ESCANER
23283,"Jalapa",21,"San Pedro Pinula",2,3657,400,8,10,4,0,6,37,41,18,0,36,68,3,0,231,15,4,250,0,250,0,400,150,231,250,250,,1,8d67c1c62675c059eb0e72cd7a9398d5da41f8e92a182b013618ebf661a27876,26/06/2023 02:54:57,ESCANER
23284,"Jalapa",21,"San Pedro Pinula",2,3657,400,13,12,4,3,8,41,28,11,0,31,65,4,0,220,25,5,250,0,250,--,400,150,220,250,250,Algún campo sin dato,1,4962e520baf7443da67d9b928f98935a84ccce1c8acc9c2162baac92322db658,26/06/2023 03:01:19,ESCANER
23285,"Jalapa",21,"San Pedro Pinula",2,3657,400,,,,,,,,,,,,,,,,,,,,,,,,,,,0,,,
23286,"Jalapa",21,"San Pedro Pinula",2,3657,400,,,,,,,,,,,,,,,,,,,,,,,,,,,0,,,
23287,"Jalapa",21,"San Pedro Pinula",2,3657,400,9,13,14,1,5,64,23,7,0,41,64,1,3,245,23,6,274,0,274,--,397,123,245,274,274,Algún campo sin dato,1,4ae8f3ee782090efb2d1a846319c4ea2a6fa885cba2c7c37daac9d371c468834,26/06/2023 03:13:50,ESCANER
23288,"Jalapa",21,"San Pedro Pinula",2,3657,400,,,,,,,,,,,,,,,,,,,,,,,,,,,0,,,
23289,"Jalapa",21,"San Pedro Pinula",2,3657,400,,,,,,,,,,,,,,,,,,,,,,,,,,,0,,,
23290,"Jalapa",21,"San Pedro Pinula",2,3657,400,,,,,,,,,,,,,,,,,,,,,,,,,,,0,,,
23291,"Jalapa",21,"San Pedro Pinula",2,3657,400,,,,,,,,,,,,,,,,,,,,,,,,,,,0,,,
23292,"Jalapa",21,"San Pedro Pinula",2,3657,400,,,,,,,,,,,,,,,,,,,,,,,,,,,0,,,
23293,"Jalapa",21,"San Pedro Pinula",2,3658,400,,,,,,,,,,,,,,,,,,,,,,,,,,,0,,,
23294,"Jalapa",21,"San Pedro Pinula",2,3658,400,5,10,3,4,0,52,43,18,1,20,84,1,0,241,9,4,254,0,254,--,380,126,241,254,254,Algún campo sin dato,1,4216157013963bcccfaedb4fcf51a867d4b1cabae4db1cfc4a38b4eaa8598704,25/06/2023 23:37:27,ESCANER
23295,"Jalapa",21,"San Pedro Pinula",2,3658,400,,,,,,,,,,,,,,,,,,,,,,,,,,,0,,,
23296,"Jalapa",21,"San Pedro Pinula",2,3658,400,,,,,,,,,,,,,,,,,,,,,,,,,,,0,,,
23297,"Jalapa",21,"San Pedro Pinula",2,3658,400,,,,,,,,,,,,,,,,,,,,,,,,,,,0,,,
23298,"Jalapa",21,"San Pedro Pinula",2,3658,400,,,,,,,,,,,,,,,,,,,,,,,,,,,0,,,
23299,"Jalapa",21,"San Pedro Pinula",2,3658,400,3,28,6,1,1,38,31,12,0,29,59,0,0,208,2,3,213,0,213,--,400,187,208,213,213,Algún campo sin dato,1,2ef0e153e2016a90590041256b8d5e51b9d06e00fbd995eb8370038a62b00522,26/06/2023 03:16:07,ESCANER
23300,"Jalapa",21,"San Pedro Pinula",2,3658,400,,,,,,,,,,,,,,,,,,,,,,,,,,,0,,,
23301,"Jalapa",21,"San Pedro Pinula",2,3658,400,4,13,2,3,2,49,35,13,0,21,59,0,0,201,0,2,203,0,203,--,380,177,201,203,203,Algún campo sin dato,1,11dbc2cb2e8ff1ef15e7887fb6f3eac1f3c1c2a0e6581a6b9f444bd8aa076304,26/06/2023 02:30:41,ESCANER
23302,"Jalapa",21,"San Pedro Pinula",2,3658,253,2,13,2,1,3,28,20,6,0,9,19,0,0,103,2,1,106,0,106,--,253,147,103,106,106,Algún campo sin dato,1,ef85ecc7e556244f092bd2ebdf0da87372a45bf2acfe1d7483e4dfd7614ae0cc,25/06/2023 23:32:53,ESCANER
23303,"Jalapa",21,"San Pedro Pinula",2,3658,252,,,,,,,,,,,,,,,,,,,,,,,,,,,0,,,
23304,"Jalapa",21,"San Pedro Pinula",2,3659,380,,,,,,,,,,,,,,,,,,,,,,,,,,,0,,,
23305,"Jalapa",21,"San Pedro Pinula",2,3659,380,31,21,9,9,3,13,8,8,0,46,29,1,2,180,31,12,223,0,223,--,380,157,180,223,223,Algún campo sin dato,1,18288c74d04129fa74dd88e2f708a472c6d8ae8644abc650b6783300eaf7b792,26/06/2023 01:01:30,ESCANER
23306,"Jalapa",21,"San Pedro Pinula",2,3659,380,19,18,9,10,1,13,7,9,0,47,39,1,1,174,17,15,206,0,206,--,380,174,174,206,206,Algún campo sin dato,1,4a8c36ec4b2ceaf41ea0a3159e31d2e86c0095c0dcda1159402cba0deba4eb9e,26/06/2023 00:06:01,ESCANER
23307,"Jalapa",21,"San Pedro Pinula",2,3659,380,6,9,16,21,4,15,7,6,0,56,20,0,5,165,19,16,200,0,200,--,380,180,165,200,200,Algún campo sin dato,1,6b994d0650e76bbe89b6668da0d1dbbed5455dbc8cb3fb2f9d7818d500c7b1a4,26/06/2023 01:59:09,ESCANER
23308,"Jalapa",21,"San Pedro Pinula",2,3659,380,21,22,5,10,2,28,12,5,0,20,20,4,1,150,19,1,170,0,170,--,381,211,150,170,170,Algún campo sin dato,1,bc94d2f6ae2925fc18826a39bf6e8684db9b4e75d3a9a7c7cbb774cbcc4678e5,26/06/2023 02:30:41,ESCANER
23309,"Jalapa",21,"San Pedro Pinula",2,3659,357,14,27,8,5,2,12,4,2,0,33,13,0,0,120,10,3,133,0,133,--,357,224,120,133,133,Algún campo sin dato,1,8d7ebed968b50c259023b69358b30a8639239cf844373c960940c028b9693972,25/06/2023 23:38:50,ESCANER
23310,"Jalapa",21,"San Pedro Pinula",2,3659,356,7,13,13,13,1,14,5,1,0,29,23,1,0,120,21,3,144,0,144,--,356,212,120,144,144,Algún campo sin dato,1,907c5f50cc0605c86787ed14dc9f3b905ec0513d7f2ae7b304702f56defcc251,25/06/2023 23:26:37,ESCANER
23311,"Jalapa",21,"San Pedro Pinula",2,3660,380,4,6,24,2,3,14,17,5,1,52,33,2,1,164,29,5,198,0,198,--,380,182,164,198,198,Algún campo sin dato,1,0dee2b61687efb3933cd1c25ab13b13086509d5e96b3e69e3960503482d2f59e,26/06/2023 01:48:41,ESCANER
23312,"Jalapa",21,"San Pedro Pinula",2,3660,380,,,,,,,,,,,,,,,,,,,,,,,,,,,0,,,
23313,"Jalapa",21,"San Pedro Pinula",2,3660,380,,,,,,,,,,,,,,,,,,,,,,,,,,,0,,,
23314,"Jalapa",21,"San Pedro Pinula",2,3660,380,4,6,28,3,2,25,9,3,2,62,19,2,1,166,31,5,202,0,202,--,380,178,166,202,202,Algún campo sin dato,1,5b511a395d0164b044d72be1da7852773f3c18b10671543a7a6311dce901d6c3,26/06/2023 01:20:23,ESCANER
23315,"Jalapa",21,"San Pedro Pinula",2,3660,380,,,,,,,,,,,,,,,,,,,,,,,,,,,0,,,
23316,"Jalapa",21,"San Pedro Pinula",2,3660,380,,,,,,,,,,,,,,,,,,,,,,,,,,,0,,,
23317,"Jalapa",21,"San Pedro Pinula",2,3660,380,,,,,,,,,,,,,,,,,,,,,,,,,,,0,,,
23318,"Jalapa",21,"San Pedro Pinula",2,3660,380,,,,,,,,,,,,,,,,,,,,,,,,,,,0,,,
23319,"Jalapa",21,"San Pedro Pinula",2,3660,380,10,12,11,5,4,14,11,4,0,28,19,1,0,119,22,4,145,0,145,--,376,230,119,145,145,Algún campo sin dato,1,1412a257118404e186750faeef0f9b39940f928988f6ceb963d2ccfc4fcf41a0,26/06/2023 01:26:23,ESCANER
23320,"Jalapa",21,"San Pedro Pinula",2,3660,380,7,8,30,6,1,21,7,4,1,35,33,0,2,155,24,7,186,0,186,--,380,194,155,186,186,Algún campo sin dato,1,a3d41afc1c4371718bc58b9a81bb2b437b382fc27ea906521d3edad8909c9a61,26/06/2023 01:17:09,ESCANER
23321,"Jalapa",21,"San Pedro Pinula",2,3660,380,7,5,26,11,1,24,7,6,0,31,20,2,1,141,21,2,164,0,164,--,381,217,141,164,164,Algún campo sin dato,1,65ac5cdecff1b3fb9dbd6a3b9e62a50159a67eaa7aef3d54b764dcf12b79cd40,26/06/2023 01:12:08,ESCANER
23322,"Jalapa",21,"San Pedro Pinula",2,3661,380,5,12,19,5,2,22,6,7,0,26,16,4,0,124,25,8,157,0,157,--,380,223,124,157,157,Algún campo sin dato,1,f2afac0074756c619484f06ced92bb33cd7563a845ec10a87c895611a91d8047,26/06/2023 01:05:38,ESCANER
23323,"Jalapa",21,"San Pedro Pinula",2,3661,380,6,7,16,6,1,11,4,10,2,31,26,0,1,121,26,4,151,0,151,0,380,229,121,151,151,,1,138add749f015700f1d6c81ef547bdadc26ca3a5101fbb7465dc58374434244e,26/06/2023 00:43:17,ESCANER
23324,"Jalapa",21,"San Pedro Pinula",2,3661,380,2,7,15,3,5,12,7,3,1,33,9,1,0,98,9,3,110,0,110,--,376,266,98,110,110,Algún campo sin dato,1,4c2e1d5bed913b6c5066c4280f288024162d23be69a13a8a790ea0cea81fda3a,25/06/2023 23:49:30,ESCANER
23325,"Jalapa",21,"San Pedro Pinula",2,3661,380,5,1,14,7,4,19,5,4,0,33,26,0,1,119,13,4,136,0,136,--,380,244,119,136,136,Algún campo sin dato,1,3515eeb4d3cb1bfff3ad09943536e7b7d6fb91e87d5b84b9d4f1fcfb2dc3ee36,25/06/2023 23:23:10,ESCANER
23326,"Jalapa",21,"San Pedro Pinula",2,3661,327,2,4,17,8,2,8,2,3,0,17,13,1,0,77,11,7,95,0,95,--,327,232,77,95,95,Algún campo sin dato,1,b524a6179f1dc31a220e0c7624a15f228d8daf4cfa1f031d1d1e61865c68d1dd,25/06/2023 22:48:57,ESCANER
23327,"Jalapa",21,"San Pedro Pinula",2,3661,326,2,7,15,2,3,13,6,2,0,31,11,1,0,93,18,4,115,1,116,1,327,211,93,115,116,,1,0f6cecee337fd506b9db313c5beb05e731773ee462cbb2ca45ad015fa82474d8,26/06/2023 02:01:49,ESCANER
23328,"Jalapa",21,"San Pedro Pinula",2,3662,380,2,24,17,1,5,30,36,27,0,48,26,2,4,222,21,16,259,0,259,--,380,121,222,259,259,Algún campo sin dato,1,bbaf874bcebd7a0c56dfbd66531e9f1652f11929fac4d0cb6b336cbbae746787,26/06/2023 02:47:34,ESCANER
23329,"Jalapa",21,"San Pedro Pinula",2,3662,380,4,24,9,1,5,19,33,18,0,60,41,1,3,218,23,8,249,0,249,--,376,127,218,249,249,Algún campo sin dato,1,e939190ecdd01c30adaca83099bb25f7a1a4179f607f3d867d814f4bcfb00ce8,26/06/2023 03:21:55,ESCANER
23330,"Jalapa",21,"San Pedro Pinula",2,3662,380,10,34,12,2,3,21,42,13,0,64,55,0,0,256,20,9,285,0,285,--,380,95,256,285,285,Algún campo sin dato,1,f37f94150d920dcc3670d4d6548cb4bc0a9bc9b091ddf46d304ee3f570c3f29e,26/06/2023 03:04:15,ESCANER
23331,"Jalapa",21,"San Pedro Pinula",2,3663,380,4,35,8,0,3,30,36,20,0,46,30,3,2,217,13,7,237,0,237,--,380,143,217,237,237,Algún campo sin dato,1,bfc5e2bf7bf432167c554c320e9e89540aae03bd2fbe387ec92d3f59fa3d215b,26/06/2023 01:37:40,ESCANER
23332,"Jalapa",21,"San Pedro Pinula",2,3663,380,0,23,3,1,5,28,31,17,2,38,30,2,2,182,9,4,195,0,195,--,380,185,182,195,195,Algún campo sin dato,1,532d3db35a18d49c02e409a92da74b19cd8fe63f7908557c2cb97b901ffc767b,26/06/2023 01:26:18,ESCANER
23333,"Jalapa",21,"San Pedro Pinula",2,3663,239,1,19,4,1,3,17,12,12,0,25,17,0,0,111,5,2,118,0,118,--,239,121,111,118,118,Algún campo sin dato,1,c430170a3029800b3276a79800666319b221c26c25d8e846bb8b92ec72d0a8fe,26/06/2023 01:25:44,ESCANER
23334,"Jalapa",21,"San Pedro Pinula",2,3663,238,1,16,9,1,1,14,21,6,0,19,11,1,0,100,6,3,109,0,109,--,234,125,100,109,109,Algún campo sin dato,1,b49ae5972a9466c4cf40fa2f35b823dc6e44c05328a3348b0bd65173936ab0d6,26/06/2023 01:25:56,ESCANER
23335,"Jalapa",21,"San Pedro Pinula",2,3664,380,9,7,7,4,1,25,29,4,2,30,41,1,5,165,28,9,202,0,202,--,380,178,165,202,202,Algún campo sin dato,1,685c16ca98e1be545a527d2aea44db8afc1451c3484a23ec2b7d00d6b86e591f,26/06/2023 00:19:53,ESCANER
23336,"Jalapa",21,"San Pedro Pinula",2,3664,380,7,1,21,2,3,31,27,3,0,30,55,2,14,196,42,8,246,0,246,--,397,151,196,246,246,Algún campo sin dato,1,75cc1dbcf4a1d6a1f11a1fbde4c574f3cc041ad864904eedcc2d104633876fa5,26/06/2023 02:13:45,ESCANER
23337,"Jalapa",21,"San Pedro Pinula",2,3664,380,4,10,18,3,0,17,22,2,0,52,38,0,12,178,25,7,210,0,210,--,380,170,178,210,210,Algún campo sin dato,1,a19eeb98870d6a0006d46c1f85c736993a51e9c994975754469530d04b18ae06,26/06/2023 00:47:30,ESCANER
23338,"Jalapa",21,"San Pedro Pinula",2,3664,380,7,7,15,2,3,47,41,8,0,28,44,1,2,205,34,11,250,0,250,--,400,150,205,250,250,Algún campo sin dato,1,aa4bac7b374c4eec56c9069187cfd349d398e5a221478e6bf40a634aef82be5b,26/06/2023 01:04:38,ESCANER
23339,"Jalapa",21,"San Pedro Pinula",2,3664,380,4,4,19,3,1,43,27,1,0,31,38,1,12,184,24,8,216,0,216,--,400,184,184,216,216,Algún campo sin dato,1,5b2d4484ef22ffb6d8bb624a8e8e9d0304815749704678db48e5a0255b628432,26/06/2023 00:05:15,ESCANER
23340,"Jalapa",21,"San Pedro Pinula",2,3664,380,9,6,4,1,2,33,22,6,1,32,47,2,9,174,27,9,210,0,210,--,400,190,174,210,210,Algún campo sin dato,1,ae1be1b2e4ae21375ea3e393f7c1919455071f1082562bb5235177eefd9d68a5,26/06/2023 01:20:04,ESCANER
23341,"Jalapa",21,"San Pedro Pinula",2,3664,380,3,7,13,1,0,30,21,2,0,22,32,3,10,144,24,2,170,0,170,--,392,222,144,170,170,Algún campo sin dato,1,ed3dca6094a7efffd6bc8379ae45e234ff4adbc0b57268819aa0f7aa81531021,26/06/2023 01:12:47,ESCANER
23342,"Jalapa",21,"San Pedro Pinula",2,3664,380,3,0,11,1,1,21,21,2,0,22,42,0,6,130,12,4,146,0,146,--,400,254,130,146,146,Algún campo sin dato,1,5b3dd86d188eef87b4949cbd755a3d62fc2260cc39cc77555d80eb8908a17c05,26/06/2023 00:35:22,ESCANER
23343,"Jalapa",21,"San Pedro Pinula",2,3664,380,3,6,11,0,0,27,29,2,0,18,38,1,4,139,15,5,159,0,159,--,400,241,139,159,159,Algún campo sin dato,1,33a64383f33385cf7267d10435975eec1fc496c9af59345632af3707b0032543,26/06/2023 01:51:44,ESCANER
23344,"Jalapa",21,"San Pedro Pinula",2,3664,380,3,9,16,0,1,33,22,1,1,22,35,1,8,152,13,2,167,0,167,--,400,233,152,167,167,Algún campo sin dato,1,e5d90cdb850129d896551d3789fe226ce2c467b4351c7169a05ff500895c95dc,26/06/2023 00:53:14,ESCANER
23345,"Jalapa",21,"San Pedro Pinula",2,3664,292,2,4,4,4,0,20,12,3,1,19,28,1,10,108,5,4,117,0,117,--,292,175,108,117,117,Algún campo sin dato,1,8a3b9dd068dc65cd41fe1053e7d54551bb110db9abefe5e8173e42fbf85c5fa5,26/06/2023 00:44:02,ESCANER
23346,"Jalapa",21,"San Pedro Pinula",2,3664,292,2,9,5,1,3,18,11,0,1,18,25,1,3,97,8,2,107,0,107,--,292,185,97,107,107,Algún campo sin dato,1,7f20c0d0c7fab16d593c7408d3f4780d436d5c7d67606b6390b34014c8393fca,26/06/2023 00:12:30,ESCANER
23347,"Jalapa",21,"San Pedro Pinula",2,3665,586,6,7,3,1,2,31,14,4,0,19,32,0,1,120,14,8,142,0,142,--,585,443,120,142,142,Algún campo sin dato,1,c64df150b350e21f4c1f3743e2c1d2d544f366eaabd783ee1f1806bda4c12534,26/06/2023 01:03:36,ESCANER
23348,"Jalapa",21,"San Pedro Pinula",2,3665,585,5,4,0,2,2,13,8,5,0,13,22,1,2,77,3,4,84,0,84,1,585,501,77,84,84,,1,76314eb8ce5aa658c28a4803a3052e62c269b4eb9c38a478aa0276e13cb278b1,26/06/2023 01:20:23,ESCANER