﻿TIPO_DE_ELECCIÓN:,CORPORACIÓN MUNICIPAL
26 junio 2023 03:36 (UTC -6)
ACTAS_ESPERADAS,ACTAS_CAPTURADAS,PORCENTAJE_ACTAS_CAPTURADAS,ACTAS_CONTABILIZADAS,PORCENTAJE_ACTAS_CONTABILIZADAS,ACTAS_NO_CONTABILIZADAS,LISTA_NOMINAL_ACTAS_CONTABILIZADAS,VOTOS_EMITIDOS_CONTABILIZADAS,PORCENTAJE_PARTICIPACIÓN_CIUDADANA
48,47,97.9166,47,97.9166,0,17385,12015,69.1113

MESA,DEPARTAMENTO,ID_DEPARTAMENTO,MUNICIPIO,ID_MUNICIPIO,CENTRO_DE_VOTACIÓN,PADRÓN,MLP,COCIEP,COCIEGUA,COCIEES,COCIEA,CABAL,VAMOS,MI FAMILIA,COCIEO,VALOR UNIONISTA,VÁLIDOS,NULOS,BLANCO,EMITIDOS,INVÁLIDOS,TOTAL,IMPUGNACIONES,PAPELETAS-RECIBIDAS,PAPELETAS-NO-USADAS,VALIDOS_CALCULADO,EMITIDOS_CALCULADO,TOTAL_CALCULADO,OBSERVACIONES,CONTABILIZADA,CÓDIGO_INTEGRIDAD,FECHA_HORA_PUBLICACIÓN,DIGITALIZACIÓN
18244,"Baja Verapaz",15,"San Miguel Chicaj",2,2793,400,0,17,8,197,25,4,0,2,1,3,257,12,3,272,0,272,1,400,128,257,272,272,,1,a1b0ff7a0eadf733d8bfc3495ea2944276bdd8a0f8bd2e26557cbcba76d10daa,26/06/2023 00:49:07,ESCANER
18245,"Baja Verapaz",15,"San Miguel Chicaj",2,2793,400,0,14,10,216,29,1,1,0,1,2,274,17,6,297,0,297,--,400,103,274,297,297,Algún campo sin dato,1,bd3b00fdc03d008fc379d8ffa76818d13e15bf4c8a0d4ee9760147ff9c0acac3,26/06/2023 00:40:50,ESCANER
18246,"Baja Verapaz",15,"San Miguel Chicaj",2,2793,400,0,15,8,252,29,3,0,1,0,0,308,16,4,328,0,328,--,400,72,308,328,328,Algún campo sin dato,1,c6294c7f930c40af312cf45650fb887f60f24380d0742c4a26893f11a52802af,25/06/2023 23:24:53,ESCANER
18247,"Baja Verapaz",15,"San Miguel Chicaj",2,2793,400,1,25,5,249,35,3,2,3,0,3,326,14,0,340,0,340,--,400,60,326,340,340,Algún campo sin dato,1,560766992705456bd8314c55b029944f3748d52d412ec8c80e447f5c040c5fcc,25/06/2023 23:40:18,ESCANER
18248,"Baja Verapaz",15,"San Miguel Chicaj",2,2793,400,0,15,6,250,33,1,1,1,1,2,310,18,4,332,0,332,--,400,68,310,332,332,Algún campo sin dato,1,1f9b5dce7284c1a49246cf255b1febda0ab0dd12ec069d1d52fbdd5bd7494f4e,26/06/2023 02:59:15,ESCANER
18249,"Baja Verapaz",15,"San Miguel Chicaj",2,2793,400,0,21,15,210,38,2,0,1,3,2,292,20,4,316,0,316,1,400,83,292,316,316,,1,514e4c5b853faae1efca3531d290fbd088738329e4b25a82b2415913368f7207,26/06/2023 01:09:21,ESCANER
18250,"Baja Verapaz",15,"San Miguel Chicaj",2,2793,400,1,31,15,211,46,3,3,1,2,3,316,8,1,325,0,325,--,400,75,316,325,325,Algún campo sin dato,1,694e92d2922510feec0ed78cb22622db4b7a7f8f555a9db80f6406a1d51a12b2,26/06/2023 00:27:05,ESCANER
18251,"Baja Verapaz",15,"San Miguel Chicaj",2,2793,400,1,20,11,199,53,5,1,1,3,2,296,12,6,314,0,314,--,400,86,296,314,314,Algún campo sin dato,1,2ffa56c9495a0281c8355d2d7d1015873c7ffcff5c6a79a8e5943aede4c0e4ee,25/06/2023 23:31:05,ESCANER
18252,"Baja Verapaz",15,"San Miguel Chicaj",2,2793,400,0,29,14,215,35,5,2,3,1,2,306,16,4,326,0,326,1,400,74,306,326,326,,1,61cc3a4ff2466decb8a0ba1c2f43271c2dd7dba305d82cce1804eb36f76e4d80,26/06/2023 02:43:28,ESCANER
18253,"Baja Verapaz",15,"San Miguel Chicaj",2,2793,400,0,31,13,198,53,1,3,0,1,5,305,7,0,312,0,312,--,400,88,305,312,312,Algún campo sin dato,1,dd5a965a6c5d85c86cf40cdf73369c8a8bd2c18ecf692d51f65d38ff5892d675,26/06/2023 00:56:03,ESCANER
18254,"Baja Verapaz",15,"San Miguel Chicaj",2,2793,400,0,15,8,188,35,3,1,0,3,3,256,8,1,265,0,265,--,400,135,256,265,265,Algún campo sin dato,1,eee4aef02b7ea8ab26efc89ec48deafd482e81f6ebfa8ec56205d3e74567a458,25/06/2023 22:52:10,ESCANER
18255,"Baja Verapaz",15,"San Miguel Chicaj",2,2793,400,0,19,12,175,49,3,3,3,0,1,265,6,0,271,0,271,--,400,129,265,271,271,Algún campo sin dato,1,49cb7652865966cbdf5ef503a8338cbc5738b1cdcfdbccb761be6d238212ff9d,26/06/2023 01:58:12,ESCANER
18256,"Baja Verapaz",15,"San Miguel Chicaj",2,2793,400,0,21,10,187,42,4,1,2,0,8,275,6,0,281,0,281,--,400,119,275,281,281,Algún campo sin dato,1,46abb589f92edf880941466237b512b50520cc13b6b7a773d6daa498c3c829f2,26/06/2023 00:22:49,ESCANER
18257,"Baja Verapaz",15,"San Miguel Chicaj",2,2793,400,0,20,15,161,41,1,1,3,1,4,247,11,1,259,0,259,1,400,141,247,259,259,,1,476c4328ba3ea95ffc4eee0dfda289d9b9c32d6409929f29a8e63cec8f9418a4,26/06/2023 00:48:30,ESCANER
18258,"Baja Verapaz",15,"San Miguel Chicaj",2,2793,400,0,15,9,168,22,0,0,0,3,1,218,3,1,222,0,222,--,400,178,218,222,222,Algún campo sin dato,1,cb97fc7e03d736a8420c2b613ebd609944e6f42c3973697956d91ab59bc8f73c,25/06/2023 22:46:35,ESCANER
18259,"Baja Verapaz",15,"San Miguel Chicaj",2,2793,400,0,19,9,197,25,3,0,1,2,1,257,3,0,260,0,260,--,400,140,257,260,260,Algún campo sin dato,1,0eb3e415542ce4a49aab42e3a3b623efff2c2140f07bb7169cf54dde5561ee64,25/06/2023 22:36:35,ESCANER
18260,"Baja Verapaz",15,"San Miguel Chicaj",2,2793,400,0,16,11,183,29,3,0,5,8,1,256,1,0,257,0,257,--,380,123,256,257,257,Algún campo sin dato,1,4063308b3ea8770f1e289f9ee01f9af747020e3354afaeb2f7366dbd8cc699a0,25/06/2023 23:20:23,ESCANER
18261,"Baja Verapaz",15,"San Miguel Chicaj",2,2793,400,2,14,5,191,31,1,3,1,5,0,253,2,0,255,0,255,--,400,145,253,255,255,Algún campo sin dato,1,c33fd7d8e5162927242704ab6c39260919a22cb02c6486af333cecb336b3e7a0,26/06/2023 00:57:44,ESCANER
18262,"Baja Verapaz",15,"San Miguel Chicaj",2,2793,231,0,10,2,105,21,4,0,1,0,2,145,0,0,145,0,145,--,231,86,145,145,145,Algún campo sin dato,1,f4fb35b77bb4dd27396abf672463485ff7534580178a0101f7071c3a843c5cbc,26/06/2023 00:17:29,ESCANER
18263,"Baja Verapaz",15,"San Miguel Chicaj",2,2793,231,0,11,6,96,18,0,0,0,1,2,134,2,0,136,0,136,--,231,95,134,136,136,Algún campo sin dato,1,022d5b5a5a1321ef502d8a8467bcb4d7df17194eedf825f5aaac24678b67cf02,25/06/2023 22:18:42,ESCANER
18264,"Baja Verapaz",15,"San Miguel Chicaj",2,2794,380,3,89,0,5,151,0,1,0,14,1,264,7,1,272,0,272,--,380,108,264,272,272,Algún campo sin dato,1,298ccb9ab817f6a1026f2bf461521611d99ed260b58df45d1c07b34ca4318fdb,26/06/2023 02:05:57,ESCANER
18265,"Baja Verapaz",15,"San Miguel Chicaj",2,2794,380,1,54,3,7,160,0,0,0,17,0,242,15,3,260,0,260,--,380,120,242,260,260,Algún campo sin dato,1,c22539cd13c85f70b827043ee9a78952c4aadaf3f5bea341086d5f444935ddd9,26/06/2023 02:12:51,ESCANER
18266,"Baja Verapaz",15,"San Miguel Chicaj",2,2794,380,4,59,0,8,196,2,0,0,11,0,280,7,3,290,0,290,--,380,90,280,290,290,Algún campo sin dato,1,cbdbf22ff268aa13af34a8a1a4904a52895a0f3a0a74452eae392987579c89c5,26/06/2023 02:21:20,ESCANER
18267,"Baja Verapaz",15,"San Miguel Chicaj",2,2794,380,3,73,0,8,191,0,0,0,12,0,287,10,0,297,0,297,--,380,83,287,297,297,Algún campo sin dato,1,fb4ea783bf75ad578e03f806798c2776b1016179d1a6a6e44b9355e66fffe656,26/06/2023 02:26:50,ESCANER
18268,"Baja Verapaz",15,"San Miguel Chicaj",2,2794,380,11,125,0,8,139,0,1,1,3,1,289,7,3,299,0,299,--,380,81,289,299,299,Algún campo sin dato,1,e8b79c2622f74223cccdd739083a7863fd4478f8e92b8d4fe1945ee5f19a3d07,26/06/2023 03:30:17,ESCANER
18269,"Baja Verapaz",15,"San Miguel Chicaj",2,2794,380,5,91,0,6,137,0,0,0,16,0,255,7,4,266,0,266,--,385,119,255,266,266,Algún campo sin dato,1,16ef6234d01f7f11923c63d2911f994b943bbe5ffc94b042cf006fc04cf23f2e,26/06/2023 02:34:56,ESCANER
18270,"Baja Verapaz",15,"San Miguel Chicaj",2,2794,380,3,71,3,15,152,2,2,0,17,0,265,8,1,274,0,274,--,380,106,265,274,274,Algún campo sin dato,1,e99d9fba7f0f9aa94fe454fa4fe18dfdaaa555200f3dbb65d8780399f101650b,26/06/2023 02:40:19,ESCANER
18271,"Baja Verapaz",15,"San Miguel Chicaj",2,2794,380,0,67,1,11,135,1,0,0,15,0,230,2,1,233,0,233,--,380,147,230,233,233,Algún campo sin dato,1,b7771375e8056242b6d4d9a1391f80a7f22d01d14d433f81ad0670197b5d3733,26/06/2023 02:45:24,ESCANER
18272,"Baja Verapaz",15,"San Miguel Chicaj",2,2794,380,4,66,0,15,135,0,0,0,11,1,232,7,0,239,0,239,--,380,141,232,239,239,Algún campo sin dato,1,a11b9ea7e7bc70e8e67b86097fa42463185e14f81b64d2385f629170ed2c3ef9,26/06/2023 02:51:01,ESCANER
18273,"Baja Verapaz",15,"San Miguel Chicaj",2,2795,380,2,60,0,17,142,1,1,0,14,0,237,4,1,242,0,242,--,380,138,237,242,242,Algún campo sin dato,1,973c920727c8f086845eb7f4759d8b7795c78864921dbffe112cb1444a74909b,26/06/2023 02:24:14,ESCANER
18274,"Baja Verapaz",15,"San Miguel Chicaj",2,2795,380,5,64,2,14,122,1,0,0,11,0,219,0,0,219,0,219,--,380,161,219,219,219,Algún campo sin dato,1,6681c0d698778cb84e297e7711b2f9bfab60f4da05d40f9ad3aad9cf113bb357,26/06/2023 02:36:02,ESCANER
18275,"Baja Verapaz",15,"San Miguel Chicaj",2,2795,243,1,51,0,8,97,0,0,0,5,1,163,0,0,163,0,163,--,243,80,163,163,163,Algún campo sin dato,1,51f243274e61bebfcee082eda83738f391c296c8bfd65e8a054df6fc3fc0b0e8,26/06/2023 02:30:23,ESCANER
18276,"Baja Verapaz",15,"San Miguel Chicaj",2,2795,243,2,55,0,5,77,0,0,0,8,0,147,0,1,148,0,148,--,243,95,147,148,148,Algún campo sin dato,1,8d41a1797ad25c4e63603353a469c6d686732c78dced3a325d18b24297c7f96d,26/06/2023 02:15:08,ESCANER
18277,"Baja Verapaz",15,"San Miguel Chicaj",2,2796,327,1,39,1,112,62,0,2,0,6,0,223,18,6,247,0,247,--,327,80,223,247,247,Algún campo sin dato,1,6b5ce1d356dd9c5fe6e7922eb3ff21a8845c9c66a86a82e0daddc52fe8b651ed,26/06/2023 03:06:19,ESCANER
18278,"Baja Verapaz",15,"San Miguel Chicaj",2,2796,326,0,28,2,89,68,1,2,1,4,1,196,12,1,209,0,209,--,326,117,196,209,209,Algún campo sin dato,1,97d9f951af55c0340704591d5287e07b44303e48bb45e89612c355620b86d737,26/06/2023 03:28:27,ESCANER
18279,"Baja Verapaz",15,"San Miguel Chicaj",2,2797,380,2,4,2,225,7,0,2,0,0,0,242,21,4,267,0,267,--,380,113,242,267,267,Algún campo sin dato,1,6cf33c185ac3dd0366d4e94ccbb2f71ee8323bf290b12a7b283030a4c1f26c29,26/06/2023 01:19:23,ESCANER
18280,"Baja Verapaz",15,"San Miguel Chicaj",2,2797,375,0,1,2,250,4,1,4,0,0,0,262,20,2,284,0,284,--,375,91,262,284,284,Algún campo sin dato,1,250b7445c39cfdfb5bc0ae0c8ef8cb2c3d31867c48e16a1e1ec063354e7cbe9f,26/06/2023 01:28:12,ESCANER
18281,"Baja Verapaz",15,"San Miguel Chicaj",2,2797,375,0,3,0,211,4,0,5,0,0,0,223,6,0,229,0,229,--,375,146,223,229,229,Algún campo sin dato,1,1fb73157901708d7819585d98702f56485b133931e44212b934962d5be2f357e,26/06/2023 01:31:16,ESCANER
18282,"Baja Verapaz",15,"San Miguel Chicaj",2,2798,380,0,73,1,11,157,1,0,0,9,1,253,10,2,265,0,265,--,380,115,253,265,265,Algún campo sin dato,1,a78c3a4787c9af3f25730051429b4c77fc95a87de70d09517b5d506e22cf6338,26/06/2023 01:06:10,ESCANER
18283,"Baja Verapaz",15,"San Miguel Chicaj",2,2798,380,0,70,4,12,197,3,0,0,7,0,293,11,4,308,0,308,--,384,76,293,308,308,Algún campo sin dato,1,2e54669ce2e005d07f87f7d83dbf1a7f8c6f114a773bef12b8f0e9bbba6465f5,26/06/2023 02:06:45,ESCANER
18284,"Baja Verapaz",15,"San Miguel Chicaj",2,2798,380,0,62,1,45,149,4,2,0,19,1,283,15,4,302,0,302,--,380,78,283,302,302,Algún campo sin dato,1,268a52d96bc4af76ee28b3485764b2936a863261cd4f805138fd529ab5fd48b5,26/06/2023 01:58:20,ESCANER
18285,"Baja Verapaz",15,"San Miguel Chicaj",2,2798,380,0,17,16,115,121,0,1,0,6,3,279,8,0,287,0,287,--,378,91,279,287,287,Algún campo sin dato,1,3554f9d4f149ffa212cf27c1bbcc3434f550ee5665a0b3da99d772b5d6fbe4a8,26/06/2023 01:27:39,ESCANER
18286,"Baja Verapaz",15,"San Miguel Chicaj",2,2798,380,,,,,,,,,,,,,,,,,,,,,,,,0,,,
18287,"Baja Verapaz",15,"San Miguel Chicaj",2,2798,380,0,64,2,44,119,2,0,0,0,1,232,5,1,238,0,238,1,380,142,232,238,238,,1,1643c98ff4fa298c5d36a4c4d6b6016a9744acd3b3ee3f0cedd2b540a4197fc8,26/06/2023 01:16:47,ESCANER
18288,"Baja Verapaz",15,"San Miguel Chicaj",2,2798,380,1,46,1,42,125,2,0,0,6,2,225,5,0,230,0,230,--,400,170,225,230,230,Algún campo sin dato,1,b9ac8795d2b82bf64169e364954c26487997299ff33bf9cf86afac496dd33416,26/06/2023 01:01:02,ESCANER
18289,"Baja Verapaz",15,"San Miguel Chicaj",2,2798,277,0,28,1,29,110,1,0,0,8,1,178,0,0,178,0,178,--,277,99,178,178,178,Algún campo sin dato,1,f02ffd3b7c1ffd99b270d477e95030faa2f215b19f251227407d967ea19c6f72,26/06/2023 01:49:51,ESCANER
18290,"Baja Verapaz",15,"San Miguel Chicaj",2,2798,276,0,37,2,44,58,0,0,0,4,0,145,4,0,149,0,149,--,276,127,145,149,149,Algún campo sin dato,1,057d18a4d3a17b6815ea7ae04b2bece9e58303e4a71e1c206c042e9e4af15b55,26/06/2023 01:35:51,ESCANER
18291,"Baja Verapaz",15,"San Miguel Chicaj",2,2799,441,0,20,3,53,22,0,0,0,1,0,99,6,2,107,0,107,--,441,334,99,107,107,Algún campo sin dato,1,1751b01bd7103034f5fa7700832cd63db6bb0eeb04b9fec5a939f2f938741abd,25/06/2023 22:12:39,ESCANER