﻿TIPO_DE_ELECCIÓN:,CORPORACIÓN MUNICIPAL
26 junio 2023 03:36 (UTC -6)
ACTAS_ESPERADAS,ACTAS_CAPTURADAS,PORCENTAJE_ACTAS_CAPTURADAS,ACTAS_CONTABILIZADAS,PORCENTAJE_ACTAS_CONTABILIZADAS,ACTAS_NO_CONTABILIZADAS,LISTA_NOMINAL_ACTAS_CONTABILIZADAS,VOTOS_EMITIDOS_CONTABILIZADAS,PORCENTAJE_PARTICIPACIÓN_CIUDADANA
28,26,92.8571,26,92.8571,0,9493,5582,58.8012

MESA,DEPARTAMENTO,ID_DEPARTAMENTO,MUNICIPIO,ID_MUNICIPIO,CENTRO_DE_VOTACIÓN,PADRÓN,VAMOS,UNE,VALOR,VICTORIA,TODOS,BIEN,PHG,CABAL,VÁLIDOS,NULOS,BLANCO,EMITIDOS,INVÁLIDOS,TOTAL,IMPUGNACIONES,PAPELETAS-RECIBIDAS,PAPELETAS-NO-USADAS,VALIDOS_CALCULADO,EMITIDOS_CALCULADO,TOTAL_CALCULADO,OBSERVACIONES,CONTABILIZADA,CÓDIGO_INTEGRIDAD,FECHA_HORA_PUBLICACIÓN,DIGITALIZACIÓN
16282,"Huehuetenango",13,"San Antonio Huista",24,2417,400,76,108,7,0,19,10,18,6,244,15,3,262,0,262,--,400,138,244,262,262,Algún campo sin dato,1,a78c45e06cbff2164396f073d08df83fad76297c5179f5827c8997889597298e,26/06/2023 02:49:44,ESCANER
16283,"Huehuetenango",13,"San Antonio Huista",24,2417,400,78,122,17,2,13,6,10,1,249,7,4,260,0,260,--,400,140,249,260,260,Algún campo sin dato,1,8b6044920471afa58ee3285c39a94cb7add30e1a976a88569bcc14ad8a4f8571,26/06/2023 01:33:47,ESCANER
16284,"Huehuetenango",13,"San Antonio Huista",24,2417,400,74,125,5,2,14,7,17,5,249,15,6,270,0,270,--,400,130,249,270,270,Algún campo sin dato,1,c7062deb1551d3a34150b9b7cd25daa02bc1d2f06f19f9181aabba2bc885cc73,26/06/2023 02:21:53,ESCANER
16285,"Huehuetenango",13,"San Antonio Huista",24,2417,400,89,116,8,0,18,15,16,2,264,12,4,280,0,280,--,400,120,264,280,280,Algún campo sin dato,1,382fdd6f188b342ede007ab9921a8b787b05678f18a0e59abd6dd315e2c7efd5,26/06/2023 03:04:38,ESCANER
16286,"Huehuetenango",13,"San Antonio Huista",24,2417,400,80,124,9,1,29,17,5,1,266,10,2,278,0,278,--,400,122,266,278,278,Algún campo sin dato,1,d7311a9e7f0ffffde0ecb30a75e726c635d1540e684bc028a560a7209dd84f52,26/06/2023 01:28:02,ESCANER
16287,"Huehuetenango",13,"San Antonio Huista",24,2417,400,62,159,5,1,23,9,14,0,273,5,6,284,0,284,--,400,116,273,284,284,Algún campo sin dato,1,24dc617b1aa863b0cc893a0fca3cc450e2b2bd0c742e298ffdc3a256a75df997,26/06/2023 01:42:47,ESCANER
16288,"Huehuetenango",13,"San Antonio Huista",24,2417,400,50,145,5,3,16,1,21,2,243,4,4,251,0,251,--,400,149,243,251,251,Algún campo sin dato,1,d86cebf95c07b2a7fb6f0e5f9b4a3f0b0f817e39326c97cb343a672ec29f2518,26/06/2023 01:27:23,ESCANER
16289,"Huehuetenango",13,"San Antonio Huista",24,2417,400,57,113,3,1,17,10,14,2,217,9,4,230,0,230,--,400,170,217,230,230,Algún campo sin dato,1,0781e7e717525a7c416e764e866545c39529bc99c058e5dd8428455a78cbebac,26/06/2023 02:07:49,ESCANER
16290,"Huehuetenango",13,"San Antonio Huista",24,2417,400,58,134,7,1,21,2,9,2,234,8,3,245,0,245,--,400,155,234,245,245,Algún campo sin dato,1,161bf21c58e735de731b8c0e609e3d5bc943349beeb9847207099bfbbeef2757,26/06/2023 00:53:21,ESCANER
16291,"Huehuetenango",13,"San Antonio Huista",24,2417,400,66,105,14,1,20,6,18,0,230,12,4,246,0,246,--,400,154,230,246,246,Algún campo sin dato,1,765b7234b543e8c9e274ee273e5154c26e96bb0a287ebce77cd696bf82b2bd75,26/06/2023 02:04:07,ESCANER
16292,"Huehuetenango",13,"San Antonio Huista",24,2417,400,58,116,7,0,21,8,23,2,235,8,4,247,0,247,--,400,153,235,247,247,Algún campo sin dato,1,4aad760dc4728c3da6d2f62cd853c3dea28aba994a5503b661f44e947bf08ef9,26/06/2023 00:10:42,ESCANER
16293,"Huehuetenango",13,"San Antonio Huista",24,2417,400,86,118,6,2,16,5,18,1,252,4,0,256,0,256,--,400,144,252,256,256,Algún campo sin dato,1,9799821969e0eb9cabc08e1fd06ada929663977abba8e9548aad2e8a73efce24,26/06/2023 01:02:02,ESCANER
16294,"Huehuetenango",13,"San Antonio Huista",24,2417,384,,,,,,,,,,,,,,,,,,,,,,0,,,
16295,"Huehuetenango",13,"San Antonio Huista",24,2417,384,54,89,6,2,17,5,14,4,191,7,2,200,0,200,--,382,179,191,200,200,Algún campo sin dato,1,6247cc84bc66106a809e7b15ca2f49d4803983a81310b1474336ada5f8537209,25/06/2023 23:57:29,ESCANER
16296,"Huehuetenango",13,"San Antonio Huista",24,2418,380,67,41,3,0,12,8,74,1,206,21,9,236,0,236,--,350,144,206,236,236,Algún campo sin dato,1,2099271c08b52ae052e3ef6f3dc81d54114dcaad6b777bb42fada6606cc757bc,26/06/2023 01:26:06,ESCANER
16297,"Huehuetenango",13,"San Antonio Huista",24,2418,380,,,,,,,,,,,,,,,,,,,,,,0,,,
16298,"Huehuetenango",13,"San Antonio Huista",24,2418,380,86,30,1,2,20,5,54,0,198,11,3,212,0,212,--,379,167,198,212,212,Algún campo sin dato,1,dfd4f90f1886ddb6a6d7a0f9c1ce8dc3494aa0ed202214dad503a6b3c9d967de,26/06/2023 00:32:51,ESCANER
16299,"Huehuetenango",13,"San Antonio Huista",24,2418,281,71,23,1,0,5,3,21,1,125,7,7,139,0,139,--,281,142,125,139,139,Algún campo sin dato,1,ead1d3b883ec6af1997286a2f2d4a8b4de53e9472302792010c54141f9346aec,26/06/2023 00:20:12,ESCANER
16300,"Huehuetenango",13,"San Antonio Huista",24,2418,280,55,28,1,0,10,5,27,1,127,10,2,139,0,139,--,280,141,127,139,139,Algún campo sin dato,1,211f964cd48810d9fe5f716cee95160b2a82251029e5abf2dd2fae554b0f95f9,25/06/2023 23:40:54,ESCANER
16301,"Huehuetenango",13,"San Antonio Huista",24,2419,380,76,86,8,2,11,5,13,1,202,12,8,222,0,222,--,380,158,202,222,222,Algún campo sin dato,1,343a6ba6c18ac5e92415c4761d82193074f2fc43a62646cbf25dae4e84854ff2,25/06/2023 23:37:13,ESCANER
16302,"Huehuetenango",13,"San Antonio Huista",24,2419,380,96,74,13,1,11,2,26,4,227,7,2,236,0,236,--,380,144,227,236,236,Algún campo sin dato,1,24884aa72838831b1138d9ab69d7424c99cbbeebb2a37d07062768395b5f1c00,25/06/2023 23:05:45,ESCANER
16303,"Huehuetenango",13,"San Antonio Huista",24,2419,380,77,85,21,2,17,1,11,2,216,9,8,233,0,233,--,377,144,216,233,233,Algún campo sin dato,1,6c5810d9c46e3dd530ac7e57673401139a13bbe40766e24f12c2b43e2d898ad6,26/06/2023 00:57:39,ESCANER
16304,"Huehuetenango",13,"San Antonio Huista",24,2419,380,66,80,12,0,7,1,18,0,184,12,1,197,0,197,--,380,183,184,197,197,Algún campo sin dato,1,da45bfa6c7d37cc3beda1af04223947ee51cdf9e86210a79f7a917f3557090a5,26/06/2023 00:34:58,ESCANER
16305,"Huehuetenango",13,"San Antonio Huista",24,2419,380,75,73,10,0,4,4,15,1,182,12,6,200,0,200,--,377,177,182,200,200,Algún campo sin dato,1,f36d01f903796d9cbdb64ba0ac623b8394908e0047a1bf55bec64c76f464ec19,26/06/2023 01:31:53,ESCANER
16306,"Huehuetenango",13,"San Antonio Huista",24,2419,196,50,30,4,0,7,1,6,0,98,0,2,100,0,100,--,196,96,98,100,100,Algún campo sin dato,1,ea074423ebaf6e1946fe019a200a13f9e16b0a74357810ad6449c7e246f56eb9,25/06/2023 22:34:39,ESCANER
16307,"Huehuetenango",13,"San Antonio Huista",24,2419,196,40,34,3,1,9,3,5,1,96,8,4,108,0,108,--,196,88,96,108,108,Algún campo sin dato,1,bfeeacdf595a14a5972f7b6d56887953c839f8edc96f9a702748dc9beef37f95,25/06/2023 23:48:25,ESCANER
16308,"Huehuetenango",13,"San Antonio Huista",24,2420,348,39,68,3,2,6,3,9,4,134,7,4,145,0,145,--,348,203,134,145,145,Algún campo sin dato,1,624d9d082c68049682cd4c3a4a9d28c468c2b95eb2150e81a079d127f0e7c258,26/06/2023 00:34:14,ESCANER
16309,"Huehuetenango",13,"San Antonio Huista",24,2420,348,22,53,4,1,7,5,1,0,93,8,5,106,0,106,--,348,242,93,106,106,Algún campo sin dato,1,6ac82f50595db486ef25bced452efb2c3963b78bb3ad7c206a14857822e6ea26,25/06/2023 22:47:11,ESCANER