﻿TIPO_DE_ELECCIÓN:,CORPORACIÓN MUNICIPAL
26 junio 2023 03:36 (UTC -6)
ACTAS_ESPERADAS,ACTAS_CAPTURADAS,PORCENTAJE_ACTAS_CAPTURADAS,ACTAS_CONTABILIZADAS,PORCENTAJE_ACTAS_CONTABILIZADAS,ACTAS_NO_CONTABILIZADAS,LISTA_NOMINAL_ACTAS_CONTABILIZADAS,VOTOS_EMITIDOS_CONTABILIZADAS,PORCENTAJE_PARTICIPACIÓN_CIUDADANA
57,45,78.9473,45,78.9473,0,16440,12333,75.0182

MESA,DEPARTAMENTO,ID_DEPARTAMENTO,MUNICIPIO,ID_MUNICIPIO,CENTRO_DE_VOTACIÓN,PADRÓN,VAMOS,BIEN,CABAL,PHG,VALOR,UNE,VÁLIDOS,NULOS,BLANCO,EMITIDOS,INVÁLIDOS,TOTAL,IMPUGNACIONES,PAPELETAS-RECIBIDAS,PAPELETAS-NO-USADAS,VALIDOS_CALCULADO,EMITIDOS_CALCULADO,TOTAL_CALCULADO,OBSERVACIONES,CONTABILIZADA,CÓDIGO_INTEGRIDAD,FECHA_HORA_PUBLICACIÓN,DIGITALIZACIÓN
16134,"Huehuetenango",13,"San Sebastián Huehuetenango",20,2377,400,100,82,63,2,44,2,293,18,7,318,0,318,--,400,82,293,318,318,Algún campo sin dato,1,e133007d4d3f0b42f0458976d0c07fd34a2e94eddd57e8999d4cefe38b38d1db,25/06/2023 21:46:08,MOVIL
16135,"Huehuetenango",13,"San Sebastián Huehuetenango",20,2377,400,122,63,84,4,23,4,300,22,9,331,0,331,--,400,69,300,331,331,Algún campo sin dato,1,8ee390a21cd5b12093b48c5fa2ce7a28ad9291c0f005981a5c252734ca699df6,26/06/2023 00:52:26,ESCANER
16136,"Huehuetenango",13,"San Sebastián Huehuetenango",20,2377,400,123,54,110,1,11,2,301,13,5,319,0,319,--,400,81,301,319,319,Algún campo sin dato,1,6f6961a62dc0cfa8ace4e6b06a5a490deaf27fc4464f42554f4927e2de0f7788,26/06/2023 00:17:28,MOVIL
16137,"Huehuetenango",13,"San Sebastián Huehuetenango",20,2378,400,107,62,132,1,11,4,317,14,7,338,0,338,--,400,62,317,338,338,Algún campo sin dato,1,6d867f9e216e4271088264cde9ee20bdb09f63324305fa725b3aa8495fed5433,26/06/2023 01:28:56,ESCANER
16138,"Huehuetenango",13,"San Sebastián Huehuetenango",20,2378,400,91,96,72,6,34,2,301,11,2,314,0,314,--,400,86,301,314,314,Algún campo sin dato,1,fb7c8ecde2928a9194810df941a6e20d04f47ccfa817ae9108f81ce8056a44cf,25/06/2023 23:34:28,ESCANER
16139,"Huehuetenango",13,"San Sebastián Huehuetenango",20,2378,400,73,61,92,2,25,2,255,12,3,270,0,270,--,400,130,255,270,270,Algún campo sin dato,1,7d6f44ba466ca9dd64fbfc4cf6b808c71926321dce64255cd79740a35b04df86,25/06/2023 23:37:14,ESCANER
16140,"Huehuetenango",13,"San Sebastián Huehuetenango",20,2378,400,84,60,82,1,40,1,268,8,2,278,0,278,--,400,122,268,278,278,Algún campo sin dato,1,f5f0bd3c270c0b797e09fefd7bdda4cf4bd506b4f77f29da2bdc6e8576cc4265,25/06/2023 23:45:27,ESCANER
16141,"Huehuetenango",13,"San Sebastián Huehuetenango",20,2379,400,92,83,67,3,24,1,270,4,0,274,0,274,--,400,126,270,274,274,Algún campo sin dato,1,6ca0a5997f8cc819389d690ee79749094614836f6f0b6adf3812725ce2c1b43a,25/06/2023 21:52:18,ESCANER
16142,"Huehuetenango",13,"San Sebastián Huehuetenango",20,2379,400,118,35,103,3,16,1,276,8,1,285,0,285,--,400,115,276,285,285,Algún campo sin dato,1,2e283b23557c9f9224aef1976a75cc9b44fd03d214e4621e584adcf5cad35e59,25/06/2023 21:47:53,ESCANER
16143,"Huehuetenango",13,"San Sebastián Huehuetenango",20,2380,246,64,55,40,1,16,0,176,3,0,179,0,179,--,246,67,176,179,179,Algún campo sin dato,1,0ce22df138e4f1c290db4ed3fb99da7b924db80da78c67e4c5b1291088c4fa9c,25/06/2023 22:09:12,ESCANER
16144,"Huehuetenango",13,"San Sebastián Huehuetenango",20,2380,245,44,32,54,0,12,1,143,3,3,149,0,149,--,245,96,143,149,149,Algún campo sin dato,1,e74ad5dd6cdafbb4c03b2df6f07e0f19d34b3931deaf7cb9273dc236e4e4d7f6,25/06/2023 22:18:58,ESCANER
16145,"Huehuetenango",13,"San Sebastián Huehuetenango",20,2381,400,85,81,92,3,25,3,289,16,10,315,0,315,--,400,85,289,315,315,Algún campo sin dato,1,f230036d230ffd6438836c0fd0921d2f2831093c1e4b532ba8bd94c4c9e5596e,26/06/2023 01:18:30,ESCANER
16146,"Huehuetenango",13,"San Sebastián Huehuetenango",20,2381,400,97,89,80,5,30,4,305,22,13,340,0,340,--,400,60,305,340,340,Algún campo sin dato,1,0cc15f1e9b041ba641c49eac29673a148aeff326acdd80ef3a6bb6a6892483fd,25/06/2023 23:24:57,ESCANER
16147,"Huehuetenango",13,"San Sebastián Huehuetenango",20,2382,400,146,73,70,8,11,2,310,12,9,331,0,331,--,400,69,310,331,331,Algún campo sin dato,1,73258f9e6a53246b1fd00fdcca1791f76e8391554e00377a91b3663826fd1397,26/06/2023 00:12:13,ESCANER
16148,"Huehuetenango",13,"San Sebastián Huehuetenango",20,2382,400,110,97,48,13,27,1,296,13,9,318,0,318,--,400,82,296,318,318,Algún campo sin dato,1,8d079a93b050c99c088c2243a9c60f48b77dbd14ad5aa8aee844dd3e42b8353e,26/06/2023 00:15:41,ESCANER
16149,"Huehuetenango",13,"San Sebastián Huehuetenango",20,2382,400,95,108,83,6,20,5,317,16,8,341,0,341,--,400,59,317,341,341,Algún campo sin dato,1,c95463a7ddd3c9d354266a2b9f9deabe4e26c3cd048f54257252c9ef18062212,26/06/2023 00:23:38,ESCANER
16150,"Huehuetenango",13,"San Sebastián Huehuetenango",20,2383,400,90,114,64,3,20,2,293,13,4,310,0,310,--,400,90,293,310,310,Algún campo sin dato,1,158f7dc533a468bec87d9993fb6666cb300a7d75a17d1a591880560c8957bd9e,26/06/2023 00:28:06,ESCANER
16151,"Huehuetenango",13,"San Sebastián Huehuetenango",20,2383,400,88,93,72,6,16,1,276,4,5,285,0,285,--,400,115,276,285,285,Algún campo sin dato,1,df229d7f86e4d60ace7d9f2decfbdd39b5a03197ec0c3a16c37dac91ef6e4bea,26/06/2023 00:38:36,ESCANER
16152,"Huehuetenango",13,"San Sebastián Huehuetenango",20,2384,400,76,81,65,2,25,1,250,9,3,262,0,262,--,400,138,250,262,262,Algún campo sin dato,1,178c68e98e8e5d2399d97661be11607cd9b425e612cb11ce67bc1dd58f61697d,25/06/2023 23:45:03,ESCANER
16153,"Huehuetenango",13,"San Sebastián Huehuetenango",20,2384,400,95,73,61,3,22,0,254,5,4,263,0,263,--,400,137,254,263,263,Algún campo sin dato,1,0758248cdadee95b347991a505283f1a213712dd33d5d34d09942036b9c5f21c,25/06/2023 23:34:21,ESCANER
16154,"Huehuetenango",13,"San Sebastián Huehuetenango",20,2385,400,81,90,75,3,17,0,266,6,3,275,0,275,--,400,125,266,275,275,Algún campo sin dato,1,bcc4e927eebb255bf8a0b76b67a6dfb6bf368ea0a85e28a870d253c278a4e85e,26/06/2023 00:01:31,ESCANER
16155,"Huehuetenango",13,"San Sebastián Huehuetenango",20,2385,400,89,97,57,2,21,1,267,4,0,271,0,271,--,400,129,267,271,271,Algún campo sin dato,1,2d963c3ad80a8121537b6fbdeb6df8dcf0b367b490d44a07512c0226cc7d0104,25/06/2023 23:34:02,ESCANER
16156,"Huehuetenango",13,"San Sebastián Huehuetenango",20,2386,202,46,39,43,5,8,0,141,2,3,146,0,146,--,202,56,141,146,146,Algún campo sin dato,1,e7f8a32434b05c6029491d9a23ce78d41fceff15834f73a2023e36dd1cdbddeb,25/06/2023 21:36:27,ESCANER
16157,"Huehuetenango",13,"San Sebastián Huehuetenango",20,2386,202,27,29,31,0,8,0,95,1,3,99,0,99,--,202,103,95,99,99,Algún campo sin dato,1,6852737405fb8d3ff0eecc76f844d33f459682d6819ed7f1cdaa5c004e945d26,25/06/2023 21:42:07,ESCANER
16158,"Huehuetenango",13,"San Sebastián Huehuetenango",20,2387,380,50,73,88,11,12,0,234,13,14,261,0,261,--,380,119,234,261,261,Algún campo sin dato,1,d92b3e576f22c28cca3c0d3bddad6c09a0e2fac269853cf290faa512413516c8,26/06/2023 00:13:52,ESCANER
16159,"Huehuetenango",13,"San Sebastián Huehuetenango",20,2387,380,32,92,101,9,30,4,268,6,16,290,0,290,--,380,90,268,290,290,Algún campo sin dato,1,1ca7f5ef36764c1ee81072bd5ee090b8a3a0dde56a3d0195c7d5a1ed6dc3d9a0,26/06/2023 00:50:34,ESCANER
16160,"Huehuetenango",13,"San Sebastián Huehuetenango",20,2387,380,53,101,87,14,43,1,299,9,8,316,0,316,--,380,64,299,316,316,Algún campo sin dato,1,ad2f6228dd74ce9f079178cc4b38e93340bd4d7b6acc9d52965a8592b602f385,26/06/2023 01:05:29,ESCANER
16161,"Huehuetenango",13,"San Sebastián Huehuetenango",20,2387,380,76,96,104,4,10,1,291,5,10,306,0,306,--,392,86,291,306,306,Algún campo sin dato,1,a77ba9fe7d10215650ea9edbd0182f0d36964684a1fdcc14965a3aa3c3204981,26/06/2023 01:21:46,ESCANER
16162,"Huehuetenango",13,"San Sebastián Huehuetenango",20,2387,380,45,89,99,4,11,1,249,3,6,258,0,258,--,380,122,249,258,258,Algún campo sin dato,1,9ac1d73f37be7e535c66ccef8149ea37406c4d96f17034373ea06bb380c0e990,25/06/2023 23:52:30,ESCANER
16163,"Huehuetenango",13,"San Sebastián Huehuetenango",20,2388,380,46,84,77,9,7,0,223,3,2,228,0,228,--,380,152,223,228,228,Algún campo sin dato,1,9efccc4afbf63db131c76453796728d0efb1580ce1f8f7c06f260fd3dde86a6a,25/06/2023 23:19:01,ESCANER
16164,"Huehuetenango",13,"San Sebastián Huehuetenango",20,2388,380,52,75,94,4,24,1,250,6,2,258,0,258,--,380,122,250,258,258,Algún campo sin dato,1,4d7da51a8aa6f5b480231a90ea390fb10406a2ec80da82b519aefd363f64ee28,26/06/2023 00:04:25,ESCANER
16165,"Huehuetenango",13,"San Sebastián Huehuetenango",20,2389,284,42,70,66,3,18,1,200,3,2,205,0,205,--,284,79,200,205,205,Algún campo sin dato,1,282b3c081974662074671d63b70895a1c6f7c8b41a4ea8926764db1f8db99d37,25/06/2023 23:07:27,ESCANER
16166,"Huehuetenango",13,"San Sebastián Huehuetenango",20,2389,283,27,58,75,4,24,0,188,2,4,194,0,194,--,283,89,188,194,194,Algún campo sin dato,1,a8cf6c79a6dd6cd534ae5d1b2c65f529df331f715bdf659967a8a2a5947b98d7,26/06/2023 01:49:24,ESCANER
16167,"Huehuetenango",13,"San Sebastián Huehuetenango",20,2390,380,55,174,43,4,8,4,288,13,9,310,0,310,--,380,70,288,310,310,Algún campo sin dato,1,39469bd70fbb06b85bed31ae21d87b075f70275cb5dfc8e9b29e778f57e1f485,26/06/2023 00:31:59,ESCANER
16168,"Huehuetenango",13,"San Sebastián Huehuetenango",20,2390,380,52,171,48,6,13,3,293,8,8,309,0,309,--,380,71,293,309,309,Algún campo sin dato,1,173ed453936872bad59b535f6c383ffc70496dc474718a2b6995e2b28c9d41b0,26/06/2023 00:38:03,ESCANER
16169,"Huehuetenango",13,"San Sebastián Huehuetenango",20,2390,380,,,,,,,,,,,,,,,,,,,,0,,,
16170,"Huehuetenango",13,"San Sebastián Huehuetenango",20,2390,380,45,131,41,4,10,1,232,6,2,240,0,240,--,379,139,232,240,240,Algún campo sin dato,1,a05e4302c5d5fb3b5031293fb9947b9e4ff1b070a037a1a475cf9141336b8d68,26/06/2023 01:16:25,ESCANER
16171,"Huehuetenango",13,"San Sebastián Huehuetenango",20,2390,321,50,140,37,1,17,1,246,3,2,251,0,251,--,318,67,246,251,251,Algún campo sin dato,1,ce653327662606d9f7b83651d46de84383a6bc413e1c1b5ce8c0a762a6fd7fa1,26/06/2023 00:57:41,ESCANER
16172,"Huehuetenango",13,"San Sebastián Huehuetenango",20,2390,320,35,135,35,5,8,2,220,4,1,225,0,225,--,319,94,220,225,225,Algún campo sin dato,1,2996eddedda52b8b95dbfa4fc062ff578ade9dad266a68a957d324d732b605a2,26/06/2023 00:46:53,ESCANER
16173,"Huehuetenango",13,"San Sebastián Huehuetenango",20,2391,380,,,,,,,,,,,,,,,,,,,,0,,,
16174,"Huehuetenango",13,"San Sebastián Huehuetenango",20,2391,380,,,,,,,,,,,,,,,,,,,,0,,,
16175,"Huehuetenango",13,"San Sebastián Huehuetenango",20,2391,380,114,29,156,0,17,1,317,9,8,334,0,334,--,380,46,317,334,334,Algún campo sin dato,1,0f1ac549bb7c1397e1b1f8a973044a4d9a9c790c4f7169359e938bd91ec63b8c,26/06/2023 02:46:29,ESCANER
16176,"Huehuetenango",13,"San Sebastián Huehuetenango",20,2391,380,99,40,168,0,19,1,327,2,8,337,0,337,--,380,43,327,337,337,Algún campo sin dato,1,e8b0b39a6b581413d53b9bbab8689858da97f6a3d17cf9b6ae74b3bf855d8b82,26/06/2023 02:45:19,ESCANER
16177,"Huehuetenango",13,"San Sebastián Huehuetenango",20,2391,380,122,23,168,2,6,2,323,3,8,334,1,335,--,380,46,323,334,335,Algún campo sin dato,1,cd8553707b79c34939575f45f400d1b6fb169b3feca336acd050f08fa6187df3,26/06/2023 02:28:30,ESCANER
16178,"Huehuetenango",13,"San Sebastián Huehuetenango",20,2391,380,102,30,142,1,12,1,288,1,2,291,5,296,--,380,84,288,291,296,Algún campo sin dato,1,f44c6c5c0581b1849df43459898ad8a60cef54d52b623ef8f72901d6631f18fc,26/06/2023 02:33:49,ESCANER
16179,"Huehuetenango",13,"San Sebastián Huehuetenango",20,2391,380,84,32,143,1,10,0,270,3,3,276,0,276,--,377,101,270,276,276,Algún campo sin dato,1,b6e8269d905fec2f325fd3dd63edec52b34019aade65875928240a1b0b142394,26/06/2023 02:32:12,ESCANER
16180,"Huehuetenango",13,"San Sebastián Huehuetenango",20,2391,380,,,,,,,,,,,,,,,,,,,,0,,,
16181,"Huehuetenango",13,"San Sebastián Huehuetenango",20,2391,380,92,32,158,2,14,0,298,0,5,303,0,303,--,380,77,298,303,303,Algún campo sin dato,1,5908f8aa687d11bd98e60f1851451442a9bec5bac72cda7f40ce05ac41223bcb,26/06/2023 03:03:01,ESCANER
16182,"Huehuetenango",13,"San Sebastián Huehuetenango",20,2391,258,,,,,,,,,,,,,,,,,,,,0,,,
16183,"Huehuetenango",13,"San Sebastián Huehuetenango",20,2391,257,54,20,107,1,7,0,189,1,6,196,0,196,--,257,61,189,196,196,Algún campo sin dato,1,06656d0f4672d4121b5a2ce0e20a8ed86706021dad27b34861c193f7d90a232b,26/06/2023 02:36:24,ESCANER
16184,"Huehuetenango",13,"San Sebastián Huehuetenango",20,2392,380,,,,,,,,,,,,,,,,,,,,0,,,
16185,"Huehuetenango",13,"San Sebastián Huehuetenango",20,2392,380,,,,,,,,,,,,,,,,,,,,0,,,
16186,"Huehuetenango",13,"San Sebastián Huehuetenango",20,2392,380,,,,,,,,,,,,,,,,,,,,0,,,
16187,"Huehuetenango",13,"San Sebastián Huehuetenango",20,2392,380,,,,,,,,,,,,,,,,,,,,0,,,
16188,"Huehuetenango",13,"San Sebastián Huehuetenango",20,2392,380,,,,,,,,,,,,,,,,,,,,0,,,
16189,"Huehuetenango",13,"San Sebastián Huehuetenango",20,2392,262,,,,,,,,,,,,,,,,,,,,0,,,
16190,"Huehuetenango",13,"San Sebastián Huehuetenango",20,2392,262,,,,,,,,,,,,,,,,,,,,0,,,