﻿TIPO_DE_ELECCIÓN:,CORPORACIÓN MUNICIPAL
26 junio 2023 03:36 (UTC -6)
ACTAS_ESPERADAS,ACTAS_CAPTURADAS,PORCENTAJE_ACTAS_CAPTURADAS,ACTAS_CONTABILIZADAS,PORCENTAJE_ACTAS_CONTABILIZADAS,ACTAS_NO_CONTABILIZADAS,LISTA_NOMINAL_ACTAS_CONTABILIZADAS,VOTOS_EMITIDOS_CONTABILIZADAS,PORCENTAJE_PARTICIPACIÓN_CIUDADANA
83,76,91.5662,76,91.5662,0,28701,16675,58.0990

MESA,DEPARTAMENTO,ID_DEPARTAMENTO,MUNICIPIO,ID_MUNICIPIO,CENTRO_DE_VOTACIÓN,PADRÓN,VAMOS,VALOR UNIONISTA,CABAL,UNE,VOS,DESARROLLO,ELEFANTE,AZUL,VÁLIDOS,NULOS,BLANCO,EMITIDOS,INVÁLIDOS,TOTAL,IMPUGNACIONES,PAPELETAS-RECIBIDAS,PAPELETAS-NO-USADAS,VALIDOS_CALCULADO,EMITIDOS_CALCULADO,TOTAL_CALCULADO,OBSERVACIONES,CONTABILIZADA,CÓDIGO_INTEGRIDAD,FECHA_HORA_PUBLICACIÓN,DIGITALIZACIÓN
22810,"Chiquimula",20,"Esquipulas",7,3574,400,35,73,9,6,69,67,7,3,269,9,1,279,0,279,--,399,120,269,279,279,Algún campo sin dato,1,82b0430f139b1689b0930d7c441d3fd9adc27d7ad05187b8afcf45a4e123c98c,26/06/2023 01:53:24,ESCANER
22811,"Chiquimula",20,"Esquipulas",7,3574,400,38,91,6,5,57,81,1,1,280,12,2,294,0,294,--,400,106,280,294,294,Algún campo sin dato,1,e75b9362592a95d740ed559e4e6b5d8b147588b5a27bdfc98e9291c38bdbc39e,26/06/2023 01:17:54,ESCANER
22812,"Chiquimula",20,"Esquipulas",7,3574,400,21,102,5,10,58,92,2,0,290,14,3,307,0,307,--,400,93,290,307,307,Algún campo sin dato,1,bce84d79fb28457372988d8e45b0bea76cd6c90376f34bcb632f813f2a5f719b,26/06/2023 00:17:37,ESCANER
22813,"Chiquimula",20,"Esquipulas",7,3574,400,22,91,11,4,55,82,4,1,270,11,1,282,0,282,--,400,118,270,282,282,Algún campo sin dato,1,b0f0b14ee1bf8df1e1424273c09b41056cafd1d1519cfa8688ccf687c4967140,26/06/2023 02:00:35,ESCANER
22814,"Chiquimula",20,"Esquipulas",7,3575,400,33,100,6,6,50,89,5,1,290,7,1,298,0,298,--,400,102,290,298,298,Algún campo sin dato,1,41005b468991b25a40f208bcb1dba7ede64e181ab801aa634858f4ffcdf8b84f,26/06/2023 01:17:45,ESCANER
22815,"Chiquimula",20,"Esquipulas",7,3575,400,35,93,5,2,53,83,6,0,277,10,3,290,0,290,--,400,110,277,290,290,Algún campo sin dato,1,2708bf74a3d76a42ecc569fbfdd2a589503b18260c4c8ee7513755ef8723e8fd,26/06/2023 01:47:12,ESCANER
22816,"Chiquimula",20,"Esquipulas",7,3575,400,32,76,1,3,62,71,4,0,249,1,1,251,0,251,--,400,149,249,251,251,Algún campo sin dato,1,7bd611d6e66ff735840891565acf23bce5116c7411bf67a57faaabd962423745,26/06/2023 01:26:18,ESCANER
22817,"Chiquimula",20,"Esquipulas",7,3575,400,34,76,5,3,55,67,6,0,246,11,0,257,0,257,--,400,143,246,257,257,Algún campo sin dato,1,7a13b2a389331f62995dc12cf5ded55b823d79e284e660e1769cb4ab5262aafc,26/06/2023 00:56:24,ESCANER
22818,"Chiquimula",20,"Esquipulas",7,3576,400,25,73,7,5,54,62,4,0,230,4,1,235,0,235,--,400,165,230,235,235,Algún campo sin dato,1,1dff3665877ead0437921c75b143b7e2622ef96ff80060f0b74dc65c543ed748,25/06/2023 23:24:27,ESCANER
22819,"Chiquimula",20,"Esquipulas",7,3576,400,31,82,5,5,55,68,2,1,249,7,2,258,0,258,--,400,142,249,258,258,Algún campo sin dato,1,1e0c8fa92c40a24ff3443daeee6c9e5a52f3f06e4dac6d4ca586960d09bc5e2f,26/06/2023 01:06:59,ESCANER
22820,"Chiquimula",20,"Esquipulas",7,3576,400,26,82,10,1,49,86,1,0,255,3,2,260,0,260,--,400,140,255,260,260,Algún campo sin dato,1,cd571141b707b58d20af524cb1aab677f0d48b5499d78ec401bc2d4f7fd7ff7b,26/06/2023 01:25:51,ESCANER
22821,"Chiquimula",20,"Esquipulas",7,3576,400,22,84,6,6,51,84,4,0,257,11,1,269,0,269,--,400,131,257,269,269,Algún campo sin dato,1,7e59a18474f5658483ced35e7512b9d4a0ce121ee5c7958a91e3fdf58b406102,26/06/2023 01:14:49,ESCANER
22822,"Chiquimula",20,"Esquipulas",7,3577,400,25,77,4,3,67,82,4,0,262,9,1,272,0,272,--,400,128,262,272,272,Algún campo sin dato,1,191673176ad99a7b96a2a4d5345143b879b70383622102d692e61e9a22453895,26/06/2023 01:07:51,MOVIL
22823,"Chiquimula",20,"Esquipulas",7,3577,400,29,72,5,4,53,77,2,0,242,4,1,247,0,247,--,397,150,242,247,247,Algún campo sin dato,1,ce8a4bede25bc9ab8ac103f96f01e58000d01a14643da26b9215e7eaa1315820,26/06/2023 00:41:42,MOVIL
22824,"Chiquimula",20,"Esquipulas",7,3577,400,36,79,5,3,64,58,3,0,248,4,1,253,0,253,--,400,147,248,253,253,Algún campo sin dato,1,f462da7079cea2af98a09b52c277e0f6ad48590e9b32efe578b6e8f34569e459,26/06/2023 01:59:12,MOVIL
22825,"Chiquimula",20,"Esquipulas",7,3577,400,20,91,4,1,55,44,1,1,217,4,0,221,0,221,--,400,179,217,221,221,Algún campo sin dato,1,ba69bb0a1c7e504683b1bc5a1e8fe75a2d2960b7ff5561e69827262a61cf6a4c,26/06/2023 01:29:18,MOVIL
22826,"Chiquimula",20,"Esquipulas",7,3578,400,20,85,8,5,48,65,1,0,232,2,0,234,0,234,--,400,166,232,234,234,Algún campo sin dato,1,ed28b3703a32760d4e4d01ff69ee0597e08cbb9fdef5b808e8480484fdf066d5,25/06/2023 22:38:47,ESCANER
22827,"Chiquimula",20,"Esquipulas",7,3578,400,33,64,8,3,50,55,2,1,216,2,0,218,0,218,--,400,182,216,218,218,Algún campo sin dato,1,588780993bf5a1f06ed6ea17ec0abe13544440011997824a6b2c89b9d411203f,26/06/2023 00:17:23,ESCANER
22828,"Chiquimula",20,"Esquipulas",7,3578,400,26,93,4,3,62,57,5,0,250,2,1,253,0,253,--,400,147,250,253,253,Algún campo sin dato,1,ffa2dcf49fab896da0802fc87f4824961d9c92a7ec25172ba0b792beb9183105,26/06/2023 01:09:48,ESCANER
22829,"Chiquimula",20,"Esquipulas",7,3578,319,18,67,6,1,48,44,4,0,188,3,0,191,0,191,--,319,128,188,191,191,Algún campo sin dato,1,84899983aeb83fded9fd1ec5e46be1a0fc155c7293998d18a36928e34bcb3a76,25/06/2023 23:27:41,ESCANER
22830,"Chiquimula",20,"Esquipulas",7,3578,318,15,51,6,2,24,34,1,1,134,3,1,138,0,138,--,318,180,134,138,138,Algún campo sin dato,1,b71c07fc614e32f9d632621b03805fdbdb60297fe19a838934fbc9fc0ae0b524,26/06/2023 00:16:07,ESCANER
22831,"Chiquimula",20,"Esquipulas",7,3579,400,29,69,5,5,65,54,1,3,231,15,8,254,0,254,--,400,146,231,254,254,Algún campo sin dato,1,0d58e2ca757b06c3e9a5df2f5c8c8423c1ae6f5bb946bbba3d94e62ae43d83f2,26/06/2023 01:02:14,ESCANER
22832,"Chiquimula",20,"Esquipulas",7,3579,400,36,76,6,4,60,77,2,1,262,15,5,282,0,282,--,400,118,262,282,282,Algún campo sin dato,1,359d7eef64f63bb7d3991335ba18e41c3992797eca52493d1266a3ad18b4d61b,26/06/2023 00:45:20,ESCANER
22833,"Chiquimula",20,"Esquipulas",7,3579,400,14,60,4,5,82,76,3,0,244,11,2,257,0,257,--,400,143,244,257,257,Algún campo sin dato,1,e20408ab4c9c56907eb5dc0b046e21cd4fbb8c21d1d0cf36cfb7555d13c344b7,26/06/2023 00:34:14,ESCANER
22834,"Chiquimula",20,"Esquipulas",7,3580,400,34,62,5,9,44,61,3,0,232,10,4,232,0,232,--,399,167,218,232,232,Sumas Asentadas sin cuadrar,1,39d3ccb6972361aa600177b75e5c17eb10a94c6e62b706e7fd48a5a31c5b2afd,26/06/2023 01:08:44,ESCANER
22835,"Chiquimula",20,"Esquipulas",7,3580,400,33,64,7,3,68,45,2,2,224,13,4,241,0,241,--,400,159,224,241,241,Algún campo sin dato,1,16522243ebe2b41144728232441a40572d534a38bc4bb2367d2b78878482807a,26/06/2023 01:16:58,ESCANER
22836,"Chiquimula",20,"Esquipulas",7,3580,315,29,57,9,6,52,38,2,1,194,4,1,199,0,199,--,312,113,194,199,199,Algún campo sin dato,1,537f8484273e4bef62539d6fd08cdec3c7730bb855560525df4a12b839bc15f4,25/06/2023 23:28:10,ESCANER
22837,"Chiquimula",20,"Esquipulas",7,3580,314,20,52,4,4,53,34,1,1,169,6,1,176,0,176,--,314,138,169,176,176,Algún campo sin dato,1,2a8beec4cfef44ee8ddfc13db8dc79efaa76415c915328148f827015fe8c1d61,26/06/2023 00:57:14,ESCANER
22838,"Chiquimula",20,"Esquipulas",7,3581,400,56,83,6,5,40,73,2,1,266,13,6,285,0,285,--,400,115,266,285,285,Algún campo sin dato,1,64a4136df31d955745467b8884b9bd87223c662c48fdcd77e07a68f9947e9db4,26/06/2023 01:26:31,ESCANER
22839,"Chiquimula",20,"Esquipulas",7,3581,400,53,78,6,6,43,70,1,2,259,16,3,278,0,259,--,400,122,259,278,278,Sumas Asentadas sin cuadrar,1,4e7f47622369b3b6433393cf9abc6c4173f8228c9dcc30e3f28dab0d4d905220,26/06/2023 01:15:04,ESCANER
22840,"Chiquimula",20,"Esquipulas",7,3581,400,52,68,6,0,55,55,3,3,242,11,3,256,0,256,--,400,144,242,256,256,Algún campo sin dato,1,b021db54adac8c30af70a0591599599155f6a57ea2b95d5209c285220b5a747d,26/06/2023 01:28:38,ESCANER
22841,"Chiquimula",20,"Esquipulas",7,3581,400,46,81,6,2,47,68,2,2,254,14,1,269,0,269,--,400,131,254,269,269,Algún campo sin dato,1,1d766061fd7c5a4c2efa4e7a777fdfc3abcea771dcaf1f0c2d54e27cd2ab226d,26/06/2023 01:09:07,ESCANER
22842,"Chiquimula",20,"Esquipulas",7,3581,280,45,52,5,0,35,26,1,2,166,3,0,169,0,169,--,280,111,166,169,169,Algún campo sin dato,1,77311a0354ddc1c6bc7b366dd96064750d708bdc7b72caf42e03b2ec7228ada5,25/06/2023 23:35:26,ESCANER
22843,"Chiquimula",20,"Esquipulas",7,3581,280,35,52,7,2,28,30,2,1,157,1,0,158,0,158,--,277,119,157,158,158,Algún campo sin dato,1,dfeddc5647180d5dd6abc73e6e45fa10583951f8f11470ce4e4e9948cb4f8f26,26/06/2023 00:14:14,ESCANER
22844,"Chiquimula",20,"Esquipulas",7,3582,400,33,62,4,8,57,86,4,1,255,11,7,273,0,273,--,400,124,255,273,273,Algún campo sin dato,1,86ab576e4a706a162bbc5498b535ad098db1611cbb0eb9ae176c853510c90bca,26/06/2023 01:30:02,ESCANER
22845,"Chiquimula",20,"Esquipulas",7,3582,400,36,90,8,4,50,84,5,3,280,9,3,292,0,292,--,400,108,280,292,292,Algún campo sin dato,1,27300ad9fc4709806377827d042768765708e9114439934bfb5749d3d21aefcb,26/06/2023 01:18:38,ESCANER
22846,"Chiquimula",20,"Esquipulas",7,3582,400,29,85,10,2,58,72,7,4,267,11,5,283,0,283,--,400,117,267,283,283,Algún campo sin dato,1,83cee17a097ff4a3fe1222e94ea2e8dd3842d182733f745ee864892babbea7f6,26/06/2023 00:44:43,ESCANER
22847,"Chiquimula",20,"Esquipulas",7,3582,400,28,59,16,3,56,74,1,1,238,5,0,243,0,243,--,400,157,238,243,243,Algún campo sin dato,1,23f507a7a9b9b35ac7e2db7cfa2549513d9e6940228ab72faee80204d5348202,26/06/2023 00:39:58,ESCANER
22848,"Chiquimula",20,"Esquipulas",7,3582,400,36,60,8,5,65,70,1,1,246,8,2,256,0,256,--,400,144,246,256,256,Algún campo sin dato,1,a7c58e7dc25648b8505be9fccdaaa31141fe44e18034fc84f8c0861f4175370f,26/06/2023 01:22:14,ESCANER
22849,"Chiquimula",20,"Esquipulas",7,3582,400,34,82,2,4,70,67,0,1,260,8,0,268,0,268,--,400,132,260,268,268,Algún campo sin dato,1,416a6ee94ac6688c9cf9ee689a60730d2e4b5228fce1eb3d0dc616830006daf0,25/06/2023 23:16:31,ESCANER
22850,"Chiquimula",20,"Esquipulas",7,3582,314,23,56,7,1,38,57,1,0,183,2,0,185,0,185,--,314,129,183,185,185,Algún campo sin dato,1,9798e332647173734d9fa38a709abe6696d21a605db31dd2bfdda5d5ca909f19,26/06/2023 00:41:11,ESCANER
22851,"Chiquimula",20,"Esquipulas",7,3582,313,17,59,3,1,29,33,2,0,144,3,0,147,0,147,--,313,166,144,147,147,Algún campo sin dato,1,79dd7b6a164248d12c2a7d4622341261090161b282db48ca45fa243a8b6e9909,25/06/2023 22:01:12,ESCANER
22852,"Chiquimula",20,"Esquipulas",7,3583,400,72,61,3,8,20,41,1,0,206,14,6,226,0,226,--,400,174,206,226,226,Algún campo sin dato,1,0b55b8385cfc4bdfaec1c91f2210312de686cd93086240fdf85d3081d1018bad,26/06/2023 00:48:42,MOVIL
22853,"Chiquimula",20,"Esquipulas",7,3583,400,59,64,4,10,26,27,0,2,192,20,8,220,0,220,--,396,176,192,220,220,Algún campo sin dato,1,3e9c4c22b31004c110182f070c87489f5a3b795740372c31e36807c1cea8c106,25/06/2023 23:33:45,MOVIL
22854,"Chiquimula",20,"Esquipulas",7,3583,400,71,65,4,7,11,44,0,1,203,10,5,218,0,218,--,400,182,203,218,218,Algún campo sin dato,1,6d9328c05268dcf959f0b723b5b3b68ddc829cbe68a560fe27a9a0d674478c89,26/06/2023 01:15:52,MOVIL
22855,"Chiquimula",20,"Esquipulas",7,3583,400,59,67,3,8,26,24,1,2,190,7,2,199,0,199,--,400,201,190,199,199,Algún campo sin dato,1,3845912ab91dd1d7df261a77fd00592792285fd9c161329ce21649a276c4b78a,26/06/2023 01:03:51,MOVIL
22856,"Chiquimula",20,"Esquipulas",7,3583,251,37,45,2,1,7,14,0,0,106,1,1,108,0,108,--,251,143,106,108,108,Algún campo sin dato,1,31750740594dc1a6f8e50d73ca617fd1e2dd7c48d998f7ed1a0af8a797d03e30,26/06/2023 00:17:45,MOVIL
22857,"Chiquimula",20,"Esquipulas",7,3583,250,31,44,3,2,11,21,1,0,113,2,1,116,0,116,--,250,134,113,116,116,Algún campo sin dato,1,51359bb0b3b3cc7907864caf41af9b69acfbee637011b813a4e636def368c709,25/06/2023 23:05:38,MOVIL
22858,"Chiquimula",20,"Esquipulas",7,3584,400,64,37,4,5,34,57,1,2,204,12,10,226,0,226,--,400,174,204,226,226,Algún campo sin dato,1,7cbb00a3823c1bc9140eb39473aed4d2019e995b3e1429c8b6537705f251f6fc,26/06/2023 01:15:27,ESCANER
22859,"Chiquimula",20,"Esquipulas",7,3584,400,61,61,6,13,31,65,2,1,240,17,10,267,0,267,--,399,132,240,267,267,Algún campo sin dato,1,7cd64aba24e8020e5a5d0dd1ff0218255d1f2c74cc683dfd08560eba6821b756,25/06/2023 23:32:45,MOVIL
22860,"Chiquimula",20,"Esquipulas",7,3584,400,68,43,7,11,31,40,1,4,205,16,5,226,0,226,--,400,174,205,226,226,Algún campo sin dato,1,f08c938c6831cf62ebd4db9e7322808846d3addef0f84e5bc7478d7e8d531fa8,26/06/2023 01:19:34,MOVIL
22861,"Chiquimula",20,"Esquipulas",7,3584,221,33,30,2,2,26,11,1,0,105,2,2,109,0,109,--,221,112,105,109,109,Algún campo sin dato,1,339e551583a97223e0158f9c7fe1fbfc38ecd8b3e9a57a47c3a9374d7825e293,25/06/2023 22:34:07,MOVIL
22862,"Chiquimula",20,"Esquipulas",7,3584,220,37,23,1,1,19,20,1,0,102,1,1,104,0,104,--,220,116,102,104,104,Algún campo sin dato,1,b02fd3ac3e5c137b12bf56801256b978118c5ef1ac32bcb86ed2194662d49454,25/06/2023 22:39:10,MOVIL
22863,"Chiquimula",20,"Esquipulas",7,3585,380,50,24,4,5,15,99,2,4,203,9,13,225,0,225,--,380,152,203,225,225,Algún campo sin dato,1,e0b36a0ee29d530e3f43a9201c9df2e1ff24810474c2b77623ce529912320d9f,26/06/2023 02:41:50,ESCANER
22864,"Chiquimula",20,"Esquipulas",7,3585,380,64,19,4,5,14,103,0,2,211,16,8,235,0,235,--,380,145,211,235,235,Algún campo sin dato,1,bfce3d21e947733fb6ec8c1b952a8762c3a436ae7fcdd10a17bfcc30392b532a,26/06/2023 03:00:59,ESCANER
22865,"Chiquimula",20,"Esquipulas",7,3585,380,43,27,3,4,12,118,0,3,210,16,8,234,0,234,--,377,143,210,234,234,Algún campo sin dato,1,bef1466e1812b466271e4b4a6f7a632ba898381d2ed48a5b8da44f39c0c5dad0,26/06/2023 00:12:50,MOVIL
22866,"Chiquimula",20,"Esquipulas",7,3585,380,46,24,1,3,18,110,1,2,205,16,5,226,0,226,--,380,154,205,226,226,Algún campo sin dato,1,0eb5f8cf1e1afe987c278e91efdb9bf32b70e406178f120711e9c04405deeb46,26/06/2023 02:56:05,ESCANER
22867,"Chiquimula",20,"Esquipulas",7,3585,380,31,27,6,2,22,125,0,3,216,17,6,239,0,239,--,380,141,216,239,239,Algún campo sin dato,1,f289cb60d16fdb9a85881bebf671eb87809dc997f5672bcc71544592484bb370,26/06/2023 03:13:59,ESCANER
22868,"Chiquimula",20,"Esquipulas",7,3585,380,,,,,,,,,,,,,,,,,,,,,,0,,,
22869,"Chiquimula",20,"Esquipulas",7,3585,380,,,,,,,,,,,,,,,,,,,,,,0,,,
22870,"Chiquimula",20,"Esquipulas",7,3585,380,43,18,1,0,14,81,0,3,160,18,5,183,0,183,--,380,197,160,183,183,Algún campo sin dato,1,c3ff4a3a221f9fb699ff669a4f7f653350cd00d94381dc08e61a87f96edf94c6,26/06/2023 01:05:56,MOVIL
22871,"Chiquimula",20,"Esquipulas",7,3585,380,,,,,,,,,,,,,,,,,,,,,,0,,,
22872,"Chiquimula",20,"Esquipulas",7,3585,380,24,33,2,0,21,82,0,0,162,9,1,172,0,172,--,380,208,162,172,172,Algún campo sin dato,1,c0ac0e0224ab6eeec90d3258306bd58ebbac7640a3fcaea3318202bd7052133e,25/06/2023 22:28:26,MOVIL
22873,"Chiquimula",20,"Esquipulas",7,3586,380,45,20,2,2,13,109,0,2,193,10,3,206,0,206,--,377,171,193,206,206,Algún campo sin dato,1,fb1af84f1050a658e2aae2030f383bcdafef45006d4d6aabad7f5f69cb1d249f,26/06/2023 01:12:55,MOVIL
22874,"Chiquimula",20,"Esquipulas",7,3586,380,47,34,1,0,13,93,0,0,188,6,2,196,0,196,--,380,184,188,196,196,Algún campo sin dato,1,65f8c0ebdb17065e3f8b8746427ed4879d2e6a951728b21f21d03a2a077e7f78,26/06/2023 00:46:56,MOVIL
22875,"Chiquimula",20,"Esquipulas",7,3586,306,37,8,1,1,14,102,1,1,165,4,0,169,0,169,--,306,137,165,169,169,Algún campo sin dato,1,0ed04edf0aeafbefdb67e6929bfad5f83ea775e3b1530989bc1fa7b46d08080f,26/06/2023 01:24:36,MOVIL
22876,"Chiquimula",20,"Esquipulas",7,3586,305,32,18,0,1,6,58,0,1,116,9,5,130,0,130,--,305,175,116,130,130,Algún campo sin dato,1,7389a069a2e61263ef8cc0243734c4eeb500dc39e098cf555cc89c888d3fa571,26/06/2023 00:59:48,MOVIL
22877,"Chiquimula",20,"Esquipulas",7,3587,380,54,59,4,17,24,19,0,0,177,29,7,213,0,213,--,380,167,177,213,213,Algún campo sin dato,1,71e277765373634537b5e831a0ade490a8644906297b240c8bb160fb1a94f20d,26/06/2023 01:29:16,MOVIL
22878,"Chiquimula",20,"Esquipulas",7,3587,380,84,63,1,4,26,24,0,0,202,4,4,227,0,227,--,381,152,202,210,210,Sumas Asentadas sin cuadrar,1,6d5df4a14aadc52e243c0a18712e9e521df0d96a1e0d4690ed0b8f806ecd2969,26/06/2023 02:57:06,MOVIL
22879,"Chiquimula",20,"Esquipulas",7,3587,380,56,54,2,5,42,11,1,2,173,16,4,193,0,193,--,380,187,173,193,193,Algún campo sin dato,1,8566788a9e3f02701d2387ce694d46e8a7fcce5a25385ac9fc63145030b8849b,26/06/2023 01:21:17,MOVIL
22880,"Chiquimula",20,"Esquipulas",7,3588,380,,,,,,,,,,,,,,,,,,,,,,0,,,
22881,"Chiquimula",20,"Esquipulas",7,3588,380,,,,,,,,,,,,,,,,,,,,,,0,,,
22882,"Chiquimula",20,"Esquipulas",7,3588,299,,,,,,,,,,,,,,,,,,,,,,0,,,
22883,"Chiquimula",20,"Esquipulas",7,3588,298,,,,,,,,,,,,,,,,,,,,,,0,,,
22884,"Chiquimula",20,"Esquipulas",7,3589,380,40,83,2,9,21,36,2,1,194,19,8,221,0,221,--,380,158,194,221,221,Algún campo sin dato,1,725c001d0907bb362b2e3e3685b2e18bc03f3369a30a7def50ea7d9c40e32cbe,25/06/2023 23:31:27,MOVIL
22885,"Chiquimula",20,"Esquipulas",7,3589,380,51,90,2,4,20,50,2,0,219,9,6,234,1,235,--,368,134,219,234,235,Algún campo sin dato,1,75ee14c5f6fc08ebcb2ffa57d97a5a1df9b78bc1375025f32e6fceed91209b8b,26/06/2023 01:38:19,MOVIL
22886,"Chiquimula",20,"Esquipulas",7,3589,380,49,81,2,3,24,30,1,0,190,10,2,202,0,202,--,380,178,190,202,202,Algún campo sin dato,1,746764c8e73c9f47ddf7d34d3c6fb6d3d3e17473b5aa5a37200246b3389fadf1,26/06/2023 00:34:27,MOVIL
22887,"Chiquimula",20,"Esquipulas",7,3589,329,46,64,0,3,19,33,1,1,167,14,4,185,0,185,--,329,144,167,185,185,Algún campo sin dato,1,4e6ceb6f0bee91eb6e69e0fc9543e4b170fe87d4108b1c1b2a2114d0b67d27e2,25/06/2023 23:25:45,MOVIL
22888,"Chiquimula",20,"Esquipulas",7,3589,329,35,72,0,1,18,26,1,0,153,3,1,157,0,157,--,329,172,153,157,157,Algún campo sin dato,1,0659ed4ac030bda69d993ab55b0f4f7ca22da6be661257a549a8e156239b0793,25/06/2023 22:28:48,MOVIL
22889,"Chiquimula",20,"Esquipulas",7,3590,600,26,57,6,0,37,56,1,2,185,9,7,201,0,201,--,603,402,185,201,201,Algún campo sin dato,1,968b08f6870ed743c834362fcac071231284a526759f753519a3cfb5ca885371,26/06/2023 00:20:27,ESCANER
22890,"Chiquimula",20,"Esquipulas",7,3590,600,32,65,2,2,43,48,0,1,193,15,6,214,0,214,--,600,386,193,214,214,Algún campo sin dato,1,470f6ef9c74d2124602642162842491dd189cd6af3ee722955cbd556c8e96c44,26/06/2023 01:58:41,ESCANER
22891,"Chiquimula",20,"Esquipulas",7,3590,369,13,22,0,1,15,16,3,0,70,5,0,75,0,75,--,369,294,70,75,75,Algún campo sin dato,1,58159925fb8f1ad87575e49befa370be177b9937b315edfd64f8cb935d220bc4,25/06/2023 23:33:48,ESCANER
22892,"Chiquimula",20,"Esquipulas",7,3590,368,5,8,0,1,3,5,0,0,22,2,2,26,0,26,--,368,342,22,26,26,Algún campo sin dato,1,ae6de202db293a81a24005d9d0f5ae8d8a6cb3379f0fd2a31db50c8bfb00e584,25/06/2023 21:59:40,ESCANER