﻿TIPO_DE_ELECCIÓN:,CORPORACIÓN MUNICIPAL
26 junio 2023 03:36 (UTC -6)
ACTAS_ESPERADAS,ACTAS_CAPTURADAS,PORCENTAJE_ACTAS_CAPTURADAS,ACTAS_CONTABILIZADAS,PORCENTAJE_ACTAS_CONTABILIZADAS,ACTAS_NO_CONTABILIZADAS,LISTA_NOMINAL_ACTAS_CONTABILIZADAS,VOTOS_EMITIDOS_CONTABILIZADAS,PORCENTAJE_PARTICIPACIÓN_CIUDADANA
103,57,55.3398,57,55.3398,0,21260,13787,64.8494

MESA,DEPARTAMENTO,ID_DEPARTAMENTO,MUNICIPIO,ID_MUNICIPIO,CENTRO_DE_VOTACIÓN,PADRÓN,PPN,VALOR,UNE,MLP,VAMOS,VIVA,SEMILLA,AZUL,TODOS,WINAQ,ELEFANTE,UR,MAR,CABAL,MI FAMILIA,PODER,PR,VÁLIDOS,NULOS,BLANCO,EMITIDOS,INVÁLIDOS,TOTAL,IMPUGNACIONES,PAPELETAS-RECIBIDAS,PAPELETAS-NO-USADAS,VALIDOS_CALCULADO,EMITIDOS_CALCULADO,TOTAL_CALCULADO,OBSERVACIONES,CONTABILIZADA,CÓDIGO_INTEGRIDAD,FECHA_HORA_PUBLICACIÓN,DIGITALIZACIÓN
7917,"Escuintla",5,"San José",9,903,212,21,35,15,1,25,8,3,0,4,0,6,0,2,1,0,3,0,124,10,0,134,0,134,--,212,78,124,134,134,Algún campo sin dato,1,53f4f32ad73d991edfd78f0945e19fbadeeb1473f39b863a4d46569ff31208b6,25/06/2023 23:17:52,ESCANER
7918,"Escuintla",5,"San José",9,904,400,,,,,,,,,,,,,,,,,,,,,,,,,,,,,,,0,,,
7919,"Escuintla",5,"San José",9,904,400,22,79,54,0,63,8,0,1,6,1,9,0,3,2,1,1,1,251,21,0,272,0,272,--,400,128,251,272,272,Algún campo sin dato,1,3974344e116934c062ddb46df67925418812fa86520bf68e2193548e70a74aff,26/06/2023 02:00:40,ESCANER
7920,"Escuintla",5,"San José",9,904,400,17,81,64,0,54,5,6,0,11,1,15,0,3,4,0,2,2,265,17,2,284,0,284,--,400,116,265,284,284,Algún campo sin dato,1,d27154ba918820dd357bbf51b7ea9ee668531648da29166aaeeac52643e3675f,26/06/2023 01:38:08,ESCANER
7921,"Escuintla",5,"San José",9,905,400,25,83,55,0,56,6,4,0,19,0,23,0,4,1,1,1,0,278,28,3,309,0,309,--,400,90,278,309,309,Algún campo sin dato,1,05c51beb2416af2ea9423eece1d1cd1e9c2c13bf8e8547f95a72e5e643cd1529,26/06/2023 01:57:08,ESCANER
7922,"Escuintla",5,"San José",9,905,400,,,,,,,,,,,,,,,,,,,,,,,,,,,,,,,0,,,
7923,"Escuintla",5,"San José",9,905,400,21,105,52,2,55,2,2,1,6,1,13,0,6,4,0,2,2,274,21,3,298,0,298,0,400,102,274,298,298,,1,67e10cb03f7c5c2bf789f511d832cd5f524df8657569c0ec6e6fd3e0a6fad823,26/06/2023 00:35:15,ESCANER
7924,"Escuintla",5,"San José",9,905,400,32,97,51,1,63,5,10,2,13,0,12,1,0,3,0,0,1,291,18,2,311,0,311,--,400,89,291,311,311,Algún campo sin dato,1,3acba04d49fe890afc19ae5e6d3e5a5ef0bf055db8d219b395ac9a400bc22c1b,26/06/2023 02:48:21,MOVIL
7925,"Escuintla",5,"San José",9,905,400,11,74,59,1,75,6,7,1,20,0,13,0,0,5,2,0,0,274,27,5,306,0,306,0,400,94,274,306,306,,1,0a11ab7ee29635cc62be777383722da02969c27535dc395ab7af25b510e05369,26/06/2023 00:29:03,ESCANER
7926,"Escuintla",5,"San José",9,905,400,,,,,,,,,,,,,,,,,,,,,,,,,,,,,,,0,,,
7927,"Escuintla",5,"San José",9,906,400,27,112,42,0,54,4,4,0,7,0,6,0,3,1,0,1,0,261,12,0,273,0,273,416,416,143,261,273,273,,1,93c0187769b15a2cc13e86788107c6ac0c4085daf29d217f010f78b1484d01af,26/06/2023 02:08:14,ESCANER
7928,"Escuintla",5,"San José",9,906,400,20,87,62,2,59,6,4,1,7,0,17,0,3,1,0,1,0,270,21,0,291,0,291,--,400,109,270,291,291,Algún campo sin dato,1,fcc6c11e5862632a4ddf9f576402bddbf0c963bf068a91fd4dc74492b15e65bb,26/06/2023 02:31:01,ESCANER
7929,"Escuintla",5,"San José",9,906,400,,,,,,,,,,,,,,,,,,,,,,,,,,,,,,,0,,,
7930,"Escuintla",5,"San José",9,906,400,,,,,,,,,,,,,,,,,,,,,,,,,,,,,,,0,,,
7931,"Escuintla",5,"San José",9,906,400,28,106,48,1,46,9,2,2,8,0,8,2,6,3,0,0,0,269,21,1,291,0,291,0,400,109,269,291,291,,1,f7ea2a0079c11243bf2021e411a2f19f1092a69abfe93975860d675a37a5c4d1,26/06/2023 00:34:33,ESCANER
7932,"Escuintla",5,"San José",9,906,400,,,,,,,,,,,,,,,,,,,,,,,,,,,,,,,0,,,
7933,"Escuintla",5,"San José",9,907,400,,,,,,,,,,,,,,,,,,,,,,,,,,,,,,,0,,,
7934,"Escuintla",5,"San José",9,907,400,19,93,46,1,46,3,2,0,5,0,10,0,4,8,0,1,0,238,20,1,259,0,259,--,400,141,238,259,259,Algún campo sin dato,1,9d0e53d84e1cbaba4dffc6dc7d8a04a5eeb3fd5d53e6863a32095f4c6e849920,26/06/2023 02:35:16,ESCANER
7935,"Escuintla",5,"San José",9,907,400,,,,,,,,,,,,,,,,,,,,,,,,,,,,,,,0,,,
7936,"Escuintla",5,"San José",9,908,400,,,,,,,,,,,,,,,,,,,,,,,,,,,,,,,0,,,
7937,"Escuintla",5,"San José",9,908,400,8,80,52,3,57,11,2,0,16,3,11,1,0,3,0,0,1,248,13,3,264,0,264,--,400,136,248,264,264,Algún campo sin dato,1,8570c32e17a029db29d2b00306515b3c7d6aa496469562fd001dccccd6dfa790,26/06/2023 01:41:58,ESCANER
7938,"Escuintla",5,"San José",9,908,400,,,,,,,,,,,,,,,,,,,,,,,,,,,,,,,0,,,
7939,"Escuintla",5,"San José",9,908,400,,,,,,,,,,,,,,,,,,,,,,,,,,,,,,,0,,,
7940,"Escuintla",5,"San José",9,908,400,,,,,,,,,,,,,,,,,,,,,,,,,,,,,,,0,,,
7941,"Escuintla",5,"San José",9,908,400,,,,,,,,,,,,,,,,,,,,,,,,,,,,,,,0,,,
7942,"Escuintla",5,"San José",9,908,400,,,,,,,,,,,,,,,,,,,,,,,,,,,,,,,0,,,
7943,"Escuintla",5,"San José",9,908,400,15,86,50,2,46,6,1,0,4,0,2,0,6,4,0,2,0,--,11,1,224,--,236,--,400,164,224,236,236,Sumas Asentadas sin cuadrar,1,b7446ec85abad2e4c3b5673d318cb04905e1fc629c68438d16fcf45da4af6251,26/06/2023 00:29:33,ESCANER
7944,"Escuintla",5,"San José",9,908,204,16,37,34,--,25,--,2,--,5,--,6,--,3,3,--,1,--,134,2,2,--,--,136,--,--,--,132,136,136,Sumas Asentadas sin cuadrar,1,fdfb705d4f165cd53318a1f79d283cdde55222613d70914e21eae352d986f558,25/06/2023 22:33:57,ESCANER
7945,"Escuintla",5,"San José",9,908,204,7,37,21,0,19,1,2,0,8,0,3,1,2,2,0,1,0,104,7,2,113,0,113,0,204,91,104,113,113,,1,fa9bbf53ebbffd57006e038a25fae9abb6659a4f86e67a58eed9a8b6ff577999,26/06/2023 01:11:21,ESCANER
7946,"Escuintla",5,"San José",9,909,400,,,,,,,,,,,,,,,,,,,,,,,,,,,,,,,0,,,
7947,"Escuintla",5,"San José",9,909,400,7,98,62,1,69,9,1,1,7,0,12,0,1,4,0,3,1,276,16,2,294,0,294,--,397,103,276,294,294,Algún campo sin dato,1,4defc1ead41837ffd4c743cee8869ef529df8dbe78eb7a351018f760e1c6de93,26/06/2023 01:49:45,ESCANER
7948,"Escuintla",5,"San José",9,909,400,,,,,,,,,,,,,,,,,,,,,,,,,,,,,,,0,,,
7949,"Escuintla",5,"San José",9,909,400,,,,,,,,,,,,,,,,,,,,,,,,,,,,,,,0,,,
7950,"Escuintla",5,"San José",9,909,400,,,,,,,,,,,,,,,,,,,,,,,,,,,,,,,0,,,
7951,"Escuintla",5,"San José",9,909,400,,,,,,,,,,,,,,,,,,,,,,,,,,,,,,,0,,,
7952,"Escuintla",5,"San José",9,909,400,,,,,,,,,,,,,,,,,,,,,,,,,,,,,,,0,,,
7953,"Escuintla",5,"San José",9,909,400,20,104,44,3,86,2,2,0,13,0,21,0,2,3,1,1,1,303,21,5,329,0,329,--,400,71,303,329,329,Algún campo sin dato,1,643f9c78e0ede1232540fb42ef2ccee3c880c18c561d557a6f695d69515e7e7e,26/06/2023 00:10:09,ESCANER
7954,"Escuintla",5,"San José",9,909,400,14,91,57,0,57,7,4,0,12,1,8,0,1,1,0,2,0,255,18,1,274,0,274,--,400,126,255,274,274,Algún campo sin dato,1,23ff438013d0ecef8a0bb7dbe36e41c7805324ec74cb6620f26c8c763394b5ac,26/06/2023 01:08:06,ESCANER
7955,"Escuintla",5,"San José",9,909,400,17,102,55,2,61,7,1,0,6,0,7,0,3,3,1,0,1,266,7,2,275,0,275,--,400,125,266,275,275,Algún campo sin dato,1,2c26aefa8bd8896d19d21dadfb3cf4df6ae5c670ed31758b745caf9d0e103716,26/06/2023 00:28:44,ESCANER
7956,"Escuintla",5,"San José",9,910,400,22,87,62,2,83,6,0,0,5,0,4,0,2,1,0,0,1,293,13,5,293,0,293,--,396,103,275,293,293,Sumas Asentadas sin cuadrar,1,3330c9ceed90be15ebf4d58daac7903b005ff0daccf0cf444f7f972478cc1efc,25/06/2023 22:53:02,ESCANER
7957,"Escuintla",5,"San José",9,910,400,,,,,,,,,,,,,,,,,,,,,,,,,,,,,,,0,,,
7958,"Escuintla",5,"San José",9,910,400,16,75,46,0,58,7,1,1,9,1,12,0,2,0,0,2,0,230,11,3,244,0,244,0,400,156,230,244,244,,1,e4f830f45ff5e025d78e1678bc9011fbd57d450d4e8088a07cc38cbe4294187a,25/06/2023 23:05:23,ESCANER
7959,"Escuintla",5,"San José",9,910,400,0,94,54,0,69,2,4,0,6,0,20,0,0,6,0,1,1,282,8,2,282,0,282,1,400,118,257,267,267,Sumas Asentadas sin cuadrar,1,15f75a38cc6b6453e3f2ba88d48bd0a7f85268ddf64ec0f0ee7208f7855b884a,26/06/2023 01:10:20,ESCANER
7960,"Escuintla",5,"San José",9,910,400,,,,,,,,,,,,,,,,,,,,,,,,,,,,,,,0,,,
7961,"Escuintla",5,"San José",9,910,400,19,80,47,0,66,6,3,0,8,0,15,1,2,3,0,0,0,250,13,5,268,0,268,--,400,132,250,268,268,Algún campo sin dato,1,ec482a93c45d2df3c00e68b802085e72c15be98f3817fb55e286a27b13f3df37,26/06/2023 02:45:35,ESCANER
7962,"Escuintla",5,"San José",9,910,400,15,91,45,1,62,4,2,1,7,0,15,0,1,3,0,2,4,253,12,3,268,0,268,0,400,132,253,268,268,,1,34dd546222e893331bbca9e385d61fcbac0b700def0f35fb3cf015d0b9cca730,26/06/2023 02:16:58,ESCANER
7963,"Escuintla",5,"San José",9,911,400,,,,,,,,,,,,,,,,,,,,,,,,,,,,,,,0,,,
7964,"Escuintla",5,"San José",9,911,400,,,,,,,,,,,,,,,,,,,,,,,,,,,,,,,0,,,
7965,"Escuintla",5,"San José",9,911,400,,,,,,,,,,,,,,,,,,,,,,,,,,,,,,,0,,,
7966,"Escuintla",5,"San José",9,911,400,,,,,,,,,,,,,,,,,,,,,,,,,,,,,,,0,,,
7967,"Escuintla",5,"San José",9,911,400,,,,,,,,,,,,,,,,,,,,,,,,,,,,,,,0,,,
7968,"Escuintla",5,"San José",9,911,400,8,65,38,3,53,4,2,0,2,0,3,0,0,2,0,0,1,181,4,0,185,0,185,0,400,215,181,185,185,,1,d3860816f0bcb1cb63a6987f1c5c9aba54a8e36d79bd99baa438b757473b49a4,26/06/2023 00:40:58,ESCANER
7969,"Escuintla",5,"San José",9,912,400,,,,,,,,,,,,,,,,,,,,,,,,,,,,,,,0,,,
7970,"Escuintla",5,"San José",9,912,400,12,124,45,2,58,7,2,0,7,0,14,0,2,0,0,0,1,274,7,2,283,--,283,--,400,117,274,283,283,Algún campo sin dato,1,8e5d3ac4862794eb3d0a7a492528fcd9d8df11519b4e8840df8f87d44394d401,26/06/2023 02:27:05,ESCANER
7971,"Escuintla",5,"San José",9,912,400,,,,,,,,,,,,,,,,,,,,,,,,,,,,,,,0,,,
7972,"Escuintla",5,"San José",9,912,400,,,,,,,,,,,,,,,,,,,,,,,,,,,,,,,0,,,
7973,"Escuintla",5,"San José",9,912,266,,,,,,,,,,,,,,,,,,,,,,,,,,,,,,,0,,,
7974,"Escuintla",5,"San José",9,912,266,,,,,,,,,,,,,,,,,,,,,,,,,,,,,,,0,,,
7975,"Escuintla",5,"San José",9,913,321,3,64,44,0,46,11,0,3,6,1,7,1,2,1,1,1,1,192,12,3,207,0,207,0,318,111,192,207,207,,1,55ae0a5044531634f78dd5baf67effaa4470cee0f180faf2febc568440d01575,26/06/2023 01:49:39,ESCANER
7976,"Escuintla",5,"San José",9,914,400,,,,,,,,,,,,,,,,,,,,,,,,,,,,,,,0,,,
7977,"Escuintla",5,"San José",9,914,220,9,46,33,1,31,6,0,0,4,0,7,0,1,2,0,1,1,142,9,4,155,0,155,--,--,325,142,155,155,Algún campo sin dato,1,eedb75d60f38e94a4d675683fe7b87ef7a233155531709e35a61af40ec413a7f,25/06/2023 23:56:19,ESCANER
7978,"Escuintla",5,"San José",9,914,219,11,36,31,--,28,5,2,--,5,--,4,--,3,2,1,--,--,128,5,1,134,0,134,--,216,82,128,134,134,Algún campo sin dato,1,80ada208d8241bea2aadf76ea49e28ffb1b5ec3b0c1037b70a73be1579b9c130,25/06/2023 23:44:38,ESCANER
7979,"Escuintla",5,"San José",9,915,380,,,,,,,,,,,,,,,,,,,,,,,,,,,,,,,0,,,
7980,"Escuintla",5,"San José",9,915,380,,,,,,,,,,,,,,,,,,,,,,,,,,,,,,,0,,,
7981,"Escuintla",5,"San José",9,915,380,20,76,41,2,63,2,3,0,8,0,25,0,0,5,0,2,4,251,14,2,267,0,267,--,380,113,251,267,267,Algún campo sin dato,1,ca17220d36467c6aaa386ec5bdb57998ac1f0d9b95da3e9c74753d8d3ebe6de2,26/06/2023 02:44:42,ESCANER
7982,"Escuintla",5,"San José",9,915,380,25,56,39,0,66,7,0,0,5,0,17,0,3,3,1,2,2,226,32,5,263,0,263,--,380,117,226,263,263,Algún campo sin dato,1,8c5c7ce26c7ed572e350dc2e25bc96d3832735a543da439fbce4356adb2deb41,26/06/2023 02:24:09,ESCANER
7983,"Escuintla",5,"San José",9,915,380,,,,,,,,,,,,,,,,,,,,,,,,,,,,,,,0,,,
7984,"Escuintla",5,"San José",9,915,380,18,60,31,0,51,1,3,13,0,0,19,0,0,0,1,0,0,--,19,4,220,0,220,--,380,160,197,220,220,Algún campo sin dato,1,967ec17ac9ee0e717ad87c32d3c73939dcb1eb8bafb45b11ba6dec39586d3b43,26/06/2023 02:03:15,ESCANER
7985,"Escuintla",5,"San José",9,915,312,,,,,,,,,,,,,,,,,,,,,,,,,,,,,,,0,,,
7986,"Escuintla",5,"San José",9,915,311,,,,,,,,,,,,,,,,,,,,,,,,,,,,,,,0,,,
7987,"Escuintla",5,"San José",9,916,380,6,86,58,1,67,11,1,1,7,2,14,0,2,1,2,0,0,259,20,6,285,0,285,--,380,95,259,285,285,Algún campo sin dato,1,9da720d21ebccf5fbce8d36f5402d3ab18530a7b9af969213cc001ca65601a49,26/06/2023 00:13:57,ESCANER
7988,"Escuintla",5,"San José",9,916,380,7,87,65,1,56,5,0,3,2,1,15,0,6,2,3,0,1,254,17,3,274,0,274,0,380,106,254,274,274,,1,e2eb21ced141a1d917dc4c4018ee7844dcd8c9caf9c97f90ad1cdff83c3b043d,26/06/2023 01:03:31,ESCANER
7989,"Escuintla",5,"San José",9,916,380,6,91,51,0,69,5,2,0,2,1,19,1,2,2,0,2,0,253,13,4,270,0,270,--,380,110,253,270,270,Algún campo sin dato,1,86dabf6c70631ffa236d25b70f8ea1f54cca4d7a66add9129cc24e6f075ef2da,25/06/2023 23:46:04,ESCANER
7990,"Escuintla",5,"San José",9,916,380,6,84,64,1,55,1,0,0,3,0,15,0,6,2,3,0,0,240,19,5,264,0,264,0,0,0,240,264,264,,1,c6c2840765e6df430b0b12b37047944ada253861c93f3ebf212eda8a382dfd57,26/06/2023 01:20:36,ESCANER
7991,"Escuintla",5,"San José",9,916,232,3,51,42,0,39,3,2,1,2,1,9,0,1,1,0,0,0,155,7,0,162,0,162,0,0,0,155,162,162,,1,ed3214127382980a612fcef33993a7eb14f6547916e259cb80ca0335ee586534,25/06/2023 22:42:02,ESCANER
7992,"Escuintla",5,"San José",9,916,231,4,52,46,0,26,0,1,0,3,0,6,0,0,2,2,0,0,142,8,0,150,0,150,1,231,80,142,150,150,,1,5401458121c788b2ef4d8958062db1fa366ce18be50ba8db271b1d3248e0c66b,25/06/2023 22:58:33,ESCANER
7993,"Escuintla",5,"San José",9,917,380,25,81,45,2,47,7,2,1,11,1,12,0,0,3,1,1,1,240,31,5,276,0,276,--,380,104,240,276,276,Algún campo sin dato,1,cfc9dc26cd00acfd1204776ccd0fde1abd21b1dd2ddaf87e9b08ed117e893ed1,26/06/2023 02:33:50,ESCANER
7994,"Escuintla",5,"San José",9,917,380,,,,,,,,,,,,,,,,,,,,,,,,,,,,,,,0,,,
7995,"Escuintla",5,"San José",9,917,380,,,,,,,,,,,,,,,,,,,,,,,,,,,,,,,0,,,
7996,"Escuintla",5,"San José",9,917,380,,,,,,,,,,,,,,,,,,,,,,,,,,,,,,,0,,,
7997,"Escuintla",5,"San José",9,917,380,34,85,34,0,52,8,1,1,7,0,15,0,0,1,0,0,0,238,24,2,264,0,264,0,380,116,238,264,264,,1,1dcc700a0dd369908268cbebcb3ee73e474287c087dc82ae4a4a751a90eae136,26/06/2023 03:11:40,MOVIL
7998,"Escuintla",5,"San José",9,917,380,35,79,52,1,35,13,0,2,5,1,13,0,2,2,0,0,0,240,23,5,268,--,--,--,--,--,240,268,268,Algún campo sin dato,1,f34e4a970005f8e423e75066e973a292296956f51163a01d2a1108da74fffb32,26/06/2023 02:11:05,ESCANER
7999,"Escuintla",5,"San José",9,917,380,24,77,36,0,42,4,3,0,10,1,6,0,1,1,0,0,1,206,23,2,231,0,231,0,380,149,206,231,231,,1,6ef2f89ec096a267683f7d150b33c6c6a706795b17ab8628eb9c1e3b2dbad469,25/06/2023 23:43:29,ESCANER
8000,"Escuintla",5,"San José",9,917,380,,,,,,,,,,,,,,,,,,,,,,,,,,,,,,,0,,,
8001,"Escuintla",5,"San José",9,917,380,,,,,,,,,,,,,,,,,,,,,,,,,,,,,,,0,,,
8002,"Escuintla",5,"San José",9,917,380,22,76,33,0,38,7,4,0,2,0,16,0,1,1,0,0,0,200,8,0,208,0,208,--,380,172,200,208,208,Algún campo sin dato,1,1188b98ef77ab48738aac27ec9a599d2402f3dcf463323d2f6f12d610b569573,25/06/2023 23:57:14,ESCANER
8003,"Escuintla",5,"San José",9,917,380,27,98,33,0,58,9,2,0,10,0,8,0,0,2,0,0,0,247,6,0,253,0,253,0,376,123,247,253,253,,1,42cf37d31c30035929324e56c69354263fb59cb092becd7447104b9a7a1908f0,26/06/2023 01:19:20,ESCANER
8004,"Escuintla",5,"San José",9,917,265,14,44,28,0,29,4,2,0,6,0,7,0,1,0,0,0,0,135,5,2,142,123,265,--,265,123,135,142,265,Algún campo sin dato,1,4aced44f54a0553b9983242314e3c5527b7d5ffe53a72726413e524703f11c9e,25/06/2023 23:37:19,ESCANER
8005,"Escuintla",5,"San José",9,917,265,12,50,28,0,26,7,3,0,5,0,7,0,0,2,0,0,0,140,5,3,148,9,157,--,262,105,140,148,157,Algún campo sin dato,1,b224fbef78b5cb7808fb443113b9b64fa141493a7f14ee1cf81f4933226d3f29,26/06/2023 01:50:16,ESCANER
8006,"Escuintla",5,"San José",9,918,380,19,35,104,0,47,6,1,3,2,1,19,0,1,1,1,9,2,251,21,5,277,0,277,0,380,103,251,277,277,,1,fcd85de09cb026a8b538601f6c61c0281e14d34bf087c2d7ca4af97e9544e27e,26/06/2023 01:43:02,ESCANER
8007,"Escuintla",5,"San José",9,918,380,16,41,87,1,56,4,0,1,3,0,21,0,3,1,2,4,0,240,23,5,268,0,268,0,380,112,240,268,268,,1,c85d407f7b59b61d35a5b3c735367e9c7fc52e108b0734079d11c6000cb4c383,25/06/2023 23:06:36,ESCANER
8008,"Escuintla",5,"San José",9,918,380,23,33,84,1,47,8,0,3,3,0,15,2,1,2,2,11,4,239,22,6,267,0,267,0,380,113,239,267,267,,1,ab4792a6ecafcf641270de99dfbcacae1632be83a312950ff68ef00192b6bb33,25/06/2023 23:45:48,ESCANER
8009,"Escuintla",5,"San José",9,918,380,18,39,92,1,33,1,2,2,0,0,15,0,0,2,1,4,1,211,17,3,231,1,232,0,380,148,211,231,232,,1,cf7026a2f6888b88b0177e6174945ee39503bef1be878d1de9b8fda59fb6e756,25/06/2023 23:50:14,ESCANER
8010,"Escuintla",5,"San José",9,918,380,,,,,,,,,,,,,,,,,,,,,,,,,,,,,,,0,,,
8011,"Escuintla",5,"San José",9,918,380,28,27,89,0,47,4,2,2,3,0,17,0,0,1,1,7,1,229,30,6,265,0,265,0,377,112,229,265,265,,1,93ff665c7d776e015af246728754b35cae7702e49fed389aaa7f4ec8cdf20cb7,25/06/2023 23:10:29,ESCANER
8012,"Escuintla",5,"San José",9,918,380,25,36,84,0,31,4,0,4,4,1,28,0,3,0,4,7,0,231,16,4,251,0,251,0,380,129,231,251,251,,1,ea72e11d6323f1b46cec6a70df2484e2efba7ae64aa92a414672c38e6c757cad,26/06/2023 01:10:57,ESCANER
8013,"Escuintla",5,"San José",9,918,380,,,,,,,,,,,,,,,,,,,,,,,,,,,,,,,0,,,
8014,"Escuintla",5,"San José",9,918,380,15,32,77,0,38,9,3,1,1,1,18,1,0,0,0,12,1,209,7,0,216,0,216,0,380,164,209,216,216,,1,2d8878e73a4e862b21d01d3dcfd5f4f580a15384f1ed1ce988c484d9188e6df2,26/06/2023 01:17:29,ESCANER
8015,"Escuintla",5,"San José",9,918,319,,,,,,,,,,,,,,,,,,,,,,,,,,,,,,,0,,,
8016,"Escuintla",5,"San José",9,918,318,12,28,54,0,33,3,1,0,4,0,10,0,0,0,1,1,0,147,12,3,162,0,162,--,318,156,147,162,162,Algún campo sin dato,1,8dcf87e8a269dbe2ccc4c2eacfd3be3ff109c24346d68c8877dced327a27de73,26/06/2023 02:12:56,ESCANER
8017,"Escuintla",5,"San José",9,919,600,28,77,46,1,73,7,1,2,20,1,21,2,5,8,1,1,0,294,22,4,320,0,320,0,598,278,294,320,320,,1,6c42dd532c849327b2c17e16b3c2ac74a600f0017386688f483bcbd7afe5ee2d,25/06/2023 23:46:54,ESCANER
8018,"Escuintla",5,"San José",9,919,585,16,64,54,5,50,8,4,2,9,1,12,0,2,4,1,1,1,234,16,6,256,0,256,0,584,325,234,256,256,,1,dfd19b4add52781548985ef780da868e50ce483ab71f119f84cccd194f6fb381,25/06/2023 23:04:45,ESCANER
8019,"Escuintla",5,"San José",9,919,584,7,23,14,0,18,1,0,1,2,0,2,0,2,1,0,0,0,71,4,1,76,0,76,--,581,505,71,76,76,Algún campo sin dato,1,fe881aa38a77d223ceb0499cee3469170434bcdbb116ab646926c586ea2cc0b7,25/06/2023 23:58:45,ESCANER