﻿TIPO_DE_ELECCIÓN:,CORPORACIÓN MUNICIPAL
26 junio 2023 03:36 (UTC -6)
ACTAS_ESPERADAS,ACTAS_CAPTURADAS,PORCENTAJE_ACTAS_CAPTURADAS,ACTAS_CONTABILIZADAS,PORCENTAJE_ACTAS_CONTABILIZADAS,ACTAS_NO_CONTABILIZADAS,LISTA_NOMINAL_ACTAS_CONTABILIZADAS,VOTOS_EMITIDOS_CONTABILIZADAS,PORCENTAJE_PARTICIPACIÓN_CIUDADANA
30,30,100.0000,30,100.0000,0,10647,7380,69.3153

MESA,DEPARTAMENTO,ID_DEPARTAMENTO,MUNICIPIO,ID_MUNICIPIO,CENTRO_DE_VOTACIÓN,PADRÓN,CABAL,VAMOS,BIEN,UNE,VALOR UNIONISTA,VÁLIDOS,NULOS,BLANCO,EMITIDOS,INVÁLIDOS,TOTAL,IMPUGNACIONES,PAPELETAS-RECIBIDAS,PAPELETAS-NO-USADAS,VALIDOS_CALCULADO,EMITIDOS_CALCULADO,TOTAL_CALCULADO,OBSERVACIONES,CONTABILIZADA,CÓDIGO_INTEGRIDAD,FECHA_HORA_PUBLICACIÓN,DIGITALIZACIÓN
8905,"Santa Rosa",6,"Santa Cruz Naranjo",12,1076,400,147,87,8,3,36,281,11,3,295,0,295,--,400,105,281,295,295,Algún campo sin dato,1,17d8b4aa0191296e74079ba2cefd82e747d8a8dfb98bb0b0f8fdb8959485bc26,26/06/2023 01:54:46,ESCANER
8906,"Santa Rosa",6,"Santa Cruz Naranjo",12,1076,400,111,112,10,3,39,275,14,2,291,0,291,1,400,109,275,291,291,,1,e31ec8a0a208a02628b7396d192b7cfdcf46ec52fc081cb8b268c43e1a144d9f,26/06/2023 00:56:35,ESCANER
8907,"Santa Rosa",6,"Santa Cruz Naranjo",12,1076,400,127,104,8,1,40,280,13,5,298,0,298,--,398,503,280,298,298,Algún campo sin dato,1,80072ca518ba5b8d56ccc32e4dd2437b012a1979ab357821fc49ba6433952855,26/06/2023 01:42:14,ESCANER
8908,"Santa Rosa",6,"Santa Cruz Naranjo",12,1076,400,113,91,9,4,33,250,4,1,255,0,255,--,400,145,250,255,255,Algún campo sin dato,1,9425a08d1189011f17238316aa0ad4b7161d824380a7856c34c2aa10dd78fd60,26/06/2023 02:17:52,ESCANER
8909,"Santa Rosa",6,"Santa Cruz Naranjo",12,1076,400,114,107,11,1,27,260,6,2,268,0,268,--,400,132,260,268,268,Algún campo sin dato,1,df1099dcd68d57520ed03f08e9b1cc0e165f15492c01a6e15e6d5ef444600d51,26/06/2023 00:37:48,ESCANER
8910,"Santa Rosa",6,"Santa Cruz Naranjo",12,1076,265,100,55,4,1,30,190,0,0,190,0,190,--,265,75,190,190,190,Algún campo sin dato,1,b54f146074823b9423050c7e4c1aa403128aac7c8e8e6c96023e920d66d134dd,25/06/2023 23:21:09,ESCANER
8911,"Santa Rosa",6,"Santa Cruz Naranjo",12,1076,264,83,62,5,0,17,167,1,0,168,0,168,1,264,96,167,168,168,,1,4ccff901fffa406eb74b46325d943fa3b87fb8f692fe95648d9c84f647d32dbc,26/06/2023 00:00:27,ESCANER
8912,"Santa Rosa",6,"Santa Cruz Naranjo",12,1077,400,139,114,10,3,38,304,13,1,318,0,318,--,400,82,304,318,318,Algún campo sin dato,1,bb98a9c01d9875ef4ddd16a3efcf91c27620ccccc260f90fffda360422c041e7,26/06/2023 03:08:22,ESCANER
8913,"Santa Rosa",6,"Santa Cruz Naranjo",12,1077,400,116,130,7,7,31,291,16,6,313,0,313,--,400,87,291,313,313,Algún campo sin dato,1,50c8252e113364259b381fde8ff5c5cef929c69961c375fc835f8d117cf31940,25/06/2023 23:48:40,ESCANER
8914,"Santa Rosa",6,"Santa Cruz Naranjo",12,1077,357,108,84,9,1,31,233,6,2,241,0,241,--,--,--,233,241,241,Algún campo sin dato,1,987d8a6662a2a1ced703662a3999c4941c1957a9fcc19c931122c121c36f1a92,25/06/2023 23:15:15,ESCANER
8915,"Santa Rosa",6,"Santa Cruz Naranjo",12,1077,357,120,83,6,2,31,242,3,2,247,0,247,--,357,110,242,247,247,Algún campo sin dato,1,08f67d39a168512e8e5b85b7b7439ad895b9a6f08bbdc237b0b106d5be771e0d,26/06/2023 01:31:49,ESCANER
8916,"Santa Rosa",6,"Santa Cruz Naranjo",12,1078,380,152,79,5,2,16,254,19,7,280,0,280,--,380,100,254,280,280,Algún campo sin dato,1,8233255cdbe71b4893f441f74017c631d02323356263c644ca97e72c6152be95,25/06/2023 22:16:56,ESCANER
8917,"Santa Rosa",6,"Santa Cruz Naranjo",12,1078,380,141,98,5,2,24,270,17,2,289,0,289,--,380,91,270,289,289,Algún campo sin dato,1,a5af88345d462f422305d054f11f2515cdda34cc68c258ef130af8c76905fe8f,26/06/2023 00:33:02,ESCANER
8918,"Santa Rosa",6,"Santa Cruz Naranjo",12,1078,380,147,104,6,1,24,282,13,5,300,80,380,--,380,80,282,300,380,Algún campo sin dato,1,38465e6afd9d04e72ea425f2a432bd4cdaf1ad1864ec03f6bb85ecd2033af00a,26/06/2023 01:18:54,ESCANER
8919,"Santa Rosa",6,"Santa Cruz Naranjo",12,1078,380,143,100,7,1,23,274,19,5,298,0,298,--,380,82,274,298,298,Algún campo sin dato,1,6d07edc718903690d0e683344a1f5e9859f05b06fc68614db03bf27bc22b60bf,25/06/2023 23:47:06,ESCANER
8920,"Santa Rosa",6,"Santa Cruz Naranjo",12,1078,380,161,94,11,3,11,280,10,2,292,0,292,--,380,88,280,292,292,Algún campo sin dato,1,7fd3e66fcf7709618be8aac5ba0424678c759eca96ad01935f157cb354555769,26/06/2023 01:48:02,ESCANER
8921,"Santa Rosa",6,"Santa Cruz Naranjo",12,1078,380,133,80,3,4,14,234,12,1,247,0,247,--,380,133,234,247,247,Algún campo sin dato,1,2bd346724caf84f4f2ccd0edd4c0a381ce9ce18766a1ce814baf872db19ea361,26/06/2023 01:59:07,ESCANER
8922,"Santa Rosa",6,"Santa Cruz Naranjo",12,1078,380,119,93,6,2,24,244,11,3,258,0,258,--,380,122,244,258,258,Algún campo sin dato,1,54d6d3fb092a76198ac0a4829db6111488d6206b0c384bb1d99383992aef1041,25/06/2023 23:57:27,ESCANER
8923,"Santa Rosa",6,"Santa Cruz Naranjo",12,1078,380,147,75,3,2,23,250,7,0,257,0,257,--,380,123,250,257,257,Algún campo sin dato,1,405106d3b668a0cbf02c06728dba23b7bf4f3a4543baed4e40757facb9500bb6,25/06/2023 22:41:44,ESCANER
8924,"Santa Rosa",6,"Santa Cruz Naranjo",12,1078,277,122,69,2,0,13,206,1,1,208,0,208,--,277,69,206,208,208,Algún campo sin dato,1,3eebce99f157b9c28a2f6e16a4039f647369145e0f4f90ac297314d550d77c1a,25/06/2023 22:50:17,ESCANER
8925,"Santa Rosa",6,"Santa Cruz Naranjo",12,1078,276,89,58,2,1,13,163,4,0,167,0,167,--,276,109,163,167,167,Algún campo sin dato,1,f2d8c5b45295a7b9632378b2becd1b3870d2c2274e1cf3335dcc38c2211bf5d8,25/06/2023 22:54:05,ESCANER
8926,"Santa Rosa",6,"Santa Cruz Naranjo",12,1079,380,155,73,17,4,26,275,7,2,284,3,287,--,380,93,275,284,287,Algún campo sin dato,1,a616d1b09a9773292daf09bba25b77d179f83b9c996a3c720bcd03e5428a408b,26/06/2023 01:03:23,ESCANER
8927,"Santa Rosa",6,"Santa Cruz Naranjo",12,1079,380,175,59,12,6,24,276,12,3,291,0,291,--,380,89,276,291,291,Algún campo sin dato,1,ab66db473f17a1ed08674d5c1b57d869c3fef3574f0e330d28abde8b71e97a62,25/06/2023 23:26:58,ESCANER
8928,"Santa Rosa",6,"Santa Cruz Naranjo",12,1079,380,163,71,10,4,20,268,16,7,291,0,291,--,380,89,268,291,291,Algún campo sin dato,1,723ef420d903789a9798afbe56e803770445d1bb2475ceb863ecde2ed9fea1f6,26/06/2023 00:09:16,ESCANER
8929,"Santa Rosa",6,"Santa Cruz Naranjo",12,1079,380,165,54,12,3,25,259,8,2,269,0,269,--,380,111,259,269,269,Algún campo sin dato,1,4bcdd70722ade267b7c7ea95366cd0c6fdbd977c30eecfc1f410f068804df9da,26/06/2023 00:16:10,ESCANER
8930,"Santa Rosa",6,"Santa Cruz Naranjo",12,1079,380,144,74,12,2,15,247,5,3,255,0,255,--,380,125,247,255,255,Algún campo sin dato,1,2e23197204db8ca8012b321eeb5353b544709300c8b1a68d2da43dacfc9c212e,26/06/2023 00:37:31,ESCANER
8931,"Santa Rosa",6,"Santa Cruz Naranjo",12,1079,241,99,40,3,2,12,156,4,0,160,0,160,--,241,81,156,160,160,Algún campo sin dato,1,b9bcea1d8d32f328abd555de44f3073fded81609af06edf0d11bcecfc88aeac0,25/06/2023 23:09:05,ESCANER
8932,"Santa Rosa",6,"Santa Cruz Naranjo",12,1079,240,107,33,4,0,10,154,0,1,155,0,155,--,240,85,154,155,155,Algún campo sin dato,1,69b16b332338b1990b4d21edadfab3ee39fbc9a138597110d0b146606b7c13ca,25/06/2023 23:06:04,ESCANER
8933,"Santa Rosa",6,"Santa Cruz Naranjo",12,1080,315,53,44,6,0,8,111,1,0,112,0,112,--,312,200,111,112,112,Algún campo sin dato,1,1b1b2a7e99de6799e00000893836ddaa6dd07862bff58e6c08fed17d11b9d5c4,25/06/2023 21:18:08,ESCANER
8934,"Santa Rosa",6,"Santa Cruz Naranjo",12,1080,315,42,25,1,4,8,80,3,0,83,0,83,--,315,232,80,83,83,Algún campo sin dato,1,feabf189a913155a47fdf1d5010fc92d421704d78174d2b4df298f89267a3483,25/06/2023 20:42:30,ESCANER