﻿TIPO_DE_ELECCIÓN:,CORPORACIÓN MUNICIPAL
26 junio 2023 03:36 (UTC -6)
ACTAS_ESPERADAS,ACTAS_CAPTURADAS,PORCENTAJE_ACTAS_CAPTURADAS,ACTAS_CONTABILIZADAS,PORCENTAJE_ACTAS_CONTABILIZADAS,ACTAS_NO_CONTABILIZADAS,LISTA_NOMINAL_ACTAS_CONTABILIZADAS,VOTOS_EMITIDOS_CONTABILIZADAS,PORCENTAJE_PARTICIPACIÓN_CIUDADANA
130,31,23.8461,31,23.8461,0,11935,7735,64.8093

MESA,DEPARTAMENTO,ID_DEPARTAMENTO,MUNICIPIO,ID_MUNICIPIO,CENTRO_DE_VOTACIÓN,PADRÓN,UNE,CABAL,CAMBIO,PHG,VALOR,AZUL,PPN,ELEFANTE,WINAQ,VIVA,FCN-NACION,VAMOS,CREO,VOS,BIEN,VÁLIDOS,NULOS,BLANCO,EMITIDOS,INVÁLIDOS,TOTAL,IMPUGNACIONES,PAPELETAS-RECIBIDAS,PAPELETAS-NO-USADAS,VALIDOS_CALCULADO,EMITIDOS_CALCULADO,TOTAL_CALCULADO,OBSERVACIONES,CONTABILIZADA,CÓDIGO_INTEGRIDAD,FECHA_HORA_PUBLICACIÓN,DIGITALIZACIÓN
19302,"Alta Verapaz",16,"Senahú",8,2963,400,40,40,2,23,15,3,66,0,0,0,1,45,0,1,0,236,19,2,400,0,400,--,400,143,236,257,257,Sumas Asentadas sin cuadrar,1,117102c2b0805d47721d73ebf236b9d1cd62ba253be84b2e94358cd1da40eb30,26/06/2023 01:50:00,MOVIL
19303,"Alta Verapaz",16,"Senahú",8,2963,400,64,48,1,13,20,1,73,0,1,1,2,41,1,0,1,267,21,0,288,0,288,--,400,112,267,288,288,Algún campo sin dato,1,f095f00bb2af94bb9f86c95df4820d2e7de2851210235c7ec766ba56601fe875,26/06/2023 01:12:59,MOVIL
19304,"Alta Verapaz",16,"Senahú",8,2963,400,65,38,0,17,13,1,0,0,1,0,0,35,0,0,1,256,27,4,287,0,287,1,287,113,171,202,202,Sumas Asentadas sin cuadrar,1,3b13533019224444a48d9935eb041a1ef5fbf71bd8bcf04e5d16ed578ef553f4,26/06/2023 03:19:15,MOVIL
19305,"Alta Verapaz",16,"Senahú",8,2963,400,,,,,,,,,,,,,,,,,,,,,,,,,,,,,0,,,
19306,"Alta Verapaz",16,"Senahú",8,2963,400,55,46,1,19,16,0,60,1,0,2,4,55,1,1,0,261,22,3,286,0,286,--,400,114,261,286,286,Algún campo sin dato,1,3ce3c78c954f1d536422b9e1402a963945b9ae005ab732266c181890009b0225,26/06/2023 01:39:09,MOVIL
19307,"Alta Verapaz",16,"Senahú",8,2964,400,,,,,,,,,,,,,,,,,,,,,,,,,,,,,0,,,
19308,"Alta Verapaz",16,"Senahú",8,2964,400,,,,,,,,,,,,,,,,,,,,,,,,,,,,,0,,,
19309,"Alta Verapaz",16,"Senahú",8,2964,400,,,,,,,,,,,,,,,,,,,,,,,,,,,,,0,,,
19310,"Alta Verapaz",16,"Senahú",8,2964,400,,,,,,,,,,,,,,,,,,,,,,,,,,,,,0,,,
19311,"Alta Verapaz",16,"Senahú",8,2965,400,52,68,1,18,13,4,47,0,1,2,1,43,1,0,0,251,6,0,257,0,257,--,400,143,251,257,257,Algún campo sin dato,1,009da3580bb27bf06f25f0966aea63ce98028240695b8a8b1983bee66d43a8b1,26/06/2023 01:06:40,ESCANER
19312,"Alta Verapaz",16,"Senahú",8,2965,400,42,54,3,11,21,2,61,0,1,1,2,42,0,0,0,240,8,2,250,0,250,--,400,150,240,250,250,Algún campo sin dato,1,0a37d9fd8b0c6bd983f745a3c547862d15ba80c185b25371a3d4a7b5bb3bae74,26/06/2023 01:25:03,ESCANER
19313,"Alta Verapaz",16,"Senahú",8,2965,400,28,43,1,18,22,3,52,0,0,0,1,40,1,0,0,209,9,2,220,0,220,--,400,180,209,220,220,Algún campo sin dato,1,5816caa926274bb4467d4331e10b195100413359f501e1e2474627b2ad7c51c4,26/06/2023 01:40:39,ESCANER
19314,"Alta Verapaz",16,"Senahú",8,2965,400,37,44,1,21,20,2,58,0,0,0,0,37,0,0,0,220,1,0,221,0,221,--,400,179,220,221,221,Algún campo sin dato,1,31f9a180d4a46deb1ded6503182114c94c1c2ee020a740144a1ce5b6103c8c5f,26/06/2023 01:58:55,ESCANER
19315,"Alta Verapaz",16,"Senahú",8,2965,400,,,,,,,,,,,,,,,,,,,,,,,,,,,,,0,,,
19316,"Alta Verapaz",16,"Senahú",8,2965,400,40,36,0,11,12,1,66,2,0,0,1,31,0,0,0,200,1,0,201,0,201,--,400,199,200,201,201,Algún campo sin dato,1,173614bf94e1e33a0af0998c3d624080c5e9fce189a8ea1ab7006a993f2f928f,26/06/2023 02:03:51,ESCANER
19317,"Alta Verapaz",16,"Senahú",8,2965,221,,,,,,,,,,,,,,,,,,,,,,,,,,,,,0,,,
19318,"Alta Verapaz",16,"Senahú",8,2965,221,,,,,,,,,,,,,,,,,,,,,,,,,,,,,0,,,
19319,"Alta Verapaz",16,"Senahú",8,2966,400,53,32,0,26,7,0,80,0,2,0,0,32,0,0,0,232,19,3,254,0,254,--,400,146,232,254,254,Algún campo sin dato,1,ba888357cb2d6b029c1f750bddc7eeb80b114761b15661cedf37b5fe385db0a5,26/06/2023 03:29:00,MOVIL
19320,"Alta Verapaz",16,"Senahú",8,2966,400,,,,,,,,,,,,,,,,,,,,,,,,,,,,,0,,,
19321,"Alta Verapaz",16,"Senahú",8,2967,400,,,,,,,,,,,,,,,,,,,,,,,,,,,,,0,,,
19322,"Alta Verapaz",16,"Senahú",8,2967,400,,,,,,,,,,,,,,,,,,,,,,,,,,,,,0,,,
19323,"Alta Verapaz",16,"Senahú",8,2967,400,,,,,,,,,,,,,,,,,,,,,,,,,,,,,0,,,
19324,"Alta Verapaz",16,"Senahú",8,2967,400,,,,,,,,,,,,,,,,,,,,,,,,,,,,,0,,,
19325,"Alta Verapaz",16,"Senahú",8,2967,400,,,,,,,,,,,,,,,,,,,,,,,,,,,,,0,,,
19326,"Alta Verapaz",16,"Senahú",8,2967,400,,,,,,,,,,,,,,,,,,,,,,,,,,,,,0,,,
19327,"Alta Verapaz",16,"Senahú",8,2968,400,,,,,,,,,,,,,,,,,,,,,,,,,,,,,0,,,
19328,"Alta Verapaz",16,"Senahú",8,2968,400,,,,,,,,,,,,,,,,,,,,,,,,,,,,,0,,,
19329,"Alta Verapaz",16,"Senahú",8,2968,400,,,,,,,,,,,,,,,,,,,,,,,,,,,,,0,,,
19330,"Alta Verapaz",16,"Senahú",8,2968,400,,,,,,,,,,,,,,,,,,,,,,,,,,,,,0,,,
19331,"Alta Verapaz",16,"Senahú",8,2968,400,,,,,,,,,,,,,,,,,,,,,,,,,,,,,0,,,
19332,"Alta Verapaz",16,"Senahú",8,2968,400,,,,,,,,,,,,,,,,,,,,,,,,,,,,,0,,,
19333,"Alta Verapaz",16,"Senahú",8,2969,400,50,22,0,28,12,0,100,0,0,0,1,33,0,0,0,246,6,2,254,--,--,--,400,143,246,254,254,Algún campo sin dato,1,040d2f8be54932bf9bab8ac66bdbedea91c833f9c62887545f179af6194b1408,26/06/2023 02:00:17,ESCANER
19334,"Alta Verapaz",16,"Senahú",8,2969,400,,,,,,,,,,,,,,,,,,,,,,,,,,,,,0,,,
19335,"Alta Verapaz",16,"Senahú",8,2969,400,48,22,0,18,8,0,113,0,0,0,0,22,0,0,0,231,4,0,235,0,235,--,400,165,231,235,235,Algún campo sin dato,1,025c58bebe014e9e3aa7ffba90d4f8ec52e98080409806f3b9699d20bd32f146,26/06/2023 00:27:49,ESCANER
19336,"Alta Verapaz",16,"Senahú",8,2969,227,32,25,0,13,5,0,31,0,0,0,0,8,0,0,0,114,4,0,118,0,118,--,227,109,114,118,118,Algún campo sin dato,1,a70493b72ff5f646faaa16f82715a5ee3ba05451586ace19d2d1d768a505d6c6,26/06/2023 01:06:50,ESCANER
19337,"Alta Verapaz",16,"Senahú",8,2969,227,,,,,,,,,,,,,,,,,,,,,,,,,,,,,0,,,
19338,"Alta Verapaz",16,"Senahú",8,2970,380,,,,,,,,,,,,,,,,,,,,,,,,,,,,,0,,,
19339,"Alta Verapaz",16,"Senahú",8,2970,380,,,,,,,,,,,,,,,,,,,,,,,,,,,,,0,,,
19340,"Alta Verapaz",16,"Senahú",8,2970,380,,,,,,,,,,,,,,,,,,,,,,,,,,,,,0,,,
19341,"Alta Verapaz",16,"Senahú",8,2970,380,,,,,,,,,,,,,,,,,,,,,,,,,,,,,0,,,
19342,"Alta Verapaz",16,"Senahú",8,2970,380,,,,,,,,,,,,,,,,,,,,,,,,,,,,,0,,,
19343,"Alta Verapaz",16,"Senahú",8,2970,380,,,,,,,,,,,,,,,,,,,,,,,,,,,,,0,,,
19344,"Alta Verapaz",16,"Senahú",8,2970,380,,,,,,,,,,,,,,,,,,,,,,,,,,,,,0,,,
19345,"Alta Verapaz",16,"Senahú",8,2970,380,,,,,,,,,,,,,,,,,,,,,,,,,,,,,0,,,
19346,"Alta Verapaz",16,"Senahú",8,2970,380,,,,,,,,,,,,,,,,,,,,,,,,,,,,,0,,,
19347,"Alta Verapaz",16,"Senahú",8,2970,380,,,,,,,,,,,,,,,,,,,,,,,,,,,,,0,,,
19348,"Alta Verapaz",16,"Senahú",8,2970,380,,,,,,,,,,,,,,,,,,,,,,,,,,,,,0,,,
19349,"Alta Verapaz",16,"Senahú",8,2970,380,,,,,,,,,,,,,,,,,,,,,,,,,,,,,0,,,
19350,"Alta Verapaz",16,"Senahú",8,2970,380,,,,,,,,,,,,,,,,,,,,,,,,,,,,,0,,,
19351,"Alta Verapaz",16,"Senahú",8,2970,380,,,,,,,,,,,,,,,,,,,,,,,,,,,,,0,,,
19352,"Alta Verapaz",16,"Senahú",8,2970,380,,,,,,,,,,,,,,,,,,,,,,,,,,,,,0,,,
19353,"Alta Verapaz",16,"Senahú",8,2970,380,,,,,,,,,,,,,,,,,,,,,,,,,,,,,0,,,
19354,"Alta Verapaz",16,"Senahú",8,2970,262,,,,,,,,,,,,,,,,,,,,,,,,,,,,,0,,,
19355,"Alta Verapaz",16,"Senahú",8,2970,262,,,,,,,,,,,,,,,,,,,,,,,,,,,,,0,,,
19356,"Alta Verapaz",16,"Senahú",8,2971,380,86,33,0,7,10,2,74,11,0,0,1,31,0,1,1,257,24,4,285,0,285,--,380,95,257,285,285,Algún campo sin dato,1,76016089473d7789d9e7fbabaa9cfa0764bf973d06795d8a795d726e6396f946,26/06/2023 03:32:26,ESCANER
19357,"Alta Verapaz",16,"Senahú",8,2971,380,111,29,0,11,7,1,89,3,0,0,5,55,0,0,0,311,10,8,329,0,329,--,379,50,311,329,329,Algún campo sin dato,1,3dc5072598fcf88a50e4dc1488acfd9843e69c53618a456cf34ead1f2d94a7b1,26/06/2023 03:24:05,ESCANER
19358,"Alta Verapaz",16,"Senahú",8,2971,380,,,,,,,,,,,,,,,,,,,,,,,,,,,,,0,,,
19359,"Alta Verapaz",16,"Senahú",8,2971,380,,,,,,,,,,,,,,,,,,,,,,,,,,,,,0,,,
19360,"Alta Verapaz",16,"Senahú",8,2971,380,74,22,1,9,10,1,56,6,1,2,0,37,0,0,0,219,15,3,237,0,237,--,380,143,219,237,237,Algún campo sin dato,1,a98710d0a2b38c2ecd00400f5b2a7d92c3f9c71f12393c7cd1fc166a619140f2,26/06/2023 03:14:21,ESCANER
19361,"Alta Verapaz",16,"Senahú",8,2971,380,83,31,1,7,11,1,61,16,1,0,1,43,0,0,1,257,13,0,270,0,270,--,380,110,257,270,270,Algún campo sin dato,1,bfb719e536d5652c2cc47cf05727603563441052cc3d155b06ac2d45934fe6fa,26/06/2023 03:13:55,ESCANER
19362,"Alta Verapaz",16,"Senahú",8,2971,380,,,,,,,,,,,,,,,,,,,,,,,,,,,,,0,,,
19363,"Alta Verapaz",16,"Senahú",8,2971,380,89,18,0,14,7,1,83,3,0,1,4,40,0,0,0,260,6,1,113,0,380,--,380,113,260,267,267,Sumas Asentadas sin cuadrar,1,1a54ec8504cc76438e8f945efd535815aa0607cf1ea0a56db190fe5962cc441d,26/06/2023 02:53:07,ESCANER
19364,"Alta Verapaz",16,"Senahú",8,2971,241,,,,,,,,,,,,,,,,,,,,,,,,,,,,,0,,,
19365,"Alta Verapaz",16,"Senahú",8,2971,241,,,,,,,,,,,,,,,,,,,,,,,,,,,,,0,,,
19366,"Alta Verapaz",16,"Senahú",8,2972,380,53,11,0,30,8,3,156,0,0,0,3,17,0,0,0,282,2,7,302,11,302,--,377,75,281,290,301,Sumas Asentadas sin cuadrar,1,4725da7824cd370424263a49a54a6480aafbcc303e7f7de247727c8d8642a58e,26/06/2023 02:14:44,ESCANER
19367,"Alta Verapaz",16,"Senahú",8,2972,380,,,,,,,,,,,,,,,,,,,,,,,,,,,,,0,,,
19368,"Alta Verapaz",16,"Senahú",8,2972,380,,,,,,,,,,,,,,,,,,,,,,,,,,,,,0,,,
19369,"Alta Verapaz",16,"Senahú",8,2972,380,,,,,,,,,,,,,,,,,,,,,,,,,,,,,0,,,
19370,"Alta Verapaz",16,"Senahú",8,2972,380,,,,,,,,,,,,,,,,,,,,,,,,,,,,,0,,,
19371,"Alta Verapaz",16,"Senahú",8,2972,380,62,35,0,12,9,0,90,0,0,2,10,15,1,0,0,236,4,2,242,0,242,--,380,138,236,242,242,Algún campo sin dato,1,e3a67cc3e1a0fc6bc450fd2d596eabab2bf7aee367c6370a72a4cdfff7e73c18,26/06/2023 03:24:24,ESCANER
19372,"Alta Verapaz",16,"Senahú",8,2972,262,,,,,,,,,,,,,,,,,,,,,,,,,,,,,0,,,
19373,"Alta Verapaz",16,"Senahú",8,2972,262,,,,,,,,,,,,,,,,,,,,,,,,,,,,,0,,,
19374,"Alta Verapaz",16,"Senahú",8,2973,380,,,,,,,,,,,,,,,,,,,,,,,,,,,,,0,,,
19375,"Alta Verapaz",16,"Senahú",8,2973,380,,,,,,,,,,,,,,,,,,,,,,,,,,,,,0,,,
19376,"Alta Verapaz",16,"Senahú",8,2973,380,,,,,,,,,,,,,,,,,,,,,,,,,,,,,0,,,
19377,"Alta Verapaz",16,"Senahú",8,2973,380,,,,,,,,,,,,,,,,,,,,,,,,,,,,,0,,,
19378,"Alta Verapaz",16,"Senahú",8,2973,380,,,,,,,,,,,,,,,,,,,,,,,,,,,,,0,,,
19379,"Alta Verapaz",16,"Senahú",8,2973,380,,,,,,,,,,,,,,,,,,,,,,,,,,,,,0,,,
19380,"Alta Verapaz",16,"Senahú",8,2973,380,,,,,,,,,,,,,,,,,,,,,,,,,,,,,0,,,
19381,"Alta Verapaz",16,"Senahú",8,2973,380,,,,,,,,,,,,,,,,,,,,,,,,,,,,,0,,,
19382,"Alta Verapaz",16,"Senahú",8,2973,258,,,,,,,,,,,,,,,,,,,,,,,,,,,,,0,,,
19383,"Alta Verapaz",16,"Senahú",8,2973,257,,,,,,,,,,,,,,,,,,,,,,,,,,,,,0,,,
19384,"Alta Verapaz",16,"Senahú",8,2974,380,,,,,,,,,,,,,,,,,,,,,,,,,,,,,0,,,
19385,"Alta Verapaz",16,"Senahú",8,2974,380,,,,,,,,,,,,,,,,,,,,,,,,,,,,,0,,,
19386,"Alta Verapaz",16,"Senahú",8,2974,380,88,56,0,2,5,11,54,0,0,0,5,21,0,0,0,242,22,11,275,0,275,--,380,105,242,275,275,Algún campo sin dato,1,533dff55daa6e146ead47b2054f5d54f1cbd8392de582f7045c66da089b53bde,26/06/2023 03:20:12,ESCANER
19387,"Alta Verapaz",16,"Senahú",8,2974,380,75,61,1,1,2,10,68,0,0,0,0,17,0,0,0,235,33,5,273,0,273,--,380,107,235,273,273,Algún campo sin dato,1,a7c17c9e7d595be483b7bff9c24a3e8d2957c251bc64d01b4a30dd75876f0198,26/06/2023 03:24:37,ESCANER
19388,"Alta Verapaz",16,"Senahú",8,2974,380,,,,,,,,,,,,,,,,,,,,,,,,,,,,,0,,,
19389,"Alta Verapaz",16,"Senahú",8,2974,380,,,,,,,,,,,,,,,,,,,,,,,,,,,,,0,,,
19390,"Alta Verapaz",16,"Senahú",8,2974,380,,,,,,,,,,,,,,,,,,,,,,,,,,,,,0,,,
19391,"Alta Verapaz",16,"Senahú",8,2974,380,,,,,,,,,,,,,,,,,,,,,,,,,,,,,0,,,
19392,"Alta Verapaz",16,"Senahú",8,2974,324,,,,,,,,,,,,,,,,,,,,,,,,,,,,,0,,,
19393,"Alta Verapaz",16,"Senahú",8,2974,323,,,,,,,,,,,,,,,,,,,,,,,,,,,,,0,,,
19394,"Alta Verapaz",16,"Senahú",8,2975,380,,,,,,,,,,,,,,,,,,,,,,,,,,,,,0,,,
19395,"Alta Verapaz",16,"Senahú",8,2975,380,,,,,,,,,,,,,,,,,,,,,,,,,,,,,0,,,
19396,"Alta Verapaz",16,"Senahú",8,2975,380,,,,,,,,,,,,,,,,,,,,,,,,,,,,,0,,,
19397,"Alta Verapaz",16,"Senahú",8,2975,380,,,,,,,,,,,,,,,,,,,,,,,,,,,,,0,,,
19398,"Alta Verapaz",16,"Senahú",8,2976,380,,,,,,,,,,,,,,,,,,,,,,,,,,,,,0,,,
19399,"Alta Verapaz",16,"Senahú",8,2976,380,,,,,,,,,,,,,,,,,,,,,,,,,,,,,0,,,
19400,"Alta Verapaz",16,"Senahú",8,2976,288,,,,,,,,,,,,,,,,,,,,,,,,,,,,,0,,,
19401,"Alta Verapaz",16,"Senahú",8,2976,288,,,,,,,,,,,,,,,,,,,,,,,,,,,,,0,,,
19402,"Alta Verapaz",16,"Senahú",8,2977,380,,,,,,,,,,,,,,,,,,,,,,,,,,,,,0,,,
19403,"Alta Verapaz",16,"Senahú",8,2977,380,,,,,,,,,,,,,,,,,,,,,,,,,,,,,0,,,
19404,"Alta Verapaz",16,"Senahú",8,2977,380,,,,,,,,,,,,,,,,,,,,,,,,,,,,,0,,,
19405,"Alta Verapaz",16,"Senahú",8,2977,380,,,,,,,,,,,,,,,,,,,,,,,,,,,,,0,,,
19406,"Alta Verapaz",16,"Senahú",8,2977,380,,,,,,,,,,,,,,,,,,,,,,,,,,,,,0,,,
19407,"Alta Verapaz",16,"Senahú",8,2978,380,,,,,,,,,,,,,,,,,,,,,,,,,,,,,0,,,
19408,"Alta Verapaz",16,"Senahú",8,2978,380,,,,,,,,,,,,,,,,,,,,,,,,,,,,,0,,,
19409,"Alta Verapaz",16,"Senahú",8,2978,380,,,,,,,,,,,,,,,,,,,,,,,,,,,,,0,,,
19410,"Alta Verapaz",16,"Senahú",8,2978,249,,,,,,,,,,,,,,,,,,,,,,,,,,,,,0,,,
19411,"Alta Verapaz",16,"Senahú",8,2978,248,,,,,,,,,,,,,,,,,,,,,,,,,,,,,0,,,
19412,"Alta Verapaz",16,"Senahú",8,2979,380,63,15,3,14,4,13,53,0,0,2,1,42,1,0,1,212,25,6,243,0,243,--,380,137,212,243,243,Algún campo sin dato,1,e99b44098e3e9ad70d9b4987cc65207de857a4981e1abc70a2388c63637e7e08,26/06/2023 03:29:33,ESCANER
19413,"Alta Verapaz",16,"Senahú",8,2979,380,91,32,1,11,5,4,55,0,0,1,0,32,0,0,0,232,5,4,241,18,259,--,380,121,232,241,259,Algún campo sin dato,1,c552b39b5a6f705a7a69101ae4cda4b56cd28bd9cb674984e43255309ae99802,26/06/2023 03:32:48,ESCANER
19414,"Alta Verapaz",16,"Senahú",8,2979,380,,,,,,,,,,,,,,,,,,,,,,,,,,,,,0,,,
19415,"Alta Verapaz",16,"Senahú",8,2980,380,82,38,2,12,7,7,53,0,1,1,0,29,1,0,0,233,20,6,259,0,259,--,380,121,233,259,259,Algún campo sin dato,1,315bf20caddde928369b722ea59297bde32c5b636bdc1f5b4a16a7e934b2c5ed,26/06/2023 03:31:30,ESCANER
19416,"Alta Verapaz",16,"Senahú",8,2980,380,93,29,0,15,8,4,60,0,1,0,0,26,1,0,0,237,19,4,260,0,260,--,380,120,237,260,260,Algún campo sin dato,1,0ae8c4341c9155742a3a478b035a1c8dbc9cadaee22fb5a9af0f0495ea2214b0,26/06/2023 03:35:42,ESCANER
19417,"Alta Verapaz",16,"Senahú",8,2981,380,,,,,,,,,,,,,,,,,,,,,,,,,,,,,0,,,
19418,"Alta Verapaz",16,"Senahú",8,2981,214,,,,,,,,,,,,,,,,,,,,,,,,,,,,,0,,,
19419,"Alta Verapaz",16,"Senahú",8,2981,214,,,,,,,,,,,,,,,,,,,,,,,,,,,,,0,,,
19420,"Alta Verapaz",16,"Senahú",8,2982,380,77,33,0,15,11,4,56,0,0,1,3,69,2,0,0,271,19,5,295,0,295,--,380,85,271,295,295,Algún campo sin dato,1,3cc8f781332ee9b50c322769192f7e8050d5fec824258fa8386adf8cb8d87c2c,26/06/2023 03:21:56,ESCANER
19421,"Alta Verapaz",16,"Senahú",8,2982,380,59,78,0,13,7,3,118,0,5,1,1,29,0,2,0,316,18,2,41,0,377,--,377,41,316,336,336,Sumas Asentadas sin cuadrar,1,b0b2c4d0addc35dd95062b55009e4ce4a97145425b1bc1dfcd79953d19de4f61,26/06/2023 03:23:20,ESCANER
19422,"Alta Verapaz",16,"Senahú",8,2982,359,63,51,0,22,11,2,51,0,2,1,2,38,0,0,0,243,9,3,255,0,255,--,356,101,243,255,255,Algún campo sin dato,1,02a30242c6f7b71f54dfa36322b2944d991f2c6fecf37f17c66f11a3b360a04d,26/06/2023 03:14:33,ESCANER
19423,"Alta Verapaz",16,"Senahú",8,2982,359,49,54,0,6,4,0,95,0,1,0,1,27,0,0,0,238,8,1,247,0,247,--,357,110,237,246,246,Sumas Asentadas sin cuadrar,1,47143257fc6203eaf97c09617a5b568ae49748762bd498b2b759953dc6f0d62f,26/06/2023 03:19:59,ESCANER
19424,"Alta Verapaz",16,"Senahú",8,2983,380,,,,,,,,,,,,,,,,,,,,,,,,,,,,,0,,,
19425,"Alta Verapaz",16,"Senahú",8,2983,380,,,,,,,,,,,,,,,,,,,,,,,,,,,,,0,,,
19426,"Alta Verapaz",16,"Senahú",8,2983,380,,,,,,,,,,,,,,,,,,,,,,,,,,,,,0,,,
19427,"Alta Verapaz",16,"Senahú",8,2983,380,,,,,,,,,,,,,,,,,,,,,,,,,,,,,0,,,
19428,"Alta Verapaz",16,"Senahú",8,2983,380,,,,,,,,,,,,,,,,,,,,,,,,,,,,,0,,,
19429,"Alta Verapaz",16,"Senahú",8,2983,339,,,,,,,,,,,,,,,,,,,,,,,,,,,,,0,,,
19430,"Alta Verapaz",16,"Senahú",8,2983,339,,,,,,,,,,,,,,,,,,,,,,,,,,,,,0,,,
19431,"Alta Verapaz",16,"Senahú",8,2984,490,25,13,0,8,7,1,16,0,0,0,1,6,1,0,0,78,10,1,89,0,89,--,490,401,78,89,89,Algún campo sin dato,1,c1e22261d8e137793e1041933d8372975ebaf323c97907bc8cbeb714c5699245,26/06/2023 02:17:47,MOVIL