﻿TIPO_DE_ELECCIÓN:,CORPORACIÓN MUNICIPAL
26 junio 2023 03:36 (UTC -6)
ACTAS_ESPERADAS,ACTAS_CAPTURADAS,PORCENTAJE_ACTAS_CAPTURADAS,ACTAS_CONTABILIZADAS,PORCENTAJE_ACTAS_CONTABILIZADAS,ACTAS_NO_CONTABILIZADAS,LISTA_NOMINAL_ACTAS_CONTABILIZADAS,VOTOS_EMITIDOS_CONTABILIZADAS,PORCENTAJE_PARTICIPACIÓN_CIUDADANA
62,27,43.5483,27,43.5483,0,9719,6586,67.7641

MESA,DEPARTAMENTO,ID_DEPARTAMENTO,MUNICIPIO,ID_MUNICIPIO,CENTRO_DE_VOTACIÓN,PADRÓN,UNE,FCN-NACION,VAMOS,VIVA,CABAL,ELEFANTE,SEMILLA,PPN,P A N,TODOS,VALOR,PHG,VICTORIA,BIEN,CREO,VÁLIDOS,NULOS,BLANCO,EMITIDOS,INVÁLIDOS,TOTAL,IMPUGNACIONES,PAPELETAS-RECIBIDAS,PAPELETAS-NO-USADAS,VALIDOS_CALCULADO,EMITIDOS_CALCULADO,TOTAL_CALCULADO,OBSERVACIONES,CONTABILIZADA,CÓDIGO_INTEGRIDAD,FECHA_HORA_PUBLICACIÓN,DIGITALIZACIÓN
20229,"Alta Verapaz",16,"Santa Catalina La Tinta",16,3145,400,,,,,,,,,,,,,,,,,,,,,,,,,,,,,0,,,
20230,"Alta Verapaz",16,"Santa Catalina La Tinta",16,3145,400,,,,,,,,,,,,,,,,,,,,,,,,,,,,,0,,,
20231,"Alta Verapaz",16,"Santa Catalina La Tinta",16,3145,400,65,1,87,6,2,1,3,61,7,0,3,23,3,2,1,265,19,0,284,0,284,--,400,115,265,284,284,Algún campo sin dato,1,601d9e5d50e09382b6e9bb5a77a4de44aefdfb4de0a9f29869be008579facb50,26/06/2023 01:57:32,ESCANER
20232,"Alta Verapaz",16,"Santa Catalina La Tinta",16,3145,400,,,,,,,,,,,,,,,,,,,,,,,,,,,,,0,,,
20233,"Alta Verapaz",16,"Santa Catalina La Tinta",16,3145,400,,,,,,,,,,,,,,,,,,,,,,,,,,,,,0,,,
20234,"Alta Verapaz",16,"Santa Catalina La Tinta",16,3145,400,64,2,63,9,5,0,2,66,5,0,2,30,0,0,0,248,27,1,276,0,276,--,397,121,248,276,276,Algún campo sin dato,1,ecb16d2a50a25ab5304b5f770c6d598c30d9968d718c11a7e957b46731223ac0,25/06/2023 23:42:15,ESCANER
20235,"Alta Verapaz",16,"Santa Catalina La Tinta",16,3145,400,,,,,,,,,,,,,,,,,,,,,,,,,,,,,0,,,
20236,"Alta Verapaz",16,"Santa Catalina La Tinta",16,3146,400,64,4,70,6,1,0,2,52,4,0,1,16,1,0,1,222,18,4,244,0,244,--,400,156,222,244,244,Algún campo sin dato,1,9f9f34329e190cce7ab93f3ab602c4f4505f3c20c17c523a286a2144b06db946,25/06/2023 23:31:04,ESCANER
20237,"Alta Verapaz",16,"Santa Catalina La Tinta",16,3146,400,,,,,,,,,,,,,,,,,,,,,,,,,,,,,0,,,
20238,"Alta Verapaz",16,"Santa Catalina La Tinta",16,3146,400,,,,,,,,,,,,,,,,,,,,,,,,,,,,,0,,,
20239,"Alta Verapaz",16,"Santa Catalina La Tinta",16,3146,400,69,5,63,1,3,0,2,56,3,2,0,32,3,1,3,243,25,5,273,0,273,1,400,127,243,273,273,,1,51591b6527f9a991c9644cb3b33a7f61074e1bf79b6536306ecfcc9ffc814921,25/06/2023 23:04:45,ESCANER
20240,"Alta Verapaz",16,"Santa Catalina La Tinta",16,3146,400,57,1,74,7,5,0,5,66,8,0,0,19,0,0,3,245,20,4,269,0,269,1,400,128,245,269,269,,1,ea9cf05eab5288f0e8a42c1473398738b3d3d31a8689eb2e0f4ab4c74dab5520,26/06/2023 00:59:02,ESCANER
20241,"Alta Verapaz",16,"Santa Catalina La Tinta",16,3146,400,,,,,,,,,,,,,,,,,,,,,,,,,,,,,0,,,
20242,"Alta Verapaz",16,"Santa Catalina La Tinta",16,3146,400,,,,,,,,,,,,,,,,,,,,,,,,,,,,,0,,,
20243,"Alta Verapaz",16,"Santa Catalina La Tinta",16,3146,400,60,2,74,3,7,1,1,65,9,0,1,21,0,0,2,246,9,1,256,0,256,--,400,144,246,256,256,Algún campo sin dato,1,8b0ddc418d8de26305c098488184bde37421ef5cd470f36d04e011552f611d39,26/06/2023 01:16:31,ESCANER
20244,"Alta Verapaz",16,"Santa Catalina La Tinta",16,3146,314,47,3,48,1,3,1,1,59,7,0,0,19,1,0,0,190,7,0,197,0,197,0,311,114,190,197,197,,1,fa0b9bad7ed8beeaad1370c84328f69d8cd40410e4d330c36ce347e5f3490c43,25/06/2023 22:34:36,ESCANER
20245,"Alta Verapaz",16,"Santa Catalina La Tinta",16,3146,314,33,1,44,3,2,--,2,47,4,--,--,19,3,1,4,163,11,2,176,0,176,--,311,135,163,176,176,Algún campo sin dato,1,3cb74337d9a123493c98f33096f0d1aa4da6c09e1458dea13f685e32eb7f1150,25/06/2023 22:22:34,ESCANER
20246,"Alta Verapaz",16,"Santa Catalina La Tinta",16,3147,400,,,,,,,,,,,,,,,,,,,,,,,,,,,,,0,,,
20247,"Alta Verapaz",16,"Santa Catalina La Tinta",16,3147,400,,,,,,,,,,,,,,,,,,,,,,,,,,,,,0,,,
20248,"Alta Verapaz",16,"Santa Catalina La Tinta",16,3147,400,,,,,,,,,,,,,,,,,,,,,,,,,,,,,0,,,
20249,"Alta Verapaz",16,"Santa Catalina La Tinta",16,3147,400,52,2,103,7,3,0,1,46,6,0,0,35,0,1,2,258,16,2,276,0,276,--,400,124,258,276,276,Algún campo sin dato,1,af5faed1f237697bb24e69eac8f609f865727c0e2e55517fe0d96642b6773341,26/06/2023 01:24:39,ESCANER
20250,"Alta Verapaz",16,"Santa Catalina La Tinta",16,3147,400,,,,,,,,,,,,,,,,,,,,,,,,,,,,,0,,,
20251,"Alta Verapaz",16,"Santa Catalina La Tinta",16,3148,400,,,,,,,,,,,,,,,,,,,,,,,,,,,,,0,,,
20252,"Alta Verapaz",16,"Santa Catalina La Tinta",16,3148,400,57,1,99,8,2,0,1,49,6,0,0,57,1,0,0,281,21,3,305,0,305,--,397,92,281,305,305,Algún campo sin dato,1,5d8c7ee67b199b85af181d563dcc2310c373f36b7a02f5eaecbdae899b65a1f1,26/06/2023 01:26:24,ESCANER
20253,"Alta Verapaz",16,"Santa Catalina La Tinta",16,3148,400,43,0,111,4,1,0,1,45,2,0,0,52,1,0,0,260,10,0,270,2,272,0,400,128,260,270,272,,1,c9880cc28add2f38f8a3e6cc42471479bd16acfe707a2d3e59d9c481a6f1f028,26/06/2023 02:55:28,ESCANER
20254,"Alta Verapaz",16,"Santa Catalina La Tinta",16,3148,400,,,,,,,,,,,,,,,,,,,,,,,,,,,,,0,,,
20255,"Alta Verapaz",16,"Santa Catalina La Tinta",16,3148,216,28,0,41,5,0,0,1,45,2,1,0,14,0,0,1,138,2,2,142,--,--,--,213,71,138,142,142,Algún campo sin dato,1,3c95835e1b73a1e9aceacf520112656b20212331799dc31c8f61b41430f9a6e4,25/06/2023 22:55:43,ESCANER
20256,"Alta Verapaz",16,"Santa Catalina La Tinta",16,3148,215,25,2,57,4,1,0,3,25,6,0,3,26,1,1,2,156,9,2,167,0,167,0,215,48,156,167,167,,1,8c03482538db3b5d8c35d1c512751379edfa941fe99f10cae3179ac27846f8b8,26/06/2023 03:12:54,ESCANER
20257,"Alta Verapaz",16,"Santa Catalina La Tinta",16,3149,400,,,,,,,,,,,,,,,,,,,,,,,,,,,,,0,,,
20258,"Alta Verapaz",16,"Santa Catalina La Tinta",16,3149,400,,,,,,,,,,,,,,,,,,,,,,,,,,,,,0,,,
20259,"Alta Verapaz",16,"Santa Catalina La Tinta",16,3149,400,80,1,87,4,2,1,3,55,7,1,2,44,3,0,1,291,10,0,301,0,301,--,397,96,291,301,301,Algún campo sin dato,1,08ebfe4092dcd827f073846000877e642406d482134603dd48ce3bd913cf95af,26/06/2023 02:14:53,ESCANER
20260,"Alta Verapaz",16,"Santa Catalina La Tinta",16,3150,400,,,,,,,,,,,,,,,,,,,,,,,,,,,,,0,,,
20261,"Alta Verapaz",16,"Santa Catalina La Tinta",16,3150,400,72,0,100,2,1,0,2,62,1,0,1,37,2,0,0,280,10,2,292,0,292,--,399,107,280,292,292,Algún campo sin dato,1,01edd53f9618b701e843dc02ec46178475862312704df55be6361f29332e3a6c,26/06/2023 01:03:06,ESCANER
20262,"Alta Verapaz",16,"Santa Catalina La Tinta",16,3150,309,64,0,61,3,0,2,4,51,4,0,1,28,0,0,0,218,2,1,221,0,221,--,304,83,218,221,221,Algún campo sin dato,1,99be81467a7844331b38d585e3c9fd4338407ab79d4ebc7896f791d032fe0297,26/06/2023 00:21:17,ESCANER
20263,"Alta Verapaz",16,"Santa Catalina La Tinta",16,3150,309,71,1,65,0,0,2,3,38,4,0,0,17,0,0,0,201,7,1,209,0,209,--,309,100,201,209,209,Algún campo sin dato,1,5ab7e1eb1f674fe422ea4ea95ad33428cfc21dabf8f8014b6dead651fdf1f032,25/06/2023 23:19:15,ESCANER
20264,"Alta Verapaz",16,"Santa Catalina La Tinta",16,3151,380,,,,,,,,,,,,,,,,,,,,,,,,,,,,,0,,,
20265,"Alta Verapaz",16,"Santa Catalina La Tinta",16,3151,380,,,,,,,,,,,,,,,,,,,,,,,,,,,,,0,,,
20266,"Alta Verapaz",16,"Santa Catalina La Tinta",16,3151,380,,,,,,,,,,,,,,,,,,,,,,,,,,,,,0,,,
20267,"Alta Verapaz",16,"Santa Catalina La Tinta",16,3151,380,,,,,,,,,,,,,,,,,,,,,,,,,,,,,0,,,
20268,"Alta Verapaz",16,"Santa Catalina La Tinta",16,3151,380,,,,,,,,,,,,,,,,,,,,,,,,,,,,,0,,,
20269,"Alta Verapaz",16,"Santa Catalina La Tinta",16,3151,380,,,,,,,,,,,,,,,,,,,,,,,,,,,,,0,,,
20270,"Alta Verapaz",16,"Santa Catalina La Tinta",16,3151,380,81,5,38,4,1,1,4,23,14,0,1,39,1,0,2,214,33,7,254,1,255,--,380,125,214,254,255,Algún campo sin dato,1,049de3a6ee0b58c02c19394eebf79e75fd1ece40db93bb10685a717c6aaa79d4,26/06/2023 02:11:12,ESCANER
20271,"Alta Verapaz",16,"Santa Catalina La Tinta",16,3151,380,,,,,,,,,,,,,,,,,,,,,,,,,,,,,0,,,
20272,"Alta Verapaz",16,"Santa Catalina La Tinta",16,3151,329,,,,,,,,,,,,,,,,,,,,,,,,,,,,,0,,,
20273,"Alta Verapaz",16,"Santa Catalina La Tinta",16,3151,328,63,3,37,5,1,0,3,18,8,0,0,30,1,0,0,169,4,7,180,0,180,--,328,148,169,180,180,Algún campo sin dato,1,1aa41e341ec885b4d34f07dd34db419289bae42d1f82a4f5c11b8ae242592340,26/06/2023 00:09:02,ESCANER
20274,"Alta Verapaz",16,"Santa Catalina La Tinta",16,3152,380,,,,,,,,,,,,,,,,,,,,,,,,,,,,,0,,,
20275,"Alta Verapaz",16,"Santa Catalina La Tinta",16,3152,380,,,,,,,,,,,,,,,,,,,,,,,,,,,,,0,,,
20276,"Alta Verapaz",16,"Santa Catalina La Tinta",16,3152,380,,,,,,,,,,,,,,,,,,,,,,,,,,,,,0,,,
20277,"Alta Verapaz",16,"Santa Catalina La Tinta",16,3152,380,,,,,,,,,,,,,,,,,,,,,,,,,,,,,0,,,
20278,"Alta Verapaz",16,"Santa Catalina La Tinta",16,3152,380,,,,,,,,,,,,,,,,,,,,,,,,,,,,,0,,,
20279,"Alta Verapaz",16,"Santa Catalina La Tinta",16,3152,380,,,,,,,,,,,,,,,,,,,,,,,,,,,,,0,,,
20280,"Alta Verapaz",16,"Santa Catalina La Tinta",16,3152,380,,,,,,,,,,,,,,,,,,,,,,,,,,,,,0,,,
20281,"Alta Verapaz",16,"Santa Catalina La Tinta",16,3152,380,59,0,57,2,3,2,1,77,5,0,2,16,2,0,2,228,8,3,239,14,253,--,377,126,228,239,253,Algún campo sin dato,1,84f86f2b41b586f130015f56bc5b63d94c3cee1674361f1f6fc082d7c669a6a2,26/06/2023 00:46:45,ESCANER
20282,"Alta Verapaz",16,"Santa Catalina La Tinta",16,3152,380,75,0,64,2,1,0,0,87,3,1,3,17,1,1,0,255,14,2,271,0,271,--,380,109,255,271,271,Algún campo sin dato,1,0c76c02bf514694c1fbca94da1439beb8e9582c9aba05f9258ddba2ce4586199,26/06/2023 01:40:57,ESCANER
20283,"Alta Verapaz",16,"Santa Catalina La Tinta",16,3152,380,,,,,,,,,,,,,,,,,,,,,,,,,,,,,0,,,
20284,"Alta Verapaz",16,"Santa Catalina La Tinta",16,3152,380,70,1,47,2,3,0,1,89,3,0,2,11,4,0,0,233,22,6,261,1,262,--,380,118,233,261,262,Algún campo sin dato,1,c2d82a2503e0f83798c92e70c07bafbfa17b6f824fda914b0da197222a333061,26/06/2023 02:06:26,ESCANER
20285,"Alta Verapaz",16,"Santa Catalina La Tinta",16,3152,380,75,1,62,2,3,1,0,86,11,0,3,13,1,1,1,260,19,2,281,0,281,--,377,96,260,281,281,Algún campo sin dato,1,75e2f20227daca1eea182aa0f7ad2f6d700548181824e0c7ebde40c3651fe332,25/06/2023 23:19:26,ESCANER
20286,"Alta Verapaz",16,"Santa Catalina La Tinta",16,3152,380,61,1,60,4,6,1,1,90,7,0,4,12,1,0,0,248,15,0,263,0,263,--,--,--,248,263,263,Algún campo sin dato,1,115a7eba18e891f13e130b9aa1d3557b641568acda45352e6bb4c15f1ea301b4,26/06/2023 02:22:37,ESCANER
20287,"Alta Verapaz",16,"Santa Catalina La Tinta",16,3153,380,,,,,,,,,,,,,,,,,,,,,,,,,,,,,0,,,
20288,"Alta Verapaz",16,"Santa Catalina La Tinta",16,3153,380,71,0,56,5,2,1,0,63,13,0,2,18,0,0,0,231,12,0,243,0,381,--,381,138,231,243,243,Sumas Asentadas sin cuadrar,1,fe92dc095a4812396898534c2817cc916ff719931f9d9a78dfafd7817dd4be8f,26/06/2023 02:45:35,ESCANER
20289,"Alta Verapaz",16,"Santa Catalina La Tinta",16,3153,327,62,1,57,3,0,0,1,72,5,0,1,5,2,0,0,209,2,1,212,0,212,--,327,115,209,212,212,Algún campo sin dato,1,30c404ff3b0a0f2bfe6bb32e9d0279969c6d3ccd6ccbaf8a6a52b3b5e89a39ac,26/06/2023 00:07:26,ESCANER
20290,"Alta Verapaz",16,"Santa Catalina La Tinta",16,3153,327,59,1,41,1,2,2,1,73,7,0,1,13,2,0,1,204,17,3,224,0,224,--,327,103,204,224,224,Algún campo sin dato,1,c04a4170cd2bd1ba1ad636db858792fc06df1573169f6adcbbc23233f118e072,26/06/2023 01:48:19,ESCANER