﻿TIPO_DE_ELECCIÓN:,CORPORACIÓN MUNICIPAL
26 junio 2023 03:36 (UTC -6)
ACTAS_ESPERADAS,ACTAS_CAPTURADAS,PORCENTAJE_ACTAS_CAPTURADAS,ACTAS_CONTABILIZADAS,PORCENTAJE_ACTAS_CONTABILIZADAS,ACTAS_NO_CONTABILIZADAS,LISTA_NOMINAL_ACTAS_CONTABILIZADAS,VOTOS_EMITIDOS_CONTABILIZADAS,PORCENTAJE_PARTICIPACIÓN_CIUDADANA
308,161,52.2727,161,52.2727,0,58928,34601,58.7174

MESA,DEPARTAMENTO,ID_DEPARTAMENTO,MUNICIPIO,ID_MUNICIPIO,CENTRO_DE_VOTACIÓN,PADRÓN,VICTORIA,FCN-NACION,VAMOS,AZUL,MLP,UNE,VIVA,CABAL,TODOS,PODEMOS,WINAQ,ELEFANTE,CAMBIO,PPN,MI FAMILIA,VALOR,CREO,VOS,PHG,VÁLIDOS,NULOS,BLANCO,EMITIDOS,INVÁLIDOS,TOTAL,IMPUGNACIONES,PAPELETAS-RECIBIDAS,PAPELETAS-NO-USADAS,VALIDOS_CALCULADO,EMITIDOS_CALCULADO,TOTAL_CALCULADO,OBSERVACIONES,CONTABILIZADA,CÓDIGO_INTEGRIDAD,FECHA_HORA_PUBLICACIÓN,DIGITALIZACIÓN
19432,"Alta Verapaz",16,"San Pedro Carchá",9,2985,400,54,10,15,16,0,76,5,10,11,1,1,1,1,9,2,22,1,3,0,238,19,2,259,--,259,--,400,141,238,259,259,Algún campo sin dato,1,9b8a90588c6a28cde3329e742d8a55fe491b6ddd88efa39fe83802da1889fbd2,26/06/2023 00:52:53,ESCANER
19433,"Alta Verapaz",16,"San Pedro Carchá",9,2985,400,52,8,24,7,2,97,8,7,6,2,2,0,4,13,6,21,7,1,5,272,10,3,285,0,285,--,368,83,272,285,285,Algún campo sin dato,1,b5e26e9bd7f1857b56fe1c349b4dbe589213c4c673153eac278b364ea8bdb679,26/06/2023 01:03:28,ESCANER
19434,"Alta Verapaz",16,"San Pedro Carchá",9,2985,400,29,10,18,17,0,87,2,16,18,2,5,0,6,6,3,24,5,1,3,252,11,2,265,0,265,--,400,135,252,265,265,Algún campo sin dato,1,39ce304c473dc2b49ad474687e44ac51da7d9d7b6b4ce9f94f3a86325fb8df66,26/06/2023 01:16:34,ESCANER
19435,"Alta Verapaz",16,"San Pedro Carchá",9,2985,400,43,14,23,10,1,77,4,13,12,3,4,1,5,10,1,31,4,3,5,264,16,3,283,0,283,--,397,114,264,283,283,Algún campo sin dato,1,27dc824e8dbd721dc4fc80861a1fb4c34c6cdf84a17722b1d0cb3705b64a27f5,26/06/2023 00:35:48,ESCANER
19436,"Alta Verapaz",16,"San Pedro Carchá",9,2985,400,,,,,,,,,,,,,,,,,,,,,,,,,,,,,,,,,0,,,
19437,"Alta Verapaz",16,"San Pedro Carchá",9,2985,400,38,10,27,9,1,83,5,11,11,1,1,2,2,13,0,19,3,1,1,238,9,0,247,0,247,--,400,153,238,247,247,Algún campo sin dato,1,ad522f97926ca5f8ec571c5d277461699c740ce3248fa112b8856f79b6dd9f48,26/06/2023 00:06:35,ESCANER
19438,"Alta Verapaz",16,"San Pedro Carchá",9,2985,400,,,,,,,,,,,,,,,,,,,,,,,,,,,,,,,,,0,,,
19439,"Alta Verapaz",16,"San Pedro Carchá",9,2985,400,37,7,21,8,1,97,2,4,15,2,1,0,3,13,2,20,5,0,4,242,15,7,264,0,264,--,397,133,242,264,264,Algún campo sin dato,1,97c5b4c8c686aad46a50456fb5883d93a42ee7f89e78fe8395c1af61b26675b2,26/06/2023 00:24:45,ESCANER
19440,"Alta Verapaz",16,"San Pedro Carchá",9,2985,400,33,16,14,13,2,102,3,15,13,0,7,2,6,11,4,19,8,2,2,272,10,1,283,0,283,--,400,117,272,283,283,Algún campo sin dato,1,55b4d1d74fcaf011a0f554d778164aee33254436457d8146dab50158973f7f40,26/06/2023 00:42:15,ESCANER
19441,"Alta Verapaz",16,"San Pedro Carchá",9,2985,400,,,,,,,,,,,,,,,,,,,,,,,,,,,,,,,,,0,,,
19442,"Alta Verapaz",16,"San Pedro Carchá",9,2986,400,33,11,29,16,3,87,6,16,7,2,3,4,2,21,1,18,2,1,3,265,8,0,273,0,273,--,400,127,265,273,273,Algún campo sin dato,1,3e811c2ca618a1db7a93e81be7274c48d312e3d5dbba2a35e099c064dd49331e,26/06/2023 01:27:33,ESCANER
19443,"Alta Verapaz",16,"San Pedro Carchá",9,2986,400,,,,,,,,,,,,,,,,,,,,,,,,,,,,,,,,,0,,,
19444,"Alta Verapaz",16,"San Pedro Carchá",9,2986,400,45,10,20,11,0,99,6,10,8,5,1,0,2,11,2,20,2,0,1,253,10,2,265,0,265,--,400,--,253,265,265,Algún campo sin dato,1,8854052043db83f5814f9c3fe6397706f2d27084e60c127c02361ba80d05aec9,26/06/2023 01:14:45,ESCANER
19445,"Alta Verapaz",16,"San Pedro Carchá",9,2986,400,,,,,,,,,,,,,,,,,,,,,,,,,,,,,,,,,0,,,
19446,"Alta Verapaz",16,"San Pedro Carchá",9,2986,400,25,10,15,8,2,98,0,17,11,0,3,0,2,9,5,22,2,6,1,236,3,1,240,0,240,--,400,160,236,240,240,Algún campo sin dato,1,a7ff691997017b96d522a8dde7107835134de58fd9cb77ecfce6ca2b6d16941f,26/06/2023 01:05:14,ESCANER
19447,"Alta Verapaz",16,"San Pedro Carchá",9,2986,400,44,3,23,12,0,88,2,11,7,2,2,1,5,18,2,18,3,0,1,242,7,0,249,0,249,--,400,151,242,249,249,Algún campo sin dato,1,03e878948f150f3a593bf082967f3a9995fe6e658a53dee6dd64e28aa0046613,26/06/2023 02:15:32,ESCANER
19448,"Alta Verapaz",16,"San Pedro Carchá",9,2986,400,28,5,16,9,0,107,3,17,10,0,0,0,5,13,2,24,2,4,5,250,2,0,252,0,252,--,397,145,250,252,252,Algún campo sin dato,1,1e3884fd8effe7024120ebb61d03935445f2dfd9c3cf3b20527e97d6dbf53d94,26/06/2023 02:24:54,ESCANER
19449,"Alta Verapaz",16,"San Pedro Carchá",9,2986,270,23,6,8,5,1,51,4,9,5,0,1,1,3,8,0,12,0,0,0,137,3,0,140,0,140,--,267,127,137,140,140,Algún campo sin dato,1,699f77c05d1ccbf4619ae4e06516b4b92187f6e153d56349077ecd10807167fb,25/06/2023 23:20:23,ESCANER
19450,"Alta Verapaz",16,"San Pedro Carchá",9,2986,269,18,1,8,6,0,45,2,4,5,1,2,0,1,7,1,6,1,2,0,110,7,0,117,0,117,--,269,152,110,117,117,Algún campo sin dato,1,79d01785f93e2a58e19faff0fb2213eaaecdc9d8d15e2697bf1a06bdcdef204b,25/06/2023 23:10:04,ESCANER
19451,"Alta Verapaz",16,"San Pedro Carchá",9,2987,400,97,6,29,4,4,55,1,3,0,0,1,2,1,1,1,8,7,0,2,222,20,18,260,0,260,--,400,140,222,260,260,Algún campo sin dato,1,e5ea28114f04ee7f3df295b13b5674b89a9f565014322f2cc214f7fdada173f4,26/06/2023 01:22:30,ESCANER
19452,"Alta Verapaz",16,"San Pedro Carchá",9,2987,400,101,2,30,4,1,70,3,12,5,2,4,1,2,6,4,5,2,0,0,254,23,5,282,0,282,--,400,118,254,282,282,Algún campo sin dato,1,326a499d975a658c1407b40b4a3626410488cf8165c1a710dde3258c45d37773,26/06/2023 01:53:23,ESCANER
19453,"Alta Verapaz",16,"San Pedro Carchá",9,2987,400,,,,,,,,,,,,,,,,,,,,,,,,,,,,,,,,,0,,,
19454,"Alta Verapaz",16,"San Pedro Carchá",9,2987,400,92,2,21,2,1,72,4,3,4,1,3,0,1,7,2,8,6,0,0,229,20,5,254,0,254,--,399,145,229,254,254,Algún campo sin dato,1,b90ea9f9cfa21e1f231b589e0b7df90c2ef11e261a384da0a1d4e08123b9f883,26/06/2023 01:45:19,ESCANER
19455,"Alta Verapaz",16,"San Pedro Carchá",9,2987,400,90,1,38,2,3,70,4,11,1,1,3,0,2,3,3,4,3,0,1,240,11,5,256,0,256,--,400,144,240,256,256,Algún campo sin dato,1,bd8cc8164a85cb77da8403249c8809cf163b56e128b79b573637a1f6d631df7e,26/06/2023 01:29:14,ESCANER
19456,"Alta Verapaz",16,"San Pedro Carchá",9,2987,400,91,1,27,5,1,59,5,6,4,0,0,1,0,2,0,7,3,2,0,214,27,7,248,0,248,--,400,152,214,248,248,Algún campo sin dato,1,746025d40a1aa0dbee96aef568b579ec7c6f6d7b016ae1587172200038522b05,26/06/2023 02:25:54,ESCANER
19457,"Alta Verapaz",16,"San Pedro Carchá",9,2987,400,,,,,,,,,,,,,,,,,,,,,,,,,,,,,,,,,0,,,
19458,"Alta Verapaz",16,"San Pedro Carchá",9,2987,400,76,0,24,7,2,68,2,9,6,2,0,0,0,10,2,7,4,0,0,219,6,1,226,0,226,--,400,174,219,226,226,Algún campo sin dato,1,584d166fe33bec38eec34b03e6bdc8391b036f8bd7abde145c742ffd9ea052e5,26/06/2023 00:01:16,ESCANER
19459,"Alta Verapaz",16,"San Pedro Carchá",9,2987,251,45,2,12,4,1,33,2,5,4,1,1,1,1,3,0,1,1,0,0,117,2,0,119,0,119,--,248,129,117,119,119,Algún campo sin dato,1,4341982d8033c0632ed40317b06812b6420649713af9f71353f5e950adc5d71e,25/06/2023 22:17:42,ESCANER
19460,"Alta Verapaz",16,"San Pedro Carchá",9,2987,251,39,0,19,2,0,33,1,3,3,0,0,0,2,3,0,3,3,0,0,111,2,1,114,0,114,--,251,137,111,114,114,Algún campo sin dato,1,0670b9f3b469e76a2c09b2c81e1227d9bf4051d3930c74e3891bed697a1c028f,25/06/2023 23:31:09,ESCANER
19461,"Alta Verapaz",16,"San Pedro Carchá",9,2988,400,,,,,,,,,,,,,,,,,,,,,,,,,,,,,,,,,0,,,
19462,"Alta Verapaz",16,"San Pedro Carchá",9,2988,400,,,,,,,,,,,,,,,,,,,,,,,,,,,,,,,,,0,,,
19463,"Alta Verapaz",16,"San Pedro Carchá",9,2988,400,64,4,33,1,0,65,7,20,6,0,5,0,5,9,2,10,5,1,1,238,12,5,255,0,255,0,400,145,238,255,255,,1,4b646d060a4a1e73de5a5c413315fd5c587356ffcc6c281c4eecd317231243f1,26/06/2023 02:54:43,ESCANER
19464,"Alta Verapaz",16,"San Pedro Carchá",9,2988,400,68,2,17,2,1,59,4,21,3,0,1,2,2,7,0,6,4,6,1,206,19,5,230,0,230,--,400,170,206,230,230,Algún campo sin dato,1,da2298b6ca4a075516a14021f0dde8f799d861964f1158f8328101f37f4ecbd4,25/06/2023 22:55:19,ESCANER
19465,"Alta Verapaz",16,"San Pedro Carchá",9,2988,281,36,1,16,1,1,45,1,11,4,1,1,1,1,5,0,8,4,1,0,138,6,0,144,0,144,--,281,137,138,144,144,Algún campo sin dato,1,c97dd5ce99dca81969fdd3425c69a90575c3fecf78c23045e2f395476bf685e2,25/06/2023 22:30:20,ESCANER
19466,"Alta Verapaz",16,"San Pedro Carchá",9,2988,281,48,1,20,3,0,37,3,7,1,0,0,0,6,4,1,2,0,0,0,133,5,0,138,0,138,0,281,143,133,138,138,,1,1decf6024b130dc721a8f4478cecd1f1efd276aa549e6a01600f041106fd54de,25/06/2023 21:58:16,ESCANER
19467,"Alta Verapaz",16,"San Pedro Carchá",9,2989,400,57,4,19,11,0,105,8,13,5,2,5,3,2,4,3,8,3,1,2,255,15,5,275,125,400,--,400,125,255,275,400,Algún campo sin dato,1,1060f44fd406640152417d047c8426c23457c9637bc641b54d0a0743b3086d76,26/06/2023 02:39:53,ESCANER
19468,"Alta Verapaz",16,"San Pedro Carchá",9,2989,400,40,3,16,13,0,99,5,12,3,1,3,0,2,13,0,18,4,2,1,235,14,9,258,3,261,--,400,139,235,258,261,Algún campo sin dato,1,c9ed89622951bf9109bba730ed4c8d293ba9c04390a88e2795e8df5a8ebbc3f1,26/06/2023 01:14:20,ESCANER
19469,"Alta Verapaz",16,"San Pedro Carchá",9,2989,400,56,4,23,6,1,107,4,21,7,3,3,2,2,7,2,13,2,5,4,272,7,2,281,0,281,--,400,119,272,281,281,Algún campo sin dato,1,cb64f16ae57fb2965c46b92cb8118855832debc5fb0f400478f00e2373719103,25/06/2023 23:00:04,ESCANER
19470,"Alta Verapaz",16,"San Pedro Carchá",9,2989,377,47,5,12,9,0,84,10,10,3,1,0,0,4,13,3,9,2,0,1,213,15,1,229,0,229,--,377,148,213,229,229,Algún campo sin dato,1,0d30a003736bb4002ac8d85d798fda267cee6430a7a3c67f3968d7dc9b0adedc,26/06/2023 01:22:25,ESCANER
19471,"Alta Verapaz",16,"San Pedro Carchá",9,2989,376,30,1,17,10,1,88,2,12,3,1,1,2,1,7,4,8,4,3,3,198,7,0,205,0,205,--,376,171,198,205,205,Algún campo sin dato,1,040c895e879b8c2af9931599eb35c04442a1a23ada00837cc0a0152d08b4ec52,26/06/2023 00:17:53,ESCANER
19472,"Alta Verapaz",16,"San Pedro Carchá",9,2990,400,,,,,,,,,,,,,,,,,,,,,,,,,,,,,,,,,0,,,
19473,"Alta Verapaz",16,"San Pedro Carchá",9,2990,400,109,0,52,6,0,42,6,3,0,1,3,0,0,8,1,2,3,0,1,237,34,7,278,0,278,--,368,90,237,278,278,Algún campo sin dato,1,0be3c0828c6bbe929144d3ce6f6ee679f864891ba41a3f70ef57b3547b89c75b,26/06/2023 00:39:01,ESCANER
19474,"Alta Verapaz",16,"San Pedro Carchá",9,2990,400,,,,,,,,,,,,,,,,,,,,,,,,,,,,,,,,,0,,,
19475,"Alta Verapaz",16,"San Pedro Carchá",9,2990,400,,,,,,,,,,,,,,,,,,,,,,,,,,,,,,,,,0,,,
19476,"Alta Verapaz",16,"San Pedro Carchá",9,2990,400,89,2,32,8,1,53,8,10,5,3,6,0,0,3,0,9,5,0,0,234,18,0,252,0,252,--,400,148,234,252,252,Algún campo sin dato,1,e84335fc05020a40733fafe51e367cfb943de1496def310459caf7981fb57d31,26/06/2023 02:24:59,ESCANER
19477,"Alta Verapaz",16,"San Pedro Carchá",9,2990,400,77,8,45,6,0,63,7,6,2,4,1,0,0,8,4,9,1,0,0,241,25,7,273,0,273,--,400,127,241,273,273,Algún campo sin dato,1,76bed8cc586ea0ddc10773243059bc47080c5bf868635bf83068e764f513239b,26/06/2023 00:58:40,ESCANER
19478,"Alta Verapaz",16,"San Pedro Carchá",9,2990,400,72,6,41,7,2,58,6,6,2,4,2,0,1,7,2,9,2,2,1,230,21,7,258,0,258,--,400,142,230,258,258,Algún campo sin dato,1,2c44e1544fa62e909ad3bcd3f4b397f181d08d6fb55e9bc0befe2f448d4f394e,26/06/2023 02:02:51,ESCANER
19479,"Alta Verapaz",16,"San Pedro Carchá",9,2990,400,74,4,26,7,0,67,6,5,4,4,2,0,0,6,3,7,2,1,1,219,20,8,247,3,250,--,368,118,219,247,250,Algún campo sin dato,1,c0ac8dbb74c209ce971c88f7c448155363689c57ec9765c862491216a537c4df,26/06/2023 01:55:11,ESCANER
19480,"Alta Verapaz",16,"San Pedro Carchá",9,2990,400,69,3,29,6,0,70,4,8,3,0,0,0,0,6,0,4,2,0,1,205,21,7,233,0,233,--,400,167,205,233,233,Algún campo sin dato,1,17c4877f703a407a17dc5de239647c741b06c2c989538092c9417eeabef4941c,26/06/2023 00:02:10,ESCANER
19481,"Alta Verapaz",16,"San Pedro Carchá",9,2990,400,68,1,37,8,1,59,7,6,2,1,1,0,1,2,1,4,6,0,2,207,8,3,218,1,219,--,400,181,207,218,219,Algún campo sin dato,1,a36546cb97666d1f3de0d7201aa79781d562f02e889462969a231fccd882566a,26/06/2023 00:53:09,ESCANER
19482,"Alta Verapaz",16,"San Pedro Carchá",9,2990,400,47,1,34,10,1,51,9,5,4,0,1,0,2,7,3,7,2,1,0,185,6,0,191,0,191,--,400,209,185,191,191,Algún campo sin dato,1,632e5144a482c110f33dc88b3969a85b1c5fc56e02cb7d918478a808fd05353a,25/06/2023 23:52:38,ESCANER
19483,"Alta Verapaz",16,"San Pedro Carchá",9,2990,281,53,2,19,2,0,29,3,6,1,0,1,0,1,5,0,3,2,0,1,128,7,1,136,0,136,--,281,145,128,136,136,Algún campo sin dato,1,361fbcea231a9f9a48af8295df78d9096991f5a0fc326e9a81f66421baf50d67,25/06/2023 23:45:11,ESCANER
19484,"Alta Verapaz",16,"San Pedro Carchá",9,2990,280,27,1,19,5,0,27,1,3,2,0,0,0,0,2,0,4,0,0,0,91,10,1,102,0,102,--,280,178,91,102,102,Algún campo sin dato,1,d558a35749b1e2bb81db1f5953ab0470de811f4128a3e3f2d18eac9949d717a8,25/06/2023 23:17:11,ESCANER
19485,"Alta Verapaz",16,"San Pedro Carchá",9,2991,400,,,,,,,,,,,,,,,,,,,,,,,,,,,,,,,,,0,,,
19486,"Alta Verapaz",16,"San Pedro Carchá",9,2991,348,52,2,34,4,0,66,3,10,4,3,1,1,0,7,2,17,1,1,1,209,16,2,227,0,227,--,348,121,209,227,227,Algún campo sin dato,1,80674728cc126a75640537397602487aafd6514e883f413360c1dc808c573706,26/06/2023 02:14:45,ESCANER
19487,"Alta Verapaz",16,"San Pedro Carchá",9,2991,348,51,1,21,6,1,47,1,5,3,1,1,1,2,6,1,17,1,3,0,169,9,0,178,0,178,--,348,170,169,178,178,Algún campo sin dato,1,ecc9d3ae70c6462259e5fc33d11ccf247f8b03d308135295e7469b1a0ba52231,25/06/2023 23:37:55,ESCANER
19488,"Alta Verapaz",16,"San Pedro Carchá",9,2992,380,,,,,,,,,,,,,,,,,,,,,,,,,,,,,,,,,0,,,
19489,"Alta Verapaz",16,"San Pedro Carchá",9,2992,380,43,4,19,5,3,55,4,6,0,0,2,0,3,18,2,1,3,1,0,169,21,10,199,0,200,--,380,180,169,200,200,Sumas Asentadas sin cuadrar,1,cd860a290d63ac9ca2760406ae87d38be908e8c618d34c65c60ebe2a7f44663c,26/06/2023 02:23:05,ESCANER
19490,"Alta Verapaz",16,"San Pedro Carchá",9,2992,380,,,,,,,,,,,,,,,,,,,,,,,,,,,,,,,,,0,,,
19491,"Alta Verapaz",16,"San Pedro Carchá",9,2992,380,,,,,,,,,,,,,,,,,,,,,,,,,,,,,,,,,0,,,
19492,"Alta Verapaz",16,"San Pedro Carchá",9,2992,380,39,2,23,6,3,87,10,7,1,0,1,0,3,28,4,0,1,0,1,216,30,4,250,0,250,--,380,130,216,250,250,Algún campo sin dato,1,5e00ae5bac745d8bfd44045020e9873dbe65bdd77a6df25176a56f6b35f32e5a,26/06/2023 01:12:52,ESCANER
19493,"Alta Verapaz",16,"San Pedro Carchá",9,2992,380,40,1,28,9,2,88,6,2,0,0,0,0,1,21,1,0,2,0,0,201,32,10,243,0,243,--,380,137,201,243,243,Algún campo sin dato,1,74c9d3196d95d46a7e3dd9555a2c1bc35ebb5fa07bf7913a7a08134fe89f7ae6,26/06/2023 00:41:52,ESCANER
19494,"Alta Verapaz",16,"San Pedro Carchá",9,2992,380,67,1,14,3,3,76,14,8,1,0,5,0,5,21,2,1,0,0,0,221,27,9,257,0,257,--,380,123,221,257,257,Algún campo sin dato,1,0c5e2656b7c3081393306b55d9b6cb7bd7eb401808f8ff8fe7361522723457f1,25/06/2023 23:05:49,ESCANER
19495,"Alta Verapaz",16,"San Pedro Carchá",9,2992,380,60,0,16,7,4,71,11,6,0,1,1,0,4,29,1,0,2,0,1,214,25,5,244,0,244,--,376,132,214,244,244,Algún campo sin dato,1,0622b18c6937c72823c9e84244f1fb3cfb7282cc31e835337f87024e0376c6a7,26/06/2023 00:18:23,ESCANER
19496,"Alta Verapaz",16,"San Pedro Carchá",9,2992,380,47,0,26,7,1,61,6,6,0,0,0,0,1,21,3,0,1,0,0,180,31,5,216,0,216,--,380,164,180,216,216,Algún campo sin dato,1,b44af716a62b4014135d08434a2e236117a87005d7d455b52e3cd15f7f8a9c9a,26/06/2023 00:56:34,ESCANER
19497,"Alta Verapaz",16,"San Pedro Carchá",9,2992,380,50,1,28,3,4,62,6,2,0,3,0,0,0,19,1,1,0,0,0,180,14,3,197,0,197,--,377,180,180,197,197,Algún campo sin dato,1,39d0f3d45c9721f6b4fa66d7afda8166eb6245679403e12b75115c98429f1262,26/06/2023 02:50:55,ESCANER
19498,"Alta Verapaz",16,"San Pedro Carchá",9,2992,380,54,0,25,5,1,52,10,1,0,0,1,0,2,22,2,2,1,0,0,178,24,3,205,0,205,--,380,175,178,205,205,Algún campo sin dato,1,43d69fc725e22edc9e1e8d228bcdadcccbaad419b1221f922584bc0c5c5fa8db,26/06/2023 01:23:46,ESCANER
19499,"Alta Verapaz",16,"San Pedro Carchá",9,2992,380,39,0,19,6,1,62,11,2,0,0,1,1,0,9,3,0,0,0,0,154,33,5,192,0,192,--,377,185,154,192,192,Algún campo sin dato,1,37536332a5d87bd5bfe385f67fbabeb756c6ea0ad1a5722b3b049b36223debe3,26/06/2023 01:35:28,ESCANER
19500,"Alta Verapaz",16,"San Pedro Carchá",9,2992,380,42,1,33,6,1,71,8,3,0,2,1,0,1,14,0,1,1,0,1,186,27,8,221,0,221,--,380,159,186,221,221,Algún campo sin dato,1,cf6005080711341422f0708fde88f5fe46745aec690ad23a9c1af43cfddfd053,26/06/2023 03:34:06,ESCANER
19501,"Alta Verapaz",16,"San Pedro Carchá",9,2992,380,47,0,26,10,2,72,9,7,0,1,3,0,1,18,0,3,0,0,3,202,9,5,216,0,216,--,377,161,202,216,216,Algún campo sin dato,1,6bf645623c5974a0e7e0fe27c9b7da2f13f9b4ff2bc367b05ef639664c1a15af,26/06/2023 02:35:33,ESCANER
19502,"Alta Verapaz",16,"San Pedro Carchá",9,2992,380,57,3,20,4,1,63,3,4,0,0,0,0,2,22,0,1,0,0,0,180,25,3,208,0,208,--,380,172,180,208,208,Algún campo sin dato,1,e73b401e7fd3af9ff94ee36b5be803a423c5967a1ec7559df60faf6d1b614428,26/06/2023 01:59:04,ESCANER
19503,"Alta Verapaz",16,"San Pedro Carchá",9,2992,380,41,1,20,8,2,66,15,2,0,1,3,0,2,14,1,1,2,0,0,179,24,7,210,0,210,--,380,170,179,210,210,Algún campo sin dato,1,2d1b9d5820ae1699b75b6dea5aacf8fcd793a3c031f686aa3301042dd77da45b,26/06/2023 01:50:23,ESCANER
19504,"Alta Verapaz",16,"San Pedro Carchá",9,2992,380,33,1,19,7,0,80,8,6,0,4,1,0,2,24,1,1,1,0,0,188,17,5,210,0,210,--,377,167,188,210,210,Algún campo sin dato,1,409731997fe727472292786a12cbbaecead22fae42ccbb77e4a153fabbf35c97,26/06/2023 01:09:13,ESCANER
19505,"Alta Verapaz",16,"San Pedro Carchá",9,2992,380,31,1,16,12,4,78,8,2,0,0,1,0,2,14,1,0,0,0,0,168,28,5,201,0,201,--,377,176,170,203,203,Sumas Asentadas sin cuadrar,1,e37f4c89004edc51080bab0d4923cf2aacbfd8220d67722374d76674e126bd18,25/06/2023 23:22:27,ESCANER
19506,"Alta Verapaz",16,"San Pedro Carchá",9,2992,380,44,2,26,2,4,55,5,4,0,0,3,0,3,16,0,1,1,0,0,166,31,8,205,0,205,0,377,172,166,205,205,,1,c0e27fc82bb882f942cbdd84e9b342fc76be7fc0eee5058ec8abe5e4e4d681c4,26/06/2023 03:22:06,ESCANER
19507,"Alta Verapaz",16,"San Pedro Carchá",9,2992,380,28,0,22,2,3,53,9,1,0,0,2,0,1,12,2,1,0,0,0,136,33,3,172,0,172,--,380,208,136,172,172,Algún campo sin dato,1,e5e91d37aa19ea7e703b08110cfa2a9f70485c8405748e48187f6194251a0566,25/06/2023 23:29:07,ESCANER
19508,"Alta Verapaz",16,"San Pedro Carchá",9,2992,380,,,,,,,,,,,,,,,,,,,,,,,,,,,,,,,,,0,,,
19509,"Alta Verapaz",16,"San Pedro Carchá",9,2992,380,32,0,19,5,4,35,7,2,0,0,0,0,1,20,0,2,0,0,0,127,6,3,136,0,136,--,380,244,127,136,136,Algún campo sin dato,1,fc33bc42f1be6ce8e7bbd76086cc2578575d124f403fdb9e6bca4b2630e31f81,26/06/2023 00:55:28,ESCANER
19510,"Alta Verapaz",16,"San Pedro Carchá",9,2992,380,45,0,26,8,4,56,1,2,0,0,1,0,1,17,0,0,0,0,0,161,4,1,166,0,166,--,380,214,161,166,166,Algún campo sin dato,1,1c1baaf387c8e8565b8d3a679de3be8814ecbe5def728028f956ec091a28a2aa,25/06/2023 23:29:50,ESCANER
19511,"Alta Verapaz",16,"San Pedro Carchá",9,2992,380,48,0,27,1,1,55,5,5,0,0,1,0,0,23,0,0,0,0,0,166,10,3,179,0,179,--,377,198,166,179,179,Algún campo sin dato,1,ab94e5d53ba2214e1f0270253521878420b7a638643213a529440f68a04edfba,26/06/2023 01:34:58,ESCANER
19512,"Alta Verapaz",16,"San Pedro Carchá",9,2992,380,45,0,19,4,1,57,12,2,0,0,0,0,0,9,0,0,0,0,0,149,8,3,160,0,160,--,377,217,149,160,160,Algún campo sin dato,1,07466c9e6146b3893fc30046458a8670a9e0f25ae2b25d510cab3da7ceee7720,26/06/2023 00:42:51,ESCANER
19513,"Alta Verapaz",16,"San Pedro Carchá",9,2992,380,,,,,,,,,,,,,,,,,,,,,,,,,,,,,,,,,0,,,
19514,"Alta Verapaz",16,"San Pedro Carchá",9,2992,380,32,3,18,1,2,53,2,3,0,0,0,0,1,12,0,1,0,0,0,128,6,7,141,0,141,--,380,239,128,141,141,Algún campo sin dato,1,185b0cd839dafa7620e0e2bfff7ab8390e495c9891a0c17c177bb37aaa77ff04,26/06/2023 01:24:09,ESCANER
19515,"Alta Verapaz",16,"San Pedro Carchá",9,2992,199,13,0,10,6,1,29,6,1,2,0,1,0,0,6,0,0,0,0,0,75,7,2,84,0,84,--,196,112,75,84,84,Algún campo sin dato,1,13b3fbd1fb58d2c997e8f877eeb29bbb6604159db6a4391543d72671768835ea,25/06/2023 22:51:11,ESCANER
19516,"Alta Verapaz",16,"San Pedro Carchá",9,2992,199,18,1,9,0,1,19,4,2,0,1,0,0,0,6,0,0,0,0,0,61,9,5,75,0,75,--,196,121,61,75,75,Algún campo sin dato,1,63fe3ea118afe8b3f5aa94e8a9c83f3bf9b1a39885dccd773f1614fcd4f77634,25/06/2023 23:19:49,ESCANER
19517,"Alta Verapaz",16,"San Pedro Carchá",9,2993,380,,,,,,,,,,,,,,,,,,,,,,,,,,,,,,,,,0,,,
19518,"Alta Verapaz",16,"San Pedro Carchá",9,2993,380,82,2,40,3,1,87,7,11,0,3,2,0,1,6,5,1,1,0,0,252,26,8,286,0,286,--,380,94,252,286,286,Algún campo sin dato,1,c0d32d8c23eef9e61a278bbc057c2dd3e374688052218eb5a5c05b69dff57e79,26/06/2023 01:24:09,ESCANER
19519,"Alta Verapaz",16,"San Pedro Carchá",9,2993,380,,,,,,,,,,,,,,,,,,,,,,,,,,,,,,,,,0,,,
19520,"Alta Verapaz",16,"San Pedro Carchá",9,2993,380,,,,,,,,,,,,,,,,,,,,,,,,,,,,,,,,,0,,,
19521,"Alta Verapaz",16,"San Pedro Carchá",9,2993,380,93,2,29,1,1,74,5,10,1,1,2,0,0,2,3,4,0,0,2,230,19,7,256,3,259,--,380,121,230,256,259,Algún campo sin dato,1,1ae3e5917c07cba72e97ae9a298ae4b8df64d8a87dfdda0f1d1640ca14e28162,25/06/2023 23:36:27,ESCANER
19522,"Alta Verapaz",16,"San Pedro Carchá",9,2993,380,,,,,,,,,,,,,,,,,,,,,,,,,,,,,,,,,0,,,
19523,"Alta Verapaz",16,"San Pedro Carchá",9,2993,380,,,,,,,,,,,,,,,,,,,,,,,,,,,,,,,,,0,,,
19524,"Alta Verapaz",16,"San Pedro Carchá",9,2993,380,76,5,50,5,2,64,5,6,0,3,2,1,1,2,1,1,0,0,2,226,40,8,274,0,274,--,380,106,226,274,274,Algún campo sin dato,1,b68757179e857a9b41dc2967762ce872e06879971ecb3dd5a8a226d943186dbc,26/06/2023 02:23:22,ESCANER
19525,"Alta Verapaz",16,"San Pedro Carchá",9,2993,380,67,6,34,5,2,55,5,8,1,1,2,0,2,3,10,0,0,1,2,204,20,12,236,0,236,--,380,144,204,236,236,Algún campo sin dato,1,6d7020c9a7aefa1975627fcd6c0d1745e863b5d00eef014f5382847f2d1fca39,26/06/2023 01:51:16,ESCANER
19526,"Alta Verapaz",16,"San Pedro Carchá",9,2993,380,,,,,,,,,,,,,,,,,,,,,,,,,,,,,,,,,0,,,
19527,"Alta Verapaz",16,"San Pedro Carchá",9,2993,380,,,,,,,,,,,,,,,,,,,,,,,,,,,,,,,,,0,,,
19528,"Alta Verapaz",16,"San Pedro Carchá",9,2993,380,76,1,22,3,2,73,4,2,0,4,3,0,0,2,1,1,2,0,0,196,33,12,241,0,241,--,377,136,196,241,241,Algún campo sin dato,1,2f40f1c0f37049314578700c6680e0d7ca71ef3a6fdbf89f1fe5ba0315af5469,26/06/2023 02:51:40,ESCANER
19529,"Alta Verapaz",16,"San Pedro Carchá",9,2993,380,72,0,27,2,0,80,5,4,1,0,2,0,0,3,5,0,0,0,0,201,26,8,235,0,235,--,380,145,201,235,235,Algún campo sin dato,1,0e30d0b48a0e998ad23554882286a059f60f36fe63b2b36258d4a7d7ca440578,26/06/2023 01:12:39,ESCANER
19530,"Alta Verapaz",16,"San Pedro Carchá",9,2993,380,,,,,,,,,,,,,,,,,,,,,,,,,,,,,,,,,0,,,
19531,"Alta Verapaz",16,"San Pedro Carchá",9,2993,380,106,0,21,4,0,50,3,9,0,1,0,0,0,0,3,0,0,0,0,197,9,1,207,0,207,--,377,170,197,207,207,Algún campo sin dato,1,19bbd5181707281b8a2b19cbd856db381cb43de187219e4b0a290d1dbbbadd1a,26/06/2023 02:32:19,ESCANER
19532,"Alta Verapaz",16,"San Pedro Carchá",9,2993,380,82,0,20,0,0,74,2,5,0,1,0,0,0,1,2,0,0,0,0,187,0,3,190,5,195,--,380,185,187,190,195,Algún campo sin dato,1,114bbe53b95c1c9349b7829b18f347f8d35d35507613727b0e090e7b36e0c9b5,26/06/2023 02:40:32,ESCANER
19533,"Alta Verapaz",16,"San Pedro Carchá",9,2993,361,76,1,20,2,1,66,6,7,0,0,0,0,0,1,0,0,0,1,0,181,8,1,190,0,190,--,361,171,181,190,190,Algún campo sin dato,1,674027d89453d04ed40e9abb1080da75c5d6b9ca0adca69126dcdc871b07fec9,26/06/2023 03:11:48,ESCANER
19534,"Alta Verapaz",16,"San Pedro Carchá",9,2993,360,,,,,,,,,,,,,,,,,,,,,,,,,,,,,,,,,0,,,
19535,"Alta Verapaz",16,"San Pedro Carchá",9,2994,380,89,2,54,4,0,66,3,6,1,1,0,0,1,1,1,1,0,0,0,230,26,11,267,0,267,--,380,113,230,267,267,Algún campo sin dato,1,90cd1880416f1e640e231c1a69b1ec42b47a6fc8c733cc2dae43cd7f753811f5,26/06/2023 01:01:25,ESCANER
19536,"Alta Verapaz",16,"San Pedro Carchá",9,2994,380,106,4,56,3,0,71,3,9,0,0,3,1,3,0,3,1,3,0,0,266,18,11,295,0,295,--,380,85,266,295,295,Algún campo sin dato,1,5005807e365ebc8e7bd9c2e0e711039e7a98cbdc3e95daf8d70dbe2091d57839,26/06/2023 01:41:10,ESCANER
19537,"Alta Verapaz",16,"San Pedro Carchá",9,2994,380,114,2,50,3,0,62,7,12,0,0,2,0,3,2,4,3,3,1,0,268,14,9,291,0,291,--,380,89,268,291,291,Algún campo sin dato,1,1124d9df6600fbb90a020b9d24e1e2df841a4a06933386b1adf5390fd7e78bba,26/06/2023 03:20:15,ESCANER
19538,"Alta Verapaz",16,"San Pedro Carchá",9,2994,380,,,,,,,,,,,,,,,,,,,,,,,,,,,,,,,,,0,,,
19539,"Alta Verapaz",16,"San Pedro Carchá",9,2994,380,,,,,,,,,,,,,,,,,,,,,,,,,,,,,,,,,0,,,
19540,"Alta Verapaz",16,"San Pedro Carchá",9,2994,380,,,,,,,,,,,,,,,,,,,,,,,,,,,,,,,,,0,,,
19541,"Alta Verapaz",16,"San Pedro Carchá",9,2994,380,83,2,37,1,0,82,5,6,1,0,0,0,2,2,0,3,0,0,0,224,27,7,258,0,258,--,380,122,224,258,258,Algún campo sin dato,1,6df2edc0f716ef738f4560a07f0beeb3a4ecaa41da0594232d15188b590cf23f,26/06/2023 02:19:08,ESCANER
19542,"Alta Verapaz",16,"San Pedro Carchá",9,2994,380,89,0,21,2,0,57,1,3,0,1,1,1,0,3,2,1,1,0,0,183,23,10,216,0,216,--,380,164,183,216,216,Algún campo sin dato,1,05f06d3fc0517466be525d6d328e3345cc8f38587181a70f8b4dea0d427719ea,26/06/2023 03:26:10,ESCANER
19543,"Alta Verapaz",16,"San Pedro Carchá",9,2994,380,82,3,28,1,0,58,1,6,0,0,0,0,1,0,1,3,2,1,0,187,6,1,194,0,194,--,380,186,187,194,194,Algún campo sin dato,1,1c77efec861c48e7fbaea19cb7b3f6be63065125cbd3dc5540c9be75ebf29768,26/06/2023 00:40:55,ESCANER
19544,"Alta Verapaz",16,"San Pedro Carchá",9,2994,272,,,,,,,,,,,,,,,,,,,,,,,,,,,,,,,,,0,,,
19545,"Alta Verapaz",16,"San Pedro Carchá",9,2994,272,50,1,26,0,0,33,0,4,0,0,0,0,1,0,1,0,0,0,0,116,4,2,122,0,122,--,272,150,116,122,122,Algún campo sin dato,1,b4b276a6af0e36acbf265293566971a823c1f4cf1e021da1cea87ec67617f8ff,26/06/2023 01:19:53,ESCANER
19546,"Alta Verapaz",16,"San Pedro Carchá",9,2995,380,,,,,,,,,,,,,,,,,,,,,,,,,,,,,,,,,0,,,
19547,"Alta Verapaz",16,"San Pedro Carchá",9,2995,380,81,1,48,5,0,131,0,3,0,2,10,1,0,4,2,1,0,0,1,290,20,10,320,0,320,--,380,60,290,320,320,Algún campo sin dato,1,fbcd1f697aca8801c2a4d458efd9f511f92301381bbb547d62f3cf185e3c33b6,26/06/2023 02:13:40,ESCANER
19548,"Alta Verapaz",16,"San Pedro Carchá",9,2995,380,67,4,44,2,0,115,2,7,0,0,18,0,1,2,2,0,1,0,0,265,15,10,290,0,290,--,380,90,265,290,290,Algún campo sin dato,1,f6d9f1c06e1dc2f5f997bbd0811b853c699048637870152553c60dfe89654b60,26/06/2023 01:24:48,ESCANER
19549,"Alta Verapaz",16,"San Pedro Carchá",9,2995,380,69,2,34,4,0,109,1,5,0,0,6,0,2,5,1,1,2,0,1,242,11,1,254,0,254,--,380,126,242,254,254,Algún campo sin dato,1,e378c64f53d6c53d4c2d8f2aeca404c9e13fc44336634cefb03dd5465541d11a,26/06/2023 01:14:05,ESCANER
19550,"Alta Verapaz",16,"San Pedro Carchá",9,2995,380,71,4,39,5,0,103,1,3,0,0,8,0,1,6,2,2,1,0,0,246,8,7,261,0,261,--,380,119,246,261,261,Algún campo sin dato,1,8e8a63014bc561a50eeb5ac69221b134261aba757a93a681b8878b2601f28761,26/06/2023 03:06:17,ESCANER
19551,"Alta Verapaz",16,"San Pedro Carchá",9,2995,380,64,1,38,3,1,112,0,6,0,0,8,0,2,5,3,4,0,0,1,248,18,6,272,0,272,--,380,108,248,272,272,Algún campo sin dato,1,6c9ca2b7a08ab7cedc8aea2af56dd6d093ee9157b09977f7689c40f58eb10ea4,26/06/2023 02:23:33,ESCANER
19552,"Alta Verapaz",16,"San Pedro Carchá",9,2995,380,58,1,44,3,0,96,0,9,0,0,12,0,2,2,3,1,0,0,0,231,11,5,247,0,247,--,380,133,231,247,247,Algún campo sin dato,1,52d72b150645be9e41943fd85dcd59f536ca588bb3daff1cd777500c20bdf209,26/06/2023 02:03:26,ESCANER
19553,"Alta Verapaz",16,"San Pedro Carchá",9,2995,380,,,,,,,,,,,,,,,,,,,,,,,,,,,,,,,,,0,,,
19554,"Alta Verapaz",16,"San Pedro Carchá",9,2995,380,55,0,27,5,1,104,0,0,1,0,7,1,1,6,3,0,0,0,0,214,36,5,255,0,255,--,380,135,211,252,252,Sumas Asentadas sin cuadrar,1,8865cffabca08bb4c1854533cfee9d14289761dc8b8f1edd6928243864167693,26/06/2023 03:31:36,ESCANER
19555,"Alta Verapaz",16,"San Pedro Carchá",9,2995,380,65,1,33,2,1,98,0,0,0,0,6,0,1,3,0,0,0,2,0,212,14,8,234,0,234,--,380,146,212,234,234,Algún campo sin dato,1,5988d075efd2b2c1507d9359eefd05ae17963288f1fffdb4d7571da2f5035112,26/06/2023 01:41:46,ESCANER
19556,"Alta Verapaz",16,"San Pedro Carchá",9,2995,380,,,,,,,,,,,,,,,,,,,,,,,,,,,,,,,,,0,,,
19557,"Alta Verapaz",16,"San Pedro Carchá",9,2995,380,63,0,36,1,0,104,1,7,0,0,9,0,1,4,0,1,0,0,1,228,6,0,234,0,234,--,380,146,228,234,234,Algún campo sin dato,1,34c1139a0a9fda2d5329ecdbe05af95181b484d845f64acb8624e77c7995bf2a,26/06/2023 01:35:23,ESCANER
19558,"Alta Verapaz",16,"San Pedro Carchá",9,2995,298,40,0,31,5,0,76,3,1,0,1,4,0,2,0,0,0,0,0,0,163,1,1,165,0,165,--,298,133,163,165,165,Algún campo sin dato,1,e5753185af62b0823ed4ea801cc2a3f0829e5ec5d31550df982c40600a29a4f8,25/06/2023 23:46:41,ESCANER
19559,"Alta Verapaz",16,"San Pedro Carchá",9,2995,298,39,0,29,2,0,84,0,0,0,0,4,0,1,3,1,0,0,0,1,164,5,1,171,0,171,1,298,127,164,170,170,Sumas Asentadas sin cuadrar,1,a79ef8b91117c8307395137835efc4f52b602e322b63a959e7cfdb10bae32061,26/06/2023 00:34:43,ESCANER
19560,"Alta Verapaz",16,"San Pedro Carchá",9,2996,380,,,,,,,,,,,,,,,,,,,,,,,,,,,,,,,,,0,,,
19561,"Alta Verapaz",16,"San Pedro Carchá",9,2996,380,,,,,,,,,,,,,,,,,,,,,,,,,,,,,,,,,0,,,
19562,"Alta Verapaz",16,"San Pedro Carchá",9,2996,380,,,,,,,,,,,,,,,,,,,,,,,,,,,,,,,,,0,,,
19563,"Alta Verapaz",16,"San Pedro Carchá",9,2996,380,,,,,,,,,,,,,,,,,,,,,,,,,,,,,,,,,0,,,
19564,"Alta Verapaz",16,"San Pedro Carchá",9,2996,380,,,,,,,,,,,,,,,,,,,,,,,,,,,,,,,,,0,,,
19565,"Alta Verapaz",16,"San Pedro Carchá",9,2996,380,,,,,,,,,,,,,,,,,,,,,,,,,,,,,,,,,0,,,
19566,"Alta Verapaz",16,"San Pedro Carchá",9,2996,380,,,,,,,,,,,,,,,,,,,,,,,,,,,,,,,,,0,,,
19567,"Alta Verapaz",16,"San Pedro Carchá",9,2996,380,,,,,,,,,,,,,,,,,,,,,,,,,,,,,,,,,0,,,
19568,"Alta Verapaz",16,"San Pedro Carchá",9,2996,380,,,,,,,,,,,,,,,,,,,,,,,,,,,,,,,,,0,,,
19569,"Alta Verapaz",16,"San Pedro Carchá",9,2996,380,,,,,,,,,,,,,,,,,,,,,,,,,,,,,,,,,0,,,
19570,"Alta Verapaz",16,"San Pedro Carchá",9,2996,258,,,,,,,,,,,,,,,,,,,,,,,,,,,,,,,,,0,,,
19571,"Alta Verapaz",16,"San Pedro Carchá",9,2996,257,,,,,,,,,,,,,,,,,,,,,,,,,,,,,,,,,0,,,
19572,"Alta Verapaz",16,"San Pedro Carchá",9,2997,380,,,,,,,,,,,,,,,,,,,,,,,,,,,,,,,,,0,,,
19573,"Alta Verapaz",16,"San Pedro Carchá",9,2997,380,,,,,,,,,,,,,,,,,,,,,,,,,,,,,,,,,0,,,
19574,"Alta Verapaz",16,"San Pedro Carchá",9,2997,380,,,,,,,,,,,,,,,,,,,,,,,,,,,,,,,,,0,,,
19575,"Alta Verapaz",16,"San Pedro Carchá",9,2997,380,,,,,,,,,,,,,,,,,,,,,,,,,,,,,,,,,0,,,
19576,"Alta Verapaz",16,"San Pedro Carchá",9,2997,380,,,,,,,,,,,,,,,,,,,,,,,,,,,,,,,,,0,,,
19577,"Alta Verapaz",16,"San Pedro Carchá",9,2997,380,,,,,,,,,,,,,,,,,,,,,,,,,,,,,,,,,0,,,
19578,"Alta Verapaz",16,"San Pedro Carchá",9,2997,380,,,,,,,,,,,,,,,,,,,,,,,,,,,,,,,,,0,,,
19579,"Alta Verapaz",16,"San Pedro Carchá",9,2997,380,,,,,,,,,,,,,,,,,,,,,,,,,,,,,,,,,0,,,
19580,"Alta Verapaz",16,"San Pedro Carchá",9,2997,380,,,,,,,,,,,,,,,,,,,,,,,,,,,,,,,,,0,,,
19581,"Alta Verapaz",16,"San Pedro Carchá",9,2997,380,,,,,,,,,,,,,,,,,,,,,,,,,,,,,,,,,0,,,
19582,"Alta Verapaz",16,"San Pedro Carchá",9,2997,380,,,,,,,,,,,,,,,,,,,,,,,,,,,,,,,,,0,,,
19583,"Alta Verapaz",16,"San Pedro Carchá",9,2997,380,,,,,,,,,,,,,,,,,,,,,,,,,,,,,,,,,0,,,
19584,"Alta Verapaz",16,"San Pedro Carchá",9,2997,380,,,,,,,,,,,,,,,,,,,,,,,,,,,,,,,,,0,,,
19585,"Alta Verapaz",16,"San Pedro Carchá",9,2997,380,,,,,,,,,,,,,,,,,,,,,,,,,,,,,,,,,0,,,
19586,"Alta Verapaz",16,"San Pedro Carchá",9,2997,380,,,,,,,,,,,,,,,,,,,,,,,,,,,,,,,,,0,,,
19587,"Alta Verapaz",16,"San Pedro Carchá",9,2997,380,,,,,,,,,,,,,,,,,,,,,,,,,,,,,,,,,0,,,
19588,"Alta Verapaz",16,"San Pedro Carchá",9,2997,287,,,,,,,,,,,,,,,,,,,,,,,,,,,,,,,,,0,,,
19589,"Alta Verapaz",16,"San Pedro Carchá",9,2997,287,,,,,,,,,,,,,,,,,,,,,,,,,,,,,,,,,0,,,
19590,"Alta Verapaz",16,"San Pedro Carchá",9,2998,380,,,,,,,,,,,,,,,,,,,,,,,,,,,,,,,,,0,,,
19591,"Alta Verapaz",16,"San Pedro Carchá",9,2998,380,,,,,,,,,,,,,,,,,,,,,,,,,,,,,,,,,0,,,
19592,"Alta Verapaz",16,"San Pedro Carchá",9,2998,380,,,,,,,,,,,,,,,,,,,,,,,,,,,,,,,,,0,,,
19593,"Alta Verapaz",16,"San Pedro Carchá",9,2998,380,,,,,,,,,,,,,,,,,,,,,,,,,,,,,,,,,0,,,
19594,"Alta Verapaz",16,"San Pedro Carchá",9,2998,380,,,,,,,,,,,,,,,,,,,,,,,,,,,,,,,,,0,,,
19595,"Alta Verapaz",16,"San Pedro Carchá",9,2998,352,,,,,,,,,,,,,,,,,,,,,,,,,,,,,,,,,0,,,
19596,"Alta Verapaz",16,"San Pedro Carchá",9,2998,352,,,,,,,,,,,,,,,,,,,,,,,,,,,,,,,,,0,,,
19597,"Alta Verapaz",16,"San Pedro Carchá",9,2999,380,,,,,,,,,,,,,,,,,,,,,,,,,,,,,,,,,0,,,
19598,"Alta Verapaz",16,"San Pedro Carchá",9,2999,380,,,,,,,,,,,,,,,,,,,,,,,,,,,,,,,,,0,,,
19599,"Alta Verapaz",16,"San Pedro Carchá",9,2999,380,,,,,,,,,,,,,,,,,,,,,,,,,,,,,,,,,0,,,
19600,"Alta Verapaz",16,"San Pedro Carchá",9,2999,380,,,,,,,,,,,,,,,,,,,,,,,,,,,,,,,,,0,,,
19601,"Alta Verapaz",16,"San Pedro Carchá",9,2999,380,,,,,,,,,,,,,,,,,,,,,,,,,,,,,,,,,0,,,
19602,"Alta Verapaz",16,"San Pedro Carchá",9,2999,372,,,,,,,,,,,,,,,,,,,,,,,,,,,,,,,,,0,,,
19603,"Alta Verapaz",16,"San Pedro Carchá",9,2999,371,,,,,,,,,,,,,,,,,,,,,,,,,,,,,,,,,0,,,
19604,"Alta Verapaz",16,"San Pedro Carchá",9,3000,380,,,,,,,,,,,,,,,,,,,,,,,,,,,,,,,,,0,,,
19605,"Alta Verapaz",16,"San Pedro Carchá",9,3000,380,,,,,,,,,,,,,,,,,,,,,,,,,,,,,,,,,0,,,
19606,"Alta Verapaz",16,"San Pedro Carchá",9,3000,380,58,3,52,2,2,84,5,2,0,2,1,0,0,5,18,4,0,7,0,245,35,9,289,0,289,--,380,91,245,289,289,Algún campo sin dato,1,ffb4a0d031f21b76cd9610fe490f28dec09de719d1649e5fb944e61fdcc08c41,26/06/2023 03:28:47,ESCANER
19607,"Alta Verapaz",16,"San Pedro Carchá",9,3000,380,37,19,48,1,2,53,6,2,0,4,1,0,0,5,13,0,0,2,1,194,38,8,240,0,240,--,380,140,194,240,240,Algún campo sin dato,1,78a3adcbbda1151b342469e38f8cfb4d57ef8a2b3f2d912611c57dd16e74d0b6,26/06/2023 02:34:38,ESCANER
19608,"Alta Verapaz",16,"San Pedro Carchá",9,3000,380,60,13,52,2,0,48,1,2,0,0,1,0,0,2,9,1,0,0,2,193,16,2,211,0,211,--,380,169,193,211,211,Algún campo sin dato,1,27e4da5bcb8d43a5ddcad27ed42579931b97816b24f05cd4876e83062151b457,26/06/2023 02:01:33,ESCANER
19609,"Alta Verapaz",16,"San Pedro Carchá",9,3000,380,73,5,53,8,0,55,2,1,0,2,1,0,1,3,7,2,1,0,0,214,18,2,234,0,234,--,380,146,214,234,234,Algún campo sin dato,1,c2f3b746aa1cb74b76133266175f136cf53bd7229475d4085aa196ab04c5c33c,26/06/2023 00:46:13,ESCANER
19610,"Alta Verapaz",16,"San Pedro Carchá",9,3000,380,46,10,72,3,1,59,3,0,1,0,3,2,2,3,5,1,1,1,0,213,27,8,248,0,248,0,380,132,213,248,248,,1,e2da08addbd227251edd7118abf07f33d24f38201bbc169257a125daf9da0b8d,26/06/2023 03:13:20,ESCANER
19611,"Alta Verapaz",16,"San Pedro Carchá",9,3000,380,60,1,47,4,0,60,4,3,0,1,2,0,1,5,0,1,0,0,0,189,34,3,226,0,226,--,380,154,189,226,226,Algún campo sin dato,1,c61179b198b1a0a3bbd73f25acf886c99c4a4cd1a5428d3082ebd4c2290456a5,25/06/2023 23:58:37,ESCANER
19612,"Alta Verapaz",16,"San Pedro Carchá",9,3000,380,74,4,60,0,0,49,3,1,0,0,0,0,0,2,5,1,0,3,1,203,11,1,215,0,215,--,380,165,203,215,215,Algún campo sin dato,1,3797f216fdb0664a71c30a0c9088a139da20a459fe6ed0569fcfad63e6dcf253,26/06/2023 02:07:28,ESCANER
19613,"Alta Verapaz",16,"San Pedro Carchá",9,3000,377,76,9,43,1,0,45,1,1,0,0,1,0,1,1,2,1,0,0,0,182,8,3,193,0,193,--,377,184,182,193,193,Algún campo sin dato,1,9b90245616702e6b202dd6ab163052d6b71e61df4eb2b65c5cb1c429aa850ad7,26/06/2023 00:18:12,ESCANER
19614,"Alta Verapaz",16,"San Pedro Carchá",9,3000,377,68,1,41,2,0,50,3,1,0,0,0,0,0,0,3,0,1,1,0,171,8,3,182,0,182,--,377,195,171,182,182,Algún campo sin dato,1,71237e6faaa4e779ffd69b56c286ef1d45c8fc937f21c1c22604b7914418b34f,26/06/2023 02:49:55,ESCANER
19615,"Alta Verapaz",16,"San Pedro Carchá",9,3001,380,57,5,68,2,0,89,11,9,1,1,1,1,1,3,2,2,0,0,0,253,24,14,291,0,291,--,371,80,253,291,291,Algún campo sin dato,1,ec1aace1e6912a41093a3dbf9070a5b7355b735c5e1946e1483d31874ebd5c63,26/06/2023 02:02:42,ESCANER
19616,"Alta Verapaz",16,"San Pedro Carchá",9,3001,380,61,4,79,3,0,70,14,5,0,1,4,0,2,5,2,2,0,0,1,253,17,3,273,0,273,--,380,107,253,273,273,Algún campo sin dato,1,5c32a68c288f732c2d84334d18d290c64241dca1c79c834df9fbed0abdd02c55,26/06/2023 01:55:33,ESCANER
19617,"Alta Verapaz",16,"San Pedro Carchá",9,3001,380,68,1,81,5,0,5,9,3,0,1,4,0,4,5,3,2,1,0,0,192,11,9,212,0,212,--,380,108,192,212,212,Algún campo sin dato,1,c74aa6b032f8ae1b07b4b09b39b630d065a5ebff9cd9c34bcc5972093a127cd2,26/06/2023 01:46:12,ESCANER
19618,"Alta Verapaz",16,"San Pedro Carchá",9,3001,380,81,2,56,1,0,63,2,6,1,0,0,1,6,1,2,0,0,0,0,222,11,11,244,0,244,--,--,--,222,244,244,Algún campo sin dato,1,9566fddc366813372472ad69c18dd3b1b42a8afdd79df0ce76a7e8c85dd2ed41,26/06/2023 00:29:30,ESCANER
19619,"Alta Verapaz",16,"San Pedro Carchá",9,3001,380,81,0,57,0,0,84,4,6,1,3,2,0,0,4,1,1,1,1,1,247,21,7,275,0,275,--,380,105,247,275,275,Algún campo sin dato,1,3eb22514040355e1d9bacab229a2c09bc37ebe22ae176c063ce1733a7589acb7,26/06/2023 00:43:13,ESCANER
19620,"Alta Verapaz",16,"San Pedro Carchá",9,3001,380,78,3,76,2,0,86,7,3,2,2,3,1,0,0,1,1,1,0,0,266,22,10,298,0,298,--,380,82,266,298,298,Algún campo sin dato,1,8a9f37133c80e40e5b90a1c1e8e48fc2148b47acdf841d40084e034d7fe01ca3,26/06/2023 02:38:08,ESCANER
19621,"Alta Verapaz",16,"San Pedro Carchá",9,3001,380,64,1,67,2,0,88,7,2,0,1,2,0,0,4,2,0,0,1,2,243,14,16,273,0,273,--,377,104,243,273,273,Algún campo sin dato,1,86eb482ab57df92af0e2f853b64d249861193be3158e42c0b3c7dff670baa9ef,26/06/2023 02:46:58,ESCANER
19622,"Alta Verapaz",16,"San Pedro Carchá",9,3001,380,72,4,54,3,1,66,7,6,0,2,1,1,0,2,2,2,1,0,0,224,30,7,261,0,261,--,380,119,224,261,261,Algún campo sin dato,1,b2945235568ad43e073cb271f2b433660f7821f72c71a2dbca540158dfdda153,26/06/2023 03:33:13,ESCANER
19623,"Alta Verapaz",16,"San Pedro Carchá",9,3001,380,68,1,56,6,0,81,3,3,0,1,2,1,1,2,1,1,0,1,0,228,32,7,267,0,267,--,380,113,228,267,267,Algún campo sin dato,1,18206c8389253022be567aed4eb5daa28ae310f87cf27289eee46a06a9d81144,26/06/2023 02:32:37,ESCANER
19624,"Alta Verapaz",16,"San Pedro Carchá",9,3001,380,65,0,49,0,1,68,5,2,0,0,3,0,0,1,1,0,0,1,1,197,28,17,242,0,242,--,374,132,197,242,242,Algún campo sin dato,1,0221a15a86c5c652a625060d425a9c89b3500f0fd4bb61538d0a1544de7838f8,26/06/2023 01:23:46,ESCANER
19625,"Alta Verapaz",16,"San Pedro Carchá",9,3001,380,59,2,66,2,0,71,0,1,7,0,1,1,0,0,0,0,0,2,0,212,15,3,230,0,230,--,380,150,212,230,230,Algún campo sin dato,1,4604d0acca72a6cc8eb1c28c37a08b8715596625e1ddf89376124acc4ba44960,26/06/2023 02:10:13,ESCANER
19626,"Alta Verapaz",16,"San Pedro Carchá",9,3001,380,86,2,38,2,0,72,6,3,0,0,0,0,0,1,0,1,0,1,1,213,9,4,226,0,226,--,380,154,213,226,226,Algún campo sin dato,1,94023e265061b216525a0a2aa7b56f54d9872f878b58cb004ad3eb827cacf8ae,26/06/2023 02:19:51,ESCANER
19627,"Alta Verapaz",16,"San Pedro Carchá",9,3001,367,56,1,49,0,0,66,4,4,0,0,0,0,1,0,1,0,1,0,0,183,5,5,193,0,193,--,367,174,183,193,193,Algún campo sin dato,1,8291db6e5f17c96e632ab2ae7743a564154c2d9bcb7d68bed0eb045287d2fdd3,25/06/2023 23:20:56,ESCANER
19628,"Alta Verapaz",16,"San Pedro Carchá",9,3001,366,43,0,28,1,1,49,8,4,0,1,1,0,0,1,1,1,0,0,0,139,2,3,144,0,144,--,363,219,139,144,144,Algún campo sin dato,1,ab8b26999e3902ea9ec5c8665ab31ee31b3907dba791168c9baa91ccc2ca5b41,26/06/2023 01:41:30,ESCANER
19629,"Alta Verapaz",16,"San Pedro Carchá",9,3002,380,,,,,,,,,,,,,,,,,,,,,,,,,,,,,,,,,0,,,
19630,"Alta Verapaz",16,"San Pedro Carchá",9,3002,380,,,,,,,,,,,,,,,,,,,,,,,,,,,,,,,,,0,,,
19631,"Alta Verapaz",16,"San Pedro Carchá",9,3002,380,,,,,,,,,,,,,,,,,,,,,,,,,,,,,,,,,0,,,
19632,"Alta Verapaz",16,"San Pedro Carchá",9,3002,380,,,,,,,,,,,,,,,,,,,,,,,,,,,,,,,,,0,,,
19633,"Alta Verapaz",16,"San Pedro Carchá",9,3002,380,,,,,,,,,,,,,,,,,,,,,,,,,,,,,,,,,0,,,
19634,"Alta Verapaz",16,"San Pedro Carchá",9,3002,380,,,,,,,,,,,,,,,,,,,,,,,,,,,,,,,,,0,,,
19635,"Alta Verapaz",16,"San Pedro Carchá",9,3002,380,,,,,,,,,,,,,,,,,,,,,,,,,,,,,,,,,0,,,
19636,"Alta Verapaz",16,"San Pedro Carchá",9,3002,380,,,,,,,,,,,,,,,,,,,,,,,,,,,,,,,,,0,,,
19637,"Alta Verapaz",16,"San Pedro Carchá",9,3002,380,,,,,,,,,,,,,,,,,,,,,,,,,,,,,,,,,0,,,
19638,"Alta Verapaz",16,"San Pedro Carchá",9,3002,252,,,,,,,,,,,,,,,,,,,,,,,,,,,,,,,,,0,,,
19639,"Alta Verapaz",16,"San Pedro Carchá",9,3002,251,,,,,,,,,,,,,,,,,,,,,,,,,,,,,,,,,0,,,
19640,"Alta Verapaz",16,"San Pedro Carchá",9,3003,380,,,,,,,,,,,,,,,,,,,,,,,,,,,,,,,,,0,,,
19641,"Alta Verapaz",16,"San Pedro Carchá",9,3003,380,,,,,,,,,,,,,,,,,,,,,,,,,,,,,,,,,0,,,
19642,"Alta Verapaz",16,"San Pedro Carchá",9,3003,380,,,,,,,,,,,,,,,,,,,,,,,,,,,,,,,,,0,,,
19643,"Alta Verapaz",16,"San Pedro Carchá",9,3003,380,,,,,,,,,,,,,,,,,,,,,,,,,,,,,,,,,0,,,
19644,"Alta Verapaz",16,"San Pedro Carchá",9,3003,380,,,,,,,,,,,,,,,,,,,,,,,,,,,,,,,,,0,,,
19645,"Alta Verapaz",16,"San Pedro Carchá",9,3003,380,,,,,,,,,,,,,,,,,,,,,,,,,,,,,,,,,0,,,
19646,"Alta Verapaz",16,"San Pedro Carchá",9,3003,380,,,,,,,,,,,,,,,,,,,,,,,,,,,,,,,,,0,,,
19647,"Alta Verapaz",16,"San Pedro Carchá",9,3003,380,,,,,,,,,,,,,,,,,,,,,,,,,,,,,,,,,0,,,
19648,"Alta Verapaz",16,"San Pedro Carchá",9,3003,252,,,,,,,,,,,,,,,,,,,,,,,,,,,,,,,,,0,,,
19649,"Alta Verapaz",16,"San Pedro Carchá",9,3003,252,,,,,,,,,,,,,,,,,,,,,,,,,,,,,,,,,0,,,
19650,"Alta Verapaz",16,"San Pedro Carchá",9,3004,380,15,1,6,21,0,61,5,8,1,0,6,0,3,18,0,3,12,0,0,160,36,9,205,0,205,--,377,172,160,205,205,Algún campo sin dato,1,3536683fe6a7bf8aca447f4970fcacfaeea6799ebb3683b60bf50f0dc8f08dad,26/06/2023 00:02:43,ESCANER
19651,"Alta Verapaz",16,"San Pedro Carchá",9,3004,380,14,2,16,12,0,74,4,16,0,1,6,0,2,17,0,1,3,0,0,168,29,19,216,0,216,--,380,164,168,216,216,Algún campo sin dato,1,04db63ea4e268a6710b8285593860519713aacdd0baee7dd02890e3e10237ba7,26/06/2023 00:26:05,ESCANER
19652,"Alta Verapaz",16,"San Pedro Carchá",9,3004,380,6,2,13,14,0,66,1,13,0,1,4,0,0,19,1,3,6,1,0,150,29,11,190,0,190,--,348,158,150,190,190,Algún campo sin dato,1,0e7eda0de647612e80b61b00f6b0411c87e230c74fb5898bf86d4c2ee1a137a5,26/06/2023 01:49:19,ESCANER
19653,"Alta Verapaz",16,"San Pedro Carchá",9,3004,380,19,1,11,12,0,44,4,10,0,0,3,0,4,9,1,1,9,0,2,130,31,6,167,0,167,--,380,213,130,167,167,Algún campo sin dato,1,65cf7e40111722a8e335fd2aea4f72cd99f16ffa54788533fc653df1ba0abdd4,26/06/2023 01:17:39,ESCANER
19654,"Alta Verapaz",16,"San Pedro Carchá",9,3004,380,10,3,18,18,0,38,4,10,0,0,4,0,1,9,1,3,3,1,1,124,24,11,159,0,159,--,380,221,124,159,159,Algún campo sin dato,1,f5023ea4570be05c70424ab4d1ccb8212e6d48bcce69d5ed580cada457d2fa78,25/06/2023 23:55:41,ESCANER
19655,"Alta Verapaz",16,"San Pedro Carchá",9,3004,380,16,1,15,14,0,43,3,4,1,0,2,0,0,8,1,1,6,0,0,115,26,11,152,0,152,--,380,228,115,152,152,Algún campo sin dato,1,f758f2c080488edf3d275c8bd5e489b5a2fe4f6c5b0649ce40ee348155f55c96,26/06/2023 00:52:16,ESCANER
19656,"Alta Verapaz",16,"San Pedro Carchá",9,3004,222,9,0,6,4,1,27,2,4,0,0,1,0,0,1,1,0,1,0,0,57,3,4,64,0,64,--,222,158,57,64,64,Algún campo sin dato,1,39d6ff92d53b1c582b985830fb9f187938229a9c0677632f1cce12ab36fa396e,26/06/2023 02:00:59,ESCANER
19657,"Alta Verapaz",16,"San Pedro Carchá",9,3004,222,3,0,7,2,2,29,2,4,0,0,1,0,0,5,0,0,1,0,0,51,5,5,66,0,66,--,219,153,56,66,66,Sumas Asentadas sin cuadrar,1,584926920db0e40c7cb345cb88fabc385698663cf847b5e144955bbce95ed126,25/06/2023 23:54:17,ESCANER
19658,"Alta Verapaz",16,"San Pedro Carchá",9,3005,380,,,,,,,,,,,,,,,,,,,,,,,,,,,,,,,,,0,,,
19659,"Alta Verapaz",16,"San Pedro Carchá",9,3005,380,,,,,,,,,,,,,,,,,,,,,,,,,,,,,,,,,0,,,
19660,"Alta Verapaz",16,"San Pedro Carchá",9,3005,380,,,,,,,,,,,,,,,,,,,,,,,,,,,,,,,,,0,,,
19661,"Alta Verapaz",16,"San Pedro Carchá",9,3005,380,,,,,,,,,,,,,,,,,,,,,,,,,,,,,,,,,0,,,
19662,"Alta Verapaz",16,"San Pedro Carchá",9,3005,380,,,,,,,,,,,,,,,,,,,,,,,,,,,,,,,,,0,,,
19663,"Alta Verapaz",16,"San Pedro Carchá",9,3005,380,,,,,,,,,,,,,,,,,,,,,,,,,,,,,,,,,0,,,
19664,"Alta Verapaz",16,"San Pedro Carchá",9,3005,380,,,,,,,,,,,,,,,,,,,,,,,,,,,,,,,,,0,,,
19665,"Alta Verapaz",16,"San Pedro Carchá",9,3005,229,,,,,,,,,,,,,,,,,,,,,,,,,,,,,,,,,0,,,
19666,"Alta Verapaz",16,"San Pedro Carchá",9,3005,229,,,,,,,,,,,,,,,,,,,,,,,,,,,,,,,,,0,,,
19667,"Alta Verapaz",16,"San Pedro Carchá",9,3006,380,112,5,44,0,0,49,4,1,0,1,2,0,1,4,2,1,1,0,1,228,30,19,277,0,277,--,380,103,228,277,277,Algún campo sin dato,1,b06afe17dae0781b9efd932c476237fcbb0b1c69dcc94b16fd3eed453b034601,26/06/2023 01:25:23,ESCANER
19668,"Alta Verapaz",16,"San Pedro Carchá",9,3006,380,98,11,64,1,0,42,3,4,0,2,2,0,0,5,1,4,0,0,0,237,38,11,286,0,286,--,380,94,237,286,286,Algún campo sin dato,1,6387c5dc962d0d52621a770d8f5899e454e68f5ad42157893b94d205a69ccea6,26/06/2023 01:16:05,ESCANER
19669,"Alta Verapaz",16,"San Pedro Carchá",9,3006,380,114,10,45,3,1,50,2,6,0,0,2,1,0,3,1,4,0,0,0,242,9,21,272,0,272,--,376,104,242,272,272,Algún campo sin dato,1,37194ee3145f7686a6e7277168e16d6037b9f83daa78f7d74ae9babe6b785cc1,26/06/2023 00:39:17,ESCANER
19670,"Alta Verapaz",16,"San Pedro Carchá",9,3006,380,123,7,46,0,1,38,8,3,0,0,2,0,1,5,1,1,0,0,0,236,11,6,253,0,253,--,380,127,236,253,253,Algún campo sin dato,1,0ffddbe4d3cb8e678375961d5f5445810bcddeff712d0b0226f404a26e518289,25/06/2023 23:33:06,ESCANER
19671,"Alta Verapaz",16,"San Pedro Carchá",9,3006,380,119,2,56,1,1,41,2,3,0,1,1,0,0,3,0,3,1,0,0,234,16,16,266,0,266,--,380,114,234,266,266,Algún campo sin dato,1,70b53fc46b187e0687c4915521a7130119ab9908130c14ceff5d496ca04a722e,26/06/2023 00:49:23,ESCANER
19672,"Alta Verapaz",16,"San Pedro Carchá",9,3006,380,113,11,37,0,0,48,5,4,1,2,1,1,0,4,0,3,2,1,2,235,36,17,288,0,288,--,380,92,235,288,288,Algún campo sin dato,1,5353add1d63e441bee6a84732b6f5cd5cd907a9573f4ea85966fb00f9709392c,26/06/2023 00:17:18,ESCANER
19673,"Alta Verapaz",16,"San Pedro Carchá",9,3006,380,116,5,41,0,3,48,2,3,1,2,5,0,1,3,0,1,0,0,1,232,20,9,261,0,261,--,380,119,232,261,261,Algún campo sin dato,1,feb6c153c02ce750803e334542fd95c201dcd3ebd6992326a370d3c3e8b0ddb9,26/06/2023 01:11:21,ESCANER
19674,"Alta Verapaz",16,"San Pedro Carchá",9,3006,380,104,2,37,1,0,57,4,3,1,1,0,0,0,4,0,0,0,0,1,215,30,17,262,0,262,--,380,118,215,262,262,Algún campo sin dato,1,a4cf290b9e7233cf4463198204473d0f828f22ba15dd8c3f707508a79f2156cc,25/06/2023 23:18:07,MOVIL
19675,"Alta Verapaz",16,"San Pedro Carchá",9,3006,380,96,2,42,1,1,52,3,7,0,2,0,0,0,3,0,0,0,1,2,212,18,4,234,0,234,--,380,146,212,234,234,Algún campo sin dato,1,eb3e71d077757d038145d756bf080a740303cb0af81bacac37122923d694cce6,26/06/2023 00:12:34,ESCANER
19676,"Alta Verapaz",16,"San Pedro Carchá",9,3006,380,114,5,23,1,0,48,1,4,0,0,0,1,1,3,0,1,0,0,0,202,10,2,214,0,214,--,380,166,202,214,214,Algún campo sin dato,1,8aa062c3f0d0c29480559c67a97adc07d7a46552c2663fff451c7c7025c1a324,25/06/2023 23:38:00,ESCANER
19677,"Alta Verapaz",16,"San Pedro Carchá",9,3006,250,78,0,19,1,0,21,0,0,0,0,0,0,1,6,1,0,0,0,0,127,6,1,134,0,134,--,250,116,127,134,134,Algún campo sin dato,1,80f14cc8b63ff7d0389e2dbfb99f68bb81065870f9dfe353b05f7d3a1e30d2ac,25/06/2023 22:32:20,ESCANER
19678,"Alta Verapaz",16,"San Pedro Carchá",9,3006,249,36,3,16,0,1,28,0,2,1,1,0,0,0,3,0,1,0,0,0,92,8,7,107,0,107,--,249,142,92,107,107,Algún campo sin dato,1,782b6cd1910bb6a29fec56ffd838b93fbda677df9c2426c44afcb20fb7544ead,25/06/2023 22:11:15,ESCANER
19679,"Alta Verapaz",16,"San Pedro Carchá",9,3007,380,,,,,,,,,,,,,,,,,,,,,,,,,,,,,,,,,0,,,
19680,"Alta Verapaz",16,"San Pedro Carchá",9,3007,380,,,,,,,,,,,,,,,,,,,,,,,,,,,,,,,,,0,,,
19681,"Alta Verapaz",16,"San Pedro Carchá",9,3007,380,,,,,,,,,,,,,,,,,,,,,,,,,,,,,,,,,0,,,
19682,"Alta Verapaz",16,"San Pedro Carchá",9,3007,380,,,,,,,,,,,,,,,,,,,,,,,,,,,,,,,,,0,,,
19683,"Alta Verapaz",16,"San Pedro Carchá",9,3007,380,,,,,,,,,,,,,,,,,,,,,,,,,,,,,,,,,0,,,
19684,"Alta Verapaz",16,"San Pedro Carchá",9,3007,380,,,,,,,,,,,,,,,,,,,,,,,,,,,,,,,,,0,,,
19685,"Alta Verapaz",16,"San Pedro Carchá",9,3007,380,,,,,,,,,,,,,,,,,,,,,,,,,,,,,,,,,0,,,
19686,"Alta Verapaz",16,"San Pedro Carchá",9,3007,380,,,,,,,,,,,,,,,,,,,,,,,,,,,,,,,,,0,,,
19687,"Alta Verapaz",16,"San Pedro Carchá",9,3007,380,,,,,,,,,,,,,,,,,,,,,,,,,,,,,,,,,0,,,
19688,"Alta Verapaz",16,"San Pedro Carchá",9,3007,380,,,,,,,,,,,,,,,,,,,,,,,,,,,,,,,,,0,,,
19689,"Alta Verapaz",16,"San Pedro Carchá",9,3007,380,,,,,,,,,,,,,,,,,,,,,,,,,,,,,,,,,0,,,
19690,"Alta Verapaz",16,"San Pedro Carchá",9,3007,380,,,,,,,,,,,,,,,,,,,,,,,,,,,,,,,,,0,,,
19691,"Alta Verapaz",16,"San Pedro Carchá",9,3007,380,67,0,51,1,2,77,1,5,0,0,0,0,1,0,1,2,0,0,1,209,27,7,243,0,243,--,380,137,209,243,243,Algún campo sin dato,1,a04027f7d59a0c6dfa16185a451fe510bce360e210be25f28b81a07c6d395a3d,26/06/2023 00:45:17,ESCANER
19692,"Alta Verapaz",16,"San Pedro Carchá",9,3007,380,,,,,,,,,,,,,,,,,,,,,,,,,,,,,,,,,0,,,
19693,"Alta Verapaz",16,"San Pedro Carchá",9,3007,380,,,,,,,,,,,,,,,,,,,,,,,,,,,,,,,,,0,,,
19694,"Alta Verapaz",16,"San Pedro Carchá",9,3007,380,,,,,,,,,,,,,,,,,,,,,,,,,,,,,,,,,0,,,
19695,"Alta Verapaz",16,"San Pedro Carchá",9,3007,233,48,0,20,0,0,34,0,6,0,0,0,0,0,1,0,0,0,0,0,109,4,1,114,0,114,--,233,119,109,114,114,Algún campo sin dato,1,497995586d98be5e88af5f8b1e24758b6e49993d31caf7678bdfb3483cbe0114,26/06/2023 00:00:00,ESCANER
19696,"Alta Verapaz",16,"San Pedro Carchá",9,3007,233,40,0,15,1,0,35,3,0,0,0,0,0,0,0,0,0,0,0,0,94,6,2,102,0,102,--,233,131,94,102,102,Algún campo sin dato,1,d578f3de9774ae022b733c55d3d031ff4c4e96beefb43c1d5adb12d5ea0aa521,25/06/2023 23:24:46,ESCANER
19697,"Alta Verapaz",16,"San Pedro Carchá",9,3008,380,76,3,51,5,2,82,3,10,0,2,0,2,0,7,1,1,0,0,0,245,27,5,277,0,277,--,380,103,245,277,277,Algún campo sin dato,1,54fe6788bae3af0624c027d3b665b106e88cf2400f282cae9b05ee681cb63877,26/06/2023 03:03:49,ESCANER
19698,"Alta Verapaz",16,"San Pedro Carchá",9,3008,380,96,4,53,0,2,74,8,11,0,3,5,1,0,0,0,1,0,0,3,261,15,4,280,0,280,--,380,100,261,280,280,Algún campo sin dato,1,99723b7e46dba6d1cd7e36af8b2eac6abaefd41a0cecc4aa7a54df7e33b4c54e,26/06/2023 02:50:44,ESCANER
19699,"Alta Verapaz",16,"San Pedro Carchá",9,3008,380,,,,,,,,,,,,,,,,,,,,,,,,,,,,,,,,,0,,,
19700,"Alta Verapaz",16,"San Pedro Carchá",9,3008,380,81,1,25,1,0,85,5,4,1,2,0,0,0,10,0,1,0,0,0,216,22,8,246,0,246,--,377,131,216,246,246,Algún campo sin dato,1,ea4f2d7dfdae0b5f438d518bd08cb875f4c098f4eed35ce01ef12474b8112ed0,26/06/2023 01:26:33,ESCANER
19701,"Alta Verapaz",16,"San Pedro Carchá",9,3008,380,66,1,36,3,0,86,6,5,2,3,1,1,1,5,1,1,0,1,0,219,29,15,263,0,263,--,380,117,219,263,263,Algún campo sin dato,1,bed9d25adc25fc829038ae221ac2b20abfe42d7d00eb3fa929b060822318c298,26/06/2023 02:19:25,ESCANER
19702,"Alta Verapaz",16,"San Pedro Carchá",9,3008,380,72,0,30,5,0,79,4,5,0,5,1,2,0,4,1,0,0,0,0,208,31,11,250,0,250,--,380,130,208,250,250,Algún campo sin dato,1,e858317c022f61c7741c12f48ec6d1d423a118b1daecc3396e50a0ef16e5c811,26/06/2023 01:50:01,ESCANER
19703,"Alta Verapaz",16,"San Pedro Carchá",9,3008,380,70,2,24,6,0,94,6,7,0,2,1,0,0,2,1,0,0,1,1,217,27,8,252,0,252,--,377,125,217,252,252,Algún campo sin dato,1,1cdab0b64a6e3f6714c9c831d82f690c52710a5260f51f50b33bf632003eaf2e,26/06/2023 02:28:43,ESCANER
19704,"Alta Verapaz",16,"San Pedro Carchá",9,3008,380,62,0,22,4,0,62,3,8,1,2,1,1,0,1,1,1,0,0,1,170,24,12,206,0,206,--,377,171,170,206,206,Algún campo sin dato,1,3eaa0a069a9cb3cda25e011cff1b1569e21f2900cf0ae72be228455115286cd8,26/06/2023 01:05:04,ESCANER
19705,"Alta Verapaz",16,"San Pedro Carchá",9,3008,380,71,0,26,0,0,92,2,2,0,1,0,0,0,1,0,0,0,0,0,195,5,1,201,0,201,--,377,176,195,201,201,Algún campo sin dato,1,581b7ae31c083272213acc034018655fe8bb213fb5d5b75ba06efd5aa2362bde,26/06/2023 01:13:25,ESCANER
19706,"Alta Verapaz",16,"San Pedro Carchá",9,3008,233,42,1,10,1,0,50,1,1,0,2,1,1,0,3,1,0,0,0,0,114,4,1,119,0,119,--,230,111,114,119,119,Algún campo sin dato,1,33fb77a0d4b0985243d9b5d80cae4255be6e164214bdbabcc4f968809f866746,26/06/2023 00:47:49,ESCANER
19707,"Alta Verapaz",16,"San Pedro Carchá",9,3008,233,32,0,17,0,0,33,1,0,0,0,0,0,0,0,0,0,0,0,0,83,8,2,93,0,93,--,230,137,83,93,93,Algún campo sin dato,1,6f40419c3fc65ff8a0d1d0542e38cc2e7f1e759a801463cc5e6791371b73bdc8,26/06/2023 00:57:17,ESCANER
19708,"Alta Verapaz",16,"San Pedro Carchá",9,3009,380,,,,,,,,,,,,,,,,,,,,,,,,,,,,,,,,,0,,,
19709,"Alta Verapaz",16,"San Pedro Carchá",9,3009,380,,,,,,,,,,,,,,,,,,,,,,,,,,,,,,,,,0,,,
19710,"Alta Verapaz",16,"San Pedro Carchá",9,3009,380,,,,,,,,,,,,,,,,,,,,,,,,,,,,,,,,,0,,,
19711,"Alta Verapaz",16,"San Pedro Carchá",9,3009,380,,,,,,,,,,,,,,,,,,,,,,,,,,,,,,,,,0,,,
19712,"Alta Verapaz",16,"San Pedro Carchá",9,3009,196,20,3,23,1,0,22,0,1,1,3,0,0,1,0,1,0,1,0,0,77,4,6,87,2,87,--,193,104,77,87,89,Sumas Asentadas sin cuadrar,1,c74c125af0f7f1a0b135b1ee76b54bb6ef23616562b46ca713d8a040d2a1c4a0,26/06/2023 00:45:48,ESCANER
19713,"Alta Verapaz",16,"San Pedro Carchá",9,3009,195,8,3,12,0,0,15,1,1,0,0,1,0,0,1,2,1,0,0,0,45,3,2,50,1,51,--,192,141,45,50,51,Algún campo sin dato,1,eb13debcf30032df683b31f0992dbbc09545d0f1f703f48c0d765ee685ee8671,26/06/2023 00:15:47,ESCANER
19714,"Alta Verapaz",16,"San Pedro Carchá",9,3010,380,,,,,,,,,,,,,,,,,,,,,,,,,,,,,,,,,0,,,
19715,"Alta Verapaz",16,"San Pedro Carchá",9,3010,380,,,,,,,,,,,,,,,,,,,,,,,,,,,,,,,,,0,,,
19716,"Alta Verapaz",16,"San Pedro Carchá",9,3010,380,,,,,,,,,,,,,,,,,,,,,,,,,,,,,,,,,0,,,
19717,"Alta Verapaz",16,"San Pedro Carchá",9,3010,302,,,,,,,,,,,,,,,,,,,,,,,,,,,,,,,,,0,,,
19718,"Alta Verapaz",16,"San Pedro Carchá",9,3010,302,61,0,25,2,0,35,1,0,1,0,1,0,1,7,3,1,0,1,0,139,10,1,150,0,150,--,302,152,139,150,150,Algún campo sin dato,1,c36f6ad6497b00bab4701e52effe86fe4d715ef0e45f709690cfacd0b474cc3b,26/06/2023 02:01:29,ESCANER
19719,"Alta Verapaz",16,"San Pedro Carchá",9,3011,380,56,0,54,5,1,93,1,5,0,0,1,0,1,12,1,0,0,1,0,231,20,7,258,0,258,--,380,122,231,258,258,Algún campo sin dato,1,6f571b00ce6e6e41b82143fb5a27435648f57c4988ca28f866b9aaf5ec2f2d55,26/06/2023 00:20:16,ESCANER
19720,"Alta Verapaz",16,"San Pedro Carchá",9,3011,380,,,,,,,,,,,,,,,,,,,,,,,,,,,,,,,,,0,,,
19721,"Alta Verapaz",16,"San Pedro Carchá",9,3011,380,62,0,41,1,0,90,2,6,0,0,0,6,2,14,1,1,1,0,0,227,19,4,250,0,250,--,380,130,227,250,250,Algún campo sin dato,1,2a90acfae709971b15dc399d208e5a3c4ca23db56b9f0a629ff8e177e14f91f8,26/06/2023 02:31:43,ESCANER
19722,"Alta Verapaz",16,"San Pedro Carchá",9,3011,380,,,,,,,,,,,,,,,,,,,,,,,,,,,,,,,,,0,,,
19723,"Alta Verapaz",16,"San Pedro Carchá",9,3011,380,58,6,55,4,0,69,1,9,0,0,1,2,0,5,3,1,5,0,1,220,0,7,227,18,245,--,380,135,220,227,245,Algún campo sin dato,1,c741db5bb0bdc6f9fe59c457567ab6d1801fa590056012a883246509b6931e45,26/06/2023 01:44:03,ESCANER
19724,"Alta Verapaz",16,"San Pedro Carchá",9,3011,380,,,,,,,,,,,,,,,,,,,,,,,,,,,,,,,,,0,,,
19725,"Alta Verapaz",16,"San Pedro Carchá",9,3011,380,,,,,,,,,,,,,,,,,,,,,,,,,,,,,,,,,0,,,
19726,"Alta Verapaz",16,"San Pedro Carchá",9,3011,380,,,,,,,,,,,,,,,,,,,,,,,,,,,,,,,,,0,,,
19727,"Alta Verapaz",16,"San Pedro Carchá",9,3011,380,,,,,,,,,,,,,,,,,,,,,,,,,,,,,,,,,0,,,
19728,"Alta Verapaz",16,"San Pedro Carchá",9,3011,250,,,,,,,,,,,,,,,,,,,,,,,,,,,,,,,,,0,,,
19729,"Alta Verapaz",16,"San Pedro Carchá",9,3011,250,29,0,28,3,0,32,0,3,0,0,0,2,2,4,0,1,0,0,0,104,5,2,111,0,111,2,250,139,104,111,111,,1,967b41e093cc6a27e6ab55060cd8ac9eec56ed6b3563287bb9a4ca7eef4ce365,26/06/2023 00:48:13,ESCANER
19730,"Alta Verapaz",16,"San Pedro Carchá",9,3012,380,,,,,,,,,,,,,,,,,,,,,,,,,,,,,,,,,0,,,
19731,"Alta Verapaz",16,"San Pedro Carchá",9,3012,380,,,,,,,,,,,,,,,,,,,,,,,,,,,,,,,,,0,,,
19732,"Alta Verapaz",16,"San Pedro Carchá",9,3012,380,,,,,,,,,,,,,,,,,,,,,,,,,,,,,,,,,0,,,
19733,"Alta Verapaz",16,"San Pedro Carchá",9,3012,356,,,,,,,,,,,,,,,,,,,,,,,,,,,,,,,,,0,,,
19734,"Alta Verapaz",16,"San Pedro Carchá",9,3012,356,,,,,,,,,,,,,,,,,,,,,,,,,,,,,,,,,0,,,
19735,"Alta Verapaz",16,"San Pedro Carchá",9,3013,600,35,5,8,8,2,31,0,8,4,1,1,1,3,4,2,10,2,2,2,129,22,3,154,0,154,--,599,445,129,154,154,Algún campo sin dato,1,cb29aefccfd0886aba3d0931c188e1ca2450e03944e2619741392092535bee8e,26/06/2023 01:09:37,ESCANER
19736,"Alta Verapaz",16,"San Pedro Carchá",9,3013,600,36,8,14,5,2,28,4,3,3,1,0,1,1,6,2,9,3,1,2,129,14,3,146,0,146,--,606,460,129,146,146,Algún campo sin dato,1,8bed9ad727e4b623dfc6d571116bbaa38b8ce30da7811fddabc0405114390dfb,26/06/2023 00:19:27,ESCANER
19737,"Alta Verapaz",16,"San Pedro Carchá",9,3013,600,,,,,,,,,,,,,,,,,,,,,,,,,,,,,,,,,0,,,
19738,"Alta Verapaz",16,"San Pedro Carchá",9,3013,412,24,4,15,3,1,17,5,2,1,0,2,0,0,2,0,3,2,0,1,82,10,4,96,0,96,--,412,316,82,96,96,Algún campo sin dato,1,cf50fec9feeeb9479acdb9cf45db6e80a26a05b73e59e88735fe62244adf9050,26/06/2023 00:03:42,ESCANER
19739,"Alta Verapaz",16,"San Pedro Carchá",9,3013,411,13,0,4,2,0,14,1,0,1,0,1,0,1,3,1,4,1,0,0,46,4,0,50,0,50,--,411,361,46,50,50,Algún campo sin dato,1,5ac7e0fa34f3f0bab526230998c2197e36c220a8f1f7487398df55582363cf7d,26/06/2023 00:15:22,ESCANER