﻿TIPO_DE_ELECCIÓN:,CORPORACIÓN MUNICIPAL
26 junio 2023 03:36 (UTC -6)
ACTAS_ESPERADAS,ACTAS_CAPTURADAS,PORCENTAJE_ACTAS_CAPTURADAS,ACTAS_CONTABILIZADAS,PORCENTAJE_ACTAS_CONTABILIZADAS,ACTAS_NO_CONTABILIZADAS,LISTA_NOMINAL_ACTAS_CONTABILIZADAS,VOTOS_EMITIDOS_CONTABILIZADAS,PORCENTAJE_PARTICIPACIÓN_CIUDADANA
52,52,100.0000,52,100.0000,0,19901,9143,45.9424

MESA,DEPARTAMENTO,ID_DEPARTAMENTO,MUNICIPIO,ID_MUNICIPIO,CENTRO_DE_VOTACIÓN,PADRÓN,VAMOS,UNE,BIEN,C.C.T.,FCN-NACION,PODEMOS,AZUL,VIVA,PHG,CABAL,VOS,SEMILLA,PPN,VÁLIDOS,NULOS,BLANCO,EMITIDOS,INVÁLIDOS,TOTAL,IMPUGNACIONES,PAPELETAS-RECIBIDAS,PAPELETAS-NO-USADAS,VALIDOS_CALCULADO,EMITIDOS_CALCULADO,TOTAL_CALCULADO,OBSERVACIONES,CONTABILIZADA,CÓDIGO_INTEGRIDAD,FECHA_HORA_PUBLICACIÓN,DIGITALIZACIÓN
13828,"San Marcos",12,"Tejutla",10,1935,400,30,27,55,29,2,1,13,6,0,11,2,3,0,179,15,3,197,0,197,--,400,203,179,197,197,Algún campo sin dato,1,de20a06710a71ef1ca5ffa565056b9c821a7d20e3204ec2eaafd3853db1ef522,25/06/2023 23:15:54,ESCANER
13829,"San Marcos",12,"Tejutla",10,1935,400,41,29,39,41,1,2,3,0,1,7,2,1,1,168,15,4,187,0,187,--,400,213,168,187,187,Algún campo sin dato,1,567b381c165eb7867309d01662790bfdb81ba1f4f822cbb67c50670fbb02fa34,25/06/2023 21:25:14,ESCANER
13830,"San Marcos",12,"Tejutla",10,1935,400,40,20,58,31,1,0,6,3,1,5,3,3,1,172,17,3,192,0,192,--,400,205,172,192,192,Algún campo sin dato,1,3c689b4a04ac1d9715bfe8837a7b9c4892017aaea73f526b6e9a602b2998d50b,25/06/2023 23:22:33,ESCANER
13831,"San Marcos",12,"Tejutla",10,1935,400,42,24,19,35,3,5,6,1,0,9,6,2,0,152,11,1,164,0,164,--,400,236,152,164,164,Algún campo sin dato,1,5719d21597dff4f7fd42eb7655fa197dd043b0e781dde8d4b376dc203c608764,25/06/2023 22:47:01,ESCANER
13832,"San Marcos",12,"Tejutla",10,1935,400,35,34,30,57,2,1,8,2,0,6,4,3,0,182,20,1,203,0,203,--,400,197,182,203,203,Algún campo sin dato,1,d3eae0388d4e1571bb516e0f81dae3779b6986c8024bca3aae516ecb8a7ea884,25/06/2023 23:49:06,ESCANER
13833,"San Marcos",12,"Tejutla",10,1935,400,43,18,16,43,1,2,6,4,0,5,3,8,3,152,18,3,173,0,173,--,400,227,152,173,173,Algún campo sin dato,1,83a92a4f7c62233626dc058a283841f35323e5916623c9166a05d89b3d4523b2,25/06/2023 21:35:38,ESCANER
13834,"San Marcos",12,"Tejutla",10,1935,400,32,33,50,67,0,4,8,2,3,19,4,2,0,224,13,3,240,0,240,--,400,160,224,240,240,Algún campo sin dato,1,f60e7971cfe7b5bddc09231885e5b28387727bffe029e70520015964c12b820a,25/06/2023 21:45:45,ESCANER
13835,"San Marcos",12,"Tejutla",10,1935,400,41,18,39,77,1,5,11,5,3,25,5,5,0,235,11,0,246,0,246,--,388,142,235,246,246,Algún campo sin dato,1,13d9eb9817799f558a1a33e4ba6df553c0b2daff0375c0e7caefcc9078218619,26/06/2023 00:33:09,ESCANER
13836,"San Marcos",12,"Tejutla",10,1935,400,39,25,46,57,4,6,9,6,0,33,7,12,0,244,19,2,265,0,265,--,400,135,244,265,265,Algún campo sin dato,1,ee2a2851c1422ad76f0e0e2425300adbf0b5e4c06fa66bd7d96be88b8807c31c,25/06/2023 23:19:56,ESCANER
13837,"San Marcos",12,"Tejutla",10,1935,400,22,29,37,50,1,4,6,0,1,9,3,1,1,164,12,0,176,0,176,--,400,224,164,176,176,Algún campo sin dato,1,30800d64897314733a15493e356a2641c35dbaf736b0146a38454f0a7d15106d,25/06/2023 21:22:23,ESCANER
13838,"San Marcos",12,"Tejutla",10,1935,400,29,24,30,43,0,3,4,3,1,7,0,0,0,144,10,4,158,0,158,--,400,242,144,158,158,Algún campo sin dato,1,374b4466324797fdc2d57c3f113fb6b3c9086e9da1942c9d8ffc5382142d332d,25/06/2023 23:39:16,ESCANER
13839,"San Marcos",12,"Tejutla",10,1935,400,38,15,27,40,0,4,6,2,0,14,6,2,0,154,6,2,162,0,162,--,400,238,154,162,162,Algún campo sin dato,1,f633151b4c67c9773c94c2aaeaedbe6fa7213232758de670175c8d8d7bcf8d30,26/06/2023 00:30:08,ESCANER
13840,"San Marcos",12,"Tejutla",10,1936,400,38,27,49,33,0,5,10,2,1,7,2,5,0,179,7,1,187,0,187,--,400,213,179,187,187,Algún campo sin dato,1,51f91e9ec796cb2d82a5ee85439e044e36183e5807407a556a304a93eded2e65,25/06/2023 22:03:39,ESCANER
13841,"San Marcos",12,"Tejutla",10,1936,400,34,17,38,37,3,2,7,8,0,9,8,3,0,166,12,2,180,0,180,--,400,220,166,180,180,Algún campo sin dato,1,2198844a347f5def7bb4513387b7fc9f4141f32652c52c0a347a9e3b3f04550f,25/06/2023 20:46:12,ESCANER
13842,"San Marcos",12,"Tejutla",10,1936,400,30,18,26,36,0,1,5,1,1,8,4,9,0,139,13,3,155,0,155,--,400,245,139,155,155,Algún campo sin dato,1,04331bb445e2ea44fa9a8f700d3bd803e2112445666a371f07b6dd42967f4896,25/06/2023 23:49:40,ESCANER
13843,"San Marcos",12,"Tejutla",10,1936,400,30,24,34,34,2,0,7,2,1,15,10,4,0,163,8,0,171,0,171,--,400,229,163,171,171,Algún campo sin dato,1,330291625eed077217ad1b2804d1dcc702cf520f5e9502d6a58f07e7af09a655,25/06/2023 23:05:14,ESCANER
13844,"San Marcos",12,"Tejutla",10,1936,400,37,26,34,42,0,1,6,2,0,17,9,4,1,179,4,2,185,0,185,--,400,215,179,185,185,Algún campo sin dato,1,8cd30fe11631a4317b7e72affd2863736952f701840b64089748390bdb7c530e,25/06/2023 21:50:42,ESCANER
13845,"San Marcos",12,"Tejutla",10,1936,261,27,8,23,27,0,2,3,1,0,10,2,2,0,105,3,1,109,0,109,--,261,152,105,109,109,Algún campo sin dato,1,44112c453c66f00bd5cc217a15652f5d7e9eb5b3debebf8b47667bde5c3faa92,25/06/2023 21:56:24,ESCANER
13846,"San Marcos",12,"Tejutla",10,1936,260,11,10,11,11,0,1,5,0,0,4,1,1,0,55,3,1,59,0,59,--,260,201,55,59,59,Algún campo sin dato,1,851bc4c38b44f5243d71b92720424a86d6badd115c386ec1ef4e2ef86313de5e,25/06/2023 20:58:51,ESCANER
13847,"San Marcos",12,"Tejutla",10,1937,380,52,15,17,90,0,2,1,4,0,4,0,1,2,188,17,7,212,0,212,--,380,168,188,212,212,Algún campo sin dato,1,a75e96aba2be64e8e0e984ee1da467ec921d0a3a4aa1705073032448bb4e7142,26/06/2023 01:05:20,ESCANER
13848,"San Marcos",12,"Tejutla",10,1937,380,62,15,12,121,1,2,0,4,0,7,7,0,0,231,13,5,249,0,249,--,380,131,231,249,249,Algún campo sin dato,1,773964c76b4c89b14c42f1c1018381376f063277be63d5cd80932bfb8f3aac12,26/06/2023 00:34:42,ESCANER
13849,"San Marcos",12,"Tejutla",10,1937,380,40,15,11,150,0,1,1,2,1,6,3,2,0,232,16,4,252,0,252,--,379,127,232,252,252,Algún campo sin dato,1,4436952171279e7cbaddfcfe065b74c2888af446340f0e42fc4e4458c241572c,26/06/2023 00:50:12,ESCANER
13850,"San Marcos",12,"Tejutla",10,1937,380,34,14,13,118,1,1,1,2,1,5,1,3,1,195,24,4,223,157,380,--,380,157,195,223,380,Algún campo sin dato,1,9344c3a8c95a8cf6a228da766069d2ac22567d18d06f2353766e4e832b7b4795,26/06/2023 01:17:55,ESCANER
13851,"San Marcos",12,"Tejutla",10,1937,380,55,7,23,116,0,3,1,2,0,4,0,0,0,211,8,0,219,0,219,--,381,162,211,219,219,Algún campo sin dato,1,f4aff98b6dc73d0a7eeaa0f2810ad73daa3ec3a3349d17be92cf850cfbb64f1a,26/06/2023 01:28:31,ESCANER
13852,"San Marcos",12,"Tejutla",10,1938,380,47,9,17,92,0,1,2,0,1,8,1,3,0,181,13,3,197,0,197,--,380,183,181,197,197,Algún campo sin dato,1,596c40c72acaac74e5d715c32e48d6cbd6f9d862880dc109917d0f6f27e41a34,26/06/2023 00:42:27,ESCANER
13853,"San Marcos",12,"Tejutla",10,1938,380,39,5,14,87,0,0,1,0,0,3,2,0,0,151,4,0,155,0,155,--,380,225,151,155,155,Algún campo sin dato,1,cc0a53f26793fa46242f114b3ed4959a76a0a038b805ef1b770e27fd2e5e986a,26/06/2023 00:00:09,ESCANER
13854,"San Marcos",12,"Tejutla",10,1938,285,28,7,8,84,0,1,0,2,0,2,2,0,1,135,2,0,137,0,137,--,285,148,135,137,137,Algún campo sin dato,1,d96c18aa665e3a00f318a9688ed351773e5faa74d7cf92f0f6108f46b8247809,25/06/2023 23:50:10,ESCANER
13855,"San Marcos",12,"Tejutla",10,1938,285,17,5,12,75,0,1,0,1,0,2,1,1,0,115,8,0,123,0,123,--,285,162,115,123,123,Algún campo sin dato,1,4a149daadc842ba89a84e6c01bc38063e8d3f684203bae9fb64381dd9a69dee9,26/06/2023 00:27:03,ESCANER
13856,"San Marcos",12,"Tejutla",10,1939,380,58,25,24,69,3,1,3,2,1,5,4,1,0,196,19,10,225,0,225,--,0,0,196,225,225,Algún campo sin dato,1,103b9154537a28c9a349c199175be3c345b0b8c50cc4d1dc445cca0f2cdd521f,26/06/2023 00:47:33,ESCANER
13857,"San Marcos",12,"Tejutla",10,1939,380,66,29,12,63,2,3,3,6,0,5,0,0,0,189,21,7,217,0,217,--,380,163,189,217,217,Algún campo sin dato,1,5be32780f7a75bcd1d979e664b7b0273081e1d8b592a67c7198f59b2b1a544a5,26/06/2023 01:00:22,ESCANER
13858,"San Marcos",12,"Tejutla",10,1939,380,52,52,26,72,0,2,4,6,0,7,1,1,1,224,14,1,239,0,239,--,380,141,224,239,239,Algún campo sin dato,1,20effdca65a862eff03631745df651e39396b94df2f7feea5d44a07f0ce1c107,26/06/2023 01:14:01,ESCANER
13859,"San Marcos",12,"Tejutla",10,1939,380,31,38,29,60,4,1,0,3,0,4,3,3,0,176,16,4,196,0,196,--,380,184,176,196,196,Algún campo sin dato,1,4e1f9eb1ef9285d2e6dabcd9c1a5dc40e733a2dde316008effa549104466fa88,26/06/2023 01:25:20,ESCANER
13860,"San Marcos",12,"Tejutla",10,1940,380,53,25,20,72,4,1,1,6,0,9,3,0,1,195,19,4,218,0,218,--,380,162,195,218,218,Algún campo sin dato,1,577a33b1b99cd764128f164d8efca5a931cc2b5f287697918d85ce8db5c51d36,26/06/2023 00:59:02,ESCANER
13861,"San Marcos",12,"Tejutla",10,1940,380,47,21,17,49,4,3,2,1,0,5,0,0,1,150,14,2,166,0,166,--,380,214,150,166,166,Algún campo sin dato,1,697b86c18c9657f7bbc9d0c40cb559ae53ae95b35be2bfe81cf1ad91bf41253a,26/06/2023 00:34:59,ESCANER
13862,"San Marcos",12,"Tejutla",10,1940,274,35,16,14,41,3,2,1,3,0,2,1,2,0,120,3,2,125,0,125,--,274,149,120,125,125,Algún campo sin dato,1,e1ebb822d2ad2a14fb8ef09980f116f0220315064ad8659401a66020e157326a,26/06/2023 01:10:48,ESCANER
13863,"San Marcos",12,"Tejutla",10,1940,273,33,9,12,35,1,1,0,1,0,1,0,1,1,95,4,1,100,0,100,--,270,170,95,100,100,Algún campo sin dato,1,c919386426863d8167e41a5a074afbd0ecce0e043009a5efd5fc5819e548b61f,26/06/2023 01:04:15,ESCANER
13864,"San Marcos",12,"Tejutla",10,1941,380,15,64,77,12,0,0,0,4,0,2,4,4,1,183,14,8,205,0,205,--,380,175,183,205,205,Algún campo sin dato,1,e0a6847017a8ab99bcd199ae7efcfd26d297e4e9e35e4a613f19888fbed418f7,25/06/2023 23:25:21,ESCANER
13865,"San Marcos",12,"Tejutla",10,1941,380,14,55,51,13,0,0,0,2,3,4,2,3,1,148,9,9,166,0,166,--,380,214,148,166,166,Algún campo sin dato,1,2697e9d47f5ac8c564c2ba02debab0fa257a20f1f5043d36ca489304d66fd498,25/06/2023 23:11:29,ESCANER
13866,"San Marcos",12,"Tejutla",10,1941,307,8,36,52,9,0,1,3,4,0,3,2,6,0,124,6,4,134,0,134,--,307,173,124,134,134,Algún campo sin dato,1,86bbaa4eb8f4ad96b2ea636c3b65124f8e4f7f10f002eb88739447d918af0e23,25/06/2023 23:00:35,ESCANER
13867,"San Marcos",12,"Tejutla",10,1941,306,8,28,46,9,1,0,3,1,0,2,1,3,0,102,1,0,103,0,103,--,306,203,102,103,103,Algún campo sin dato,1,695e4dbe3034489e8099341b8cda06ec9702c968d17a1ff132ef0e902bdd7218,25/06/2023 23:19:00,ESCANER
13868,"San Marcos",12,"Tejutla",10,1942,380,53,27,14,71,0,3,3,6,0,10,2,1,0,190,28,3,221,0,221,--,380,159,190,221,221,Algún campo sin dato,1,9969ce848c365b2f55aba2c040147e0274978e2e91b76c42184ee228dc25fb01,26/06/2023 00:26:33,ESCANER
13869,"San Marcos",12,"Tejutla",10,1942,344,50,14,10,59,2,1,6,2,0,4,5,0,0,153,21,2,176,0,176,--,344,168,153,176,176,Algún campo sin dato,1,8bc81d51f039dd99a501c7cdc4e335d8c9029890e431ecadb413bde47b1014a0,26/06/2023 00:09:39,ESCANER
13870,"San Marcos",12,"Tejutla",10,1942,344,36,12,12,64,0,0,4,1,0,4,0,0,0,133,8,1,142,0,142,--,344,202,133,142,142,Algún campo sin dato,1,16812325f6a3ac19801e7901e6e03f49b0e2006f2a65a164dfd02132831e377a,26/06/2023 00:40:01,ESCANER
13871,"San Marcos",12,"Tejutla",10,1943,380,44,34,21,57,1,7,5,2,1,7,2,1,1,183,18,8,209,0,209,--,380,171,183,209,209,Algún campo sin dato,1,6e36dd1956fdec459b14cfb3057b04b4bea466dada62f5ee61daa3746bde8cae,26/06/2023 00:10:44,ESCANER
13872,"San Marcos",12,"Tejutla",10,1943,380,65,25,22,58,1,8,3,5,1,5,7,1,0,201,17,7,225,0,225,--,380,155,201,225,225,Algún campo sin dato,1,64ca7de8f7b44f85537b15d4633b80786cf607a24d6d99fab4148a5b7924b940,26/06/2023 00:04:32,ESCANER
13873,"San Marcos",12,"Tejutla",10,1943,346,49,12,17,45,0,9,5,2,0,3,1,1,0,144,9,3,156,0,156,--,347,191,144,156,156,Algún campo sin dato,1,b650116f8acf9cd797a97ad1a071d855955a45110ab1a7bd04f98eaa6fcc7693,26/06/2023 00:33:59,ESCANER
13874,"San Marcos",12,"Tejutla",10,1943,345,30,20,20,38,0,10,4,5,0,1,8,0,0,136,6,0,142,0,142,--,345,203,136,142,142,Algún campo sin dato,1,a9250972579285f03e9cf42b673aaec4f378664f5daef878c58df36ed830d5dc,26/06/2023 00:02:42,ESCANER
13875,"San Marcos",12,"Tejutla",10,1944,600,24,21,35,35,1,1,1,3,0,3,5,3,0,132,7,9,148,0,148,--,600,452,132,148,148,Algún campo sin dato,1,de82949111c0996d8c3eab922a754de1181f3cdf1495836f3460919b73ffecef,25/06/2023 21:22:04,ESCANER
13876,"San Marcos",12,"Tejutla",10,1944,600,32,26,29,39,1,2,0,5,3,10,4,3,0,154,16,2,172,0,172,--,601,429,154,172,172,Algún campo sin dato,1,d94903838715f5a53d6af582a1894f4d5c945e8037b5150a7fc7759b4a7e5628,25/06/2023 23:14:12,ESCANER
13877,"San Marcos",12,"Tejutla",10,1944,600,25,22,28,40,1,4,9,3,0,12,6,8,0,158,10,4,172,0,172,--,600,428,158,172,172,Algún campo sin dato,1,2065f762c3461cc727e4e01c71dccecd6e6130b486fdc0943e4929ea79e7e184,25/06/2023 21:39:54,ESCANER
13878,"San Marcos",12,"Tejutla",10,1944,416,13,7,15,20,1,1,0,2,0,3,1,3,0,66,6,3,75,0,75,--,416,341,66,75,75,Algún campo sin dato,1,b29eed4ea8a1a2dfe10f80e696189370d0f07dadd41dee27b2b2a1cfa48f0a46,25/06/2023 20:47:41,ESCANER
13879,"San Marcos",12,"Tejutla",10,1944,415,1,4,6,9,0,0,1,3,0,5,1,0,1,31,4,0,35,0,35,--,424,389,31,35,35,Algún campo sin dato,1,64c6dc847efd2293e05f59e1e403a74c9309a180690349d157f435e0dab38a89,25/06/2023 21:36:59,ESCANER