﻿TIPO_DE_ELECCIÓN:,CORPORACIÓN MUNICIPAL
26 junio 2023 03:36 (UTC -6)
ACTAS_ESPERADAS,ACTAS_CAPTURADAS,PORCENTAJE_ACTAS_CAPTURADAS,ACTAS_CONTABILIZADAS,PORCENTAJE_ACTAS_CONTABILIZADAS,ACTAS_NO_CONTABILIZADAS,LISTA_NOMINAL_ACTAS_CONTABILIZADAS,VOTOS_EMITIDOS_CONTABILIZADAS,PORCENTAJE_PARTICIPACIÓN_CIUDADANA
48,45,93.7500,45,93.7500,0,16578,8885,53.5951

MESA,DEPARTAMENTO,ID_DEPARTAMENTO,MUNICIPIO,ID_MUNICIPIO,CENTRO_DE_VOTACIÓN,PADRÓN,UNE,CABAL,CAMBIO,VAMOS,VALOR UNIONISTA,VÁLIDOS,NULOS,BLANCO,EMITIDOS,INVÁLIDOS,TOTAL,IMPUGNACIONES,PAPELETAS-RECIBIDAS,PAPELETAS-NO-USADAS,VALIDOS_CALCULADO,EMITIDOS_CALCULADO,TOTAL_CALCULADO,OBSERVACIONES,CONTABILIZADA,CÓDIGO_INTEGRIDAD,FECHA_HORA_PUBLICACIÓN,DIGITALIZACIÓN
20508,"Petén",17,"San Andrés",4,3194,400,29,106,3,91,10,239,13,2,254,0,254,--,401,147,239,254,254,Algún campo sin dato,1,686fbee7a49a06e6531f6c563c419bfd1d78c3d4ea4e9ca8ac1107c354816d43,26/06/2023 01:47:55,ESCANER
20509,"Petén",17,"San Andrés",4,3194,400,33,105,1,98,4,241,15,5,261,0,261,--,400,139,241,261,261,Algún campo sin dato,1,30a08e20534c72bc9bef6373f3201640d21b28385f6442af9fa816d56f0b7799,26/06/2023 01:24:10,ESCANER
20510,"Petén",17,"San Andrés",4,3194,400,26,147,0,84,13,270,13,1,284,0,284,--,400,116,270,284,284,Algún campo sin dato,1,ec2f16e4e39ef7ff4a63aa2143201c7f5815f58ce94605fa58ca757f182fe0f5,25/06/2023 23:34:17,ESCANER
20511,"Petén",17,"San Andrés",4,3194,400,22,146,2,77,15,262,6,9,277,0,277,--,396,119,262,277,277,Algún campo sin dato,1,b9c8ffe5c25ff52962cbaa2eb354e9922dde3cb1cc955e2c1d653ec6e922168f,26/06/2023 00:29:22,ESCANER
20512,"Petén",17,"San Andrés",4,3194,400,20,130,1,107,15,273,10,7,290,1,291,--,400,109,273,290,291,Algún campo sin dato,1,7847a9b6c0e5059cb1452dd493aabda114d516aeea173db3610a0fddde613f24,26/06/2023 02:23:22,ESCANER
20513,"Petén",17,"San Andrés",4,3194,400,28,109,1,68,9,215,8,6,229,0,229,--,400,171,215,229,229,Algún campo sin dato,1,244c1519b4ec6264b489d1192a938d74f161e4d416795b75fd4becccf75d9c68,25/06/2023 23:51:41,ESCANER
20514,"Petén",17,"San Andrés",4,3194,400,25,106,3,86,24,244,13,3,260,0,260,--,400,140,244,260,260,Algún campo sin dato,1,097e2f5497fc9419715bc00fba28b1c3a7a9743b2fd307de3dd81569e9e5fc9f,26/06/2023 00:57:57,ESCANER
20515,"Petén",17,"San Andrés",4,3194,400,39,97,5,89,7,237,11,3,251,0,251,0,400,149,237,251,251,,1,d4e6f3e970708762752dd056ef23256fa471c31147cb5ae7b44b76b249159e7c,26/06/2023 00:15:54,ESCANER
20516,"Petén",17,"San Andrés",4,3195,400,20,125,3,69,8,225,11,6,242,0,242,0,400,158,225,242,242,,1,f1f53e6e1742376cd9fdc197cdfc03a233c9bf2b291a5cbf38efd352c5c437bd,26/06/2023 00:25:52,ESCANER
20517,"Petén",17,"San Andrés",4,3195,400,18,110,2,85,7,222,9,2,233,0,233,--,400,167,222,233,233,Algún campo sin dato,1,89e4f0910e878248b6f0005a1894da99546d9d2413b0b7ce722d5c0ea05490b4,26/06/2023 03:15:59,ESCANER
20518,"Petén",17,"San Andrés",4,3195,400,24,127,0,89,7,247,2,0,249,0,249,--,400,151,247,249,249,Algún campo sin dato,1,82a87bcf7ede111ef77f1c6b3e133354e2e5158d8e849448b1553a3d5c902158,25/06/2023 23:35:08,ESCANER
20519,"Petén",17,"San Andrés",4,3195,400,23,128,1,100,11,263,2,1,266,0,266,--,400,134,263,266,266,Algún campo sin dato,1,e70bb546e42a204c70c03b698fbea9ac535635b01a53a2360f00cf5edf6d7cbe,25/06/2023 22:40:28,ESCANER
20520,"Petén",17,"San Andrés",4,3195,223,21,60,0,40,11,132,3,0,135,0,135,--,228,93,132,135,135,Algún campo sin dato,1,4d4ea05e30915fb0fa466134c644706e45c21b5b65b492b6ab0322d780b4beb6,25/06/2023 22:00:00,ESCANER
20521,"Petén",17,"San Andrés",4,3195,223,22,38,0,42,6,108,8,2,118,0,118,--,223,105,108,118,118,Algún campo sin dato,1,909af8b845a02c27810340ddc69c69696c990b8a864a15ac10544fe6464dc638,25/06/2023 22:29:33,ESCANER
20522,"Petén",17,"San Andrés",4,3196,380,151,24,4,34,4,217,15,8,240,0,240,0,380,140,217,240,240,,1,7a823b3645c80f870409d24cc83abda695d2d26fd6def0d5ef48132748f9146f,25/06/2023 23:59:06,ESCANER
20523,"Petén",17,"San Andrés",4,3196,380,,,,,,,,,,,,,,,,,,,0,,,
20524,"Petén",17,"San Andrés",4,3196,380,145,22,5,37,3,212,8,3,223,0,223,--,380,157,212,223,223,Algún campo sin dato,1,2125f6e8dc2a52b2db684488854f057b23d21cd5e672fd40a1767a590f23965f,26/06/2023 01:57:20,ESCANER
20525,"Petén",17,"San Andrés",4,3196,380,168,27,2,19,3,219,15,2,236,0,236,--,380,144,219,236,236,Algún campo sin dato,1,81151665139b2fcae98390fea23ea955fb3da6b212fbe8b102c7855b60fa33cd,26/06/2023 02:24:11,ESCANER
20526,"Petén",17,"San Andrés",4,3196,380,135,24,5,37,3,204,13,6,223,0,223,0,378,155,204,223,223,,1,f85f949b72d25328d11de6366607713cd28b9c2bed47b9f83b221d8e93b9b2f6,26/06/2023 01:16:24,ESCANER
20527,"Petén",17,"San Andrés",4,3196,380,163,20,3,18,1,205,7,3,215,0,215,0,380,165,205,215,215,,1,2f8512935408680581a305b873693e228e2691fc3a212287bb1ffeeb586ff62b,26/06/2023 00:39:12,ESCANER
20528,"Petén",17,"San Andrés",4,3196,360,158,42,2,17,1,220,5,0,225,0,225,0,357,132,220,225,225,,1,86b1e7a627cba5d032d66573b20e89de72d020357efcaec97d264ca0a856b0b9,26/06/2023 01:23:25,ESCANER
20529,"Petén",17,"San Andrés",4,3196,359,134,20,0,16,2,172,6,4,182,0,182,--,356,174,172,182,182,Algún campo sin dato,1,01a7a2d8e6ac733dc0d4ad2a26299aa29264f2494f908582854c5f19ce67d4a6,26/06/2023 00:19:44,ESCANER
20530,"Petén",17,"San Andrés",4,3197,380,21,42,2,28,66,159,17,2,178,0,178,0,380,202,159,178,178,,1,2f67e5bb66c22f760bea7d8b3bd3fe9573cff56e7dbe1843afb6e6ebd438fd15,26/06/2023 02:58:48,ESCANER
20531,"Petén",17,"San Andrés",4,3197,380,,,,,,,,,,,,,,,,,,,0,,,
20532,"Petén",17,"San Andrés",4,3197,380,21,25,1,17,58,122,18,5,145,0,145,0,380,235,122,145,145,,1,39ddce272a50a60847b907406ba1ba187654e22833eb0f9552118a10282c9a47,26/06/2023 03:01:20,ESCANER
20533,"Petén",17,"San Andrés",4,3197,380,16,29,0,11,58,114,10,9,133,0,133,0,380,247,114,133,133,,1,1dcc459ce15b28f3e0db58f0524c65d04544d25e50ac701602893469239abd57,26/06/2023 03:00:28,ESCANER
20534,"Petén",17,"San Andrés",4,3197,380,21,32,4,12,62,131,11,7,131,0,149,0,380,231,131,149,149,Sumas Asentadas sin cuadrar,1,3e371d5dfa6ba1bcb96093d5118dad5acb4fbed0b2f70d2dfa300ccd2b57e281,26/06/2023 03:08:11,ESCANER
20535,"Petén",17,"San Andrés",4,3197,364,25,21,0,20,74,140,6,2,148,0,148,--,364,216,140,148,148,Algún campo sin dato,1,a8bf2ab62162e0380f3c634fae84485f745689bf1f473f7fd6ee150b63dcf436,26/06/2023 03:02:25,ESCANER
20536,"Petén",17,"San Andrés",4,3197,364,20,27,3,16,70,136,16,3,155,4,159,0,364,205,136,155,159,,1,d7631c339ea4aa55c86e7b5faba7822eead52812af025198e07337faf5592aa2,26/06/2023 03:05:47,ESCANER
20537,"Petén",17,"San Andrés",4,3198,380,34,89,0,73,4,200,17,4,221,0,221,--,380,159,200,221,221,Algún campo sin dato,1,4797566713f5829df4da892f11f84b3981cc27bc3c4460820fbc85f79aae3582,26/06/2023 02:17:43,ESCANER
20538,"Petén",17,"San Andrés",4,3198,380,22,97,0,80,5,204,19,5,228,0,228,0,380,152,204,228,228,,1,cdc9878c783a00780f8626cebb40a4c893e154f871ac94f06969b41d6eac9cc6,26/06/2023 00:08:35,ESCANER
20539,"Petén",17,"San Andrés",4,3198,380,34,89,0,65,4,192,11,2,205,0,205,--,381,163,192,205,205,Algún campo sin dato,1,36b7cee97f0ed552c54bac61aa0a0371d4fce361b5e01603fd5f0f1cd43a6564,26/06/2023 00:03:29,ESCANER
20540,"Petén",17,"San Andrés",4,3198,380,37,91,0,58,5,191,18,2,211,0,211,0,380,169,191,211,211,,1,cfc15b072d44faa71240b2192f47898b4be286774bf0e8c6d0f1bf6c5225bddc,26/06/2023 00:44:15,ESCANER
20541,"Petén",17,"San Andrés",4,3198,380,,,,,,,,,,,,,,,,,,,0,,,
20542,"Petén",17,"San Andrés",4,3198,380,26,88,1,79,2,196,10,2,208,0,208,0,380,172,196,208,208,,1,2116d5e21a42050c3a547f80523ce90466861a5f490a50c2ea3b75106d599c40,25/06/2023 23:38:20,ESCANER
20543,"Petén",17,"San Andrés",4,3198,271,20,75,1,55,2,153,5,1,159,0,159,0,271,112,153,159,159,,1,e8235b1e82d23afa8f01c118f1db308539021f43064791da5a721ae1b8474c87,26/06/2023 01:20:45,ESCANER
20544,"Petén",17,"San Andrés",4,3198,271,21,63,1,43,2,130,7,5,142,0,142,--,271,129,130,142,142,Algún campo sin dato,1,5e660a3fb95448013b0bf270246b9eb91db97d139b65b8097cbcedecbe9ed95c,25/06/2023 23:13:45,ESCANER
20545,"Petén",17,"San Andrés",4,3199,380,30,23,1,39,28,121,6,8,135,0,135,--,380,245,121,135,135,Algún campo sin dato,1,d5a4d29a496dd43ec4cefecc4821c3db80d0996e647082a7366d03adc38d9ddd,26/06/2023 02:42:39,ESCANER
20546,"Petén",17,"San Andrés",4,3199,380,33,23,1,37,15,--,10,6,109,0,125,--,380,255,109,125,125,Sumas Asentadas sin cuadrar,1,948785c7b249e805d099dc3d57ad13f783cccc4ce9f3c260208e05fa7f033d0b,26/06/2023 02:53:16,ESCANER
20547,"Petén",17,"San Andrés",4,3199,370,41,30,0,34,14,119,15,6,140,0,140,1,370,229,119,140,140,,1,edee9d069b8f92b577eb2f070f88466764622e9ba1761f8c1fe103cf9752bc21,26/06/2023 02:45:05,ESCANER
20548,"Petén",17,"San Andrés",4,3199,369,61,29,3,29,13,135,15,3,153,0,153,--,369,216,135,153,153,Algún campo sin dato,1,62995a35c9f99cb829cb07e074764f28b4e156b3c81533437688a6f43fd99339,26/06/2023 02:49:10,ESCANER
20549,"Petén",17,"San Andrés",4,3200,380,115,23,5,43,10,196,27,3,226,0,226,--,380,154,196,226,226,Algún campo sin dato,1,0f40e4db7be5b44f98d3480de588d3a8445dbcdc98e41ad1eb0c18a42ac3adb6,26/06/2023 00:41:18,ESCANER
20550,"Petén",17,"San Andrés",4,3200,380,110,25,6,38,11,110,8,5,203,--,203,--,375,174,190,203,203,Sumas Asentadas sin cuadrar,1,06f8c0a0f9f18c6f2083edfc620322037161311c0e6beec751134c980e5bcf66,25/06/2023 22:28:06,ESCANER
20551,"Petén",17,"San Andrés",4,3200,380,103,12,6,54,8,183,22,6,211,1,212,--,378,166,183,211,212,Algún campo sin dato,1,7f60413e398040534d9d73910d1d76658eb8f5e4d5596bf016d0687242a09192,26/06/2023 02:08:20,ESCANER
20552,"Petén",17,"San Andrés",4,3200,380,92,21,12,46,9,180,1,14,195,9,204,--,380,176,180,195,204,Algún campo sin dato,1,ffd46eca81956dc37720ba1465aa9dfe4ba762646a146c120119d0db24e523b3,26/06/2023 02:44:21,ESCANER
20553,"Petén",17,"San Andrés",4,3200,275,67,20,4,30,5,126,2,0,128,0,128,--,275,147,126,128,128,Algún campo sin dato,1,2c7f42fc98a6e3780ac4cfd20070f641aeb1c414f3e0ed3b9ded29a2848339cd,25/06/2023 23:44:33,ESCANER
20554,"Petén",17,"San Andrés",4,3200,275,75,11,2,23,3,114,1,4,119,8,127,--,275,148,114,119,127,Algún campo sin dato,1,24ddd8ae810b0158218bc77a77ad8adcb50004cc0d3367953fac2a2a24b52693,25/06/2023 23:32:24,ESCANER
20555,"Petén",17,"San Andrés",4,3201,454,16,19,2,25,6,68,6,1,75,0,75,--,451,376,68,75,75,Algún campo sin dato,1,d3c53aa938ac8ae57645313c78afb635210b2918e7b26e21d062fc0eaec0749a,25/06/2023 20:53:22,ESCANER