﻿TIPO_DE_ELECCIÓN:,CORPORACIÓN MUNICIPAL
26 junio 2023 03:36 (UTC -6)
ACTAS_ESPERADAS,ACTAS_CAPTURADAS,PORCENTAJE_ACTAS_CAPTURADAS,ACTAS_CONTABILIZADAS,PORCENTAJE_ACTAS_CONTABILIZADAS,ACTAS_NO_CONTABILIZADAS,LISTA_NOMINAL_ACTAS_CONTABILIZADAS,VOTOS_EMITIDOS_CONTABILIZADAS,PORCENTAJE_PARTICIPACIÓN_CIUDADANA
89,58,65.1685,58,65.1685,0,22578,12089,53.5432

MESA,DEPARTAMENTO,ID_DEPARTAMENTO,MUNICIPIO,ID_MUNICIPIO,CENTRO_DE_VOTACIÓN,PADRÓN,CAMBIO,UNE,VIVA,CABAL,MLP,VAMOS,PODEMOS,WINAQ,BIEN,VALOR UNIONISTA,VÁLIDOS,NULOS,BLANCO,EMITIDOS,INVÁLIDOS,TOTAL,IMPUGNACIONES,PAPELETAS-RECIBIDAS,PAPELETAS-NO-USADAS,VALIDOS_CALCULADO,EMITIDOS_CALCULADO,TOTAL_CALCULADO,OBSERVACIONES,CONTABILIZADA,CÓDIGO_INTEGRIDAD,FECHA_HORA_PUBLICACIÓN,DIGITALIZACIÓN
21052,"Petén",17,"Poptún",12,3279,400,5,115,13,18,3,53,1,2,3,20,233,10,2,245,0,245,--,400,155,233,245,245,Algún campo sin dato,1,5405a6a54f6641daca8b60ffff6ca5d3218795be99927e3dc9dd7f5adfa5b88f,26/06/2023 00:06:09,ESCANER
21053,"Petén",17,"Poptún",12,3279,400,11,114,19,17,1,51,1,2,5,23,244,12,2,258,0,258,--,400,142,244,258,258,Algún campo sin dato,1,b53569de301621d3fd04f93355af6fbac1ca9fad4dbb487df21e6603bef06b52,25/06/2023 23:39:31,ESCANER
21054,"Petén",17,"Poptún",12,3279,400,15,93,13,13,2,54,1,2,4,30,227,16,4,247,0,247,--,400,153,227,247,247,Algún campo sin dato,1,b35e5d6a20bea16f65c934ac13ebf4d10462149315ff3ba743eb69a6648541bf,26/06/2023 03:17:44,ESCANER
21055,"Petén",17,"Poptún",12,3279,400,8,119,6,22,0,64,1,3,2,24,249,15,4,268,0,268,--,399,131,249,268,268,Algún campo sin dato,1,3eb320cd940d6acc13b14c23342b00ea2800a0cdfd5479033c6e7385266aa971,26/06/2023 03:27:01,ESCANER
21056,"Petén",17,"Poptún",12,3279,400,12,108,8,20,2,58,1,5,6,19,239,16,3,258,0,258,--,400,142,239,258,258,Algún campo sin dato,1,3bbe3c9116d209c400a0a579c8afcceb2e6d9967d8c04a4707dd7b1b901f3d76,25/06/2023 23:51:06,ESCANER
21057,"Petén",17,"Poptún",12,3279,400,7,105,17,23,0,66,0,3,6,29,256,12,2,270,0,270,--,400,130,256,270,270,Algún campo sin dato,1,17769f39e21829a0d2a895e3a344cb6760161003f9ce8c659b6e87938ed49a99,26/06/2023 01:37:59,ESCANER
21058,"Petén",17,"Poptún",12,3279,400,13,119,12,22,0,72,2,4,7,19,270,7,1,278,0,278,--,400,122,270,278,278,Algún campo sin dato,1,202f5a53dc3f733771a50feb517c97bebd05cdbc8dc06714c98b66c911f73a43,26/06/2023 01:51:34,ESCANER
21059,"Petén",17,"Poptún",12,3279,400,14,111,13,14,2,56,0,2,6,28,246,11,2,259,0,259,--,400,141,246,259,259,Algún campo sin dato,1,de4dcdd453db361d4d9502f760326e5d73f0d1d9528f4ecba21d2eeed8cfea52,25/06/2023 22:33:45,ESCANER
21060,"Petén",17,"Poptún",12,3279,400,14,110,13,21,0,55,0,2,5,21,241,11,6,258,0,258,--,400,142,241,258,258,Algún campo sin dato,1,5c55494e83e029ac69914eb1a136a4d2efee085aab9cab3e20daf288f8e0a591,25/06/2023 22:53:37,ESCANER
21061,"Petén",17,"Poptún",12,3279,400,17,99,8,16,2,58,0,3,7,17,227,3,2,232,0,232,--,400,168,227,232,232,Algún campo sin dato,1,0f83a3d70e068de6fe8f7babe6f39df1a6be652a144429c08c0d0fbb3b22ecd0,26/06/2023 03:11:24,ESCANER
21062,"Petén",17,"Poptún",12,3279,400,15,83,14,14,0,42,0,1,7,15,191,3,2,196,0,196,--,400,204,191,196,196,Algún campo sin dato,1,5f16e27749f19d1fb51b30cdbaf3790cef64ed97e917c87fe94a3cbcabd7a213,26/06/2023 03:08:02,ESCANER
21063,"Petén",17,"Poptún",12,3279,400,6,93,14,12,2,53,0,4,2,23,209,10,3,222,0,222,--,400,178,209,222,222,Algún campo sin dato,1,63dcf1b737a15c95d49b9a24508b4f44396bd849a4ff0894f6fe55f3b98dfeb1,26/06/2023 00:19:42,ESCANER
21064,"Petén",17,"Poptún",12,3279,400,,,,,,,,,,,,,,,,,,,,,,,,0,,,
21065,"Petén",17,"Poptún",12,3279,400,10,89,15,22,0,39,2,3,3,25,208,13,3,224,0,224,--,400,176,208,224,224,Algún campo sin dato,1,6db38d1d469a2b0f96601831b82cf4a1514117dbdcbd23841a2be56dbea14887,26/06/2023 01:08:28,ESCANER
21066,"Petén",17,"Poptún",12,3279,400,8,123,5,18,1,67,2,3,6,15,248,3,2,253,0,253,--,400,144,248,253,253,Algún campo sin dato,1,f8848dee6e404940d9fb2727f2ab3bf4c5669dd736b63ebe83f05a3d05196284,26/06/2023 03:12:07,ESCANER
21067,"Petén",17,"Poptún",12,3279,400,12,91,15,19,1,55,0,1,5,22,221,13,2,236,0,236,--,400,164,221,236,236,Algún campo sin dato,1,fb938cd79df927e2906a210fdc7a17b67dff38b0ec3d1df035286eb804b977e4,26/06/2023 01:55:15,ESCANER
21068,"Petén",17,"Poptún",12,3279,400,12,101,12,14,1,68,0,2,3,26,239,8,5,252,0,252,--,398,146,239,252,252,Algún campo sin dato,1,969fad6059029e73edac6bdf252a734046979da2a48683ef207a2dda5e703ad0,26/06/2023 03:09:55,ESCANER
21069,"Petén",17,"Poptún",12,3279,400,16,112,11,19,0,49,0,5,3,28,243,6,3,252,0,252,--,400,148,243,252,252,Algún campo sin dato,1,834d1c1fc3421ba0a43955ea24adbe52d8b7dff7a3d1f3ce8665b50bb45145eb,26/06/2023 01:34:17,ESCANER
21070,"Petén",17,"Poptún",12,3279,400,16,100,17,11,1,41,2,4,2,23,217,13,4,234,0,234,--,399,165,217,234,234,Algún campo sin dato,1,67892079c37bbe145576cc9e70aef482c4880eb492e5509000d52b68babff90d,25/06/2023 22:38:33,ESCANER
21071,"Petén",17,"Poptún",12,3279,400,7,101,12,14,0,45,1,4,4,32,220,8,2,230,0,230,--,396,166,220,230,230,Algún campo sin dato,1,3d5a22ec7e5935439db3d4ddc3efe1bb5e791369f37c40300bf49742f933c728,26/06/2023 02:28:20,ESCANER
21072,"Petén",17,"Poptún",12,3279,400,5,97,12,18,3,56,1,6,2,10,210,11,0,221,0,221,--,--,--,210,221,221,Algún campo sin dato,1,9f2f638375110d76935428ba2244f7f152824106deeb0c6575a405ba4aeb10d1,26/06/2023 02:21:37,ESCANER
21073,"Petén",17,"Poptún",12,3279,400,6,84,10,7,1,44,1,3,6,21,183,5,2,190,0,190,--,400,210,183,190,190,Algún campo sin dato,1,e2afa1e0c2efeee3684669cf59948340bf0193c84de2aaddee2b2e295cc281fe,26/06/2023 02:58:28,ESCANER
21074,"Petén",17,"Poptún",12,3280,400,11,75,18,22,1,50,0,1,5,23,206,7,4,217,0,217,--,400,183,206,217,217,Algún campo sin dato,1,a5517b7ab444998bc0facf516b04413bb7a73e91fb701e3f8e3eeeee0344fdbf,26/06/2023 01:43:09,ESCANER
21075,"Petén",17,"Poptún",12,3280,400,8,95,13,15,2,34,0,3,3,21,194,3,1,198,0,198,--,400,202,194,198,198,Algún campo sin dato,1,443bde1361e657d79e2a0865d0cc1858040faeb9d3a90cdd972784485d842007,25/06/2023 22:32:07,ESCANER
21076,"Petén",17,"Poptún",12,3280,400,8,93,14,13,0,37,0,2,5,16,188,1,0,189,0,189,--,400,211,188,189,189,Algún campo sin dato,1,07ccfb701f76a2634247a8d780b1814f7ffbfea5d9b9123e61dda38c59a08f3a,26/06/2023 00:55:13,ESCANER
21077,"Petén",17,"Poptún",12,3280,400,11,88,14,12,4,62,0,2,3,13,209,1,2,212,0,212,--,400,188,209,212,212,Algún campo sin dato,1,c7c69b6b1c461f9d54234689b03958589442042a5f140637e1c3c9c07f663250,25/06/2023 22:45:46,ESCANER
21078,"Petén",17,"Poptún",12,3280,400,16,108,20,13,1,50,0,2,4,18,232,2,0,234,0,234,--,400,166,232,234,234,Algún campo sin dato,1,1c3834879a7b94325e0131b383188d6307bb8cee148ce67dcd23ae1e68f93248,26/06/2023 02:45:59,ESCANER
21079,"Petén",17,"Poptún",12,3280,400,13,109,20,18,0,43,1,5,4,13,226,1,1,228,0,228,--,400,172,226,228,228,Algún campo sin dato,1,20a4fac10bc829c83114040200d2ee8e672aae71ed6f90e61d3b04be0662ae56,26/06/2023 01:07:50,ESCANER
21080,"Petén",17,"Poptún",12,3280,400,10,91,16,7,0,37,0,2,0,23,186,1,1,188,0,188,--,400,212,186,188,188,Algún campo sin dato,1,6e685671c394e200ef231f6f2ddb3655ebc11ae8af306733bb1e2fe2ff57b7de,25/06/2023 23:16:32,ESCANER
21081,"Petén",17,"Poptún",12,3280,270,9,63,6,13,0,22,0,0,3,12,128,2,1,131,0,131,--,270,139,128,131,131,Algún campo sin dato,1,85eb3cb0d4182b4e4c53b97c65f1fe89383c0d0b76dee5bfb9c2434eb316de49,25/06/2023 22:53:39,ESCANER
21082,"Petén",17,"Poptún",12,3280,269,6,51,3,7,1,20,0,1,1,11,101,7,0,108,0,108,1,269,160,101,108,108,,1,6695eff1106935fbe58198b5ac430e737482835f2d59a2d0da81bfc30d937caa,26/06/2023 01:26:13,ESCANER
21083,"Petén",17,"Poptún",12,3281,400,31,92,8,21,2,37,0,2,4,32,229,17,2,248,0,248,--,400,152,229,248,248,Algún campo sin dato,1,43040f2ba29f18a6ec9be68010af16cf61fa311405442fd240d6bb580e0850d8,26/06/2023 02:51:48,ESCANER
21084,"Petén",17,"Poptún",12,3281,400,,,,,,,,,,,,,,,,,,,,,,,,0,,,
21085,"Petén",17,"Poptún",12,3281,400,18,97,4,34,2,45,1,1,4,50,256,12,5,273,0,273,--,400,127,256,273,273,Algún campo sin dato,1,9b78920dcec7c86db6e8ebec91e0697c57e5e8321a8f2b2cbe04090332105f05,25/06/2023 22:43:49,ESCANER
21086,"Petén",17,"Poptún",12,3281,400,,,,,,,,,,,,,,,,,,,,,,,,0,,,
21087,"Petén",17,"Poptún",12,3281,400,21,99,15,22,2,32,2,5,6,30,234,20,1,255,0,255,--,400,145,234,255,255,Algún campo sin dato,1,961d8f3c1f70cb3b4e9945c8a796a1d1f5f1f50593179f6efcd3a20dd6c8e5ce,26/06/2023 02:08:28,ESCANER
21088,"Petén",17,"Poptún",12,3281,400,28,90,7,26,0,32,2,2,7,22,216,9,2,227,0,227,--,400,173,216,227,227,Algún campo sin dato,1,8900fc07028fd66d5462280b6c0fbbf0b8c7446b3cf4c6d49f0f8e7c276b65b4,25/06/2023 23:41:05,ESCANER
21089,"Petén",17,"Poptún",12,3281,400,22,86,15,10,1,31,2,1,6,30,204,9,1,214,0,214,--,400,186,204,214,214,Algún campo sin dato,1,1f2905fb60033c6caa94c0a57f0f39b26ef5a28526f9da7213026672bdcb816d,25/06/2023 23:24:59,ESCANER
21090,"Petén",17,"Poptún",12,3281,400,,,,,,,,,,,,,,,,,,,,,,,,0,,,
21091,"Petén",17,"Poptún",12,3281,400,26,74,6,12,1,45,1,0,10,42,217,12,2,231,0,231,--,400,169,217,231,231,Algún campo sin dato,1,fa88cf564d6eff0ef0c1dbb77881b99fc38326ff4bfe4d8ec4c73a492eee2893,26/06/2023 03:22:34,ESCANER
21092,"Petén",17,"Poptún",12,3281,400,16,72,10,19,0,42,1,2,8,36,206,16,5,227,0,227,--,397,170,206,227,227,Algún campo sin dato,1,d301095297b2ce77aa7a63a6a24ee6d57dd86ddd9ac2a6fe46c34c61685020e2,26/06/2023 03:03:49,ESCANER
21093,"Petén",17,"Poptún",12,3281,400,25,70,11,20,1,35,0,1,8,33,204,11,3,218,0,218,--,400,182,204,218,218,Algún campo sin dato,1,1baf6a711a2455f30760b4712781f4461abc13dbcab545b797ecbe3059b32ddd,26/06/2023 02:01:24,ESCANER
21094,"Petén",17,"Poptún",12,3281,400,17,76,8,19,2,31,1,0,7,32,193,4,5,202,0,202,--,400,198,193,202,202,Algún campo sin dato,1,cc9d729fbae80fb514963f3829c21d16fc5f7385f45a8f70c46887fc8aa7dfa8,26/06/2023 00:07:40,ESCANER
21095,"Petén",17,"Poptún",12,3281,400,28,76,7,25,3,40,0,2,7,17,205,3,3,211,0,211,--,400,189,205,211,211,Algún campo sin dato,1,f748b0fe9469ad49273eb9a5beee3e128536e865d81d82416ca165065050cb23,25/06/2023 22:50:36,ESCANER
21096,"Petén",17,"Poptún",12,3281,400,25,88,6,11,1,23,1,0,6,20,181,4,1,186,215,401,--,401,215,181,186,401,Algún campo sin dato,1,c531e0f15053fd3846683bf41d6a2bd702c2d5b5d7c76dab7136ea9226b7c8a4,26/06/2023 01:04:16,ESCANER
21097,"Petén",17,"Poptún",12,3281,400,28,68,9,17,0,33,0,0,10,22,187,3,1,191,0,191,--,400,209,187,191,191,Algún campo sin dato,1,314ef9d7177071f77ade230ded8f8ead91f55ecae5b021f843d600ce25496092,25/06/2023 23:37:39,ESCANER
21098,"Petén",17,"Poptún",12,3281,400,20,79,4,18,1,39,0,2,13,27,203,5,0,208,0,208,--,400,192,203,208,208,Algún campo sin dato,1,15b32a85fbcb3d41e03305b8885ab6806d957fb73b30898db5d1cbd88eaceec8,26/06/2023 00:13:54,ESCANER
21099,"Petén",17,"Poptún",12,3281,279,17,73,5,7,1,27,0,0,2,12,144,2,0,146,0,146,--,279,133,144,146,146,Algún campo sin dato,1,fabbc3856ea7072e6e8776c5dbcd0392cdd68f9e7801c9eb12aeff4409055ea8,25/06/2023 23:21:02,ESCANER
21100,"Petén",17,"Poptún",12,3281,279,14,45,3,7,1,16,0,0,5,17,108,6,0,114,0,114,--,279,165,108,114,114,Algún campo sin dato,1,c51f0b416dfeceea739defd6722ce3c1df725896ea612108aa3f54cdc034d43e,26/06/2023 01:35:49,ESCANER
21101,"Petén",17,"Poptún",12,3282,380,,,,,,,,,,,,,,,,,,,,,,,,0,,,
21102,"Petén",17,"Poptún",12,3282,380,,,,,,,,,,,,,,,,,,,,,,,,0,,,
21103,"Petén",17,"Poptún",12,3282,380,,,,,,,,,,,,,,,,,,,,,,,,0,,,
21104,"Petén",17,"Poptún",12,3282,380,,,,,,,,,,,,,,,,,,,,,,,,0,,,
21105,"Petén",17,"Poptún",12,3282,380,,,,,,,,,,,,,,,,,,,,,,,,0,,,
21106,"Petén",17,"Poptún",12,3282,380,,,,,,,,,,,,,,,,,,,,,,,,0,,,
21107,"Petén",17,"Poptún",12,3282,380,4,98,5,3,2,15,0,0,1,22,150,14,4,168,0,168,--,380,212,150,168,168,Algún campo sin dato,1,e475e33cdb2b3b87738297d083d28e9d6971406b8b38af3c17d6350aaae0d8e6,26/06/2023 03:19:59,ESCANER
21108,"Petén",17,"Poptún",12,3282,380,,,,,,,,,,,,,,,,,,,,,,,,0,,,
21109,"Petén",17,"Poptún",12,3282,380,,,,,,,,,,,,,,,,,,,,,,,,0,,,
21110,"Petén",17,"Poptún",12,3282,380,3,120,9,5,4,20,0,0,0,16,177,6,4,187,0,187,--,380,193,177,187,187,Algún campo sin dato,1,db17c4d7f035308be89424b82813d15b7e92b8648576651ca5aa4b2c9797c1dc,26/06/2023 03:22:21,ESCANER
21111,"Petén",17,"Poptún",12,3282,380,2,100,4,5,5,12,1,0,0,10,139,12,3,154,0,154,--,380,226,139,154,154,Algún campo sin dato,1,65763245f4d78b176b63679a404b6af65cefbe04a35b402982eb58e7d868478a,26/06/2023 03:16:22,ESCANER
21112,"Petén",17,"Poptún",12,3282,380,,,,,,,,,,,,,,,,,,,,,,,,0,,,
21113,"Petén",17,"Poptún",12,3282,380,6,128,8,4,7,21,0,0,0,11,185,4,0,189,0,189,--,380,191,185,189,189,Algún campo sin dato,1,76c4bad606e0428ca2b31e9abafd2506cc400079a58e1d847fe17991be5a0e0f,26/06/2023 03:15:34,ESCANER
21114,"Petén",17,"Poptún",12,3282,380,,,,,,,,,,,,,,,,,,,,,,,,0,,,
21115,"Petén",17,"Poptún",12,3282,277,1,90,3,2,1,5,0,1,0,8,111,1,1,113,0,113,--,277,164,111,113,113,Algún campo sin dato,1,b0402a668d6f72b6c8cb9d5d193e6cf44b9095a31a3b33cdff3c050df09bce22,26/06/2023 03:32:09,ESCANER
21116,"Petén",17,"Poptún",12,3282,277,,,,,,,,,,,,,,,,,,,,,,,,0,,,
21117,"Petén",17,"Poptún",12,3283,380,3,144,2,1,0,17,0,2,0,32,201,13,8,222,0,222,--,380,158,201,222,222,Algún campo sin dato,1,8582473d2259937bbfb84b15fd7d50f617a578f62b72221fedbef57e48f88695,26/06/2023 02:37:28,ESCANER
21118,"Petén",17,"Poptún",12,3283,380,0,142,6,6,1,10,0,0,2,20,187,17,5,209,0,209,--,380,171,187,209,209,Algún campo sin dato,1,b0cfa2c70e010729919c6fbc10f72957bf2f8e6d1d3661ce17cf4be7cbaeb73a,26/06/2023 01:35:22,ESCANER
21119,"Petén",17,"Poptún",12,3283,380,2,138,1,4,0,23,0,0,0,25,193,17,7,217,0,217,--,380,163,193,217,217,Algún campo sin dato,1,6db6e81dfacf3c119ab9897998af9306ac8f959df10cbed5c846fbdbfffd3c34,26/06/2023 02:44:00,ESCANER
21120,"Petén",17,"Poptún",12,3283,270,1,106,3,4,0,9,0,3,1,13,140,4,1,145,0,145,--,270,125,140,145,145,Algún campo sin dato,1,aaa285e0dc363286a2ddb5e55b61115be3b96f28e8656f4547a8242ad341cf91,26/06/2023 02:52:15,ESCANER
21121,"Petén",17,"Poptún",12,3283,269,0,91,1,3,1,8,0,0,0,17,121,6,0,127,0,127,--,269,142,121,127,127,Algún campo sin dato,1,17a9ef44770eb145acc3486c65d9d0b3990e35913d4c1905ff1d00c125bc40e5,26/06/2023 03:09:59,ESCANER
21122,"Petén",17,"Poptún",12,3284,380,,,,,,,,,,,,,,,,,,,,,,,,0,,,
21123,"Petén",17,"Poptún",12,3284,380,,,,,,,,,,,,,,,,,,,,,,,,0,,,
21124,"Petén",17,"Poptún",12,3284,380,,,,,,,,,,,,,,,,,,,,,,,,0,,,
21125,"Petén",17,"Poptún",12,3284,359,,,,,,,,,,,,,,,,,,,,,,,,0,,,
21126,"Petén",17,"Poptún",12,3284,359,,,,,,,,,,,,,,,,,,,,,,,,0,,,
21127,"Petén",17,"Poptún",12,3285,380,,,,,,,,,,,,,,,,,,,,,,,,0,,,
21128,"Petén",17,"Poptún",12,3285,380,,,,,,,,,,,,,,,,,,,,,,,,0,,,
21129,"Petén",17,"Poptún",12,3285,380,,,,,,,,,,,,,,,,,,,,,,,,0,,,
21130,"Petén",17,"Poptún",12,3285,380,,,,,,,,,,,,,,,,,,,,,,,,0,,,
21131,"Petén",17,"Poptún",12,3285,380,,,,,,,,,,,,,,,,,,,,,,,,0,,,
21132,"Petén",17,"Poptún",12,3285,319,,,,,,,,,,,,,,,,,,,,,,,,0,,,
21133,"Petén",17,"Poptún",12,3285,319,,,,,,,,,,,,,,,,,,,,,,,,0,,,
21134,"Petén",17,"Poptún",12,3286,380,,,,,,,,,,,,,,,,,,,,,,,,0,,,
21135,"Petén",17,"Poptún",12,3287,380,,,,,,,,,,,,,,,,,,,,,,,,0,,,
21136,"Petén",17,"Poptún",12,3287,304,,,,,,,,,,,,,,,,,,,,,,,,0,,,
21137,"Petén",17,"Poptún",12,3287,303,,,,,,,,,,,,,,,,,,,,,,,,0,,,
21138,"Petén",17,"Poptún",12,3288,600,6,76,8,12,0,32,2,2,3,14,155,17,2,174,0,174,--,600,426,155,174,174,Algún campo sin dato,1,f9100fd5ce554ab99c6081976e40eb09a845cadf2e88fd12d40a88f69a592e76,25/06/2023 23:00:58,ESCANER
21139,"Petén",17,"Poptún",12,3288,503,6,70,9,13,0,42,0,0,7,18,165,9,3,177,0,177,--,503,326,165,177,177,Algún campo sin dato,1,3874d03309a97c39843f10c4af246347dabf9d9a9f970865abeca7f68d304760,26/06/2023 00:58:50,ESCANER
21140,"Petén",17,"Poptún",12,3288,502,4,20,3,9,0,17,1,0,1,7,62,2,4,68,0,68,--,502,434,62,68,68,Algún campo sin dato,1,79d701e20f25291dba50f5c9232e7cb8848e62d05842cf0e8b6a6b14b2bdebd3,25/06/2023 23:17:12,ESCANER