﻿TIPO_DE_ELECCIÓN:,CORPORACIÓN MUNICIPAL
26 junio 2023 03:36 (UTC -6)
ACTAS_ESPERADAS,ACTAS_CAPTURADAS,PORCENTAJE_ACTAS_CAPTURADAS,ACTAS_CONTABILIZADAS,PORCENTAJE_ACTAS_CONTABILIZADAS,ACTAS_NO_CONTABILIZADAS,LISTA_NOMINAL_ACTAS_CONTABILIZADAS,VOTOS_EMITIDOS_CONTABILIZADAS,PORCENTAJE_PARTICIPACIÓN_CIUDADANA
115,103,89.5652,102,88.6956,1,36340,15870,43.6708

MESA,DEPARTAMENTO,ID_DEPARTAMENTO,MUNICIPIO,ID_MUNICIPIO,CENTRO_DE_VOTACIÓN,PADRÓN,MLP,ELEFANTE,WINAQ,CABAL,UNIONISTA,VIVA,VAMOS,CREO,SEMILLA,PODEMOS,UNE,PPN,UR,VOS,TODOS,AZUL,VALOR,BIEN,PIN,P A N,VÁLIDOS,NULOS,BLANCO,EMITIDOS,INVÁLIDOS,TOTAL,IMPUGNACIONES,PAPELETAS-RECIBIDAS,PAPELETAS-NO-USADAS,VALIDOS_CALCULADO,EMITIDOS_CALCULADO,TOTAL_CALCULADO,OBSERVACIONES,CONTABILIZADA,CÓDIGO_INTEGRIDAD,FECHA_HORA_PUBLICACIÓN,DIGITALIZACIÓN
13615,"San Marcos",12,"Tacaná",7,1886,400,2,12,3,29,2,9,39,3,11,4,5,4,3,6,37,0,0,23,1,1,194,6,7,207,0,207,--,400,193,194,207,207,Algún campo sin dato,1,b898896eb6437fadff677f1b8cd3dc95d6246c0a2bc99c3e73639a4a401d5bc0,26/06/2023 00:40:23,ESCANER
13616,"San Marcos",12,"Tacaná",7,1886,400,3,22,2,25,2,7,26,4,7,3,13,11,3,7,67,2,2,19,2,1,228,7,12,247,0,247,--,400,153,228,247,247,Algún campo sin dato,1,ab7638c22c9057164fa5c088fb346627c5ae5c1f300c4fefd3f1e14c0d91f9bc,26/06/2023 02:19:38,ESCANER
13617,"San Marcos",12,"Tacaná",7,1886,400,9,9,5,42,1,1,44,6,4,3,13,18,2,14,22,1,2,22,1,1,220,14,10,244,0,244,--,396,152,220,244,244,Algún campo sin dato,1,5cde31059a707d81d49ed5d49e981920075b497b37bd19450b737354fb1d4f33,26/06/2023 01:30:01,ESCANER
13618,"San Marcos",12,"Tacaná",7,1886,400,4,16,3,35,1,2,26,12,10,4,14,21,5,2,31,5,2,16,2,3,214,15,11,240,0,240,--,400,160,214,240,240,Algún campo sin dato,1,146f77e844c6e5bb75de6aef329c0a776ccbdc3270fa087b105338f981c04cd2,26/06/2023 01:17:25,ESCANER
13619,"San Marcos",12,"Tacaná",7,1886,400,4,15,4,35,0,8,34,12,7,2,25,11,4,2,31,5,1,12,1,3,216,11,7,234,0,234,--,400,166,216,234,234,Algún campo sin dato,1,2e959174608d8082e8558962cf85e7207f11685dc3dddc38a574a503fdd94c4f,26/06/2023 01:31:04,ESCANER
13620,"San Marcos",12,"Tacaná",7,1886,400,2,14,5,23,3,4,45,17,13,3,16,7,3,6,26,2,3,16,0,1,206,13,15,234,0,234,0,400,166,209,237,237,Sumas Asentadas sin cuadrar,1,4c8be7c38ad327ec3f6f662682485a0bdc7354e07cd6957091b2f601ab4ae480,26/06/2023 01:33:14,ESCANER
13621,"San Marcos",12,"Tacaná",7,1886,400,0,15,7,28,1,13,53,6,12,11,10,2,3,19,30,0,1,20,2,1,234,13,13,260,0,260,--,400,140,234,260,260,Algún campo sin dato,1,bd42a2a745ac58edf40d9c751cb5be149b89e8aa7ccd7cc45083e8d876b1bc64,26/06/2023 00:16:28,ESCANER
13622,"San Marcos",12,"Tacaná",7,1886,400,1,18,4,37,0,5,33,10,8,5,17,16,1,11,30,2,0,12,2,5,217,10,3,230,0,230,--,400,170,217,230,230,Algún campo sin dato,1,7dd47bc552feadd53aee28fac3890b1a891473aa50b68de1d3db4ed05b905894,26/06/2023 01:26:55,ESCANER
13623,"San Marcos",12,"Tacaná",7,1886,400,1,11,3,17,0,1,28,6,4,3,3,5,1,3,31,0,0,12,1,3,133,4,3,140,0,140,--,400,260,133,140,140,Algún campo sin dato,1,ab870592e58dc601d26c0ad309dcc110d24212cde021c038dde10b4050cf966c,25/06/2023 22:26:33,ESCANER
13624,"San Marcos",12,"Tacaná",7,1886,400,0,10,5,22,1,4,30,8,7,2,11,8,2,8,35,0,1,15,2,6,180,9,1,190,0,190,--,400,210,177,187,187,Sumas Asentadas sin cuadrar,1,1ba3a04736a793b0709a4ab0fd0e103c4ebf3a6ae76f79903b216f6065178972,25/06/2023 21:54:58,ESCANER
13625,"San Marcos",12,"Tacaná",7,1886,400,2,21,4,27,0,8,28,8,13,4,13,11,5,9,41,0,1,21,0,1,217,10,4,231,0,231,--,400,169,217,231,231,Algún campo sin dato,1,0b2871d101cf6223a33c08c023bec7c62328c7e7f7231e37e8952a688490b5a4,26/06/2023 00:29:00,ESCANER
13626,"San Marcos",12,"Tacaná",7,1886,400,10,19,5,35,0,9,38,6,17,5,10,5,6,12,37,0,2,12,1,4,233,5,3,241,0,241,--,400,159,233,241,241,Algún campo sin dato,1,3268f2cad6660373f0fed8462de48f7e97016c7831f2ce2789505fde946e9764,26/06/2023 00:37:06,ESCANER
13627,"San Marcos",12,"Tacaná",7,1886,400,1,16,6,21,0,6,34,9,15,8,11,7,3,5,29,2,0,17,1,5,196,5,3,204,0,204,0,400,196,196,204,204,,1,e3b18ed1db9cbe7d28fffbcc748ea430450780cf12ee67ae275bfcbc75c46e7a,26/06/2023 02:08:31,ESCANER
13628,"San Marcos",12,"Tacaná",7,1886,400,4,14,3,32,0,5,43,5,8,5,6,8,2,7,38,3,1,12,3,2,201,9,10,220,0,220,--,396,176,201,220,220,Algún campo sin dato,1,ae53e6b262a223280df615ab66abfaa1f5ba81c2d5b93e8052ca2818dfbb072a,25/06/2023 23:16:14,ESCANER
13629,"San Marcos",12,"Tacaná",7,1886,400,0,8,4,24,0,9,23,6,7,2,6,6,1,5,33,1,0,14,0,1,153,2,1,156,0,156,--,400,244,150,153,153,Sumas Asentadas sin cuadrar,1,c09c405b30b6f10bfd371938788640d96773d7568f293f71407c0aea05f29b21,25/06/2023 23:54:19,ESCANER
13630,"San Marcos",12,"Tacaná",7,1886,400,2,7,4,22,0,4,17,9,9,5,5,5,2,2,37,1,1,10,2,2,146,0,1,147,0,147,--,400,253,146,147,147,Algún campo sin dato,1,9c2254b3e3ab30c7b043db1ad27a558e4e5fb7875abbb481ee340d0ba3f7893e,25/06/2023 23:01:12,ESCANER
13631,"San Marcos",12,"Tacaná",7,1886,400,2,11,1,24,0,5,36,5,13,2,5,6,0,3,41,0,1,5,1,4,165,3,0,168,0,168,--,400,232,165,168,168,Algún campo sin dato,1,b7a7d02578cd70301c23b316b172991701ec27ddca4766dccc00f6a9da167b4a,25/06/2023 23:29:59,ESCANER
13632,"San Marcos",12,"Tacaná",7,1886,369,0,7,2,10,0,5,21,7,10,5,5,7,1,4,24,0,0,15,2,2,127,1,0,128,0,128,--,369,241,127,128,128,Algún campo sin dato,1,7113274af29ae0dcf4798c4c06008c842d22564f97bb6bf1a81243f7db617c9c,25/06/2023 23:01:32,ESCANER
13633,"San Marcos",12,"Tacaná",7,1886,369,3,9,1,25,1,4,40,3,9,2,4,9,0,0,19,0,1,8,1,1,140,2,2,144,0,144,--,369,225,140,144,144,Algún campo sin dato,1,35f630275b0c58be51a86c25e72312f626ea41965c92d8f99405d4386eb448c4,25/06/2023 21:49:42,ESCANER
13634,"San Marcos",12,"Tacaná",7,1887,400,3,11,6,7,3,7,32,15,8,5,23,14,14,5,12,2,0,7,0,1,145,20,12,207,0,207,--,400,193,175,207,207,Sumas Asentadas sin cuadrar,1,8e7d5f853f4541faee4368ae57009f20f20f825a3f8d787d76231336e7522085,25/06/2023 23:51:49,ESCANER
13635,"San Marcos",12,"Tacaná",7,1887,400,0,21,5,9,2,12,22,16,5,3,14,5,14,4,8,0,0,10,1,0,151,17,0,168,0,168,--,395,227,151,168,168,Algún campo sin dato,1,67ec5afb4557eaeab0fa1fb03d0f428e04a0b8f0aa1ca485b24de62099d268e9,25/06/2023 23:23:10,ESCANER
13636,"San Marcos",12,"Tacaná",7,1887,279,0,8,4,11,0,4,13,11,3,9,8,10,10,3,8,1,1,11,0,0,115,5,5,125,0,125,--,279,154,115,125,125,Algún campo sin dato,1,be104f59baf3af8a4f1f8234e1e3495303314d06fd34a1cf795889f5ccff47f6,25/06/2023 22:58:09,ESCANER
13637,"San Marcos",12,"Tacaná",7,1887,278,1,6,3,6,0,5,16,5,5,7,3,5,6,2,14,0,0,5,3,0,92,2,4,98,0,98,--,--,--,92,98,98,Algún campo sin dato,1,99da32d9a3b00613ab444b8b8fe3325643feba6c83a1e73a21f050b350a309b2,25/06/2023 21:50:01,ESCANER
13638,"San Marcos",12,"Tacaná",7,1888,333,0,10,4,23,2,5,21,5,2,0,13,10,0,5,19,2,0,23,3,3,150,12,7,169,0,169,0,333,164,150,169,169,,1,0adc4c4438c48f4c8599b407a1b6b814714176c2be3c098ae95b499d9198ffc4,25/06/2023 23:38:57,ESCANER
13639,"San Marcos",12,"Tacaná",7,1888,332,0,8,1,22,1,4,10,4,3,0,2,9,0,4,19,0,0,18,5,0,110,6,0,116,0,116,--,332,216,110,116,116,Algún campo sin dato,1,4991185919f17dd3a3400c4ee1b7d51c080b5322bfb772d1a677b4d7baf24795,25/06/2023 22:12:37,ESCANER
13640,"San Marcos",12,"Tacaná",7,1889,400,2,19,0,30,5,7,21,10,14,1,20,6,5,6,20,0,1,12,1,3,183,20,8,211,0,211,--,400,189,183,211,211,Algún campo sin dato,1,ccc68479d71a515ff3333d2dfa07ed2380328f49bba0b74e014f8db7970a44c2,25/06/2023 23:55:50,ESCANER
13641,"San Marcos",12,"Tacaná",7,1889,400,0,14,2,49,1,3,28,6,15,3,24,5,2,5,30,1,2,20,2,3,215,27,6,248,0,248,--,400,152,215,248,248,Algún campo sin dato,1,c00b2d73b341b425d9c48310171f716cf6722394a8789be1b3481f7a739efffe,26/06/2023 01:21:50,ESCANER
13642,"San Marcos",12,"Tacaná",7,1889,400,,,,,,,,,,,,,,,,,,,,,,,,,,,,,,,,,,0,,,
13643,"San Marcos",12,"Tacaná",7,1889,400,0,29,0,25,0,4,20,16,4,2,10,3,3,8,25,2,0,32,2,3,188,6,5,199,0,199,--,400,201,188,199,199,Algún campo sin dato,1,e62686778e8b0c2168a64553ebb5976fee1874222005bc06e8b32f211e1e2c1c,25/06/2023 23:35:49,ESCANER
13644,"San Marcos",12,"Tacaná",7,1889,400,,,,,,,,,,,,,,,,,,,,,,,,,,,,,,,,,,0,,,
13645,"San Marcos",12,"Tacaná",7,1889,400,2,13,1,27,2,3,19,13,10,0,6,4,2,16,11,0,0,8,1,0,138,11,8,157,0,157,--,400,243,138,157,157,Algún campo sin dato,1,8809f3b3f514faf59d3946a5d52c72043001bd646d7c4d5f4a6e672167489bb0,25/06/2023 22:54:29,ESCANER
13646,"San Marcos",12,"Tacaná",7,1889,252,0,5,1,26,1,1,15,8,3,0,3,4,1,4,16,0,1,3,3,2,97,3,1,101,0,101,--,252,151,97,101,101,Algún campo sin dato,1,f413b1faac386ea697ef83c72d3ae016041393e9aad179bc656ca9eb25100bf3,25/06/2023 22:57:13,ESCANER
13647,"San Marcos",12,"Tacaná",7,1889,252,0,6,1,13,0,4,12,9,9,0,5,1,0,8,14,2,0,10,1,0,95,2,0,97,0,97,--,252,155,95,97,97,Algún campo sin dato,1,26d09fc8fd52bc46db48a6823da141ccb31505113aa54618d1bcd4fe2e54e95f,25/06/2023 23:00:50,ESCANER
13648,"San Marcos",12,"Tacaná",7,1890,380,,,,,,,,,,,,,,,,,,,,,,,,,,,,,,,,,,0,,,
13649,"San Marcos",12,"Tacaná",7,1890,380,1,11,3,30,2,5,12,7,2,2,12,9,0,1,10,1,1,33,0,14,156,14,5,175,0,175,--,380,205,156,175,175,Algún campo sin dato,1,1364a4f90be398b3a7dd6b948407c96f49b486d854ca941a152456dc471f8cfd,25/06/2023 22:16:12,ESCANER
13650,"San Marcos",12,"Tacaná",7,1890,380,1,11,3,16,2,4,9,23,1,1,7,6,0,0,2,2,0,19,0,5,112,14,3,129,0,129,--,377,248,112,129,129,Algún campo sin dato,1,d4cbc94e2d34b6d59be06f6aafd848a1ec7361b82d42661691e2da308086e38c,26/06/2023 01:36:03,ESCANER
13651,"San Marcos",12,"Tacaná",7,1890,249,,,,,,,,,,,,,,,,,,,,,,,,,,,,,,,,,,0,,,
13652,"San Marcos",12,"Tacaná",7,1890,248,0,4,0,18,1,1,3,10,1,1,0,2,0,0,5,0,0,8,0,4,58,3,3,64,0,64,--,248,184,58,64,64,Algún campo sin dato,1,c367d418ae7a357d8e2b52bed7fefc4c12432e76d60bf3d93b6846edbe2bae03,26/06/2023 01:55:44,ESCANER
13653,"San Marcos",12,"Tacaná",7,1891,380,3,10,9,11,5,14,15,16,25,15,7,3,1,7,2,1,1,4,0,4,185,26,6,185,0,185,--,380,195,153,185,185,Sumas Asentadas sin cuadrar,1,032b09ed03bd76ad387d1470cb3286f52c236db6b521539f40c7a8a2bb933e2a,26/06/2023 02:17:23,ESCANER
13654,"San Marcos",12,"Tacaná",7,1891,380,9,39,4,4,2,15,11,14,14,6,8,1,1,4,4,1,1,7,0,6,151,21,9,181,0,181,--,380,199,151,181,181,Algún campo sin dato,1,efc29b5ec026141472b0dce841440ea53eea4d22e3f85f5c051c133cce1d4b52,25/06/2023 22:58:30,ESCANER
13655,"San Marcos",12,"Tacaná",7,1891,299,2,15,4,1,4,27,4,6,15,8,4,2,0,6,3,1,0,6,0,3,111,8,5,124,0,124,--,299,175,111,124,124,Algún campo sin dato,1,8ce9558e2c8e916ce2a29d6685bfd36ca664c1bcc3730277ef5d4b41b4d835c8,25/06/2023 22:46:07,ESCANER
13656,"San Marcos",12,"Tacaná",7,1891,298,2,16,1,2,3,17,7,5,9,1,2,0,1,2,9,0,0,4,1,1,90,6,1,90,0,90,--,298,208,83,90,90,Sumas Asentadas sin cuadrar,1,3b3448c5553ea8b267d12bfbfe24b0b9790d0ae6c6234d35d7185648cb4d6f17,25/06/2023 22:49:42,ESCANER
13657,"San Marcos",12,"Tacaná",7,1892,380,2,1,0,46,11,8,12,13,0,1,8,7,27,1,7,1,0,5,0,5,155,37,17,209,--,--,--,380,171,155,209,209,Algún campo sin dato,1,1f61e152204605135751a8a32cefd2830fdee93193fe1e5bf23bc6d207ad0559,26/06/2023 01:45:36,ESCANER
13658,"San Marcos",12,"Tacaná",7,1892,380,3,6,0,46,17,5,9,6,2,5,24,3,12,4,7,0,0,4,0,3,156,21,17,194,0,194,--,380,283,156,194,194,Algún campo sin dato,1,844aba88e0f3b278523e8f31685dcf091aa0356ea3c4dcbd00e96f70b870ec87,26/06/2023 00:54:42,ESCANER
13659,"San Marcos",12,"Tacaná",7,1892,380,0,5,2,34,6,7,9,16,2,6,10,6,22,0,7,0,0,7,0,3,142,11,12,165,--,165,--,380,215,142,165,165,Algún campo sin dato,1,507ec78eedc3599e83fe6a493dbaef223ec77595da6baeb0a14aeb4feb4c5f62,26/06/2023 00:25:32,ESCANER
13660,"San Marcos",12,"Tacaná",7,1892,380,4,2,3,35,8,3,6,12,2,2,11,3,20,1,5,0,0,3,0,6,126,14,12,152,0,152,--,409,257,126,152,152,Algún campo sin dato,1,73ab85065be96dc7697c612dc78b551ae726e646c9b5bd5c9be2378ecd73a2df,26/06/2023 00:43:27,ESCANER
13661,"San Marcos",12,"Tacaná",7,1892,297,1,3,1,21,6,1,4,9,3,2,6,4,12,0,2,0,0,2,0,4,81,8,8,97,--,--,--,300,203,81,97,97,Algún campo sin dato,1,089e6e3d0e6ca7a2f256ed792f174ff133961e4dda98218afd1ed2ed5c17a835,26/06/2023 02:35:50,ESCANER
13662,"San Marcos",12,"Tacaná",7,1892,297,0,1,1,34,4,6,10,14,0,1,2,2,12,1,4,0,0,1,0,3,96,4,3,103,--,--,--,294,191,96,103,103,Algún campo sin dato,1,fc3858c4f2cb555b3df8ac6afe6621cd737e75c188bf2dcfb639b2c487c2c7d3,26/06/2023 02:52:42,ESCANER
13663,"San Marcos",12,"Tacaná",7,1893,380,28,8,13,5,0,25,9,33,2,4,7,4,1,7,12,2,0,2,0,2,164,8,14,186,0,186,--,383,797,164,186,186,Algún campo sin dato,1,50680b726639bd57727fd510af66c40e3d89c13ac45ec26920ed32e9d1c04299,26/06/2023 01:20:26,ESCANER
13664,"San Marcos",12,"Tacaná",7,1893,380,26,5,10,18,1,37,11,31,2,3,8,5,4,3,9,1,1,0,0,3,178,19,8,205,0,205,--,380,175,178,205,205,Algún campo sin dato,1,38a8696d40748dc3c61e3c0440a41c1c445c23a3b2e4bccf5a6ac14ed12f51fe,25/06/2023 23:57:26,ESCANER
13665,"San Marcos",12,"Tacaná",7,1893,380,27,8,5,11,2,46,11,28,4,1,12,5,0,8,11,7,0,3,0,1,190,15,4,209,0,209,--,380,168,190,209,209,Algún campo sin dato,1,bd2619595dfde5065c35034dbdef6ec6a4d3ed0cafb8698fdee8509c051a67fa,26/06/2023 01:28:34,ESCANER
13666,"San Marcos",12,"Tacaná",7,1893,380,20,1,7,9,0,15,10,33,2,2,4,4,0,4,5,3,0,0,0,4,123,7,8,138,0,138,--,380,242,123,138,138,Algún campo sin dato,1,7e8d55a658c80033ce787d640cb56ea5980c2c45f9ea00ae5a6fdc0514cd4cbe,26/06/2023 00:28:48,ESCANER
13667,"San Marcos",12,"Tacaná",7,1893,380,18,3,5,7,2,19,11,33,6,1,8,7,0,3,9,3,1,1,1,2,140,15,18,173,--,173,--,380,207,140,173,173,Algún campo sin dato,1,7ecaafac51a3fce3aeef24d817aae22c732513be4f76144e6791196bed716178,26/06/2023 00:27:01,ESCANER
13668,"San Marcos",12,"Tacaná",7,1893,360,10,5,6,16,2,13,5,24,3,0,6,3,0,11,7,0,2,0,0,1,114,8,9,131,0,131,--,360,229,114,131,131,Algún campo sin dato,1,4d7c1c8125e0b1286c94179e3c5a56987a1a144673f3cdaa62dc36fbd14a8100,26/06/2023 02:41:42,ESCANER
13669,"San Marcos",12,"Tacaná",7,1893,360,13,5,3,10,0,18,5,31,4,2,4,0,0,1,6,0,1,0,0,0,103,5,10,118,0,118,--,360,242,103,118,118,Algún campo sin dato,1,b4f89739d12da9c1dd2478112ce17298b509b66fe8f04d9b331986c092b36170,26/06/2023 00:33:08,ESCANER
13670,"San Marcos",12,"Tacaná",7,1894,380,0,5,2,39,0,21,78,7,0,2,18,6,0,1,3,4,0,12,0,6,204,20,4,228,0,--,--,380,152,204,228,228,Algún campo sin dato,1,23e12e24c906bbd52aa55491f29c3f75479a83a440209d4d35576cc0511b744c,26/06/2023 02:26:34,ESCANER
13671,"San Marcos",12,"Tacaná",7,1894,380,0,3,1,37,1,8,104,10,1,1,14,10,0,1,3,6,0,4,0,2,206,13,8,227,0,227,--,345,118,206,227,227,Algún campo sin dato,1,e755a15c3f9a497a05c7b93da41f242c286cf3f05d1d4333f9487d8536c3f865,25/06/2023 23:23:06,ESCANER
13672,"San Marcos",12,"Tacaná",7,1894,380,1,1,1,39,1,11,53,5,2,3,6,13,0,0,2,3,0,5,0,3,149,8,7,164,0,164,--,380,216,149,164,164,Algún campo sin dato,1,fa7d6ce6ced29d50bb71cd1410a2b1435b0b95c22501511dedb6f8fef69e9caf,26/06/2023 01:49:27,ESCANER
13673,"San Marcos",12,"Tacaná",7,1894,273,0,3,1,18,0,11,62,6,2,0,3,0,0,0,4,2,0,1,0,0,113,5,3,121,0,121,--,273,152,113,121,121,Algún campo sin dato,1,19beb8f959994fe25b4c5a6e56726932f4d599f0b5e8088a161dadc2fb82a1ad,25/06/2023 23:02:08,ESCANER
13674,"San Marcos",12,"Tacaná",7,1894,272,0,1,0,15,0,9,51,6,0,1,5,0,0,0,3,1,0,6,0,1,99,4,1,104,0,104,--,271,167,99,104,104,Algún campo sin dato,1,4acf0306cbeeb287276824c6daa907d2863f275a3fdc44e6c8066b1a4e17ac1f,26/06/2023 02:12:49,ESCANER
13675,"San Marcos",12,"Tacaná",7,1895,380,,,,,,,,,,,,,,,,,,,,,,,,,,,,,,,,,,0,,,
13676,"San Marcos",12,"Tacaná",7,1895,380,3,5,13,11,0,27,5,96,0,8,9,0,0,1,7,7,0,3,0,6,196,8,12,216,0,216,--,380,164,201,221,221,Sumas Asentadas sin cuadrar,1,38bc2665286b18fdcfc2e1d8beb65f6463707724df6cda5e6d6a3e019342e0c3,26/06/2023 02:41:48,ESCANER
13677,"San Marcos",12,"Tacaná",7,1895,380,3,5,27,6,2,15,2,50,2,3,6,2,2,0,5,2,0,2,0,2,136,10,8,154,0,154,--,380,223,136,154,154,Algún campo sin dato,1,c5e8c475145139f2f77a2525e2b11b5c259a9def70ed6564862a353f3b7a7d40,26/06/2023 02:57:53,ESCANER
13678,"San Marcos",12,"Tacaná",7,1895,380,0,5,19,6,2,6,5,60,6,6,9,1,5,0,4,7,0,3,0,1,145,10,6,161,0,161,--,380,219,145,161,161,Algún campo sin dato,1,4c4cdc67cf316a625188b7900f807c874812be19ee42fc475902a952b058059c,26/06/2023 03:01:21,ESCANER
13679,"San Marcos",12,"Tacaná",7,1895,279,,,,,,,,,,,,,,,,,,,,,,,,,,,,,,,,,,0,,,
13680,"San Marcos",12,"Tacaná",7,1895,279,,,,,,,,,,,,,,,,,,,,,,,,,,,,,,,,,,0,,,
13681,"San Marcos",12,"Tacaná",7,1896,380,2,8,0,25,0,4,7,12,2,1,17,6,1,1,9,2,0,8,3,2,110,23,12,145,0,145,--,380,235,110,145,145,Algún campo sin dato,1,849229f4991eab1acd289b1ecb9002642316ecc8733a22b640c88789d3c46b45,25/06/2023 23:47:25,ESCANER
13682,"San Marcos",12,"Tacaná",7,1896,380,,,,,,,,,,,,,,,,,,,,,,,,,,,,,,,,,,0,,,
13683,"San Marcos",12,"Tacaná",7,1896,380,,,,,,,,,,,,,,,,,,,,,,,,,,,,,,,,,,0,,,
13684,"San Marcos",12,"Tacaná",7,1896,380,,,,,,,,,,,,,,,,,,,,,,,,,,,,,,,,,,0,,,
13685,"San Marcos",12,"Tacaná",7,1896,348,3,13,1,14,0,3,7,2,2,0,9,5,0,2,3,1,0,7,3,0,75,11,9,95,0,95,--,345,250,75,95,95,Algún campo sin dato,1,d8c038c41937ac1605c421d1e145fcc37512af598e76c17b7ca495fe39482474,26/06/2023 01:27:52,ESCANER
13686,"San Marcos",12,"Tacaná",7,1896,347,2,8,3,15,0,7,15,5,4,0,5,6,0,1,1,0,0,8,4,0,84,7,3,94,0,94,--,347,253,84,94,94,Algún campo sin dato,1,3fc7f76c07952a36d8a7313a8c5eb3e0797917ac2dac04326ec1fa481663aad0,25/06/2023 23:12:42,ESCANER
13687,"San Marcos",12,"Tacaná",7,1897,380,0,2,2,40,4,8,15,8,0,6,19,3,10,1,6,1,2,5,2,3,137,17,16,170,0,170,--,380,210,137,170,170,Algún campo sin dato,1,698cae99e0e6707b71efc5e3ddf256634f7d8881d6df713fd83e787ee1e62c78,25/06/2023 23:49:14,ESCANER
13688,"San Marcos",12,"Tacaná",7,1897,380,0,1,1,39,2,10,17,12,0,8,20,3,8,0,14,3,0,13,0,4,155,12,10,177,0,177,--,380,203,155,177,177,Algún campo sin dato,1,06157e4d3ff659ddd5aedb00cd12a66cea5f4757247b7d2cc3d0352d1b1363fc,25/06/2023 23:14:50,ESCANER
13689,"San Marcos",12,"Tacaná",7,1897,380,1,1,5,24,4,9,30,3,0,0,22,5,4,0,7,3,4,9,2,3,136,6,11,153,0,153,--,380,227,136,153,153,Algún campo sin dato,1,d16fd8dbd63f2c4ed5a97812d5c1b81eb945ae0495be6af2826cf1026ee3bc47,25/06/2023 23:45:13,ESCANER
13690,"San Marcos",12,"Tacaná",7,1897,380,--,--,--,--,--,--,--,--,--,--,--,--,--,--,--,--,--,--,--,--,--,--,--,--,--,--,--,--,--,,,,Acta ilegible,0,66667e2413629127a7d3b9d6153067f033855f3a4b7c2fa0e662e2b7687b6ab1,25/06/2023 23:11:45,ESCANER
13691,"San Marcos",12,"Tacaná",7,1897,380,1,1,1,24,3,7,22,12,6,3,25,0,10,4,8,1,2,3,1,5,139,10,7,156,0,156,--,380,224,139,156,156,Algún campo sin dato,1,deab7c3fc92a4e094ae4971b35f7b41cd29822d4c9e748ec700861220f609c73,25/06/2023 23:55:55,ESCANER
13692,"San Marcos",12,"Tacaná",7,1897,364,0,1,1,33,1,12,18,2,1,1,13,2,4,0,17,0,1,4,2,1,114,2,6,122,0,122,--,364,242,114,122,122,Algún campo sin dato,1,ff29ef239954740b369e8685f8a952ce488e279216e2e7a2779cb337abea1c55,25/06/2023 22:27:33,ESCANER
13693,"San Marcos",12,"Tacaná",7,1897,363,0,4,0,22,4,7,8,3,2,3,12,3,6,0,8,1,1,3,3,3,93,5,5,103,257,360,--,360,257,93,103,360,Algún campo sin dato,1,06c149d3a0eec258ecbd701180d7d13b7a3fba1ca218e0af90c37f20440e3a38,25/06/2023 23:29:05,ESCANER
13694,"San Marcos",12,"Tacaná",7,1898,380,,,,,,,,,,,,,,,,,,,,,,,,,,,,,,,,,,0,,,
13695,"San Marcos",12,"Tacaná",7,1898,380,0,6,20,20,1,3,19,31,2,0,18,11,1,1,2,3,0,7,0,4,149,4,9,162,0,162,--,380,218,149,162,162,Algún campo sin dato,1,0e3ad70dbf7c696cf019b4037aee41134cb30e678da342f7419299afc37d0c28,26/06/2023 00:31:42,ESCANER
13696,"San Marcos",12,"Tacaná",7,1898,380,,,,,,,,,,,,,,,,,,,,,,,,,,,,,,,,,,0,,,
13697,"San Marcos",12,"Tacaná",7,1898,215,0,1,1,10,0,0,11,13,2,0,6,1,0,1,3,2,0,3,0,1,55,6,2,63,0,63,--,215,152,55,63,63,Algún campo sin dato,1,46944d4dd0d1d5eb1732de3262b40be409d6a96f363d52f32e32471b168e7ec9,26/06/2023 00:48:42,ESCANER
13698,"San Marcos",12,"Tacaná",7,1898,215,0,1,6,11,0,1,12,8,3,0,6,2,0,0,2,0,0,1,0,2,55,1,3,59,0,59,--,215,156,55,59,59,Algún campo sin dato,1,e35c48b6a3b8881983cd78cc7d53c1e54683e4a2fd8b1417cfe018445ca5bf4b,25/06/2023 23:16:18,ESCANER
13699,"San Marcos",12,"Tacaná",7,1899,374,0,5,2,28,3,15,19,12,12,5,5,32,2,0,5,0,0,6,0,4,155,3,9,167,0,167,--,374,207,155,167,167,Algún campo sin dato,1,3fa17233fde4ba8cf166174811bd64a074a0e6d51024f9f3b1a7778b3575da78,25/06/2023 23:49:44,MOVIL
13700,"San Marcos",12,"Tacaná",7,1899,373,0,0,1,23,1,9,15,8,13,0,6,13,2,0,2,0,1,2,0,4,100,5,4,109,0,109,0,373,264,100,109,109,,1,bb840ac64bf6d0def02d81c25d639256843da634b2e22dcd91f9c1efc70fdf6e,25/06/2023 22:54:55,MOVIL
13701,"San Marcos",12,"Tacaná",7,1900,380,0,1,0,58,2,6,62,1,6,0,10,0,2,1,10,3,0,2,0,2,166,18,9,193,0,193,--,380,187,166,193,193,Algún campo sin dato,1,d44a2ca9625749313c1e0b3c9c816fd8fca7705ddce737f3c6715c3254ccbc1f,25/06/2023 21:52:38,ESCANER
13702,"San Marcos",12,"Tacaná",7,1900,380,1,11,1,49,1,19,51,7,3,0,8,1,0,0,8,0,0,5,0,8,173,14,9,196,0,196,--,380,184,173,196,196,Algún campo sin dato,1,f8113600f262977bb39c9a40fd70a566dfa3cbdc4aa7b480c328a845560bf903,26/06/2023 00:09:54,ESCANER
13703,"San Marcos",12,"Tacaná",7,1900,380,0,8,0,39,0,8,43,1,1,0,6,0,1,0,13,3,0,2,0,3,128,8,11,147,0,147,--,380,233,128,147,147,Algún campo sin dato,1,1b644c5b0a8c428a0576ef9ffb076a29cf0d629991d32f411b00b5b8a11ef05c,25/06/2023 23:12:26,ESCANER
13704,"San Marcos",12,"Tacaná",7,1900,267,0,5,0,26,0,3,29,2,2,0,1,0,0,0,9,1,0,4,0,1,83,4,2,89,0,89,--,267,178,83,89,89,Algún campo sin dato,1,698311dc4cab0a346412a63fcddbf92a0fc617497ca1268d5347475340cb7694,26/06/2023 00:02:17,ESCANER
13705,"San Marcos",12,"Tacaná",7,1900,267,0,3,0,29,1,4,26,2,1,0,5,0,0,0,10,0,0,1,0,2,84,3,6,93,0,93,--,267,174,84,93,93,Algún campo sin dato,1,bce841345dfc418f071e0f199e6c324986b8b766adce1eb999b482e61ef6bb08,25/06/2023 21:41:46,ESCANER
13706,"San Marcos",12,"Tacaná",7,1901,380,1,5,8,23,4,0,49,34,0,1,30,5,0,0,9,6,4,1,0,1,183,22,0,183,0,205,--,380,175,181,203,203,Sumas Asentadas sin cuadrar,1,02ba5e71414666fa9b238a8a33b6d51de445edf67a4443105d8402897dce016b,25/06/2023 22:39:41,ESCANER
13707,"San Marcos",12,"Tacaná",7,1901,380,0,5,3,40,1,2,28,25,1,0,24,3,1,0,10,0,0,1,0,1,145,13,7,165,0,165,--,380,215,145,165,165,Algún campo sin dato,1,f8b3ba28ea359599683845aa577d4c41c358ab4b838075132128c3dabb303fed,26/06/2023 00:26:09,ESCANER
13708,"San Marcos",12,"Tacaná",7,1901,262,0,1,9,22,0,1,35,19,0,0,3,1,0,0,7,1,0,3,0,0,102,6,11,119,0,119,--,262,143,102,119,119,Algún campo sin dato,1,309670291533312fb497a7a832a60ff70f137b10c2b0f1bac6d7e5b5b7adfaf3,25/06/2023 21:37:42,ESCANER
13709,"San Marcos",12,"Tacaná",7,1901,261,0,1,6,15,0,1,29,16,0,2,9,0,0,1,10,0,1,1,0,1,93,2,7,102,0,102,0,261,159,93,102,102,,1,41ca3420080ef3126fa44ebe393a5b41b6abda7ae1d1b4aef94d80e68473782b,26/06/2023 01:31:57,ESCANER
13710,"San Marcos",12,"Tacaná",7,1902,380,2,6,2,27,3,13,71,28,0,0,12,10,0,1,6,4,0,8,2,7,202,22,11,235,0,235,--,380,145,202,235,235,Algún campo sin dato,1,bea4374611bd90b2b6c562f2619fa2178fcf91a2a1387b73a838419bd13d8e40,26/06/2023 01:54:48,ESCANER
13711,"San Marcos",12,"Tacaná",7,1902,380,3,6,1,35,3,2,63,35,3,1,20,9,2,0,3,1,0,4,1,4,196,24,11,231,0,231,--,380,149,196,231,231,Algún campo sin dato,1,9ca9f016efa5088162f6715b147a237bd5cbf48dc45ceec0b604552887601c30,25/06/2023 22:44:41,ESCANER
13712,"San Marcos",12,"Tacaná",7,1902,380,3,4,1,27,0,4,60,9,3,1,6,20,1,0,2,0,0,1,1,3,146,5,4,155,0,155,--,380,255,146,155,155,Algún campo sin dato,1,39d1c047b09ab71ae80be19cb956f3de3b4c3f8a39d471993180891dc680ac56,25/06/2023 21:59:07,ESCANER
13713,"San Marcos",12,"Tacaná",7,1902,194,0,2,0,14,0,3,30,4,2,0,4,4,0,0,6,0,0,3,1,1,74,2,2,78,0,78,--,194,116,74,78,78,Algún campo sin dato,1,e1e90c91d14f0418296ef2b1c8977ce2989c04c531daab24b70d6574edb9209d,25/06/2023 22:36:12,ESCANER
13714,"San Marcos",12,"Tacaná",7,1902,193,2,3,0,16,6,4,29,6,0,0,4,2,0,0,4,0,0,0,1,1,72,1,1,74,0,74,--,193,119,78,80,80,Sumas Asentadas sin cuadrar,1,b9a55306e976fe35f01ab4c1173209dca7a14bcd41e1035efb4d2d9979f4fe77,25/06/2023 21:57:28,ESCANER
13715,"San Marcos",12,"Tacaná",7,1903,380,0,3,3,59,2,2,18,6,4,2,15,8,2,1,4,1,0,37,0,5,172,13,6,191,0,191,--,380,189,172,191,191,Algún campo sin dato,1,0b5c4815e91628b03b4f530b950cd22ef21eeb39b6657b578a865b734b395fb4,26/06/2023 00:33:25,ESCANER
13716,"San Marcos",12,"Tacaná",7,1903,380,1,9,2,70,0,1,25,9,7,2,7,1,1,1,3,1,0,17,0,2,159,3,4,166,0,166,--,0,214,159,166,166,Algún campo sin dato,1,ec982b4309ad97da917202c9f707d1d7ca1ab8b85fa6b99db66b8ae5120c3d58,26/06/2023 01:17:09,ESCANER
13717,"San Marcos",12,"Tacaná",7,1903,215,0,8,1,27,3,0,9,4,4,0,5,3,0,2,3,1,0,11,0,0,81,5,4,90,0,90,--,215,125,81,90,90,Algún campo sin dato,1,43f3780da5baca0cc141e989667d843d24121bc384e507d8f138001116ed090f,25/06/2023 22:44:02,ESCANER
13718,"San Marcos",12,"Tacaná",7,1903,214,0,2,1,19,1,2,10,3,1,0,1,3,1,0,2,2,1,8,0,0,57,2,3,62,0,62,0,214,152,57,62,62,,1,3f65447087ffe65138b6bd19933171b0e2e7b0fb3f06cacdda10587a4c73a020,25/06/2023 22:53:03,ESCANER
13719,"San Marcos",12,"Tacaná",7,1904,380,9,8,1,45,1,0,19,58,1,3,9,4,1,0,3,6,1,4,0,1,174,13,8,195,0,195,0,380,185,174,195,195,,1,0ca2b6b9d45195c337fb179aeb583949d7845ebb2bde6ff9eca7024c69989079,25/06/2023 23:47:50,ESCANER
13720,"San Marcos",12,"Tacaná",7,1904,380,2,6,2,36,2,2,15,89,5,2,5,9,0,2,3,5,1,8,0,2,196,7,6,209,0,209,--,380,171,196,209,209,Algún campo sin dato,1,152ab786021b55dd590d23ad094369431f872ef1a039e8faef5af4f295c12dd2,26/06/2023 00:02:23,ESCANER
13721,"San Marcos",12,"Tacaná",7,1904,276,1,0,1,36,1,1,13,31,0,1,5,3,1,1,7,1,0,4,0,4,111,3,5,119,0,119,--,276,157,111,119,119,Algún campo sin dato,1,ab5a76d8fcbc79c6d22791bb11ff27a431e3abcbb8053d99f811dcc75cb47584,25/06/2023 22:03:47,ESCANER
13722,"San Marcos",12,"Tacaná",7,1904,276,0,1,0,37,0,0,13,32,2,2,2,2,0,0,6,1,0,2,0,2,102,1,1,104,0,104,--,276,172,102,104,104,Algún campo sin dato,1,ceabc2a1e681339e461085a5eceb1a0ea957c3382f9966365372a97c2cdc6c44,26/06/2023 00:27:37,ESCANER
13723,"San Marcos",12,"Tacaná",7,1905,380,2,10,5,29,1,12,8,43,5,0,7,1,1,3,7,1,4,3,0,5,147,20,13,180,0,180,--,380,200,147,180,180,Algún campo sin dato,1,c585c6b2a55f5a21bd3b4780a568527b86815b20684a9f2913e12376a26f1b61,26/06/2023 01:11:40,ESCANER
13724,"San Marcos",12,"Tacaná",7,1905,380,0,14,5,20,0,5,10,38,3,1,4,3,1,6,12,4,2,1,1,0,130,17,6,153,0,153,--,380,227,130,153,153,Algún campo sin dato,1,3e1c7984400daacaa5b8a465a7f8f66a08f1b8051c1628482fede79eff7389ac,26/06/2023 01:13:01,ESCANER
13725,"San Marcos",12,"Tacaná",7,1905,296,2,6,5,10,3,2,7,20,1,0,4,3,0,4,7,4,1,1,0,1,81,7,4,92,0,92,--,296,204,81,92,92,Algún campo sin dato,1,e58aadc32a5ac5d05569e5f25408cbe860694286d419c1b48f67a617e0f062f0,25/06/2023 23:49:06,ESCANER
13726,"San Marcos",12,"Tacaná",7,1905,295,1,6,3,12,0,2,1,20,2,1,3,1,0,2,10,0,0,2,2,0,68,2,3,73,0,73,--,295,222,68,73,73,Algún campo sin dato,1,ba8b34d1f3ed960e88c7e24989e06adeee0f7299efbc8d4e94fc5ec6d3371ed4,25/06/2023 22:47:33,ESCANER
13727,"San Marcos",12,"Tacaná",7,1906,600,0,5,2,18,5,0,16,6,0,3,7,3,2,5,8,2,2,3,2,2,91,6,6,103,0,103,--,600,497,91,103,103,Algún campo sin dato,1,9244428d6b4624cd18d44ec7e03e922fc5adbc99194d67c2b666c571fe4f76dd,25/06/2023 22:34:48,ESCANER
13728,"San Marcos",12,"Tacaná",7,1906,469,2,3,2,9,0,1,16,4,3,0,7,2,3,2,6,0,0,3,0,2,65,7,2,74,0,74,--,469,395,65,74,74,Algún campo sin dato,1,91e366857c503433a26b1ca29b38e6c70f53960c8791f97ccbdeee95aef1666f,25/06/2023 21:59:43,ESCANER
13729,"San Marcos",12,"Tacaná",7,1906,468,--,3,--,4,--,2,5,1,--,1,3,1,1,--,2,1,--,4,--,1,29,2,1,32,0,32,--,468,436,29,32,32,Algún campo sin dato,1,ed4aeadb68d139072f804103e1505d85062004b190fc234f29a80aa1f9163a5c,25/06/2023 20:19:56,ESCANER