﻿TIPO_DE_ELECCIÓN:,CORPORACIÓN MUNICIPAL
26 junio 2023 03:36 (UTC -6)
ACTAS_ESPERADAS,ACTAS_CAPTURADAS,PORCENTAJE_ACTAS_CAPTURADAS,ACTAS_CONTABILIZADAS,PORCENTAJE_ACTAS_CONTABILIZADAS,ACTAS_NO_CONTABILIZADAS,LISTA_NOMINAL_ACTAS_CONTABILIZADAS,VOTOS_EMITIDOS_CONTABILIZADAS,PORCENTAJE_PARTICIPACIÓN_CIUDADANA
41,37,90.2439,37,90.2439,0,13859,9510,68.6196

MESA,DEPARTAMENTO,ID_DEPARTAMENTO,MUNICIPIO,ID_MUNICIPIO,CENTRO_DE_VOTACIÓN,PADRÓN,VAMOS,CAMBIO,MILPA,CABAL,VALOR,ELEFANTE,TODOS,FCN-NACION,UNE,VÁLIDOS,NULOS,BLANCO,EMITIDOS,INVÁLIDOS,TOTAL,IMPUGNACIONES,PAPELETAS-RECIBIDAS,PAPELETAS-NO-USADAS,VALIDOS_CALCULADO,EMITIDOS_CALCULADO,TOTAL_CALCULADO,OBSERVACIONES,CONTABILIZADA,CÓDIGO_INTEGRIDAD,FECHA_HORA_PUBLICACIÓN,DIGITALIZACIÓN
24220,"Jutiapa",22,"Conguaco",13,3804,400,81,11,30,94,8,8,48,1,3,284,3,3,290,0,290,0,400,110,284,290,290,,1,66f20043831d7460c15f22c9ca00901b36a84da63f6ab4c776095ad847fc1e7c,26/06/2023 02:04:33,ESCANER
24221,"Jutiapa",22,"Conguaco",13,3804,400,97,15,30,89,10,14,21,0,9,285,18,4,307,0,307,0,400,93,285,307,307,,1,7ecc344dfdfba0e4f5ba0df4e0dc9e74b38f0e426d4c3eabc75a5a62d1999b8a,26/06/2023 01:58:48,ESCANER
24222,"Jutiapa",22,"Conguaco",13,3804,400,91,15,28,117,4,13,35,0,6,309,17,4,330,0,330,0,400,70,309,330,330,,1,1cef48518edf0ebfefa10787cf0b2ae704563bca71fc667aa48cef976ccc84b4,26/06/2023 02:04:52,ESCANER
24223,"Jutiapa",22,"Conguaco",13,3804,400,81,16,32,100,11,8,34,0,5,287,11,1,299,0,299,0,400,101,287,299,299,,1,f3eb09842a5e3e21c6b44a856e5c51b34808d61fad827e088e6dcc9bfee50f92,26/06/2023 01:50:34,ESCANER
24224,"Jutiapa",22,"Conguaco",13,3804,400,66,10,13,87,12,18,37,1,1,245,12,5,262,0,262,0,397,135,245,262,262,,1,f0727c44c84905381f9220fe2079dd59fa4b572845a3c286b7a26eb27ae8675f,26/06/2023 00:38:13,ESCANER
24225,"Jutiapa",22,"Conguaco",13,3804,400,86,18,23,108,5,7,29,1,2,279,7,0,286,0,286,0,400,114,279,286,286,,1,04b6e32083b0a2f7dddfa6e46fe4400f3e6f62847f1cc3e7b6ac14b84a902ed7,26/06/2023 01:37:55,ESCANER
24226,"Jutiapa",22,"Conguaco",13,3804,400,74,15,29,89,6,5,43,0,3,264,3,0,267,0,267,0,400,130,264,267,267,,1,df423c8e1e643f9c5f71ecb41fabdf28190b8f1d93ee2d9235d4b86d374b75d9,26/06/2023 02:37:23,ESCANER
24227,"Jutiapa",22,"Conguaco",13,3804,300,74,11,16,69,3,7,12,0,1,193,8,2,203,0,203,0,300,97,193,203,203,,1,44d63c132c574047b7b16c14033e57b6faf5b1c28d1e322ee1b559535f85299b,26/06/2023 01:28:26,ESCANER
24228,"Jutiapa",22,"Conguaco",13,3804,300,54,11,17,61,4,5,20,1,1,174,9,1,184,0,184,0,300,116,174,184,184,,1,afbe3588ddd0c8572ce48662fe45ae47d86cbee7faf6fe9ffe7211b18014cb92,26/06/2023 00:03:29,ESCANER
24229,"Jutiapa",22,"Conguaco",13,3805,400,110,20,5,89,1,6,43,1,9,284,41,8,333,0,333,0,400,67,284,333,333,,1,445ca99af97199755ea37e378461a4a397802089da0ef52adfbe327e994eb3a3,26/06/2023 01:39:39,ESCANER
24230,"Jutiapa",22,"Conguaco",13,3805,400,,,,,,,,,,,,,,,,,,,,,,,0,,,
24231,"Jutiapa",22,"Conguaco",13,3805,377,84,26,7,77,2,10,43,0,5,254,20,10,284,0,284,0,374,90,254,284,284,,1,dc7994a3e1f030d4d3e9b4145fe45167484ecff90b78612bd19147e3d1437440,26/06/2023 01:22:12,ESCANER
24232,"Jutiapa",22,"Conguaco",13,3805,377,97,30,3,84,3,4,22,2,5,250,13,2,265,0,265,0,374,109,250,265,265,,1,607f952f1d9437839e5b546430f070fb3bd39e52cba95dd486bef34d44ecdafe,26/06/2023 01:06:02,ESCANER
24233,"Jutiapa",22,"Conguaco",13,3806,400,79,18,24,71,8,7,53,0,14,274,35,8,317,0,317,0,400,83,274,317,317,,1,3c771ce97853a91c678d6eda5e7ef5a8fa396dda0316b7ad958ab4d2bc89a84f,26/06/2023 00:02:46,ESCANER
24234,"Jutiapa",22,"Conguaco",13,3807,400,,,,,,,,,,,,,,,,,,,,,,,0,,,
24235,"Jutiapa",22,"Conguaco",13,3807,400,83,13,15,92,7,7,41,0,3,261,16,7,284,0,284,0,397,113,261,284,284,,1,56eeaf0ffc0e2efd3ef7631fb3b073c33c298d659f32c92414647c0de74bed4b,26/06/2023 03:07:08,ESCANER
24236,"Jutiapa",22,"Conguaco",13,3808,258,65,5,10,59,4,4,27,0,0,174,7,1,182,0,182,0,258,76,174,182,182,,1,d54792949f352371109a75a165b59f8f00742c9e343a292784ce2c7f289f16de,25/06/2023 22:36:23,ESCANER
24237,"Jutiapa",22,"Conguaco",13,3808,257,44,13,15,56,2,3,26,0,3,162,4,0,166,0,166,0,257,91,162,166,166,,1,dd6c66944f19bb67e63a99f6f0c14b430937c17c64751f39d158d5e51aa27c81,25/06/2023 21:44:42,ESCANER
24238,"Jutiapa",22,"Conguaco",13,3809,380,77,13,5,94,3,1,25,1,7,226,19,8,253,0,253,0,380,127,226,253,253,,1,1364e7348300583f667ee822afb0e4d8e9d743f49b05702ab27c7ac3365c8efa,26/06/2023 01:19:25,ESCANER
24239,"Jutiapa",22,"Conguaco",13,3809,380,95,11,5,118,7,2,27,0,6,271,15,3,289,0,289,0,380,91,271,289,289,,1,bcba76df60d74a53dd4e4b515ccb9b6db5e4e0ecd67ce1cc46b0daf4cc59d700,26/06/2023 02:25:38,ESCANER
24240,"Jutiapa",22,"Conguaco",13,3809,380,100,11,7,125,3,1,35,2,6,290,14,4,308,0,308,0,380,72,290,308,308,,1,bb3252e59e33351bdf806205f3316b3fd3f8c4b1a7453c9e4b59af37803ffd03,26/06/2023 01:39:01,ESCANER
24241,"Jutiapa",22,"Conguaco",13,3809,380,,,,,,,,,,,,,,,,,,,,,,,0,,,
24242,"Jutiapa",22,"Conguaco",13,3809,380,104,13,10,117,4,0,25,2,5,280,30,2,312,0,312,0,380,68,280,312,312,,1,c923ef8baba613ba23c2ef7593c6b6d1e6b80d3706623e44c81e207436b0cbea,26/06/2023 02:16:12,ESCANER
24243,"Jutiapa",22,"Conguaco",13,3809,380,,,,,,,,,,,,,,,,,,,,,,,0,,,
24244,"Jutiapa",22,"Conguaco",13,3809,380,94,16,6,129,2,0,34,0,4,285,18,4,307,0,307,0,380,73,285,307,307,,1,f8d361323d087a409965b1066e262f0b582700aacdfe4f76eb9c43b2732205f8,26/06/2023 02:50:56,ESCANER
24245,"Jutiapa",22,"Conguaco",13,3809,380,91,19,9,115,3,0,29,6,6,278,17,6,301,0,301,0,382,81,278,301,301,,1,be7b79ad41b248abe71f8160ed07858262aa293d91bb9c382f923e08c9143bfb,26/06/2023 03:03:16,ESCANER
24246,"Jutiapa",22,"Conguaco",13,3809,380,117,11,5,87,2,5,53,2,2,284,20,3,307,0,307,0,380,73,284,307,307,,1,2ade873c6290e463e89c337ee87670b0614465bdf5df04781675678979deea1c,26/06/2023 03:07:48,ESCANER
24247,"Jutiapa",22,"Conguaco",13,3809,380,84,11,3,83,1,3,48,0,0,233,10,5,248,0,233,0,0,0,233,248,248,Sumas Asentadas sin cuadrar,1,b2b2ab34854dbdda7b077db005e971d462bb211fccdf12e69ce2ca5f2dc27985,26/06/2023 02:10:13,ESCANER
24248,"Jutiapa",22,"Conguaco",13,3809,380,94,13,4,85,1,0,24,0,4,225,6,3,234,0,234,0,377,143,225,234,234,,1,0a2eb53ed659443835e82a8073b80373bde05547b8c37477a7d4eb63b9aea80d,26/06/2023 02:58:08,ESCANER
24249,"Jutiapa",22,"Conguaco",13,3809,380,70,13,4,77,0,1,33,1,0,199,17,5,221,0,221,0,0,0,199,221,221,,1,6eb6e45946cfbddb29dca200cde7e94ccbd2cf8c580fd42fbad7bd8ef89bef97,26/06/2023 01:52:28,ESCANER
24250,"Jutiapa",22,"Conguaco",13,3809,380,75,11,4,107,5,3,25,3,7,261,12,9,261,0,261,--,--,--,240,261,261,Sumas Asentadas sin cuadrar,1,8caeba8f82c13271c1dba0158e508bcc42067f889a0b8ee0da41d2897a340ede,26/06/2023 03:35:30,ESCANER
24251,"Jutiapa",22,"Conguaco",13,3810,380,93,16,4,80,5,2,22,0,3,225,6,7,238,0,238,0,380,142,225,238,238,,1,f9f4004cb0bd7d3cbc66c3f0da123f38cc21ec101dc988c854d459b65ea97bc6,26/06/2023 00:22:13,ESCANER
24252,"Jutiapa",22,"Conguaco",13,3810,380,83,7,4,104,6,1,25,1,6,237,22,2,261,0,261,0,380,119,237,261,261,,1,4db1a81089209e340499d462ed822b854cc52fd4688baea47cad8588165094ad,26/06/2023 00:40:17,ESCANER
24253,"Jutiapa",22,"Conguaco",13,3810,380,89,15,4,88,4,3,17,0,0,220,8,2,230,0,230,0,379,144,220,230,230,,1,d668033c0fbdda45e2ef59a8417a2990ae6570291bdaae84109d5d238048969d,26/06/2023 01:50:38,ESCANER
24254,"Jutiapa",22,"Conguaco",13,3810,380,72,8,4,104,0,2,29,0,2,221,1,3,225,0,225,0,380,155,221,225,225,,1,3abb2594aa885c0fcaadb7ed6be6b774ed7a9ccbc73e5fa2e680d123af4e45c6,26/06/2023 00:11:01,ESCANER
24255,"Jutiapa",22,"Conguaco",13,3810,380,82,17,4,103,0,0,22,2,3,233,5,2,240,0,240,0,380,140,233,240,240,,1,b17f92972aa1ea9c0efe573035a1b4cd7bb99c74232d6ae76fb39e40a678142d,26/06/2023 00:52:50,ESCANER
24256,"Jutiapa",22,"Conguaco",13,3810,380,103,12,1,92,5,2,41,2,1,259,6,1,266,0,266,0,380,114,259,266,266,,1,db4d66f291593bf934c4bf0d3a854590b26a04e4834431299b5663d4bb713832,26/06/2023 00:16:22,ESCANER
24257,"Jutiapa",22,"Conguaco",13,3810,380,76,15,1,122,0,1,29,1,1,246,4,2,252,0,252,0,380,128,246,252,252,,1,d0e259411fbb80de435bc5b793bc4531d1c2867b90ea43904747899c2e9b564a,26/06/2023 01:06:21,ESCANER
24258,"Jutiapa",22,"Conguaco",13,3811,376,94,11,0,89,0,1,27,0,3,225,5,3,233,0,233,0,376,143,225,233,233,,1,fdf189572758801cdee154503d779152c4f49e11fc4012264c8f21f92b8a04dd,26/06/2023 01:37:20,ESCANER
24259,"Jutiapa",22,"Conguaco",13,3811,375,68,9,2,84,2,0,22,0,1,188,3,3,194,0,194,0,375,181,188,194,194,,1,fee675724401c49b38ee4d016450f825c509bc5b9597ae0d8090870fb15d141f,25/06/2023 23:36:39,ESCANER
24260,"Jutiapa",22,"Conguaco",13,3812,399,21,4,3,28,0,2,9,0,2,69,1,1,71,0,71,0,396,325,69,71,71,,1,e14b68a317cf4e49ed3a69f64203824f8eeb4b85e717d67dcaf23d0027db9d0a,25/06/2023 22:04:56,ESCANER