﻿TIPO_DE_ELECCIÓN:,CORPORACIÓN MUNICIPAL
26 junio 2023 03:36 (UTC -6)
ACTAS_ESPERADAS,ACTAS_CAPTURADAS,PORCENTAJE_ACTAS_CAPTURADAS,ACTAS_CONTABILIZADAS,PORCENTAJE_ACTAS_CONTABILIZADAS,ACTAS_NO_CONTABILIZADAS,LISTA_NOMINAL_ACTAS_CONTABILIZADAS,VOTOS_EMITIDOS_CONTABILIZADAS,PORCENTAJE_PARTICIPACIÓN_CIUDADANA
94,92,97.8723,92,97.8723,0,34593,14374,41.5517

MESA,DEPARTAMENTO,ID_DEPARTAMENTO,MUNICIPIO,ID_MUNICIPIO,CENTRO_DE_VOTACIÓN,PADRÓN,VAMOS,UNE,CABAL,PHG,VIVA,BIEN,VALOR,VÁLIDOS,NULOS,BLANCO,EMITIDOS,INVÁLIDOS,TOTAL,IMPUGNACIONES,PAPELETAS-RECIBIDAS,PAPELETAS-NO-USADAS,VALIDOS_CALCULADO,EMITIDOS_CALCULADO,TOTAL_CALCULADO,OBSERVACIONES,CONTABILIZADA,CÓDIGO_INTEGRIDAD,FECHA_HORA_PUBLICACIÓN,DIGITALIZACIÓN
15682,"Huehuetenango",13,"La Democracia",12,2291,400,86,37,11,3,13,2,5,157,14,2,173,0,173,--,405,232,157,173,173,Algún campo sin dato,1,12a5ef3fb2c6842b41f34388d3b78e778dc4f423ea02a22ff9c75d2b2fa75b59,26/06/2023 00:23:20,ESCANER
15683,"Huehuetenango",13,"La Democracia",12,2291,400,111,41,16,1,13,2,10,194,16,5,215,0,215,--,400,185,194,215,215,Algún campo sin dato,1,0686bf880452b5e05c259e00ea1fa5ded3044b81d6f787e859d34a186bcccb21,26/06/2023 01:03:29,ESCANER
15684,"Huehuetenango",13,"La Democracia",12,2291,400,92,40,10,3,17,2,6,170,12,3,185,0,185,--,400,215,170,185,185,Algún campo sin dato,1,2b7e66f433a4a3e82560603d772a1c550541751321ac4dfc1c0df664a047660f,25/06/2023 23:25:14,ESCANER
15685,"Huehuetenango",13,"La Democracia",12,2292,400,104,48,14,5,20,3,3,197,16,4,217,0,217,--,399,182,197,217,217,Algún campo sin dato,1,3d7f8fd8720d26b6d0dbe94fa972e053f7c06a382df7ab6dcaa3d02572a74c7d,26/06/2023 01:09:43,ESCANER
15686,"Huehuetenango",13,"La Democracia",12,2292,400,98,55,15,5,18,4,1,196,19,5,220,0,220,--,400,180,196,220,220,Algún campo sin dato,1,b7f731bf2d7bf477e4ebfbda02a19de4494b75670ed33d7fe31a2e2fffb6640e,26/06/2023 01:20:35,ESCANER
15687,"Huehuetenango",13,"La Democracia",12,2292,400,99,36,10,4,9,0,2,160,7,0,167,0,167,--,399,232,160,167,167,Algún campo sin dato,1,b84bd39cff4ef99fd98a4a935450daa415e9e34f98347e99b4bcaaf9aeb7f10d,25/06/2023 22:23:01,ESCANER
15688,"Huehuetenango",13,"La Democracia",12,2292,400,83,33,12,2,12,2,8,152,16,6,174,0,174,--,400,226,152,174,174,Algún campo sin dato,1,c49b1be1fe9bfed1a8d495584eeb041ca222bfb21aed624b4c75d72315bbb13d,26/06/2023 00:22:57,ESCANER
15689,"Huehuetenango",13,"La Democracia",12,2292,400,82,25,19,2,10,4,4,146,10,6,162,0,162,--,400,235,146,162,162,Algún campo sin dato,1,42006cb0068da1b18c6003e1e4c84047817a70574316470f561797c4f87637be,25/06/2023 22:44:07,ESCANER
15690,"Huehuetenango",13,"La Democracia",12,2292,400,84,43,8,5,13,3,4,160,5,4,0,0,169,--,400,231,160,169,169,Algún campo sin dato,1,a2004884d2d3714a5ebd7fc79df1cc703257a6d33e253aa4f0137a6baa7f614f,25/06/2023 23:28:02,ESCANER
15691,"Huehuetenango",13,"La Democracia",12,2292,400,108,47,7,0,9,2,8,181,5,1,187,0,187,--,400,213,181,187,187,Algún campo sin dato,1,159006e471949d73ee698ff417b671d36da45f998230743c7c29cfb1c49065b2,25/06/2023 23:34:16,ESCANER
15692,"Huehuetenango",13,"La Democracia",12,2292,218,59,9,5,1,11,0,0,85,3,1,89,0,89,--,218,129,85,89,89,Algún campo sin dato,1,160c9e35a247664f2203a2dd5b9d0b32c76fdaeab21099848e441e4b830776b7,25/06/2023 22:07:33,ESCANER
15693,"Huehuetenango",13,"La Democracia",12,2292,218,34,6,5,1,1,0,1,48,12,3,63,0,63,--,218,155,48,63,63,Algún campo sin dato,1,5104095de96c278ab77d9b150c5a8f4e7c757ef46c18c5cbe61fb63fcd8edd2c,25/06/2023 22:23:42,ESCANER
15694,"Huehuetenango",13,"La Democracia",12,2293,400,100,22,9,2,19,4,3,159,18,4,181,0,181,--,400,219,159,181,181,Algún campo sin dato,1,0986762bcb020a4ad5a7afba01b060d08ef82c27f53996005eb489035906bb7d,26/06/2023 01:49:38,ESCANER
15695,"Huehuetenango",13,"La Democracia",12,2293,400,95,41,19,4,13,3,4,179,18,8,205,0,205,--,387,182,179,205,205,Algún campo sin dato,1,876b001fac887e4cc0d66234da63c9caa40d9137a32d5b8d0052ff13f5131d79,25/06/2023 23:52:26,ESCANER
15696,"Huehuetenango",13,"La Democracia",12,2293,400,99,36,9,1,21,4,6,176,26,5,207,--,207,--,400,193,176,207,207,Algún campo sin dato,1,a4ffb757deba16cb6e0be9af59a3096f18b1c0e1940407abdc86291c410b15ff,25/06/2023 23:30:51,ESCANER
15697,"Huehuetenango",13,"La Democracia",12,2293,400,96,45,10,1,22,6,2,182,17,2,201,0,201,--,400,199,182,201,201,Algún campo sin dato,1,5f6af73c34c65ec6f38ca334aff6eee88b1ae9b416f4b7269cf0bb36b3b9df57,26/06/2023 00:58:15,ESCANER
15698,"Huehuetenango",13,"La Democracia",12,2293,400,118,42,0,1,17,3,2,183,27,9,219,0,183,--,400,181,183,219,219,Sumas Asentadas sin cuadrar,1,f76b600b46dfefa20415deb4a33f7c053ae95c87195656d3f74caec420fed844,26/06/2023 02:19:04,ESCANER
15699,"Huehuetenango",13,"La Democracia",12,2293,400,110,48,20,4,24,4,4,214,18,5,237,0,237,--,400,163,214,237,237,Algún campo sin dato,1,2094dbff47ac3969eaaf124bbd2a5619f2dce2cf3c46158182aa9f1fbd3c95b9,26/06/2023 00:28:42,ESCANER
15700,"Huehuetenango",13,"La Democracia",12,2293,400,112,28,19,1,20,0,4,184,21,4,209,0,209,--,400,191,184,209,209,Algún campo sin dato,1,c645d16b54eb31d986603698b6dc7ce0e2676674d842ada786d34fc1385d0407,25/06/2023 23:57:23,ESCANER
15701,"Huehuetenango",13,"La Democracia",12,2293,400,79,28,9,0,14,1,1,132,7,5,144,0,144,--,400,256,132,144,144,Algún campo sin dato,1,1ee97aff9514dba94ff796529014f23568a797c156fd301ed175dd50dbf6f3b7,25/06/2023 21:45:01,ESCANER
15702,"Huehuetenango",13,"La Democracia",12,2293,400,100,34,16,1,9,4,3,167,14,2,183,0,183,--,400,217,167,183,183,Algún campo sin dato,1,ea421e3791598bc39578a49fc21c9b256bafd0e1346df39c1476b02ea4acb2b6,26/06/2023 00:03:35,ESCANER
15703,"Huehuetenango",13,"La Democracia",12,2293,400,107,35,13,6,17,2,3,183,11,3,197,0,197,--,400,203,183,197,197,Algún campo sin dato,1,cf6315c62b0bf88a116ef4204d8489fc226be1d6a92a6441d9bde72085e3b910,26/06/2023 01:09:08,ESCANER
15704,"Huehuetenango",13,"La Democracia",12,2293,400,93,32,5,2,18,1,0,151,15,2,168,0,168,0,400,232,151,168,168,,1,cb83b7dfd3f5b2d810f8c7beb07cbcf3ff4fa61b15cfac84569fc308f94544bd,26/06/2023 00:41:38,ESCANER
15705,"Huehuetenango",13,"La Democracia",12,2293,400,80,41,9,3,16,1,3,153,13,6,172,0,172,--,400,228,153,172,172,Algún campo sin dato,1,a4a1193682e07fcf0b32a55ea92b4336ce9876d238c33a9a2f01bcea9a728c21,26/06/2023 00:49:59,ESCANER
15706,"Huehuetenango",13,"La Democracia",12,2293,400,101,36,8,3,9,2,1,160,5,0,165,236,401,--,401,236,160,165,401,Algún campo sin dato,1,da12d15ceeb287f8ca51f45abb2d7d593ab24ef7c95f7e7340af06c9f7a33d22,26/06/2023 00:27:54,ESCANER
15707,"Huehuetenango",13,"La Democracia",12,2293,400,112,33,11,1,17,1,1,176,10,1,187,0,187,--,400,213,176,187,187,Algún campo sin dato,1,443ec1b23510a92eff01a477fa2e58679a8335aef0d9f723a995c1fadad8491f,25/06/2023 22:42:13,ESCANER
15708,"Huehuetenango",13,"La Democracia",12,2293,284,51,26,5,0,16,0,1,99,4,4,107,0,107,--,284,177,99,107,107,Algún campo sin dato,1,11f98d7c4e5ac66982fdb84b8e29acdae5ec8912f9552f6ad5dc228d3b711be1,25/06/2023 23:17:11,ESCANER
15709,"Huehuetenango",13,"La Democracia",12,2293,283,51,15,7,1,6,0,3,83,9,3,95,0,95,--,283,188,83,95,95,Algún campo sin dato,1,44679e8bac59b17cd3b132115ff39f949d0efc3e717fbd97320c09aef2bff46a,25/06/2023 23:59:59,ESCANER
15710,"Huehuetenango",13,"La Democracia",12,2294,380,40,43,25,2,10,2,10,132,18,11,161,0,161,--,396,235,132,161,161,Algún campo sin dato,1,15b220aacdba1d97a3abbac647007fb030a87221f5d919bf087facffce03b0d8,26/06/2023 00:53:36,ESCANER
15711,"Huehuetenango",13,"La Democracia",12,2294,380,59,29,20,4,11,3,10,136,27,8,171,0,171,--,380,209,136,171,171,Algún campo sin dato,1,df0ffcc92d85ccc35e899fdc0497bc7f217714fb3d5c98b5f2e2a7cfa2b213ee,25/06/2023 22:52:05,ESCANER
15712,"Huehuetenango",13,"La Democracia",12,2294,380,37,38,29,7,15,0,12,138,20,9,167,0,167,--,396,229,138,167,167,Algún campo sin dato,1,0313692705f5d6b85c4147dc14cdc899492a6bfe8717c0dab090c5e0b373044d,26/06/2023 00:01:15,ESCANER
15713,"Huehuetenango",13,"La Democracia",12,2294,380,41,32,18,1,14,1,13,120,15,7,142,0,142,--,380,238,120,142,142,Algún campo sin dato,1,64332fbab70828a6630d675a9b0d3bd9b26b060ad31158a5614e58bea35e1291,25/06/2023 22:14:49,ESCANER
15714,"Huehuetenango",13,"La Democracia",12,2294,380,39,30,16,0,5,0,15,105,8,4,117,1,118,--,380,262,105,117,118,Algún campo sin dato,1,6cee777e07fb8a15d42a6f4a941c2338769c2ee9a56ed50dc8ef6f41f4b14193,25/06/2023 22:51:24,ESCANER
15715,"Huehuetenango",13,"La Democracia",12,2294,380,32,28,23,2,8,2,10,105,18,6,129,0,129,--,380,251,105,129,129,Algún campo sin dato,1,74e10a937fdcb9cd65aefeffb0d843b6134b755ebdc2ea8703507838cd4131c7,25/06/2023 21:50:51,ESCANER
15716,"Huehuetenango",13,"La Democracia",12,2294,288,31,13,16,1,10,1,10,82,10,3,95,0,95,0,288,193,82,95,95,,1,8db7ba35119e1b08631c0208f5e2b565c719daf93f8ee4c654f53c235f71cbda,25/06/2023 22:55:50,ESCANER
15717,"Huehuetenango",13,"La Democracia",12,2294,287,16,8,7,1,9,1,7,49,6,7,62,0,62,--,287,225,49,62,62,Algún campo sin dato,1,8c0d68441b708a5a495866439e1396ffdfc1aad60c3a476abc1e7a7b49d5e044,25/06/2023 21:44:46,ESCANER
15718,"Huehuetenango",13,"La Democracia",12,2295,380,38,46,4,1,9,1,11,110,23,4,137,0,137,--,380,243,110,137,137,Algún campo sin dato,1,e8e2fb5baa7ed2feaf0ecf5314d1002deaf3ee4c9eb8da35e0b0e97eb1d319ea,25/06/2023 20:21:49,ESCANER
15719,"Huehuetenango",13,"La Democracia",12,2295,380,35,47,4,0,3,0,11,100,22,4,126,0,126,--,380,254,100,126,126,Algún campo sin dato,1,0d41920af9e5a771b49f15d1757dae86d31b6973993540da9d2bafbd16b84cdf,25/06/2023 22:16:58,ESCANER
15720,"Huehuetenango",13,"La Democracia",12,2295,380,49,50,3,1,8,1,27,139,26,5,170,0,170,--,380,210,139,170,170,Algún campo sin dato,1,1380f791ae9daae82110b84fd3e48ca9bc8fbca31d4e2434dfd3a93f820dfce1,25/06/2023 23:04:41,ESCANER
15721,"Huehuetenango",13,"La Democracia",12,2295,380,49,30,8,2,6,2,36,133,25,6,164,0,164,--,380,216,133,164,164,Algún campo sin dato,1,709c5c462d320d4823c49cacdf8bec89bd97adf161671e067ad024d29a1d4f0c,25/06/2023 22:40:51,ESCANER
15722,"Huehuetenango",13,"La Democracia",12,2295,380,35,41,4,2,7,0,21,110,22,3,135,0,135,--,371,236,110,135,135,Algún campo sin dato,1,27f2a5b40580e5d1ffca5dc75ae4431f440ef58d2a02cde2d310a18bd1c57ad2,25/06/2023 22:52:41,ESCANER
15723,"Huehuetenango",13,"La Democracia",12,2295,380,33,31,5,3,8,0,20,100,15,2,117,0,117,--,380,263,100,117,117,Algún campo sin dato,1,b376bd1ec6871706d403667cfa797364beb3080c54261d84445f3eae6c037429,25/06/2023 21:42:57,ESCANER
15724,"Huehuetenango",13,"La Democracia",12,2295,380,38,47,3,1,6,3,16,114,10,1,125,0,125,--,405,280,114,125,125,Algún campo sin dato,1,b11f275da8673f9e2ce4212d278ca12445748264cb0d2d9e484708b53a4c4fe2,25/06/2023 23:14:16,ESCANER
15725,"Huehuetenango",13,"La Democracia",12,2295,380,34,36,2,0,8,1,18,99,18,1,118,0,118,--,380,262,99,118,118,Algún campo sin dato,1,5354235f25b9d0172fe65c8e902dcb6f8b3b5970493fbea4b2f8eaf45eb25049,25/06/2023 21:07:52,ESCANER
15726,"Huehuetenango",13,"La Democracia",12,2295,380,22,36,5,0,3,0,13,79,17,4,100,0,100,--,380,280,79,100,100,Algún campo sin dato,1,df5fcab0ebad8e52d2a0ca9fc8755ba20fbc238b9588a6cd3c3e786f45b54ad3,25/06/2023 22:31:58,ESCANER
15727,"Huehuetenango",13,"La Democracia",12,2295,380,34,31,2,0,8,1,17,93,14,2,109,0,109,--,380,271,93,109,109,Algún campo sin dato,1,363ff53b40c8fa668a72b341bd8b0bfc1020e685a1b2379fe1cc1de5990c9c2d,25/06/2023 21:48:56,ESCANER
15728,"Huehuetenango",13,"La Democracia",12,2295,277,15,25,2,0,3,1,10,56,13,2,71,0,71,--,277,206,56,71,71,Algún campo sin dato,1,e4de6d00075b73ed257791e707522c849a4970c82d0dcf7777a9cbdf23a99828,25/06/2023 20:29:37,ESCANER
15729,"Huehuetenango",13,"La Democracia",12,2295,276,20,16,2,0,7,0,14,59,7,5,71,0,71,--,276,205,59,71,71,Algún campo sin dato,1,0e20706cd8ed3fa4cbac6336311855b3a198b32df791ae1254168c193543dd1c,25/06/2023 21:23:17,ESCANER
15730,"Huehuetenango",13,"La Democracia",12,2296,380,91,48,2,1,9,1,2,154,14,6,174,0,174,--,376,202,154,174,174,Algún campo sin dato,1,abb754e5e965e02c27ae31ead9015c520952de4f295315cdf1389e477a254916,26/06/2023 01:02:06,ESCANER
15731,"Huehuetenango",13,"La Democracia",12,2296,380,94,50,8,0,8,1,1,162,18,4,184,0,184,--,380,196,162,184,184,Algún campo sin dato,1,f87eda128277a6442d15c6516fed68fe15dc36cc72beda2f7bbf4e7a66040924,25/06/2023 23:48:18,ESCANER
15732,"Huehuetenango",13,"La Democracia",12,2296,380,91,42,1,1,11,1,1,148,12,2,162,0,162,--,380,218,148,162,162,Algún campo sin dato,1,26f0f0d2f8a32dbbe62f17d13382463896c33dcd6f614da4c2d68df67a3276e8,25/06/2023 21:19:51,ESCANER
15733,"Huehuetenango",13,"La Democracia",12,2296,380,76,31,7,0,10,1,3,128,14,0,142,0,142,--,380,238,128,142,142,Algún campo sin dato,1,bdecff2b9c6a119c87ff2da6d7a5c23f0f9c71dee7baed15029c2ed50da10982,25/06/2023 20:59:04,ESCANER
15734,"Huehuetenango",13,"La Democracia",12,2296,282,68,32,2,0,3,1,4,110,3,0,113,0,113,--,282,169,110,113,113,Algún campo sin dato,1,f48ad7d65e6e4f535b10a9cc4fcb495b7436e688d460181f8f5c2a7dd1f121e0,25/06/2023 21:32:17,ESCANER
15735,"Huehuetenango",13,"La Democracia",12,2296,282,53,35,2,0,1,1,0,92,5,0,97,0,97,--,282,185,92,97,97,Algún campo sin dato,1,f9ae37bc9dd08783452f5a26f0d25120c17a778cc6bcf9afe8783dde55d70268,25/06/2023 22:03:21,ESCANER
15736,"Huehuetenango",13,"La Democracia",12,2297,380,46,40,19,0,28,4,4,141,23,3,167,0,167,--,379,212,141,167,167,Algún campo sin dato,1,34ba6bf98ac74ca3c8e3e6b4576b2ac62b0536aac9c8b656d70ad8f0ce0e516a,25/06/2023 22:41:41,ESCANER
15737,"Huehuetenango",13,"La Democracia",12,2297,380,67,30,21,0,22,1,8,149,24,6,179,0,179,--,396,217,149,179,179,Algún campo sin dato,1,e8313090cef6d48db6afc9c94d671e25ac0e6ac080017ac67833dfba475448bb,25/06/2023 23:11:14,ESCANER
15738,"Huehuetenango",13,"La Democracia",12,2297,380,50,41,20,1,31,1,10,182,26,2,192,10,192,--,380,188,154,182,192,Sumas Asentadas sin cuadrar,1,330c351fb1f7690ff2cdaa008f9eea022f145fb7f84a6bb0b91784c8e15dcaea,26/06/2023 01:21:34,ESCANER
15739,"Huehuetenango",13,"La Democracia",12,2297,380,57,48,33,2,35,2,9,186,19,11,216,0,216,--,380,164,186,216,216,Algún campo sin dato,1,cdead5b371e3537d7a1958bf2e35d8cb6d422ce4aee0d32c83561116ef974f41,26/06/2023 01:56:11,ESCANER
15740,"Huehuetenango",13,"La Democracia",12,2297,380,48,64,29,0,12,0,5,158,18,2,178,0,178,--,381,203,158,178,178,Algún campo sin dato,1,43b215134e0c5574dca8b5de4b785432e1a164f83f2b1a1b694ce946ae89e8d1,25/06/2023 23:45:56,ESCANER
15741,"Huehuetenango",13,"La Democracia",12,2297,380,40,66,12,1,17,1,9,146,12,2,160,0,160,--,400,240,146,160,160,Algún campo sin dato,1,1cf11f2db090fdd79265fe04552845e48b92c8bb97492efb8d96c64fba84b1f3,26/06/2023 00:46:44,ESCANER
15742,"Huehuetenango",13,"La Democracia",12,2297,380,45,47,15,0,20,2,6,135,20,4,159,0,159,--,380,221,135,159,159,Algún campo sin dato,1,da74be78580ce788b5894b97965919c3b80a08090f82ce2189999d6791d5c0ca,26/06/2023 00:13:20,ESCANER
15743,"Huehuetenango",13,"La Democracia",12,2297,380,37,36,18,0,14,0,6,111,13,5,129,0,129,--,380,251,111,129,129,Algún campo sin dato,1,0644324223d329ae3f57f8208dbc864baa2538100c42702d4a39116b4852ee28,25/06/2023 23:10:06,ESCANER
15744,"Huehuetenango",13,"La Democracia",12,2297,380,47,37,17,0,12,2,7,122,19,0,141,0,141,--,380,239,122,141,141,Algún campo sin dato,1,a6b51ffb1e53ec466149ed4a48aefde73d93ae6098edba07fee57ac14e0dbfd9,25/06/2023 23:37:21,ESCANER
15745,"Huehuetenango",13,"La Democracia",12,2297,380,41,55,11,1,23,0,11,142,15,1,158,0,158,--,380,222,142,158,158,Algún campo sin dato,1,1cab7e77c9ba8031fc86ab31b95602ae3954a96cad0a4a6cc00c19dd394369de,25/06/2023 23:50:09,ESCANER
15746,"Huehuetenango",13,"La Democracia",12,2297,380,55,36,16,0,20,1,6,134,8,1,143,0,143,--,396,253,134,143,143,Algún campo sin dato,1,d74bbae980167e8666623e683184ebc1e48da962a255db59cb310d9963a379b3,25/06/2023 23:25:15,ESCANER
15747,"Huehuetenango",13,"La Democracia",12,2297,267,39,39,13,2,17,0,2,112,4,2,118,0,118,--,267,149,112,118,118,Algún campo sin dato,1,b322c354b659f4ba662d5663941ef612fec07ecb2a6f63b963ee3f04717f96e6,25/06/2023 22:03:35,ESCANER
15748,"Huehuetenango",13,"La Democracia",12,2297,266,27,20,13,1,11,0,5,77,5,1,83,0,83,--,266,183,77,83,83,Algún campo sin dato,1,447ce666e93f8d82bf516b66d2cacd696a37e8bcdf21cf6da0e13bed449e2b11,25/06/2023 22:50:30,ESCANER
15749,"Huehuetenango",13,"La Democracia",12,2298,380,88,31,4,4,11,2,11,151,24,4,179,0,179,--,380,201,151,179,179,Algún campo sin dato,1,a075d85a9d48e316da2835277c769f6d028f7db7759e900d5bfdf2d0f6c4eb7f,25/06/2023 23:42:53,ESCANER
15750,"Huehuetenango",13,"La Democracia",12,2298,380,96,44,14,3,13,2,4,176,26,2,204,--,204,--,380,176,176,204,204,Algún campo sin dato,1,472e05c5b615467b5e6197c563fd8eae3d4f311676cfca73381eabbd7c675f8a,26/06/2023 00:43:45,ESCANER
15751,"Huehuetenango",13,"La Democracia",12,2298,380,98,42,20,2,6,3,5,176,15,4,195,0,195,--,396,201,176,195,195,Algún campo sin dato,1,c55f5df8ee483c11cca4967729ec04b88a77b8e859ac46810ef6e193ad90c97e,26/06/2023 00:53:40,ESCANER
15752,"Huehuetenango",13,"La Democracia",12,2298,380,103,56,10,5,10,5,4,193,14,3,210,0,210,--,380,170,193,210,210,Algún campo sin dato,1,9eca1c97eee797e8091774332b55de0e7e44270adf49fbedee3c4d7497206616,26/06/2023 01:04:20,ESCANER
15753,"Huehuetenango",13,"La Democracia",12,2298,380,98,43,7,2,0,0,8,158,26,2,186,0,186,--,396,210,158,186,186,Algún campo sin dato,1,538cc15dcdd213c43cf478a31b33f22c541715ddd239fba23b8e06c628d6e56c,26/06/2023 00:32:07,ESCANER
15754,"Huehuetenango",13,"La Democracia",12,2298,380,89,38,3,2,5,1,3,141,7,2,150,0,150,--,380,230,141,150,150,Algún campo sin dato,1,430880a72ead1225dcfc6db06126eb5ee5352f7a7da4c0810f76621346a87d58,25/06/2023 22:21:29,ESCANER
15755,"Huehuetenango",13,"La Democracia",12,2298,380,100,40,10,2,12,1,3,168,11,3,182,0,182,--,380,198,168,182,182,Algún campo sin dato,1,adb9b5452f73bc9a546827cfc572286247e17288c7703fb09dbdc91d78b721ad,25/06/2023 22:04:53,ESCANER
15756,"Huehuetenango",13,"La Democracia",12,2298,380,87,48,8,0,9,3,7,162,11,3,176,0,176,--,382,206,162,176,176,Algún campo sin dato,1,36463bf2c7390d2170efcd112e6774deab6d3063f1df4cfb797244302f44f80f,26/06/2023 00:19:20,ESCANER
15757,"Huehuetenango",13,"La Democracia",12,2298,380,66,29,12,2,10,1,3,123,9,2,134,11,134,--,380,246,123,134,145,Sumas Asentadas sin cuadrar,1,d780ec7fb1452ec7e4b0284bdceade7ab0b371529a656d4f29d8f02accc37350,26/06/2023 00:01:52,ESCANER
15758,"Huehuetenango",13,"La Democracia",12,2298,380,78,38,4,1,7,0,4,132,8,1,141,1,142,--,380,236,132,141,142,Algún campo sin dato,1,83a7a66aadf0cf6de02c325b7b8cd90b25bd31490b0cd861befb1b15d5f05db2,26/06/2023 00:52:42,ESCANER
15759,"Huehuetenango",13,"La Democracia",12,2298,334,84,39,12,3,8,2,6,154,6,4,164,0,164,--,334,170,154,164,164,Algún campo sin dato,1,42b960718cb0db9369619751b65d4f4c29876ad69827a1f488637a6110c4325b,25/06/2023 23:34:07,ESCANER
15760,"Huehuetenango",13,"La Democracia",12,2298,334,67,23,4,3,7,0,3,107,7,7,121,0,0,--,334,213,107,121,121,Algún campo sin dato,1,e7ed6997031867095b2101c1718bdbe70f3386733298a50035e977e8d9ed44af,26/06/2023 00:23:15,ESCANER
15761,"Huehuetenango",13,"La Democracia",12,2299,380,104,59,7,2,5,3,2,182,21,4,207,0,207,--,397,190,182,207,207,Algún campo sin dato,1,7e518fe793f932ab45d381a4f3b50501d731f91e8975b4512ab225ed7a46249c,26/06/2023 01:26:13,ESCANER
15762,"Huehuetenango",13,"La Democracia",12,2299,380,133,43,10,2,4,1,10,203,25,5,233,0,233,--,381,148,203,233,233,Algún campo sin dato,1,47f788f150b27b1cd27aa4e9b8783942a01e82b2956cb723bfd768b643b3b5e3,26/06/2023 01:25:01,ESCANER
15763,"Huehuetenango",13,"La Democracia",12,2299,380,103,30,7,3,1,3,8,155,11,0,166,0,166,--,396,230,155,166,166,Algún campo sin dato,1,1620df4ee6e046e940db271bd22ee4bee945dd1c5241b056a943a8395499688c,26/06/2023 00:47:56,ESCANER
15764,"Huehuetenango",13,"La Democracia",12,2299,356,101,32,8,0,3,1,5,150,25,1,176,0,176,--,356,180,150,176,176,Algún campo sin dato,1,e4fdc1a2e34fe9b083bdab77fa0d24a74783b91cd3f4327bf54e60bdc531a4e6,26/06/2023 01:11:21,ESCANER
15765,"Huehuetenango",13,"La Democracia",12,2299,355,108,29,0,0,5,0,2,144,8,4,156,0,156,--,355,199,144,156,156,Algún campo sin dato,1,4f573a928e51ce0e1f2a8b22089fe8f97988b3f73d20f366b697ef2c6f15f7a8,25/06/2023 23:16:37,ESCANER
15766,"Huehuetenango",13,"La Democracia",12,2300,380,,,,,,,,,,,,,,,,,,,,,0,,,
15767,"Huehuetenango",13,"La Democracia",12,2300,380,90,26,16,8,20,3,3,166,37,13,216,0,216,--,380,164,166,216,216,Algún campo sin dato,1,0bbdf26e8dad4a1dd6923622b9c8eeff550f70937a876bd44ffa38e11417dc18,26/06/2023 01:18:00,ESCANER
15768,"Huehuetenango",13,"La Democracia",12,2300,380,,,,,,,,,,,,,,,,,,,,,0,,,
15769,"Huehuetenango",13,"La Democracia",12,2300,380,99,17,12,2,11,2,6,149,17,5,171,0,171,--,380,206,149,171,171,Algún campo sin dato,1,4cac41b9a0fbc88cd497b4ba4e65dfb844b86c67b94d9042005e4f19cb80a9c1,26/06/2023 01:09:31,ESCANER
15770,"Huehuetenango",13,"La Democracia",12,2300,380,88,23,15,2,9,2,2,141,24,3,168,0,168,--,380,212,141,168,168,Algún campo sin dato,1,e05f10d8bc8165df0ee719667444341ecfe0238f605294c23d272e9c40b242c0,26/06/2023 00:00:53,ESCANER
15771,"Huehuetenango",13,"La Democracia",12,2300,372,83,25,8,0,12,2,4,134,11,0,145,0,145,--,372,227,134,145,145,Algún campo sin dato,1,ed9dd1e1b6d5ca333c5f5f6d7ad84fbe5687bc936ff95abc393f383eac07b242,26/06/2023 00:22:49,ESCANER
15772,"Huehuetenango",13,"La Democracia",12,2300,371,82,18,6,4,11,1,2,124,12,4,140,0,140,--,371,231,124,140,140,Algún campo sin dato,1,e1382f8806c648194f1de8225de7a7f313a6345f6530ade9a528f89863563a33,26/06/2023 00:12:50,ESCANER
15773,"Huehuetenango",13,"La Democracia",12,2301,600,48,34,3,1,8,1,11,106,9,3,118,0,118,--,600,482,106,118,118,Algún campo sin dato,1,39d14410b79c23abc5b1e3fbe991212ac897a768f759c5ab8741faa43f949923,25/06/2023 22:53:51,ESCANER
15774,"Huehuetenango",13,"La Democracia",12,2301,592,52,31,7,0,9,1,3,103,9,1,113,0,113,--,592,479,103,113,113,Algún campo sin dato,1,3082ae5570a449bb2a4343bfebf8db15cc82d0866ed585b03333f6f44516f4a8,25/06/2023 21:39:13,ESCANER
15775,"Huehuetenango",13,"La Democracia",12,2301,591,12,12,10,1,7,0,4,46,2,5,53,0,53,--,591,538,46,53,53,Algún campo sin dato,1,9397069878c7d2602e2bc413d2cae4ea95ed8117f52ab5626aad7afdbf553af6,25/06/2023 23:49:42,ESCANER