﻿TIPO_DE_ELECCIÓN:,CORPORACIÓN MUNICIPAL
26 junio 2023 03:36 (UTC -6)
ACTAS_ESPERADAS,ACTAS_CAPTURADAS,PORCENTAJE_ACTAS_CAPTURADAS,ACTAS_CONTABILIZADAS,PORCENTAJE_ACTAS_CONTABILIZADAS,ACTAS_NO_CONTABILIZADAS,LISTA_NOMINAL_ACTAS_CONTABILIZADAS,VOTOS_EMITIDOS_CONTABILIZADAS,PORCENTAJE_PARTICIPACIÓN_CIUDADANA
77,77,100.0000,77,100.0000,0,29314,18036,61.5269

MESA,DEPARTAMENTO,ID_DEPARTAMENTO,MUNICIPIO,ID_MUNICIPIO,CENTRO_DE_VOTACIÓN,PADRÓN,VIVA,VAMOS,CABAL,PODEMOS,UNE,U R N G - MAIZ,TODOS,VALOR,PHG,P A N,AZUL,BIEN,CAMBIO,MLP,ELEFANTE,VÁLIDOS,NULOS,BLANCO,EMITIDOS,INVÁLIDOS,TOTAL,IMPUGNACIONES,PAPELETAS-RECIBIDAS,PAPELETAS-NO-USADAS,VALIDOS_CALCULADO,EMITIDOS_CALCULADO,TOTAL_CALCULADO,OBSERVACIONES,CONTABILIZADA,CÓDIGO_INTEGRIDAD,FECHA_HORA_PUBLICACIÓN,DIGITALIZACIÓN
12132,"Suchitepéquez",10,"San Antonio Suchitepéquez",10,1642,400,9,75,9,53,37,16,2,10,18,3,5,2,1,1,7,248,20,1,269,0,269,--,400,131,248,269,269,Algún campo sin dato,1,3b1afbbdaf7d9940d9a5b2bd08803ad358c90fcdadf7d0e2654bf8d474732378,25/06/2023 21:47:45,ESCANER
12133,"Suchitepéquez",10,"San Antonio Suchitepéquez",10,1642,400,5,92,7,52,39,15,3,11,11,1,3,1,1,0,3,244,24,2,270,0,270,--,400,130,244,270,270,Algún campo sin dato,1,09cb04c9f03ac5f977d8f7cea45b4b8e73c8a9ddd6bc741b3faf50e40fef6a7e,25/06/2023 23:47:18,ESCANER
12134,"Suchitepéquez",10,"San Antonio Suchitepéquez",10,1642,400,9,100,3,49,33,17,0,8,9,2,9,3,2,2,3,249,22,5,276,0,276,--,400,124,249,276,276,Algún campo sin dato,1,8a942b10ae7accf796c443d4fce1091645f863f7ca55e77424357613e0196844,25/06/2023 22:12:37,ESCANER
12135,"Suchitepéquez",10,"San Antonio Suchitepéquez",10,1642,400,11,106,10,48,31,23,1,5,16,2,2,2,2,1,2,262,8,1,271,0,271,--,400,129,262,271,271,Algún campo sin dato,1,ab74691937810eae62dcbb78fdb0d61d04a6af3cef4b257703428747b7cb57eb,25/06/2023 22:22:18,ESCANER
12136,"Suchitepéquez",10,"San Antonio Suchitepéquez",10,1642,400,10,100,4,79,28,21,1,4,2,1,9,3,0,0,1,287,19,4,287,1,287,--,400,113,263,286,287,Sumas Asentadas sin cuadrar,1,6f933923306ef240be783da3703ea72c050ade30edb0640eb75cb590fd2ddaad,25/06/2023 22:28:12,ESCANER
12137,"Suchitepéquez",10,"San Antonio Suchitepéquez",10,1642,400,9,99,9,47,27,20,0,9,15,1,5,1,1,0,4,247,22,3,272,0,272,--,400,128,247,272,272,Algún campo sin dato,1,083a7dd12448d358be2d51066c8d9089d33a87fb258c7b0c26e2b5cd645808b5,25/06/2023 23:54:16,ESCANER
12138,"Suchitepéquez",10,"San Antonio Suchitepéquez",10,1642,400,7,110,7,47,41,23,1,7,22,3,5,3,3,4,5,288,7,3,298,0,298,0,400,102,288,298,298,,1,cd2d28e9ceb817cf999b9a50ae32f26d588473607f9ef1daf4d40996c6400ae8,26/06/2023 00:56:41,ESCANER
12139,"Suchitepéquez",10,"San Antonio Suchitepéquez",10,1642,400,12,96,5,46,36,11,0,5,9,1,3,1,2,2,2,231,34,135,400,0,400,--,400,135,231,400,400,Algún campo sin dato,1,9012c1f7370cadf3bbbe496165b8d0f0463ada402a83d80c681f588b9138a26c,25/06/2023 23:40:21,ESCANER
12140,"Suchitepéquez",10,"San Antonio Suchitepéquez",10,1642,400,11,100,5,44,34,14,2,0,10,3,4,1,2,2,4,236,16,3,255,0,255,1,400,144,236,255,255,,1,d0d66b92d3eee743f433ebf363f90c4716ed1126921e808b8642d386fae93f74,25/06/2023 23:04:30,ESCANER
12141,"Suchitepéquez",10,"San Antonio Suchitepéquez",10,1642,400,5,101,10,40,26,7,5,4,20,4,--,1,--,3,9,235,10,2,247,0,247,--,406,159,235,247,247,Algún campo sin dato,1,ea95464eeb34660e2f2420191c15a0c58952f190d529f79e4cd84006a1dd03c2,26/06/2023 00:20:40,ESCANER
12142,"Suchitepéquez",10,"San Antonio Suchitepéquez",10,1643,400,11,86,8,46,28,18,2,3,14,1,3,2,2,3,10,237,12,2,251,0,251,--,400,149,237,251,251,Algún campo sin dato,1,accefc69f270acdd2e04c52f096466273a1423cde7b3cc91a2bf790ebc8ff16a,26/06/2023 01:10:34,ESCANER
12143,"Suchitepéquez",10,"San Antonio Suchitepéquez",10,1643,400,3,97,7,45,38,15,3,7,12,4,3,3,2,2,3,244,6,150,400,0,400,--,400,150,244,400,400,Algún campo sin dato,1,a938576458c0ab8d4872e8ef7464c601cffd0828ccd6050537403a38b79cac1d,25/06/2023 22:49:32,ESCANER
12144,"Suchitepéquez",10,"San Antonio Suchitepéquez",10,1643,400,6,91,8,26,34,19,0,4,16,2,5,3,2,1,4,221,12,1,234,0,234,--,400,166,221,234,234,Algún campo sin dato,1,ac36bc1b7322939e95a453734b3b844d020fbcf3d7abed3e71b0bb2709c8d676,25/06/2023 23:10:57,ESCANER
12145,"Suchitepéquez",10,"San Antonio Suchitepéquez",10,1643,400,9,91,10,32,24,19,1,4,8,2,5,1,0,3,2,211,11,4,226,0,226,--,400,174,211,226,226,Algún campo sin dato,1,5a4f0abefb25195058c7b75c2c5e9e2586f1f90564405b5b7863209631e04af1,26/06/2023 00:07:34,ESCANER
12146,"Suchitepéquez",10,"San Antonio Suchitepéquez",10,1643,400,5,88,3,37,17,11,3,10,13,2,2,3,1,0,8,203,4,0,207,0,207,--,397,190,203,207,207,Algún campo sin dato,1,1e5074c1fd5a131b421f6b9122cd446f0095ee18cf00bab0267b163b747c7e42,25/06/2023 23:53:44,ESCANER
12147,"Suchitepéquez",10,"San Antonio Suchitepéquez",10,1643,400,10,92,6,52,20,11,7,6,10,2,3,2,1,0,5,227,4,0,231,0,231,--,400,169,227,231,231,Algún campo sin dato,1,f64d7b86f9fb8df4d43c227a6e332d581b016a0ea438210e52a780fbb6eaa30a,25/06/2023 22:34:43,ESCANER
12148,"Suchitepéquez",10,"San Antonio Suchitepéquez",10,1643,400,8,91,5,47,14,22,1,10,10,3,1,0,3,1,5,221,10,0,231,0,231,--,400,169,221,231,231,Algún campo sin dato,1,7f145a61025fac854ced5ca0e43ed314f8ae40a435bc8742e93ff806e4e8ab5b,25/06/2023 22:57:44,ESCANER
12149,"Suchitepéquez",10,"San Antonio Suchitepéquez",10,1643,233,5,50,2,29,13,7,2,1,9,0,4,2,0,0,2,126,2,1,129,0,129,--,233,104,126,129,129,Algún campo sin dato,1,7fcf5326da0306d907a22ca4ecac4aec44de62c8e07b7d432c4b3357729108af,25/06/2023 23:00:26,ESCANER
12150,"Suchitepéquez",10,"San Antonio Suchitepéquez",10,1643,233,4,45,4,24,11,4,2,2,6,1,0,0,0,0,2,105,8,2,115,0,115,--,233,118,105,115,115,Algún campo sin dato,1,12fb73c8bd9d609a8dff112ea6430a1324303ab7ccdbf7cd6ab943754ae85b79,25/06/2023 21:35:39,ESCANER
12151,"Suchitepéquez",10,"San Antonio Suchitepéquez",10,1644,400,32,83,17,36,22,23,3,4,5,1,4,3,0,1,2,236,18,5,259,0,259,--,400,141,236,259,259,Algún campo sin dato,1,01e39f31cb4617cf844fb939dd4d087d47be79769537a89d75d453368c447794,25/06/2023 23:01:10,ESCANER
12152,"Suchitepéquez",10,"San Antonio Suchitepéquez",10,1644,400,18,93,10,49,27,17,2,3,12,0,3,0,2,3,1,240,23,5,268,0,268,--,400,132,240,268,268,Algún campo sin dato,1,3f342bedd5fa3f8767b6fc1bd9f9fdb8c757bee3ff192ae6486edafe1b339655,26/06/2023 00:06:02,ESCANER
12153,"Suchitepéquez",10,"San Antonio Suchitepéquez",10,1644,400,15,85,4,56,33,8,3,3,5,0,2,1,0,0,2,217,25,2,244,0,244,--,400,156,217,244,244,Algún campo sin dato,1,d0c5d010708a86bd24f84c5e2cf059cb1ad0044c9a76d71ec1d6b2c4ba8fc845,25/06/2023 23:18:16,ESCANER
12154,"Suchitepéquez",10,"San Antonio Suchitepéquez",10,1644,370,22,74,6,31,23,11,7,6,11,1,2,1,1,1,1,198,15,3,216,0,216,--,371,155,198,216,216,Algún campo sin dato,1,5f5d8e2c9e0d3594098960017dbe2bf68acc0f465dfece5ab3a2a107a74f5792,25/06/2023 23:38:45,ESCANER
12155,"Suchitepéquez",10,"San Antonio Suchitepéquez",10,1644,370,18,62,5,30,21,9,8,0,2,0,0,1,0,0,0,156,1,1,158,4,162,--,369,207,156,158,162,Algún campo sin dato,1,49664f8ccfa9e0a6e14f254e71539874f763887d9570c81e2ecdc7b2813cd7e4,25/06/2023 23:20:06,ESCANER
12156,"Suchitepéquez",10,"San Antonio Suchitepéquez",10,1645,400,7,80,3,50,28,31,3,4,9,1,3,1,4,3,7,234,33,3,270,0,270,--,400,130,234,270,270,Algún campo sin dato,1,2e2130861fc37ed41c9a87cc9d51f6d2a7a8aa5d666d608911b83acc62844200,26/06/2023 00:25:36,ESCANER
12157,"Suchitepéquez",10,"San Antonio Suchitepéquez",10,1645,400,7,79,5,57,32,33,1,6,10,0,2,3,1,0,1,263,18,9,263,0,263,0,400,136,237,264,264,Sumas Asentadas sin cuadrar,1,322ddb79850a116a2b33738cb3f41400be60207306ff10d55296500838221fbc,26/06/2023 01:11:16,ESCANER
12158,"Suchitepéquez",10,"San Antonio Suchitepéquez",10,1645,400,12,81,7,55,58,22,50,0,2,6,0,3,1,3,1,247,15,6,268,0,--,--,400,132,301,322,322,Sumas Asentadas sin cuadrar,1,775466dbaeb9d8cf9d862a2268ff57895b5df597c0f384e7511b51ed1892f755,26/06/2023 02:53:39,ESCANER
12159,"Suchitepéquez",10,"San Antonio Suchitepéquez",10,1645,400,12,76,4,38,17,44,0,4,10,0,2,1,4,2,0,214,42,7,263,0,263,--,--,--,214,263,263,Algún campo sin dato,1,f1284d3afe25e9157d9326bb6e02eb0285c9f712c224a8bbaf145eb545152998,26/06/2023 00:21:25,ESCANER
12160,"Suchitepéquez",10,"San Antonio Suchitepéquez",10,1645,400,11,83,4,62,16,48,1,1,11,4,4,2,1,0,0,248,29,7,284,1,285,--,400,115,248,284,285,Algún campo sin dato,1,b4135ee347f05822a832d95e69a979a333c50d4b823d3c4aa1a76a7675608936,25/06/2023 22:59:18,ESCANER
12161,"Suchitepéquez",10,"San Antonio Suchitepéquez",10,1645,400,--,80,1,69,16,35,13,3,6,8,4,--,1,2,3,240,22,6,266,--,266,--,400,266,241,269,269,Sumas Asentadas sin cuadrar,1,38b0e1a694bc655cb6dd5e6a561664be7fc2509d6661f25e044cacdbd6cc2a29,26/06/2023 03:13:50,ESCANER
12162,"Suchitepéquez",10,"San Antonio Suchitepéquez",10,1646,400,10,73,4,54,22,29,2,3,12,2,0,1,1,0,2,215,12,5,232,0,232,--,400,168,215,232,232,Algún campo sin dato,1,1e4c8541726bc66e562c7d001ffbb3239464dd0d2a2558fe8af87f625dcfd0e9,26/06/2023 01:02:39,ESCANER
12163,"Suchitepéquez",10,"San Antonio Suchitepéquez",10,1646,400,11,90,8,45,25,24,0,3,10,3,1,1,0,2,2,225,14,2,241,0,225,--,400,159,225,241,241,Sumas Asentadas sin cuadrar,1,a1dfdb9c69e0b9bb43421ca8f7fab5f50025213de049fa4dbe4ae2a8276ed34e,25/06/2023 23:25:25,ESCANER
12164,"Suchitepéquez",10,"San Antonio Suchitepéquez",10,1646,400,4,95,7,63,17,22,0,4,4,1,4,0,2,3,1,227,11,2,240,0,240,--,400,160,227,240,240,Algún campo sin dato,1,e952c8b33145f814b690d53be2da3fdf28e77c7328dcb462aac83421f8cb5634,26/06/2023 00:33:51,ESCANER
12165,"Suchitepéquez",10,"San Antonio Suchitepéquez",10,1646,400,5,91,2,43,10,46,1,3,9,3,2,1,0,1,3,220,4,1,225,0,225,1,399,174,220,225,225,,1,8f99aa45683b74c3a15d870b1124fd1983d404ae106e5bbdf84d7422f426220d,26/06/2023 01:01:48,ESCANER
12166,"Suchitepéquez",10,"San Antonio Suchitepéquez",10,1646,260,7,43,2,40,9,17,1,2,6,0,2,0,0,0,5,134,4,0,138,0,138,--,260,122,134,138,138,Algún campo sin dato,1,f9a843d736e3036973f1a1ffd1647e1f1b4b387e84e1d7beb2a84503528ef751,25/06/2023 22:18:19,ESCANER
12167,"Suchitepéquez",10,"San Antonio Suchitepéquez",10,1646,259,6,45,2,26,18,18,4,0,1,0,1,0,0,0,2,123,4,2,129,0,129,--,259,130,123,129,129,Algún campo sin dato,1,a7d768b7651f7785fba97ef295fb2a5047750325fb893ea28aa9d919f8ed08c1,25/06/2023 23:35:23,ESCANER
12168,"Suchitepéquez",10,"San Antonio Suchitepéquez",10,1647,400,24,96,28,32,9,49,1,0,2,1,6,3,2,1,2,256,15,5,276,0,276,--,400,124,256,276,276,Algún campo sin dato,1,edfb54e7bc2b972ab322e12664a8a0b737792c46bbb1b1500807d65d48b9a7a8,26/06/2023 00:30:02,ESCANER
12169,"Suchitepéquez",10,"San Antonio Suchitepéquez",10,1647,400,38,73,28,29,15,64,0,2,3,0,4,0,0,0,0,256,16,3,275,0,275,--,400,125,256,275,275,Algún campo sin dato,1,17ff9960a922dd7fbfe4c20213efcabe61b56bc576460a03fc1bf7cc86185c51,25/06/2023 23:58:44,ESCANER
12170,"Suchitepéquez",10,"San Antonio Suchitepéquez",10,1647,400,49,89,8,33,21,30,0,2,0,0,7,0,0,0,2,241,25,3,269,0,269,--,400,131,241,269,269,Algún campo sin dato,1,3bf3783a5ef986529e9d21ef813cf2d30be4dedec0152401c04c3b20bf594d4b,26/06/2023 00:13:38,ESCANER
12171,"Suchitepéquez",10,"San Antonio Suchitepéquez",10,1647,400,54,81,9,28,8,27,0,2,0,0,2,1,0,2,1,215,17,3,235,0,235,--,400,165,215,235,235,Algún campo sin dato,1,89748f3c7f64f0c941a6a69277051cd6b8937cee3a15d9d19932e14d14584a72,25/06/2023 23:41:03,ESCANER
12172,"Suchitepéquez",10,"San Antonio Suchitepéquez",10,1647,393,39,68,16,24,6,26,0,2,3,1,5,0,1,1,0,192,11,0,203,0,203,--,393,190,192,203,203,Algún campo sin dato,1,bf22924cd90c1afa0ae58c0b9ff6004d0eb8f02fe1ad8f6697ee4924b716c174,26/06/2023 00:23:12,ESCANER
12173,"Suchitepéquez",10,"San Antonio Suchitepéquez",10,1647,393,44,83,9,15,5,26,3,4,3,0,5,0,0,0,0,197,4,2,203,0,203,--,393,190,197,203,203,Algún campo sin dato,1,a2541ce0a89680d863e5c27831d8440c6c9b4a72d07ad1b32e0b0b3b7d081052,25/06/2023 23:35:37,ESCANER
12174,"Suchitepéquez",10,"San Antonio Suchitepéquez",10,1648,400,6,83,1,69,23,15,0,4,2,3,2,1,2,1,4,216,29,8,253,0,253,--,--,--,216,253,253,Algún campo sin dato,1,0fd1a903bc370e725c302db01487b990c102b9c0b8116f59007c1543aafb2732,26/06/2023 02:26:34,ESCANER
12175,"Suchitepéquez",10,"San Antonio Suchitepéquez",10,1648,400,2,88,4,63,21,14,2,3,4,0,1,0,2,1,2,207,28,6,241,--,241,--,400,156,207,241,241,Algún campo sin dato,1,47529002f3c510d8641dff7ece07651a91347fa5994ba651383d7dfaf336ce2f,26/06/2023 01:25:35,ESCANER
12176,"Suchitepéquez",10,"San Antonio Suchitepéquez",10,1648,400,10,94,1,56,26,32,4,2,0,0,2,1,0,0,2,230,28,12,270,0,270,--,397,127,230,270,270,Algún campo sin dato,1,369a1378f17ba1f26aaa5daea911b72bf49eb67cabc9728244bf7d91630883ee,26/06/2023 01:09:40,ESCANER
12177,"Suchitepéquez",10,"San Antonio Suchitepéquez",10,1648,400,6,131,4,76,23,26,2,1,0,2,4,0,1,2,0,278,18,15,311,0,311,--,400,86,278,311,311,Algún campo sin dato,1,967525b497fe0977d0fd4f7fd533df01bfc3e430d9620087b99e071d25f4c8d1,26/06/2023 01:15:38,ESCANER
12178,"Suchitepéquez",10,"San Antonio Suchitepéquez",10,1648,400,8,123,2,62,21,16,1,2,2,0,2,0,0,0,1,239,45,13,297,0,297,--,400,103,240,298,298,Sumas Asentadas sin cuadrar,1,056ddec13389b88ce74d30c029c5e61a5a6836866f8d842611712916d8593cf7,26/06/2023 00:15:28,ESCANER
12179,"Suchitepéquez",10,"San Antonio Suchitepéquez",10,1648,400,5,126,8,69,25,24,0,2,2,0,3,1,0,0,0,265,2,10,277,34,311,--,400,89,265,277,311,Algún campo sin dato,1,3e0e5598c9851a17529cf39083685a49b6ec0a05ac0aecb00f65a17b1f1f56fc,26/06/2023 02:05:09,ESCANER
12180,"Suchitepéquez",10,"San Antonio Suchitepéquez",10,1648,400,9,100,3,61,24,19,1,2,1,0,3,0,1,2,2,228,35,6,269,0,269,--,400,131,228,269,269,Algún campo sin dato,1,467308dc532cbe8ee2e338989bb9b2703a28163519e6bfc8814cdd5fc4cfd77b,26/06/2023 01:30:45,ESCANER
12181,"Suchitepéquez",10,"San Antonio Suchitepéquez",10,1648,400,10,100,6,51,15,18,0,3,5,0,3,1,1,0,1,240,16,10,240,0,240,--,400,160,214,240,240,Sumas Asentadas sin cuadrar,1,5f4b1d5b28ce96df40129a7b8e299041e2e012671758e49a740919d53fa37313,26/06/2023 00:15:56,ESCANER
12182,"Suchitepéquez",10,"San Antonio Suchitepéquez",10,1648,400,4,96,1,62,18,26,3,4,2,1,1,0,0,1,2,221,24,8,253,0,253,--,400,147,221,253,253,Algún campo sin dato,1,47ef77603d366f7f6309295c11727d034dde48ef89401632ad7013744819dee5,25/06/2023 23:36:01,ESCANER
12183,"Suchitepéquez",10,"San Antonio Suchitepéquez",10,1648,400,7,110,3,53,19,21,0,1,3,0,1,0,0,1,1,220,7,3,230,0,230,--,400,170,220,230,230,Algún campo sin dato,1,12de939076daedbb5c287fe2a7b0c523ad3b096709036037ed5d62c75e54c0b5,25/06/2023 23:13:40,ESCANER
12184,"Suchitepéquez",10,"San Antonio Suchitepéquez",10,1648,400,9,121,3,57,8,11,2,0,3,0,1,2,0,3,1,221,3,1,225,0,225,--,400,175,221,225,225,Algún campo sin dato,1,5ad4991cf7886e40406f700563caa987fc3882454613fcc677df85da419542ac,26/06/2023 00:31:17,ESCANER
12185,"Suchitepéquez",10,"San Antonio Suchitepéquez",10,1648,262,5,59,1,37,11,14,0,0,2,0,1,1,0,0,0,131,3,0,134,128,262,--,262,128,131,134,262,Algún campo sin dato,1,d1a6f6e3ead9e02f00db805a86036367805143594d6bab774f17df536fad8d17,25/06/2023 22:27:42,ESCANER
12186,"Suchitepéquez",10,"San Antonio Suchitepéquez",10,1648,262,5,70,2,35,8,11,1,2,2,0,1,0,0,0,1,138,14,0,152,0,152,--,262,110,138,152,152,Algún campo sin dato,1,3931ff1d9c0a2ec0c1a49b2bafe78f2a8a9d29abc966713d3474cff808b20408,25/06/2023 23:21:12,ESCANER
12187,"Suchitepéquez",10,"San Antonio Suchitepéquez",10,1649,380,52,66,2,50,13,34,6,5,2,1,3,0,1,0,0,235,19,5,259,0,259,--,380,121,235,259,259,Algún campo sin dato,1,e1381992d1ca1a2fd9afed7bdc4617b98b5a10ed7aafddd99b116dd3474d0ac7,26/06/2023 00:59:16,ESCANER
12188,"Suchitepéquez",10,"San Antonio Suchitepéquez",10,1649,380,43,65,7,68,14,25,1,10,1,0,1,1,0,1,3,240,22,5,267,0,267,--,380,113,240,267,267,Algún campo sin dato,1,8034f8d7fdc43ee4b2ee98fe4249d3329bf4fa18e94400add86f37e72f0f8977,25/06/2023 23:48:58,ESCANER
12189,"Suchitepéquez",10,"San Antonio Suchitepéquez",10,1649,380,41,72,3,51,9,29,1,3,2,2,3,--,1,1,2,220,38,4,262,0,--,--,381,119,220,262,262,Algún campo sin dato,1,555497ebde8c8527fb94b87ed35aa7012ce8e62fb2f89079e1b70bf63a7302bb,26/06/2023 00:23:21,ESCANER
12190,"Suchitepéquez",10,"San Antonio Suchitepéquez",10,1649,380,56,63,4,69,17,23,1,2,1,1,2,0,1,0,1,241,19,9,269,0,269,--,269,111,241,269,269,Algún campo sin dato,1,862c61f2d65ac17eeab0d4e97714b7f8ee97a2e043afcade1e1d13636ca2e85f,26/06/2023 02:21:40,ESCANER
12191,"Suchitepéquez",10,"San Antonio Suchitepéquez",10,1649,380,50,58,8,70,16,15,0,3,0,0,2,0,0,0,0,222,22,2,246,0,246,--,380,134,222,246,246,Algún campo sin dato,1,abed772a50a10062dbf42d5fd7ec1b8b76b28daf5ac2df589485782b6f01538a,26/06/2023 00:37:22,ESCANER
12192,"Suchitepéquez",10,"San Antonio Suchitepéquez",10,1649,380,50,64,4,56,10,21,4,1,5,0,1,0,0,0,1,217,3,1,221,13,234,--,380,146,217,221,234,Algún campo sin dato,1,de326d5f9a924ef60604c762175afb04cbfaa3d66c894eaef3b84a21340cb341,26/06/2023 00:26:51,ESCANER
12193,"Suchitepéquez",10,"San Antonio Suchitepéquez",10,1649,380,42,67,6,48,11,12,1,1,3,1,1,0,0,0,1,194,6,1,201,0,201,--,380,179,194,201,201,Algún campo sin dato,1,f77bf5716903dbb3c9643cc62b37ebf058a404c56057049a454d70f0ab2393fb,26/06/2023 00:51:31,ESCANER
12194,"Suchitepéquez",10,"San Antonio Suchitepéquez",10,1649,243,24,34,4,39,3,13,0,2,0,1,1,0,0,0,0,120,2,0,122,0,122,--,243,121,121,123,123,Sumas Asentadas sin cuadrar,1,d1dbfe93deef86336be6253fa9cbfcdaf2c60e42c3789532ce32578ec7de9dba,26/06/2023 00:37:16,ESCANER
12195,"Suchitepéquez",10,"San Antonio Suchitepéquez",10,1649,243,25,32,3,32,4,7,2,3,2,0,0,0,0,0,1,111,4,1,116,--,--,--,--,--,111,116,116,Algún campo sin dato,1,e28bc336623b18ef74aebd6d1a4d0dcb194aa72403dfebfa20052f520518016e,26/06/2023 00:38:50,ESCANER
12196,"Suchitepéquez",10,"San Antonio Suchitepéquez",10,1650,380,35,77,1,43,17,26,1,4,2,1,6,4,0,1,0,218,26,5,249,0,249,--,380,128,218,249,249,Algún campo sin dato,1,ab898c29d76bfbc67b7052acce298d7ddb3e9f80a17d229ea966fc9a438d7e77,25/06/2023 23:23:49,ESCANER
12197,"Suchitepéquez",10,"San Antonio Suchitepéquez",10,1650,380,36,77,2,34,20,34,2,3,2,2,8,0,0,0,0,220,21,6,247,0,247,--,380,133,220,247,247,Algún campo sin dato,1,284dc57f61738644dc38f346376fdc30749f66278dc52b74d24e131189487aa8,25/06/2023 23:19:10,ESCANER
12198,"Suchitepéquez",10,"San Antonio Suchitepéquez",10,1650,380,33,73,3,23,15,30,0,11,4,1,3,0,2,0,0,198,22,4,224,0,224,--,380,156,198,224,224,Algún campo sin dato,1,b0d3ff43a419abfad7b00f4450193f39f040a5913e107e73570fc7d51cef5579,25/06/2023 22:54:48,ESCANER
12199,"Suchitepéquez",10,"San Antonio Suchitepéquez",10,1650,304,37,54,4,25,6,12,0,3,4,0,2,0,0,0,0,147,8,4,159,0,159,--,304,145,147,159,159,Algún campo sin dato,1,db00119b918be84704867a2d45bf54157a738ab8f15a41b41e5c637b7848d064,25/06/2023 23:11:32,ESCANER
12200,"Suchitepéquez",10,"San Antonio Suchitepéquez",10,1650,303,19,45,3,18,5,21,1,2,0,0,2,0,0,0,2,118,5,1,124,0,124,--,303,179,118,124,124,Algún campo sin dato,1,fe592a3f57009eee1dfbdc832b2f2f3154950000ed0b1d86cbd9be16398be309,25/06/2023 23:30:56,ESCANER
12201,"Suchitepéquez",10,"San Antonio Suchitepéquez",10,1651,380,17,100,2,41,14,15,1,7,4,2,1,0,1,1,3,209,31,4,244,0,244,--,379,135,209,244,244,Algún campo sin dato,1,1c026264526a82a0992f883e07b2ec5fdc7737e6da2585ba185f10cb23688531,26/06/2023 00:20:55,ESCANER
12202,"Suchitepéquez",10,"San Antonio Suchitepéquez",10,1651,380,25,92,1,42,21,20,1,4,1,1,8,2,0,2,2,223,28,8,259,0,259,--,380,121,222,258,258,Sumas Asentadas sin cuadrar,1,baf237957d42d23b3eb53808978b41afc58d1cd1ad2e5568b1535bdffb7b9db6,26/06/2023 00:24:35,ESCANER
12203,"Suchitepéquez",10,"San Antonio Suchitepéquez",10,1651,333,16,83,5,27,14,23,3,2,1,0,1,1,0,0,0,176,14,4,194,0,194,--,333,139,176,194,194,Algún campo sin dato,1,d011cf78f06428e956bddc48560d89260423ec064717471b465c220957c44001,26/06/2023 00:00:50,ESCANER
12204,"Suchitepéquez",10,"San Antonio Suchitepéquez",10,1651,333,17,78,7,33,10,22,7,0,1,0,1,0,0,0,1,177,3,0,180,0,180,--,333,153,177,180,180,Algún campo sin dato,1,de4e6699ec071e63aaf1b1010513427d4d8cc002d9a9d64ad224b02539a0467a,25/06/2023 23:39:40,ESCANER
12205,"Suchitepéquez",10,"San Antonio Suchitepéquez",10,1652,600,11,62,4,51,29,34,2,6,7,1,2,1,1,1,0,212,19,5,236,0,236,--,600,364,212,236,236,Algún campo sin dato,1,b0d28e32ccbefe86541afee7e6c7256013138dc85e5d9f45e45855c6d2c2b2e6,26/06/2023 01:17:56,ESCANER
12206,"Suchitepéquez",10,"San Antonio Suchitepéquez",10,1652,600,30,75,2,61,24,19,0,3,7,0,6,1,1,0,5,234,26,9,269,0,269,--,600,331,234,269,269,Algún campo sin dato,1,98e55d3e5ba82df8fc73e68509692150356cd7876429d9a0d1c9a3bda9c7db80,26/06/2023 00:56:20,ESCANER
12207,"Suchitepéquez",10,"San Antonio Suchitepéquez",10,1652,380,8,50,3,13,10,14,1,2,5,0,3,2,0,1,1,113,15,4,132,0,132,--,377,245,113,132,132,Algún campo sin dato,1,d831d5450c3e7a1bf32e1b49576c7940fad39eaf7d94c61d891fefdf5bd7784b,25/06/2023 22:37:55,ESCANER
12208,"Suchitepéquez",10,"San Antonio Suchitepéquez",10,1652,380,1,16,1,7,4,8,0,2,2,0,0,1,0,1,1,44,7,1,52,0,52,--,376,324,44,52,52,Algún campo sin dato,1,affed686082a029dd3c816575d6f21ec2904aed016516f608f00ce249ce5b5a0,25/06/2023 21:34:56,ESCANER