﻿TIPO_DE_ELECCIÓN:,CORPORACIÓN MUNICIPAL
26 junio 2023 03:36 (UTC -6)
ACTAS_ESPERADAS,ACTAS_CAPTURADAS,PORCENTAJE_ACTAS_CAPTURADAS,ACTAS_CONTABILIZADAS,PORCENTAJE_ACTAS_CONTABILIZADAS,ACTAS_NO_CONTABILIZADAS,LISTA_NOMINAL_ACTAS_CONTABILIZADAS,VOTOS_EMITIDOS_CONTABILIZADAS,PORCENTAJE_PARTICIPACIÓN_CIUDADANA
104,101,97.1153,101,97.1153,0,37443,22327,59.6293

MESA,DEPARTAMENTO,ID_DEPARTAMENTO,MUNICIPIO,ID_MUNICIPIO,CENTRO_DE_VOTACIÓN,PADRÓN,VAMOS,MLP,UNE,BIEN,PODEMOS,CABAL,AZUL,MI FAMILIA,VALOR UNIONISTA,VÁLIDOS,NULOS,BLANCO,EMITIDOS,INVÁLIDOS,TOTAL,IMPUGNACIONES,PAPELETAS-RECIBIDAS,PAPELETAS-NO-USADAS,VALIDOS_CALCULADO,EMITIDOS_CALCULADO,TOTAL_CALCULADO,OBSERVACIONES,CONTABILIZADA,CÓDIGO_INTEGRIDAD,FECHA_HORA_PUBLICACIÓN,DIGITALIZACIÓN
8671,"Santa Rosa",6,"Chiquimulilla",8,1038,400,136,2,83,4,1,12,4,1,14,257,15,3,275,0,275,--,400,125,257,275,275,Algún campo sin dato,1,6cfc1a9a64b585c026339c9072f2d00e09406ff378156aef16bcba2b42701470,25/06/2023 23:56:07,ESCANER
8672,"Santa Rosa",6,"Chiquimulilla",8,1038,400,126,3,97,3,0,13,2,3,11,258,10,1,269,0,269,--,400,131,258,269,269,Algún campo sin dato,1,41315959f9a8e201b380d2180b6ecc211938eead961cf3c642400404a56f2003,25/06/2023 22:51:03,ESCANER
8673,"Santa Rosa",6,"Chiquimulilla",8,1038,400,117,2,90,4,1,12,2,3,1,232,10,1,243,0,243,--,400,157,232,243,243,Algún campo sin dato,1,9ee1ce988e2c15a3f01c2f2255f429e44721595ef7d5cf2eb609fd8bb605813c,25/06/2023 23:23:34,ESCANER
8674,"Santa Rosa",6,"Chiquimulilla",8,1038,400,117,3,54,2,0,14,1,2,9,202,17,2,221,0,221,--,400,179,202,221,221,Algún campo sin dato,1,97e8d91eedc8953069c63b1da31b00fb1d05dc3ceb7b0c7eca8a50948d9f8ad1,26/06/2023 00:36:18,ESCANER
8675,"Santa Rosa",6,"Chiquimulilla",8,1038,369,111,4,67,2,0,12,1,0,6,203,13,0,216,0,216,--,369,153,203,216,216,Algún campo sin dato,1,0fcdc431640f2fd0f6f2e14c3c95cc4ca7bbccc306772f175adef1a1f9157d79,26/06/2023 01:22:22,ESCANER
8676,"Santa Rosa",6,"Chiquimulilla",8,1038,368,116,5,64,0,0,7,0,0,3,195,9,0,204,0,204,--,368,164,195,204,204,Algún campo sin dato,1,0970c4e3791e8078cf98f5310e53b6d93dfc44595aac42826b39c7376bdfd242,26/06/2023 00:09:56,ESCANER
8677,"Santa Rosa",6,"Chiquimulilla",8,1039,400,120,4,127,2,4,13,3,0,3,276,21,5,302,0,302,--,400,98,276,302,302,Algún campo sin dato,1,4d6e331729d9608de2db69f421f736cdf6a3bd704be85a342819cf4f16dbb2cd,26/06/2023 00:52:49,ESCANER
8678,"Santa Rosa",6,"Chiquimulilla",8,1039,400,123,3,122,3,1,10,4,2,11,279,25,4,308,0,308,--,400,92,279,308,308,Algún campo sin dato,1,3490f88c4186166a128a283484245f68d6c14fe530bab5020861a0fd6e6bb929,25/06/2023 23:09:04,ESCANER
8679,"Santa Rosa",6,"Chiquimulilla",8,1039,400,150,0,113,1,4,5,1,3,4,281,24,0,305,0,305,1,400,94,281,305,305,,1,8d9e61f05d832103ce07e9ac0e06ddbfbbbe3bf6aaa74eff695c99e2ea3a851e,26/06/2023 01:40:41,ESCANER
8680,"Santa Rosa",6,"Chiquimulilla",8,1039,400,129,1,112,1,0,13,2,2,4,264,15,1,280,0,280,--,400,120,264,280,280,Algún campo sin dato,1,9b67faa0fae6b66b9152d800d6dcd05eacabd33b26fb88aa15ad28a4bdcccc10,26/06/2023 01:22:50,ESCANER
8681,"Santa Rosa",6,"Chiquimulilla",8,1039,400,105,0,116,2,1,8,0,0,2,234,17,4,255,0,255,--,400,145,234,255,255,Algún campo sin dato,1,f511c543cb3a4e6aee9f2277d539e78208fcad3814fb00dec61e8c28aaa75e38,26/06/2023 00:54:27,ESCANER
8682,"Santa Rosa",6,"Chiquimulilla",8,1039,400,131,1,109,1,2,10,3,0,10,267,20,2,289,0,289,--,402,113,267,289,289,Algún campo sin dato,1,8bdd8cde54e0fde907f51139de1275e7f94c13f1d8f8edf484e92f9f87a62fd5,26/06/2023 00:48:00,ESCANER
8683,"Santa Rosa",6,"Chiquimulilla",8,1039,400,125,1,107,2,2,10,2,2,4,255,14,2,271,0,271,--,400,129,255,271,271,Algún campo sin dato,1,0364030e528036a0e78d5984b9bd8b22351fbc9ad6ca4d92ac86d064fbbd5931,26/06/2023 00:36:03,ESCANER
8684,"Santa Rosa",6,"Chiquimulilla",8,1039,400,119,1,113,2,4,7,1,0,4,251,16,2,269,0,269,--,400,131,251,269,269,Algún campo sin dato,1,e5863d755190ecaf3d808a0bc2afdd7178488f403cdd6daa912d76b946efadd5,26/06/2023 01:11:57,ESCANER
8685,"Santa Rosa",6,"Chiquimulilla",8,1039,400,113,0,122,3,0,8,0,1,5,252,7,3,262,0,262,--,401,139,252,262,262,Algún campo sin dato,1,d6a4d4beb98f4c66778bc0e2a62955fd74a1fd2bdb76d4ecd05a404da09be48b,26/06/2023 00:26:38,ESCANER
8686,"Santa Rosa",6,"Chiquimulilla",8,1039,353,127,1,109,4,2,5,2,0,7,257,6,0,263,0,263,--,350,87,257,263,263,Algún campo sin dato,1,c9218d676d697fdb92b720abba18769ec3e95c014e5ee99a47ba8a81769f1f54,25/06/2023 22:29:08,ESCANER
8687,"Santa Rosa",6,"Chiquimulilla",8,1039,353,100,1,80,4,0,6,0,0,5,196,9,2,207,0,207,--,353,146,196,207,207,Algún campo sin dato,1,1ce5a88ced8582387e4547ac0256af2776c5ea319474405775fad75ea7024f9d,26/06/2023 01:13:12,ESCANER
8688,"Santa Rosa",6,"Chiquimulilla",8,1040,321,73,0,109,2,1,22,0,0,1,208,4,2,214,9,223,--,321,98,208,214,223,Algún campo sin dato,1,9e9e28e320803cc946fe5bc903bc6917f6d12451b6baa42a473349e5d765d17a,26/06/2023 00:29:02,ESCANER
8689,"Santa Rosa",6,"Chiquimulilla",8,1040,321,68,1,73,1,0,25,0,0,2,170,11,2,183,0,183,--,321,138,170,183,183,Algún campo sin dato,1,9fb2ec1e1fc1cbae402cf30120fe714a818a6bc7121f58f6a74b172c0e356ede,26/06/2023 00:46:21,ESCANER
8690,"Santa Rosa",6,"Chiquimulilla",8,1041,400,144,1,110,3,2,11,1,2,10,284,15,1,300,0,300,--,400,100,284,300,300,Algún campo sin dato,1,85ff3f34393e322ce4bd1c8a95ea12e2411500130703ec2319715b64dd1b641e,26/06/2023 03:06:00,ESCANER
8691,"Santa Rosa",6,"Chiquimulilla",8,1041,400,142,2,125,1,1,13,1,1,12,298,14,2,314,0,314,--,400,86,298,314,314,Algún campo sin dato,1,76993efdf589388f1c4a518569525b42c680ba1278157d08e61f7a587b3b1522,26/06/2023 01:16:48,ESCANER
8692,"Santa Rosa",6,"Chiquimulilla",8,1041,400,148,1,116,0,0,12,2,0,5,284,13,0,297,0,297,--,400,103,284,297,297,Algún campo sin dato,1,7371973b5f042165f1bcba2a30f4bdb82a4c7b016e0a25ee90fce5dd93eb2be7,25/06/2023 23:16:34,ESCANER
8693,"Santa Rosa",6,"Chiquimulilla",8,1041,400,125,1,115,1,3,14,0,0,11,270,6,0,276,0,276,--,400,124,270,276,276,Algún campo sin dato,1,2f5ee66534f2641accbb5b98d3e3b86eb015a66caeb64bd666336ebe8af48aad,26/06/2023 00:28:04,ESCANER
8694,"Santa Rosa",6,"Chiquimulilla",8,1041,400,130,0,103,1,0,9,2,1,10,256,12,0,268,0,268,--,400,132,256,268,268,Algún campo sin dato,1,8ccc4a604bad3311dc053f4ba962d21fb59b22f0f4ae08a4c828222a29de4789,26/06/2023 01:13:57,ESCANER
8695,"Santa Rosa",6,"Chiquimulilla",8,1041,400,121,0,102,0,1,5,2,2,7,240,16,2,258,0,258,--,400,142,240,258,258,Algún campo sin dato,1,c171e1185be1634b5f5c081dc96a69d2945dd729b950b077dc425612755c43ff,25/06/2023 23:22:51,ESCANER
8696,"Santa Rosa",6,"Chiquimulilla",8,1041,400,121,2,97,3,2,6,1,1,8,241,9,1,251,0,251,--,400,149,241,251,251,Algún campo sin dato,1,d33e292f5c2d0d6d526d2954bfd3f2101b2d22ba181c32360e1ab657d4fbfe5d,26/06/2023 01:09:34,ESCANER
8697,"Santa Rosa",6,"Chiquimulilla",8,1041,209,87,0,46,2,1,5,0,1,2,144,2,0,146,0,146,--,209,63,144,146,146,Algún campo sin dato,1,2358adaaed8bcf1b998d39ee9e6278caee6253348e3bc2d0abcfcdcc7ce78556,26/06/2023 00:07:39,ESCANER
8698,"Santa Rosa",6,"Chiquimulilla",8,1041,209,54,1,57,0,0,4,1,1,6,124,5,3,132,0,132,--,208,76,124,132,132,Algún campo sin dato,1,1ec59a4435010387a357f8a65845b0ac89d403900aa4e7c284797f7451f3c5ec,25/06/2023 23:35:55,ESCANER
8699,"Santa Rosa",6,"Chiquimulilla",8,1042,400,120,2,137,3,0,13,1,2,7,285,16,0,301,0,301,--,401,100,285,301,301,Algún campo sin dato,1,fac0385db1e998616e32ef895d7c56fb7f8afd67305849fcbec63fbcfd388761,26/06/2023 00:27:19,ESCANER
8700,"Santa Rosa",6,"Chiquimulilla",8,1042,400,145,1,126,3,0,11,2,4,9,301,12,1,314,0,314,--,400,86,301,314,314,Algún campo sin dato,1,7d9fe8a50d19000c4b8361d8d53b5a39aef6ba0dec7ed590640cefc0bc82b411,26/06/2023 01:16:43,ESCANER
8701,"Santa Rosa",6,"Chiquimulilla",8,1042,400,125,1,125,1,0,3,2,0,6,263,6,2,271,0,271,--,400,129,263,271,271,Algún campo sin dato,1,0438cbdf8d0e4aa0e97ef7d2399cf537a3785ecd234d6badf113d1b4795a1fbd,26/06/2023 00:21:47,ESCANER
8702,"Santa Rosa",6,"Chiquimulilla",8,1042,400,135,0,124,0,1,12,1,0,13,286,15,0,301,0,301,--,400,99,286,301,301,Algún campo sin dato,1,785e798bf31265c66a0d1faa7d4f329e84dd318bce4a10e3a903ec05d15ffeac,25/06/2023 23:32:00,ESCANER
8703,"Santa Rosa",6,"Chiquimulilla",8,1042,400,120,1,126,3,1,8,1,2,7,269,9,3,281,0,281,--,400,119,269,281,281,Algún campo sin dato,1,f3778fb5afffb71021e3a15b06716a7b25b0a375a92b69ed4b9332260179c8f7,25/06/2023 22:48:23,ESCANER
8704,"Santa Rosa",6,"Chiquimulilla",8,1042,236,81,1,75,3,0,3,2,2,8,175,4,0,179,0,179,--,236,57,175,179,179,Algún campo sin dato,1,51b2eef2e917dd2a257388af7ae737198748e3d47cc2c4a09fc52f0e6da22770,26/06/2023 01:11:27,ESCANER
8705,"Santa Rosa",6,"Chiquimulilla",8,1042,236,76,2,64,2,0,8,3,0,4,159,2,1,162,0,162,--,236,74,159,162,162,Algún campo sin dato,1,c43572ec8e8a4df28b54e5d5c7115e04a053840bd0c7c13a7642b62568342b57,26/06/2023 01:21:59,ESCANER
8706,"Santa Rosa",6,"Chiquimulilla",8,1043,400,103,1,122,2,0,20,1,2,2,253,19,4,276,0,276,--,400,124,253,276,276,Algún campo sin dato,1,ce911ccc7023229ed19a9afb806840e822ee3f7ba48b1e05c7977c1952ec56b3,26/06/2023 02:06:42,ESCANER
8707,"Santa Rosa",6,"Chiquimulilla",8,1043,400,94,4,118,8,0,25,3,0,1,253,18,5,276,0,276,--,398,122,253,276,276,Algún campo sin dato,1,5ff3e8d992a46d4e3c2f180138d67e598bb8c8fbf1b82955d20be7251392be97,26/06/2023 02:14:34,ESCANER
8708,"Santa Rosa",6,"Chiquimulilla",8,1043,400,105,2,120,2,1,16,3,0,2,251,20,3,274,0,274,--,400,126,251,274,274,Algún campo sin dato,1,c41900b1ecb002a460e4766d001e671c58cced20132d9384e9b3d22849a8b7c9,26/06/2023 01:00:55,ESCANER
8709,"Santa Rosa",6,"Chiquimulilla",8,1043,400,93,3,88,1,0,32,0,2,2,221,17,2,240,0,240,--,400,160,221,240,240,Algún campo sin dato,1,fee8947f739329356700d5a5e8397d9b93bcace8ffa1f9be7f638439f19f6acd,26/06/2023 00:54:41,ESCANER
8710,"Santa Rosa",6,"Chiquimulilla",8,1043,400,92,1,88,4,0,31,1,0,2,219,21,3,243,0,243,--,400,157,219,243,243,Algún campo sin dato,1,6c26618d945305cdb75ad65a61028a47215289b90e60e2ecf70d6ef11db72f78,25/06/2023 23:43:53,ESCANER
8711,"Santa Rosa",6,"Chiquimulilla",8,1043,400,82,1,82,0,0,14,2,0,1,182,18,6,206,0,206,--,348,142,182,206,206,Algún campo sin dato,1,2350e22bad2e84a8cef17fe9d7b2101959b4580531c9ad9840863597c5b7c3ea,26/06/2023 01:49:57,ESCANER
8712,"Santa Rosa",6,"Chiquimulilla",8,1043,331,93,2,74,1,0,9,0,0,4,183,2,3,188,2,190,--,331,141,183,188,190,Algún campo sin dato,1,11bfa8b4ac73e5fa557f5374501ce34529320b1545bcf112f9c2180f7e0a133e,26/06/2023 01:12:40,ESCANER
8713,"Santa Rosa",6,"Chiquimulilla",8,1043,330,68,1,84,1,0,22,0,0,2,178,6,1,185,0,185,--,330,145,178,185,185,Algún campo sin dato,1,4210e1bf97d074232d8da0de6bc6ca1985ff6356c7c9febb371604d48eedc118,25/06/2023 22:55:47,ESCANER
8714,"Santa Rosa",6,"Chiquimulilla",8,1044,206,61,0,56,1,0,2,0,1,1,122,7,1,130,0,130,--,207,77,122,130,130,Algún campo sin dato,1,4c8bb691fd2f116343cb49ba5fc4cd8a14f9b5cf267f66f90cd9e0961173280f,26/06/2023 00:47:15,ESCANER
8715,"Santa Rosa",6,"Chiquimulilla",8,1045,380,188,0,20,2,2,5,8,0,0,225,15,6,246,0,246,--,375,129,225,246,246,Algún campo sin dato,1,28fd257bbaba0298963611140b23966896be5bf04f2f9d722827d12eb49e86cb,25/06/2023 23:21:33,ESCANER
8716,"Santa Rosa",6,"Chiquimulilla",8,1045,380,197,1,28,3,0,5,10,1,0,245,14,9,268,0,268,--,375,107,245,268,268,Algún campo sin dato,1,9e68fbd10fe3b120f17997341e259d32854dc23a918a994f5d626b9891589bd0,25/06/2023 22:47:07,ESCANER
8717,"Santa Rosa",6,"Chiquimulilla",8,1045,380,2,0,22,1,0,2,8,0,0,245,20,4,269,0,269,--,375,106,35,59,59,Sumas Asentadas sin cuadrar,1,8d771c7a3c5816777725867587bd988ea5ea744c6400af4cb66ab4ee2d05a79d,26/06/2023 00:38:55,ESCANER
8718,"Santa Rosa",6,"Chiquimulilla",8,1045,380,206,1,10,1,0,1,5,0,2,226,15,4,245,0,245,--,374,129,226,245,245,Algún campo sin dato,1,c5c83bbcafe1c66b56f293d5bf126c8dd0ba75ec92704a8997e6a4c8f7fd0944,25/06/2023 23:07:35,ESCANER
8719,"Santa Rosa",6,"Chiquimulilla",8,1045,380,168,0,22,3,0,0,3,0,1,197,10,3,210,0,210,--,375,165,197,210,210,Algún campo sin dato,1,57e02d22e9db7835a707503ef97af96188f6f85cbabaf7a9613513ee6705728b,25/06/2023 23:51:38,ESCANER
8720,"Santa Rosa",6,"Chiquimulilla",8,1045,380,166,1,17,2,1,2,6,1,1,197,15,4,216,0,216,--,375,159,197,216,216,Algún campo sin dato,1,069dbc1811e25f75ad3634cfa689179bc58b0b8665678bb4d1e48e17de3b802e,25/06/2023 23:43:15,ESCANER
8721,"Santa Rosa",6,"Chiquimulilla",8,1045,380,186,1,15,1,1,4,2,0,0,210,15,3,228,0,228,--,375,147,210,228,228,Algún campo sin dato,1,305a5cf6f511367d1596d38ecc18743a3f9ee9416bc187390311be520c372669,25/06/2023 23:35:01,ESCANER
8722,"Santa Rosa",6,"Chiquimulilla",8,1045,380,157,0,25,2,0,5,3,0,0,192,16,1,209,0,209,--,375,166,192,209,209,Algún campo sin dato,1,1420c44b78d899eaae29e505a540c95aac314785d81e9177abe2664ddb0ad123,25/06/2023 23:50:12,ESCANER
8723,"Santa Rosa",6,"Chiquimulilla",8,1045,380,195,0,14,1,0,1,8,0,2,221,6,1,228,0,228,--,375,147,221,228,228,Algún campo sin dato,1,51226b4ab23f5e7b0d72003065e13010d14aeeb118f035821f6b8c992158b5ea,25/06/2023 21:59:06,ESCANER
8724,"Santa Rosa",6,"Chiquimulilla",8,1045,307,142,2,8,0,0,4,1,0,0,157,5,4,166,0,166,--,307,141,157,166,166,Algún campo sin dato,1,fa952ddedc0af2be62ae97f1a33b21640c583a4ac8f64ea9b9477f06c4318a36,25/06/2023 23:58:19,ESCANER
8725,"Santa Rosa",6,"Chiquimulilla",8,1045,307,128,0,10,3,0,3,1,0,0,145,8,2,155,0,155,--,307,152,145,155,155,Algún campo sin dato,1,04c9b0fd4a18206d45372ccf8f9c438d9292a39c569dcf2fbd0d208483e1b9f3,25/06/2023 23:17:05,ESCANER
8726,"Santa Rosa",6,"Chiquimulilla",8,1046,380,133,1,44,2,0,9,6,0,0,195,0,5,200,19,219,--,375,156,195,200,219,Algún campo sin dato,1,49033c27135581daeb2a9c281bc5977fd900b1f46a8f118bdd105ad36f632103,26/06/2023 01:29:20,ESCANER
8727,"Santa Rosa",6,"Chiquimulilla",8,1046,380,146,0,53,4,0,15,2,0,1,221,19,4,244,0,244,--,375,131,221,244,244,Algún campo sin dato,1,af495ba8da3281a665268fc01c30366afd0ab0a8efcbb5c648f375eaa562a37b,25/06/2023 23:01:12,ESCANER
8728,"Santa Rosa",6,"Chiquimulilla",8,1046,380,,,,,,,,,,,,,,,,,,,,,,,0,,,
8729,"Santa Rosa",6,"Chiquimulilla",8,1046,380,139,1,49,4,0,8,6,1,1,209,8,4,221,0,221,--,375,153,209,221,221,Algún campo sin dato,1,3714a017f73b7f62f7fb8ffbac652d29440214205f68ea4ca0a489b94dd0e892,26/06/2023 03:07:17,ESCANER
8730,"Santa Rosa",6,"Chiquimulilla",8,1046,380,134,0,43,2,1,5,3,0,0,188,24,2,214,0,214,--,375,161,188,214,214,Algún campo sin dato,1,4683fd59ccfc6fafa44526c70ad5b1ab01efd4acd1e95d1cb5c81ce5983536da,25/06/2023 23:53:45,ESCANER
8731,"Santa Rosa",6,"Chiquimulilla",8,1046,380,137,1,38,5,1,7,0,1,2,192,19,4,215,0,215,--,375,160,192,215,215,Algún campo sin dato,1,548bd85b4af29d26efaa1a8465cd291e49b06b6ef04558f9afcadeba5a13ce1f,25/06/2023 23:37:30,ESCANER
8732,"Santa Rosa",6,"Chiquimulilla",8,1046,380,110,0,35,1,0,5,1,1,1,154,29,11,194,0,194,--,375,181,154,194,194,Algún campo sin dato,1,d7884c7d54c26b074818494cb9029d96adf34387dbd38d60d10be3284224e2c7,25/06/2023 23:57:40,ESCANER
8733,"Santa Rosa",6,"Chiquimulilla",8,1046,370,138,1,60,0,0,7,1,1,1,209,5,1,215,0,215,--,370,155,209,215,215,Algún campo sin dato,1,758538290ee80ba546eb705566f6d3d32095e4ce65f26e798aba5fd6b0bc6be6,25/06/2023 22:17:18,ESCANER
8734,"Santa Rosa",6,"Chiquimulilla",8,1046,370,122,0,41,5,0,5,3,0,1,177,13,2,192,0,192,--,370,178,177,192,192,Algún campo sin dato,1,15147f9dc93a931b552bb384800289aa0fdb02209eca5729f1efcee9a630d4d0,25/06/2023 22:41:51,ESCANER
8735,"Santa Rosa",6,"Chiquimulilla",8,1047,380,135,2,62,3,0,6,6,0,1,215,19,10,244,0,244,--,375,131,215,244,244,Algún campo sin dato,1,9e7774f5195e406c9157558302617622430e3843424d2f0985f392b85b260a71,26/06/2023 01:54:20,ESCANER
8736,"Santa Rosa",6,"Chiquimulilla",8,1047,380,126,0,79,0,0,13,3,1,4,226,20,8,254,0,254,--,375,121,226,254,254,Algún campo sin dato,1,9f42ccce7c0899e104427d9a21adc1561f87008a21ee31bff9d7d0c274431507,26/06/2023 01:34:36,ESCANER
8737,"Santa Rosa",6,"Chiquimulilla",8,1047,380,106,1,67,1,0,6,3,0,1,185,14,4,203,0,203,--,375,172,185,203,203,Algún campo sin dato,1,defd11d0baaf3512ac44e1aab4d1d3ab857e95b9e34d21f0ad5f3b3f820312b2,26/06/2023 02:19:59,ESCANER
8738,"Santa Rosa",6,"Chiquimulilla",8,1047,380,96,3,45,3,1,9,0,0,2,159,15,5,179,0,179,--,375,196,159,179,179,Algún campo sin dato,1,5c2a01e7f029e8f8e833c0ebf52da4be69ca21b71ff4b86e6cd02bf06282925b,26/06/2023 00:38:10,ESCANER
8739,"Santa Rosa",6,"Chiquimulilla",8,1047,360,96,1,71,1,0,6,2,0,1,178,16,6,200,0,200,--,360,160,178,200,200,Algún campo sin dato,1,15a4d10a02c746cd292da74ed7aebba5eac6391771cba40b265bf49be69b1b18,26/06/2023 01:58:20,ESCANER
8740,"Santa Rosa",6,"Chiquimulilla",8,1047,360,108,0,51,0,0,6,4,0,1,170,4,2,176,0,176,--,365,189,170,176,176,Algún campo sin dato,1,ba0879afd7f853bd825d14d416efded8d87a9a146c1a36b97480de6f35f77832,26/06/2023 00:42:43,ESCANER
8741,"Santa Rosa",6,"Chiquimulilla",8,1048,380,152,0,58,4,2,5,0,0,8,229,20,8,257,0,257,--,375,118,229,257,257,Algún campo sin dato,1,c776616d07867dc73ac7fa6b64793c98edab1abe90c6f05fb60657c080aa68d9,26/06/2023 01:19:23,ESCANER
8742,"Santa Rosa",6,"Chiquimulilla",8,1048,380,168,0,49,1,0,10,0,2,3,233,18,2,253,0,253,--,375,122,233,253,253,Algún campo sin dato,1,b763ebdb89770c8fd8d00af2de85d2788c29b264c004cbddc0233b12a4002277,26/06/2023 00:56:54,ESCANER
8743,"Santa Rosa",6,"Chiquimulilla",8,1048,380,127,0,53,1,1,3,1,1,2,189,19,4,212,0,212,--,375,163,189,212,212,Algún campo sin dato,1,ca4f48ac94e5c2a6a61a08f0ab32e85d9c469743e7e93bbceeb6583db9032409,26/06/2023 01:07:14,ESCANER
8744,"Santa Rosa",6,"Chiquimulilla",8,1048,232,86,0,24,2,0,4,0,0,0,116,7,2,125,0,125,--,232,107,116,125,125,Algún campo sin dato,1,a1ac17dcf2412df27bafe34bfa7b82b0ecfd3edb8b7f9f58efdff3a13eb2ff2c,25/06/2023 23:03:07,ESCANER
8745,"Santa Rosa",6,"Chiquimulilla",8,1048,231,88,0,38,0,0,4,0,0,1,131,10,1,142,0,142,--,231,89,131,142,142,Algún campo sin dato,1,8396c7cff8a044cefa6c46a3d5b346d3bfb2b65f2b9290b499a87a6a2986bdfd,26/06/2023 00:51:42,ESCANER
8746,"Santa Rosa",6,"Chiquimulilla",8,1049,380,97,17,83,2,1,9,1,0,0,210,21,9,240,0,240,--,375,135,210,240,240,Algún campo sin dato,1,5992240c9563e9d45614d23326ef841cf0ef8e33a23b89bcbe0b2cf2670581a4,25/06/2023 23:24:48,ESCANER
8747,"Santa Rosa",6,"Chiquimulilla",8,1049,380,106,18,79,1,1,9,3,0,2,219,13,2,234,22,256,1,375,119,219,234,256,,1,1b797fa668891330f22b74d624bbc86e71bc9bc1b74a76dc5d55b889dc5a361a,26/06/2023 01:43:53,ESCANER
8748,"Santa Rosa",6,"Chiquimulilla",8,1049,380,100,10,57,2,0,1,1,1,0,172,21,1,196,0,196,--,375,179,172,194,194,Sumas Asentadas sin cuadrar,1,e5a91c370f1313acee94d37504968d5cf336e658f1c6d9c31eabe014a20627e2,26/06/2023 00:33:26,ESCANER
8749,"Santa Rosa",6,"Chiquimulilla",8,1049,380,85,12,54,0,1,6,1,0,0,159,16,9,184,0,184,--,375,191,159,184,184,Algún campo sin dato,1,35cfdb1b5917e3d06e59d7847a27317e011ae96b25a16beceb6bd74d51042a4a,26/06/2023 01:28:59,ESCANER
8750,"Santa Rosa",6,"Chiquimulilla",8,1049,220,52,16,41,0,0,5,0,0,0,114,3,1,118,0,118,--,220,102,114,118,118,Algún campo sin dato,1,24397311430c9ab5003f2601a5929c4a585b1c6223536ec0504b733e2b786926,25/06/2023 23:58:23,ESCANER
8751,"Santa Rosa",6,"Chiquimulilla",8,1049,219,55,6,41,--,--,6,--,--,--,108,4,1,113,0,113,--,220,107,108,113,113,Algún campo sin dato,1,f70877f32636d17da5fd1e32de67a27e4069e6f054934703e1e135dbabb941a7,26/06/2023 00:55:09,ESCANER
8752,"Santa Rosa",6,"Chiquimulilla",8,1050,380,104,13,128,0,0,10,0,0,0,255,19,5,279,0,279,--,374,95,255,279,279,Algún campo sin dato,1,2ed7fc8fc1306d5b1ac599cf92f5441e664e7fa317a66034526178a4eb3606d1,26/06/2023 00:04:33,ESCANER
8753,"Santa Rosa",6,"Chiquimulilla",8,1050,380,102,24,86,2,1,8,0,0,0,223,15,5,243,0,243,--,375,132,223,243,243,Algún campo sin dato,1,d66988559b9ede0ac3015b2f616fac0e44349a7b718081ce77ad61f7e2838c0a,25/06/2023 23:46:54,ESCANER
8754,"Santa Rosa",6,"Chiquimulilla",8,1050,370,89,19,92,1,1,3,1,1,0,207,19,5,231,0,231,--,370,139,207,231,231,Algún campo sin dato,1,85afaa5dfd12726c2419e58a614e263862be687ff9c7ce0fb1d537a4aa2f9886,26/06/2023 00:42:14,ESCANER
8755,"Santa Rosa",6,"Chiquimulilla",8,1050,369,92,14,101,2,0,6,1,0,0,216,8,0,224,0,224,--,361,145,216,224,224,Algún campo sin dato,1,eb8c3fce54205c1a4d7c0188bb4e2aa356277c0afe98722ef2e520e4b3e9d49a,26/06/2023 00:54:21,ESCANER
8756,"Santa Rosa",6,"Chiquimulilla",8,1051,380,140,1,77,3,2,15,0,1,2,241,26,5,272,1,273,--,375,102,241,272,273,Algún campo sin dato,1,acb51443106938ed63a9bd69028264c5a6fd6c77ee935fcf9a519eaaa501fb69,26/06/2023 01:20:44,ESCANER
8757,"Santa Rosa",6,"Chiquimulilla",8,1051,380,145,0,89,3,0,8,3,1,3,252,29,2,283,0,283,--,375,92,252,283,283,Algún campo sin dato,1,09dceb7662dce82a0a63403aff83fc3810ab6a3f212c3e08e6b6a599fd29e518,26/06/2023 02:20:15,ESCANER
8758,"Santa Rosa",6,"Chiquimulilla",8,1051,380,,,,,,,,,,,,,,,,,,,,,,,0,,,
8759,"Santa Rosa",6,"Chiquimulilla",8,1051,380,124,3,82,4,0,12,2,0,6,233,9,3,245,0,245,--,375,130,233,245,245,Algún campo sin dato,1,bb7d0c2329ff74d98680874178e1b9f3fe4db640594a26e0990aad47ef5b2385,25/06/2023 23:59:20,ESCANER
8760,"Santa Rosa",6,"Chiquimulilla",8,1051,380,139,3,68,6,0,11,2,1,4,234,12,3,249,0,249,--,375,126,234,249,249,Algún campo sin dato,1,2e7e03a16e9673d461aa9a61acd4a5d85bf98774e6089abd44f51160a4ada795,25/06/2023 23:57:40,ESCANER
8761,"Santa Rosa",6,"Chiquimulilla",8,1051,380,126,0,82,3,1,12,0,1,2,227,16,4,247,0,247,--,375,128,227,247,247,Algún campo sin dato,1,7b33b4963612b95644152406c880b86a473dd3742d63d48b5e01552626faf074,26/06/2023 01:58:52,ESCANER
8762,"Santa Rosa",6,"Chiquimulilla",8,1051,380,120,0,75,4,0,8,3,0,1,211,26,0,237,0,237,--,375,138,211,237,237,Algún campo sin dato,1,2b28a9587cb57855b95b85866a354f172e3340a19911905a3d0a9f0416d2c35f,26/06/2023 02:04:41,ESCANER
8763,"Santa Rosa",6,"Chiquimulilla",8,1051,380,,,,,,,,,,,,,,,,,,,,,,,0,,,
8764,"Santa Rosa",6,"Chiquimulilla",8,1051,205,76,0,31,4,0,2,1,0,1,115,5,0,120,1,121,--,205,84,115,120,121,Algún campo sin dato,1,bed3d775335ab2e060062b477ed049eb0b83a6e1b457f1bc585de2eaf18a5eda,26/06/2023 00:38:38,ESCANER
8765,"Santa Rosa",6,"Chiquimulilla",8,1051,205,68,1,30,2,0,7,0,0,2,110,5,1,116,0,116,--,205,89,110,116,116,Algún campo sin dato,1,77e32367bd06c08c6d963c21407c9e1801e207d49abc8998b342716336690964,25/06/2023 22:16:21,ESCANER
8766,"Santa Rosa",6,"Chiquimulilla",8,1052,380,162,0,63,5,1,3,2,2,0,238,29,4,271,0,271,--,375,104,238,271,271,Algún campo sin dato,1,0793d6598b84acd548cc4e73727f352d83484afb41042e11c0b799e489ee5bb2,25/06/2023 22:47:53,ESCANER
8767,"Santa Rosa",6,"Chiquimulilla",8,1052,380,149,2,50,1,0,8,3,0,1,214,19,5,238,1,239,--,375,136,214,238,239,Algún campo sin dato,1,ffebe732d5133747ad471761809a0c0e73a0f0d14c06c2fa1565ed1363fd40cb,26/06/2023 00:35:01,ESCANER
8768,"Santa Rosa",6,"Chiquimulilla",8,1052,334,127,1,36,5,0,7,1,0,0,177,22,136,335,0,335,--,335,130,177,335,335,Algún campo sin dato,1,d161519271e2a038c999b737a0b9609a743110262643deb2da3dd070db8efabe,26/06/2023 01:35:31,ESCANER
8769,"Santa Rosa",6,"Chiquimulilla",8,1052,334,141,0,32,2,0,3,0,0,1,179,3,2,184,0,184,--,334,150,179,184,184,Algún campo sin dato,1,4b2022ee299d319e4a72d70fc795756c8827bf005773e73dfcfd2dbc5ddbbd06,26/06/2023 00:26:58,ESCANER
8770,"Santa Rosa",6,"Chiquimulilla",8,1053,600,71,2,45,0,0,6,3,0,5,132,13,2,147,0,147,--,600,453,132,147,147,Algún campo sin dato,1,4e9aedd49d265001e769fb42e615a3297b7d183405b9f832f2c2d77011882664,26/06/2023 01:10:46,ESCANER
8771,"Santa Rosa",6,"Chiquimulilla",8,1053,600,63,0,29,2,1,2,0,1,2,100,10,0,110,0,110,--,600,487,100,110,110,Algún campo sin dato,1,d361e092b3426092f33a4c83b39fc5d575ccc4af740c1c3d0dfbfcd0d663ab64,26/06/2023 01:59:41,ESCANER
8772,"Santa Rosa",6,"Chiquimulilla",8,1053,600,50,1,24,0,1,6,0,1,1,84,12,1,97,0,97,--,616,519,84,97,97,Algún campo sin dato,1,f17e2dc6cc137752829c2271b43a2399ec71f73dde9a8c92ef417c19fb73f32b,26/06/2023 02:44:19,ESCANER
8773,"Santa Rosa",6,"Chiquimulilla",8,1053,464,11,1,8,0,0,0,0,0,2,22,5,1,28,0,28,--,464,436,22,28,28,Algún campo sin dato,1,7fd923b223a599a643b6c3974b8cb68793821c8ede3b7f4038867a87edc3c703,25/06/2023 20:53:18,ESCANER
8774,"Santa Rosa",6,"Chiquimulilla",8,1053,464,8,2,2,0,0,0,0,0,1,13,0,0,13,0,13,--,465,452,13,13,13,Algún campo sin dato,1,a5afb18fa3a5b7ac8a69f281c36020491c21439d65ce8bb992f537643d89a2d6,25/06/2023 23:03:32,ESCANER