﻿TIPO_DE_ELECCIÓN:,CORPORACIÓN MUNICIPAL
26 junio 2023 03:36 (UTC -6)
ACTAS_ESPERADAS,ACTAS_CAPTURADAS,PORCENTAJE_ACTAS_CAPTURADAS,ACTAS_CONTABILIZADAS,PORCENTAJE_ACTAS_CONTABILIZADAS,ACTAS_NO_CONTABILIZADAS,LISTA_NOMINAL_ACTAS_CONTABILIZADAS,VOTOS_EMITIDOS_CONTABILIZADAS,PORCENTAJE_PARTICIPACIÓN_CIUDADANA
33,31,93.9393,31,93.9393,0,11657,8608,73.8440

MESA,DEPARTAMENTO,ID_DEPARTAMENTO,MUNICIPIO,ID_MUNICIPIO,CENTRO_DE_VOTACIÓN,PADRÓN,CABAL,VALOR,AZUL,VAMOS,UNE,VICTORIA,UR,VÁLIDOS,NULOS,BLANCO,EMITIDOS,INVÁLIDOS,TOTAL,IMPUGNACIONES,PAPELETAS-RECIBIDAS,PAPELETAS-NO-USADAS,VALIDOS_CALCULADO,EMITIDOS_CALCULADO,TOTAL_CALCULADO,OBSERVACIONES,CONTABILIZADA,CÓDIGO_INTEGRIDAD,FECHA_HORA_PUBLICACIÓN,DIGITALIZACIÓN
8156,"Escuintla",5,"San Vicente Pacaya",12,947,400,76,6,4,109,46,53,1,295,10,2,307,0,307,--,400,93,295,307,307,Algún campo sin dato,1,7f15b2ffd83a2ef1fb11de6c5bac6f5bcb3a39feb8d9e86b89516d210b80ad8a,26/06/2023 01:18:56,ESCANER
8157,"Escuintla",5,"San Vicente Pacaya",12,947,400,74,7,3,104,50,55,2,295,15,1,311,0,311,--,400,89,295,311,311,Algún campo sin dato,1,34f1331361796bcb1c07ca8a780cc81882f07bcb8c52740bbd734aaca04a2673,26/06/2023 00:34:31,ESCANER
8158,"Escuintla",5,"San Vicente Pacaya",12,948,400,90,7,4,92,63,37,5,298,20,2,320,0,320,--,400,80,298,320,320,Algún campo sin dato,1,a3ac67745a32bdf1d1f85494e0ab9bdf908bcde22676511d54cf9ed2a8a85e2f,26/06/2023 01:20:46,ESCANER
8159,"Escuintla",5,"San Vicente Pacaya",12,948,400,90,9,4,87,50,56,0,296,21,6,323,0,323,--,400,77,296,323,323,Algún campo sin dato,1,472bedb62890f037e9a8ff62897d1273d9f028e8728fecd6d46a6790bc46fea4,26/06/2023 00:51:31,ESCANER
8160,"Escuintla",5,"San Vicente Pacaya",12,948,400,83,10,4,97,53,49,1,321,22,2,321,0,321,--,400,79,297,321,321,Sumas Asentadas sin cuadrar,1,e28154969bc19fe1d1075d6a787ac2fad04e4372bf2bdea2deaac2fbe716fa3b,26/06/2023 00:22:55,ESCANER
8161,"Escuintla",5,"San Vicente Pacaya",12,948,400,89,10,0,105,70,56,1,331,11,3,345,0,345,--,400,55,331,345,345,Algún campo sin dato,1,d95ed2eb6f95c80fd7128a0ca6086a0d1f9a752a66855d683449dc52825ff645,26/06/2023 03:24:25,ESCANER
8162,"Escuintla",5,"San Vicente Pacaya",12,949,400,92,6,2,113,51,48,3,315,22,2,339,0,339,1,400,60,315,339,339,,1,d005391b9bdb82e9ab6f0bfa2c7d964c6bb1af4ab9eb8c29faf908c3afa762ae,26/06/2023 00:00:50,ESCANER
8163,"Escuintla",5,"San Vicente Pacaya",12,949,400,80,10,4,115,64,51,1,325,12,6,343,0,343,--,343,57,325,343,343,Algún campo sin dato,1,95b7470d52ee3ba5d7269d54c009c99fe640c66d175114e01b4eb215282bc09f,26/06/2023 01:42:46,ESCANER
8164,"Escuintla",5,"San Vicente Pacaya",12,949,400,,,,,,,,,,,,,,,,,,,,,0,,,
8165,"Escuintla",5,"San Vicente Pacaya",12,949,400,112,13,3,98,26,42,4,298,23,4,325,0,325,--,397,72,298,325,325,Algún campo sin dato,1,0e5ef883e2a487a64ea64c1cb067846210468d7626e07467e47ceafb651e231d,26/06/2023 00:36:03,ESCANER
8166,"Escuintla",5,"San Vicente Pacaya",12,950,400,124,7,3,95,31,50,0,310,10,2,322,0,322,--,400,78,310,322,322,Algún campo sin dato,1,50f19bcc3ad1f9aa65309965fb5733b2dcf7a52029ba9f011186f965701ee8b9,26/06/2023 00:15:36,ESCANER
8167,"Escuintla",5,"San Vicente Pacaya",12,950,400,99,7,5,64,43,57,1,276,6,1,283,0,283,--,400,117,276,283,283,Algún campo sin dato,1,2fcdf4a801413d81e3e69ef4f9b6291fbccd0c38b878fe673e56401aa6476106,26/06/2023 01:24:23,ESCANER
8168,"Escuintla",5,"San Vicente Pacaya",12,950,400,62,8,4,96,51,50,1,272,23,6,301,0,301,2,400,97,272,301,301,,1,e4213394f78fdf0824e0b444ce5204508e4f1ddb7efaa2abc5a858a66604deae,26/06/2023 02:09:29,ESCANER
8169,"Escuintla",5,"San Vicente Pacaya",12,950,400,84,5,3,89,41,54,2,278,14,5,297,0,297,--,400,103,278,297,297,Algún campo sin dato,1,1c44026471f6a08f1d4314ea22f549d4df82d4d5bf73a00ac7c5e9cf1ab2a23a,26/06/2023 01:31:28,ESCANER
8170,"Escuintla",5,"San Vicente Pacaya",12,950,400,92,7,5,95,37,41,0,277,12,6,295,0,295,--,400,105,277,295,295,Algún campo sin dato,1,d9a37ae8dd7797437f2f01eee603dfc5084a981b2e29167af2700d13ccbc7e91,26/06/2023 02:16:37,ESCANER
8171,"Escuintla",5,"San Vicente Pacaya",12,950,400,94,4,2,93,43,62,0,298,9,3,310,0,310,1,400,90,298,310,310,,1,f2f48f8a95813172ffa103cf0c179a9964ae46d17d6a5c435dbb8cab3b08334a,26/06/2023 01:56:47,ESCANER
8172,"Escuintla",5,"San Vicente Pacaya",12,951,400,87,5,2,85,45,53,2,279,17,6,302,0,302,--,400,98,279,302,302,Algún campo sin dato,1,4ee58dbf2f0b158d7ca2dfd1c48abb92fa1fbfa0e203f574d1306e3bd0c7c28b,26/06/2023 00:59:05,ESCANER
8173,"Escuintla",5,"San Vicente Pacaya",12,951,400,,,,,,,,,,,,,,,,,,,,,0,,,
8174,"Escuintla",5,"San Vicente Pacaya",12,951,400,80,3,3,84,49,46,0,265,0,3,268,16,284,--,396,112,265,268,284,Algún campo sin dato,1,952e741bd281340062a782f4087a47bc868a9e6a1e885d332fbfcfc05132d91e,26/06/2023 00:31:21,ESCANER
8175,"Escuintla",5,"San Vicente Pacaya",12,952,400,85,6,4,85,27,60,1,268,6,4,278,0,278,--,400,122,268,278,278,Algún campo sin dato,1,3cc3df6b27512c6bdeb53051a4bba3b4115df5cc1f56778f4ffdede33eb2f21f,26/06/2023 00:21:29,ESCANER
8176,"Escuintla",5,"San Vicente Pacaya",12,952,400,72,15,2,82,41,45,2,259,2,0,261,0,261,--,400,139,259,261,261,Algún campo sin dato,1,558f1c896cc864d75b4fb02af21125b9d80c5dd8a3e79cad8959c961bac08144,25/06/2023 23:09:53,ESCANER
8177,"Escuintla",5,"San Vicente Pacaya",12,952,400,98,5,3,83,38,47,1,275,5,1,281,0,281,1,--,--,275,281,281,Algún campo sin dato,1,4a5b7a9c1499946a1f51e666a1a7e46b346aa63a8c4ec541767d8ce45f8bfe92,26/06/2023 00:25:57,ESCANER
8178,"Escuintla",5,"San Vicente Pacaya",12,952,400,110,8,7,80,39,74,2,320,0,1,321,5,326,--,400,74,320,321,326,Algún campo sin dato,1,563c07153537c2643585fdd833244f360850ed5954b027ad42f3206c93e46ef4,25/06/2023 22:36:17,ESCANER
8179,"Escuintla",5,"San Vicente Pacaya",12,953,400,89,9,3,86,54,63,4,308,3,1,312,0,312,--,400,88,308,312,312,Algún campo sin dato,1,6f627ffdc81ec3101067e5234bf200de9ff3ce511e7fa5dcfcf1ca5993ad6dc3,26/06/2023 00:56:32,ESCANER
8180,"Escuintla",5,"San Vicente Pacaya",12,953,400,94,7,4,79,49,64,1,298,1,2,301,0,301,--,400,99,298,301,301,Algún campo sin dato,1,ac900efdccf912cd58cdab6419db3af2f4bf490e639973786177bca9848bd9ae,25/06/2023 23:29:50,ESCANER
8181,"Escuintla",5,"San Vicente Pacaya",12,953,400,74,3,4,106,43,67,0,297,3,1,301,0,301,1,400,98,297,301,301,,1,5c0810b25fa41c69542704d507259e04c5570dcda8a1bce60efa7e96d57f9b5c,26/06/2023 02:29:06,ESCANER
8182,"Escuintla",5,"San Vicente Pacaya",12,954,214,39,3,2,51,21,23,2,141,5,0,146,0,146,--,215,69,141,146,146,Algún campo sin dato,1,b04004d4491f6e198ecbd4787851819b85026f6625a1dd2d716cfeeb848e32b9,25/06/2023 22:44:34,ESCANER
8183,"Escuintla",5,"San Vicente Pacaya",12,954,213,37,2,4,35,19,19,2,118,4,1,123,0,123,--,213,90,118,123,123,Algún campo sin dato,1,57369c17f28bb7d6b3c71597a4c6c3245288f9cd5c8fbe958e15204a341f6ce7,25/06/2023 22:21:16,ESCANER
8184,"Escuintla",5,"San Vicente Pacaya",12,955,380,66,7,2,56,90,21,0,242,19,9,270,0,270,--,380,110,242,270,270,Algún campo sin dato,1,7a859cf35e379c3b14ee938eff0edf654f7843ca261e02f7cf8c49a8d66c4e7b,26/06/2023 02:53:50,ESCANER
8185,"Escuintla",5,"San Vicente Pacaya",12,955,380,55,7,3,59,75,29,0,228,16,11,255,0,255,--,380,125,228,255,255,Algún campo sin dato,1,b861e75edf76aecf27b670d3e66f6daccc2eef8b5680712d37062054bb2b809d,26/06/2023 01:14:24,ESCANER
8186,"Escuintla",5,"San Vicente Pacaya",12,955,244,34,4,1,27,50,15,0,131,15,2,148,0,148,1,244,95,131,148,148,,1,2815f1cb94718979d79277f817f8c590ac1cd71b1f48576d196c6dca2bacc425,25/06/2023 23:50:47,ESCANER
8187,"Escuintla",5,"San Vicente Pacaya",12,955,244,52,6,3,31,54,12,0,158,2,1,161,0,161,--,244,83,158,161,161,Algún campo sin dato,1,139a6e985a7b40011a2aee7c511554d7d6d86e6450ebbe90ab0bb45f8b409520,26/06/2023 00:10:16,ESCANER
8188,"Escuintla",5,"San Vicente Pacaya",12,956,382,49,2,3,38,11,19,0,122,9,7,138,0,138,--,382,244,122,138,138,Algún campo sin dato,1,e00115ce6662f9cea40a345644630bccaa46275a6cd070f78da8b00a5f6f090c,26/06/2023 00:14:07,ESCANER