﻿TIPO_DE_ELECCIÓN:,CORPORACIÓN MUNICIPAL
26 junio 2023 03:36 (UTC -6)
ACTAS_ESPERADAS,ACTAS_CAPTURADAS,PORCENTAJE_ACTAS_CAPTURADAS,ACTAS_CONTABILIZADAS,PORCENTAJE_ACTAS_CONTABILIZADAS,ACTAS_NO_CONTABILIZADAS,LISTA_NOMINAL_ACTAS_CONTABILIZADAS,VOTOS_EMITIDOS_CONTABILIZADAS,PORCENTAJE_PARTICIPACIÓN_CIUDADANA
66,65,98.4848,65,98.4848,0,24772,14613,58.9899

MESA,DEPARTAMENTO,ID_DEPARTAMENTO,MUNICIPIO,ID_MUNICIPIO,CENTRO_DE_VOTACIÓN,PADRÓN,VIVA,CABAL,MLP,TODOS,PPN,UNE,VICTORIA,PHG,VAMOS,SEMILLA,VALOR UNIONISTA,VÁLIDOS,NULOS,BLANCO,EMITIDOS,INVÁLIDOS,TOTAL,IMPUGNACIONES,PAPELETAS-RECIBIDAS,PAPELETAS-NO-USADAS,VALIDOS_CALCULADO,EMITIDOS_CALCULADO,TOTAL_CALCULADO,OBSERVACIONES,CONTABILIZADA,CÓDIGO_INTEGRIDAD,FECHA_HORA_PUBLICACIÓN,DIGITALIZACIÓN
11560,"Quetzaltenango",9,"Génova",21,1547,400,12,47,2,1,32,3,1,2,84,2,60,246,23,7,276,0,276,--,400,124,246,276,276,Algún campo sin dato,1,50c2f15040c33ff390e10700a94108c5a3b2e289b7ce249f74c33f539a5ac1d6,25/06/2023 22:45:45,ESCANER
11561,"Quetzaltenango",9,"Génova",21,1547,400,8,40,5,4,36,6,0,1,75,2,77,254,15,5,274,0,274,--,400,126,254,274,274,Algún campo sin dato,1,5506ad66046aa9e1a5a14f4ecab4bdf0eedae7d90cc17d6f60b20b7ad4dcb353,26/06/2023 01:10:38,ESCANER
11562,"Quetzaltenango",9,"Génova",21,1547,400,13,36,1,4,41,3,1,0,70,0,74,243,7,7,257,0,257,--,396,139,243,257,257,Algún campo sin dato,1,ed9c17b8cf37ddcbeba1a35eadb99c25c5f70cb37e59876f02ce5f48f4eb3e0a,26/06/2023 00:44:41,ESCANER
11563,"Quetzaltenango",9,"Génova",21,1547,400,2,81,5,3,26,2,0,0,77,1,53,250,15,4,269,0,269,--,400,131,250,269,269,Algún campo sin dato,1,b05906d69fd36799e56125f7e671ba1e7031011cfc0c7291a17beb04a8a04247,26/06/2023 01:48:55,ESCANER
11564,"Quetzaltenango",9,"Génova",21,1547,400,6,96,7,14,14,3,0,2,82,0,68,298,3,3,298,0,298,--,400,102,292,298,298,Sumas Asentadas sin cuadrar,1,4047b9bf453da98369cfa3a1f5ecfe7a534ddafe7858e9752959dbfe89833225,26/06/2023 01:38:14,ESCANER
11565,"Quetzaltenango",9,"Génova",21,1547,400,8,74,4,11,22,5,1,0,117,1,54,297,15,8,320,0,320,--,400,80,297,320,320,Algún campo sin dato,1,ddb0b4e1db8f01fcaf5ac695605ad492cbee6ee5561161fe0b2b6be258d7c30c,26/06/2023 01:46:33,ESCANER
11566,"Quetzaltenango",9,"Génova",21,1547,400,8,60,1,3,25,1,0,0,109,0,80,287,15,4,306,0,306,--,400,94,287,306,306,Algún campo sin dato,1,2ee8c720464f2178140bedfe00574cb1775e0010984fdd792aba97e5492fb3b1,26/06/2023 01:38:04,ESCANER
11567,"Quetzaltenango",9,"Génova",21,1547,400,1,59,1,1,36,5,1,3,146,1,51,305,10,5,320,0,320,--,400,80,305,320,320,Algún campo sin dato,1,4256bc17ed5bd876a5e690854d3b66f816f6e927a94f9e573e49fec7b608ce52,26/06/2023 01:44:16,ESCANER
11568,"Quetzaltenango",9,"Génova",21,1547,400,4,40,1,0,35,6,0,0,116,0,69,271,3,6,280,6,286,--,400,114,271,280,286,Algún campo sin dato,1,b2437318c4d12fd1c8e03aadf640f27e10cd03ddd5a5de3499530fcd87b711c0,26/06/2023 02:08:37,ESCANER
11569,"Quetzaltenango",9,"Génova",21,1547,400,11,26,2,1,23,8,0,0,101,2,85,259,11,2,272,0,272,--,400,128,259,272,272,Algún campo sin dato,1,f1cfa9e51721ba9319ba0f91f5829ab4ec110288c366e95da2711a262bf080fc,26/06/2023 01:40:04,ESCANER
11570,"Quetzaltenango",9,"Génova",21,1547,400,,,,,,,,,,,,,,,,,,,,,,,,,0,,,
11571,"Quetzaltenango",9,"Génova",21,1547,400,6,48,4,3,29,5,2,1,81,0,70,249,15,6,270,0,270,--,400,130,249,270,270,Algún campo sin dato,1,0ca6b28b0662507d0d22bdd050f0d9f7520d1474b50484b337f79be7367f0cfe,25/06/2023 22:32:32,ESCANER
11572,"Quetzaltenango",9,"Génova",21,1547,400,7,46,4,7,34,8,0,1,88,1,58,254,12,2,268,0,268,--,400,132,254,268,268,Algún campo sin dato,1,ebc76ea6433a5eb4f5b4515760f4cf251fb8fc77d2a18c10c8586dfc4a00fd2d,26/06/2023 01:16:45,ESCANER
11573,"Quetzaltenango",9,"Génova",21,1547,400,4,71,6,2,35,5,0,2,75,0,70,270,7,2,279,0,279,--,400,121,270,279,279,Algún campo sin dato,1,5dd9d1fc1714e66a92a5537f30810def10d4574432a592826dbb74d0a947c55d,26/06/2023 01:43:00,ESCANER
11574,"Quetzaltenango",9,"Génova",21,1547,400,7,42,3,1,34,8,0,0,87,1,55,238,15,3,256,0,256,--,400,144,238,256,256,Algún campo sin dato,1,06baf17c0efc15590d313be945d18e0f1662789188e8ed21f9b86dcd724a3de9,26/06/2023 01:43:31,ESCANER
11575,"Quetzaltenango",9,"Génova",21,1548,400,8,38,3,8,29,4,0,0,83,0,80,253,9,2,264,0,264,--,400,136,253,264,264,Algún campo sin dato,1,f89af6bdeec544b8bdba1c3e7ae0af67859a1ae15c3da9909aa94885fa9fca09,26/06/2023 01:13:55,ESCANER
11576,"Quetzaltenango",9,"Génova",21,1548,400,5,41,2,3,29,14,0,0,78,0,72,253,8,1,253,0,253,--,400,147,244,253,253,Sumas Asentadas sin cuadrar,1,fdb2619866813f443a2b73df86300741e4b225dcba7b16a9dc8d22299bbda909,26/06/2023 00:52:28,ESCANER
11577,"Quetzaltenango",9,"Génova",21,1548,400,3,48,3,6,26,6,0,0,87,1,54,234,6,2,242,0,242,0,400,158,234,242,242,,1,858cfb06f0856a735ca84baaacec322d78313b586c3289e46520f3d39b95ca1b,26/06/2023 00:32:35,ESCANER
11578,"Quetzaltenango",9,"Génova",21,1548,400,6,43,1,4,41,2,0,1,112,0,75,285,2,0,287,0,287,--,380,93,285,287,287,Algún campo sin dato,1,7c870d48532bf275f173d1152bfe8750976bf8d58e2c1552404d6f40137bed24,26/06/2023 00:24:06,ESCANER
11579,"Quetzaltenango",9,"Génova",21,1548,400,7,46,2,2,23,3,1,0,79,0,65,228,4,0,232,0,232,--,400,168,228,232,232,Algún campo sin dato,1,36f8046476e94b5e633eb0ca56dbb3532ebcec4f6660d6045db06b128954ae34,25/06/2023 23:12:09,ESCANER
11580,"Quetzaltenango",9,"Génova",21,1548,400,3,48,0,5,27,1,1,0,98,0,63,246,1,1,248,1,249,--,400,151,246,248,249,Algún campo sin dato,1,df72d5bf18652e182cd9b8b987e8107a43db7a53178d86042c1b2f2b998cd223,25/06/2023 23:39:29,ESCANER
11581,"Quetzaltenango",9,"Génova",21,1548,400,5,58,0,2,25,3,0,3,63,1,69,229,4,0,233,0,233,--,400,167,229,233,233,Algún campo sin dato,1,7409ceb36d9623e05e89a788699b022593ededd1745445038481b8b89c43de4f,25/06/2023 23:34:45,ESCANER
11582,"Quetzaltenango",9,"Génova",21,1548,280,3,31,0,3,20,4,0,0,55,1,63,0,2,1,0,0,183,--,280,97,180,183,183,Algún campo sin dato,1,0e4c95f313ea3efb98ddd72287db5ce0cedc8a97d68cba01bd8b2d6633a09dbb,26/06/2023 01:38:47,ESCANER
11583,"Quetzaltenango",9,"Génova",21,1548,280,3,21,0,1,13,3,0,0,51,0,36,128,0,0,0,1,129,--,280,151,128,128,129,Algún campo sin dato,1,1bf12b4678587786d708019685397c01773cfe3c6303270845322265b6909c55,26/06/2023 01:07:19,ESCANER
11584,"Quetzaltenango",9,"Génova",21,1549,380,10,14,12,4,51,9,0,0,49,0,53,202,30,5,237,0,237,--,379,142,202,237,237,Algún campo sin dato,1,1ae3a7a735304f0330da097d287e8f4e177dec7f462934b871cfa6c47e03382c,26/06/2023 01:08:52,ESCANER
11585,"Quetzaltenango",9,"Génova",21,1549,380,14,18,7,8,66,5,0,1,51,2,76,248,17,7,272,0,272,--,380,108,248,272,272,Algún campo sin dato,1,f7d0f744a9fc3eee36a9c094705a70709c540bafee54a04031712dca6e16dd0d,25/06/2023 22:34:20,ESCANER
11586,"Quetzaltenango",9,"Génova",21,1549,380,10,27,5,7,63,10,2,0,50,0,60,234,9,3,246,0,246,--,380,134,234,246,246,Algún campo sin dato,1,4ca3767ccd555210b804bfa1a42344fd9eac02d58fd262d966e2ff7ea32e43af,25/06/2023 23:20:41,ESCANER
11587,"Quetzaltenango",9,"Génova",21,1549,380,11,23,4,1,40,2,0,0,67,1,60,209,17,4,230,0,230,--,380,150,209,230,230,Algún campo sin dato,1,69e7b12884d6bf8c016bd8bfe5cf41b2b68b80b001baa324d6b3ca5b798086f9,25/06/2023 21:25:58,ESCANER
11588,"Quetzaltenango",9,"Génova",21,1549,380,7,18,5,6,61,2,0,0,52,2,46,199,13,2,214,0,214,--,380,166,199,214,214,Algún campo sin dato,1,5bb59304476e2251535241b39929414b1d58ce0581df2223912c1efa470b7995,26/06/2023 00:23:17,ESCANER
11589,"Quetzaltenango",9,"Génova",21,1549,215,6,13,5,3,28,0,0,0,30,0,33,118,5,2,125,0,125,--,215,90,118,125,125,Algún campo sin dato,1,675a0984d912f275afb698429ff1f5ed882f910e53bdd743da0c64feb6bfa9a3,25/06/2023 22:02:02,ESCANER
11590,"Quetzaltenango",9,"Génova",21,1549,214,7,11,4,2,18,6,0,0,15,1,46,110,2,1,113,0,113,--,214,101,110,113,113,Algún campo sin dato,1,f6ad46d56750080a2d2c06a9013c13b517903b3b8dc63eff28e395a91fb0e1ed,25/06/2023 23:08:59,ESCANER
11591,"Quetzaltenango",9,"Génova",21,1550,380,16,58,8,0,39,7,1,1,58,0,64,252,12,6,270,1,271,--,380,109,252,270,271,Algún campo sin dato,1,dfaaeef57b0cc7d1d21d01eac4c2be2d474f0faae496e44bbd814ce19011b2ce,26/06/2023 01:23:42,ESCANER
11592,"Quetzaltenango",9,"Génova",21,1550,380,10,67,5,2,27,6,0,0,51,0,67,235,14,9,258,0,258,--,380,122,235,258,258,Algún campo sin dato,1,b6686db31c8d8dec3ff06c75084b732d5c0d3ae7edf2e1eeeecf5f20dfdaabbb,26/06/2023 00:37:37,ESCANER
11593,"Quetzaltenango",9,"Génova",21,1550,380,7,47,4,0,50,3,1,0,64,1,53,230,4,6,240,0,240,--,380,140,230,240,240,Algún campo sin dato,1,7b80a386a62ba4332efe54acfa24f1bc28fe44170ee9b0048ade237711a58a38,26/06/2023 01:51:32,ESCANER
11594,"Quetzaltenango",9,"Génova",21,1550,315,5,37,5,3,34,3,0,0,43,0,40,170,6,3,179,0,179,--,315,136,170,179,179,Algún campo sin dato,1,288f6a25e77d0dc1a8cb81cab1cc0de390062c93995d4cb19ac0e7a23890a977,26/06/2023 00:33:43,ESCANER
11595,"Quetzaltenango",9,"Génova",21,1550,315,6,39,1,0,40,0,0,0,28,0,59,173,0,1,174,0,174,--,312,138,173,174,174,Algún campo sin dato,1,75d9fe65f954c0d76bf951546bfba5422e0ff491a99d8ca806bb32bba7dfee38,26/06/2023 00:26:58,ESCANER
11596,"Quetzaltenango",9,"Génova",21,1551,380,15,40,2,0,71,3,1,3,48,0,25,208,15,9,232,0,232,--,380,148,208,232,232,Algún campo sin dato,1,f66e6baa4708c72463d71f20c459ae7f3a574dfc584098811ff565295bf2bdeb,26/06/2023 00:01:44,ESCANER
11597,"Quetzaltenango",9,"Génova",21,1551,380,21,36,1,1,65,4,0,2,59,1,21,211,28,3,242,0,242,--,380,138,211,242,242,Algún campo sin dato,1,0f8f8c13dc72e810fcadd20a9ed58e9273f19922e4db8533cfe6b7355cda4821,26/06/2023 00:54:08,ESCANER
11598,"Quetzaltenango",9,"Génova",21,1551,380,22,36,1,2,49,12,1,3,50,2,34,212,21,4,237,0,237,--,380,143,212,237,237,Algún campo sin dato,1,113ba85ff1009eff0d4eed180afd4d93b23e49cd712fe54eae000009d4da5b51,26/06/2023 00:27:14,ESCANER
11599,"Quetzaltenango",9,"Génova",21,1551,380,28,30,1,1,63,5,0,1,56,1,21,207,7,9,223,0,223,--,380,157,207,223,223,Algún campo sin dato,1,da18a470d12d02c937fe74a88da92cdea171b44bdf6f2a0637fbe9719794d78c,25/06/2023 23:52:05,ESCANER
11600,"Quetzaltenango",9,"Génova",21,1551,380,34,25,1,3,56,7,0,2,52,0,18,198,14,4,216,0,216,--,377,161,198,216,216,Algún campo sin dato,1,2c4558716881b2c2513b8c83bf32a9f0c3a14d2156daceea1325b25de2b8e0a7,26/06/2023 00:35:15,ESCANER
11601,"Quetzaltenango",9,"Génova",21,1551,380,32,22,2,3,71,4,0,1,52,0,20,207,15,2,0,0,224,--,380,156,207,224,224,Algún campo sin dato,1,836ab5ad503b7e645e4554a80f03b7c64d5f18ecc606fa7018f105f36d0479c9,26/06/2023 00:36:15,ESCANER
11602,"Quetzaltenango",9,"Génova",21,1551,380,21,17,1,2,51,9,1,0,64,5,14,185,12,5,202,0,202,--,377,175,185,202,202,Algún campo sin dato,1,6ad9c28e708ca85034b760685bff70c0d8a3b4c962a5f84683f19cf3cffb3fe0,25/06/2023 22:42:14,ESCANER
11603,"Quetzaltenango",9,"Génova",21,1551,380,21,21,0,1,57,4,1,0,58,0,19,184,1,1,192,0,192,8,377,185,182,184,184,Sumas Asentadas sin cuadrar,1,362196055d02da99602bc40a8f260fa70b0f80a4d704b52fd906ee35588c2f3a,25/06/2023 23:42:51,ESCANER
11604,"Quetzaltenango",9,"Génova",21,1551,195,12,16,2,2,35,1,0,1,17,1,9,96,4,1,101,0,101,--,195,94,96,101,101,Algún campo sin dato,1,9a8b9910189a660b5185670d5a2aa3c549677fa9242939951abf3abc01fdb3e6,25/06/2023 22:49:56,ESCANER
11605,"Quetzaltenango",9,"Génova",21,1551,195,13,14,1,0,24,0,0,0,20,0,11,83,6,3,92,0,195,--,195,103,83,92,92,Sumas Asentadas sin cuadrar,1,f39db8800da382efc47ea07a92cf0d5415b1db9adc6cf56356e9fa9fb8ccafde,26/06/2023 00:44:14,ESCANER
11606,"Quetzaltenango",9,"Génova",21,1552,380,40,37,3,0,45,11,1,0,57,2,25,221,21,9,251,0,251,--,380,129,221,251,251,Algún campo sin dato,1,eedba9078ba953d8c265f7cfc9c2e7ee91161e93950ce09ad8d1b7d1a91b1331,26/06/2023 02:49:58,ESCANER
11607,"Quetzaltenango",9,"Génova",21,1552,380,35,44,2,1,53,9,1,0,60,0,42,247,17,6,270,0,270,--,380,110,247,270,270,Algún campo sin dato,1,f3ae3b2286335040f7387a975f89b16277cdecc0281c8e484a80cfe6970093ff,26/06/2023 01:52:07,ESCANER
11608,"Quetzaltenango",9,"Génova",21,1552,380,33,46,3,2,36,4,0,1,74,0,48,247,12,11,270,0,270,--,380,107,247,270,270,Algún campo sin dato,1,1de4f99803121b42ed6575194d9b526efc6539758fbebc43e32b6ba1a9977f2d,26/06/2023 01:52:56,ESCANER
11609,"Quetzaltenango",9,"Génova",21,1552,380,44,41,6,1,27,6,0,1,84,1,48,259,15,4,278,0,278,--,380,102,259,278,278,Algún campo sin dato,1,e55b2116ac621a223d314efeb1f755cc31a4ee121c4c7a0f8bcb1932a5cdf043,26/06/2023 02:48:08,ESCANER
11610,"Quetzaltenango",9,"Génova",21,1552,380,24,52,8,2,25,8,1,1,77,1,45,244,21,5,270,0,270,--,380,110,244,270,270,Algún campo sin dato,1,b18c31bd9b6d1f8d99a2d3eafd4b3a7c4fa5d99377b0be67ba5a2200cd76867d,26/06/2023 00:46:08,ESCANER
11611,"Quetzaltenango",9,"Génova",21,1552,380,26,27,1,2,32,5,0,0,53,0,27,173,8,1,182,0,182,--,380,198,173,182,182,Algún campo sin dato,1,b926e1bee18f5de2b49ca93bb9d0160da465819a17414d58f3070b573885dfd9,26/06/2023 02:31:36,ESCANER
11612,"Quetzaltenango",9,"Génova",21,1552,380,52,30,2,0,52,4,1,1,80,0,16,238,14,7,259,0,259,--,380,121,238,259,259,Algún campo sin dato,1,c8f1914ff7eda4f97a4bbe934cbff273d8bb116c0aab5f2a53a9e0fce3aca045,26/06/2023 02:11:56,ESCANER
11613,"Quetzaltenango",9,"Génova",21,1552,380,69,38,1,0,31,4,0,1,71,0,21,236,21,11,268,0,268,--,380,112,236,268,268,Algún campo sin dato,1,34f99311f3ee0b7b3fe8986b94fe0a89ca0d6b5c1f12d78b7f4ce1fb039d7604,26/06/2023 02:06:19,ESCANER
11614,"Quetzaltenango",9,"Génova",21,1552,380,47,33,2,0,36,4,2,0,57,1,33,215,12,4,231,0,231,--,380,149,215,231,231,Algún campo sin dato,1,4c0a6ef4b9f170030f322d7b351b885edd82ef24333ab48315dee2361d521471,26/06/2023 01:24:34,ESCANER
11615,"Quetzaltenango",9,"Génova",21,1552,380,58,25,5,1,35,5,1,0,71,1,28,230,11,3,244,136,380,--,380,136,230,244,380,Algún campo sin dato,1,504fd564e6220f31524326b8e3e9308c87124b3ece9031e31d73909192b38b82,26/06/2023 01:26:37,ESCANER
11616,"Quetzaltenango",9,"Génova",21,1552,380,31,29,3,2,47,4,0,0,63,1,28,208,16,4,228,0,228,--,377,149,208,228,228,Algún campo sin dato,1,79750bbc13dceaa7baffb7e4d49d7d8e90770139fb678d34b6ece7d445c8148d,26/06/2023 03:20:21,ESCANER
11617,"Quetzaltenango",9,"Génova",21,1552,380,45,33,1,1,34,4,0,0,48,1,28,195,9,6,210,0,210,--,380,170,195,210,210,Algún campo sin dato,1,81ed3b643fcd5873705959f7066e15fa06d3a648394168f53a7b16ac672f1eb7,25/06/2023 23:42:27,ESCANER
11618,"Quetzaltenango",9,"Génova",21,1552,380,34,24,1,1,47,5,1,0,56,1,28,198,2,1,201,0,201,--,380,179,198,201,201,Algún campo sin dato,1,45f598913636d6329566fcff5f31e88a4bb0d17a445778bce813e78db5526a90,26/06/2023 00:17:05,ESCANER
11619,"Quetzaltenango",9,"Génova",21,1552,380,38,28,5,1,42,2,0,0,60,0,36,212,0,0,212,0,212,--,380,168,212,212,212,Algún campo sin dato,1,f3f852c478477897f79ad2cc7e66959db03ffc7b0b6ba6933cbe9ed71ba3eded,25/06/2023 23:13:54,ESCANER
11620,"Quetzaltenango",9,"Génova",21,1552,326,37,29,3,0,37,4,0,0,45,3,14,172,8,1,181,0,172,--,326,145,172,181,181,Sumas Asentadas sin cuadrar,1,1c92e39b1d7f8c1bea0d02d3dcf3f2f6c3248b3d68f91fd4b839499e8c9ddfd3,26/06/2023 01:09:29,ESCANER
11621,"Quetzaltenango",9,"Génova",21,1552,326,27,22,2,1,22,2,0,0,44,2,33,155,8,2,165,0,165,--,326,161,155,165,165,Algún campo sin dato,1,37bf2559ae0d3c06a2fd3041c9b867518b0f73363d6f3177428d21658b8bb21d,26/06/2023 01:34:52,ESCANER
11622,"Quetzaltenango",9,"Génova",21,1553,600,11,23,2,2,23,3,0,1,39,1,38,143,14,2,159,0,159,--,600,441,143,159,159,Algún campo sin dato,1,228ad31a917475cac0502889640bf3bfb43ee3d3d89a1120fc0ac28721952fca,25/06/2023 23:45:26,ESCANER
11623,"Quetzaltenango",9,"Génova",21,1553,600,5,15,1,3,23,3,0,0,18,2,32,102,4,4,110,0,110,--,600,490,102,110,110,Algún campo sin dato,1,ae1ce5eb0464cc91ec5e262a2dfb8e11d57b3051c4e4df5ec49a7b6d713fbb5e,25/06/2023 23:25:18,ESCANER
11624,"Quetzaltenango",9,"Génova",21,1553,556,7,10,1,0,11,4,1,0,15,1,14,64,2,1,67,0,67,--,67,489,64,67,67,Algún campo sin dato,1,7b0e727b4a7ff22204d8b963a6d35e4ee4ab7879568addc8b2f93980c33099db,25/06/2023 23:02:44,ESCANER
11625,"Quetzaltenango",9,"Génova",21,1553,555,4,4,0,1,4,1,0,0,9,0,7,30,1,0,31,0,31,--,555,524,30,31,31,Algún campo sin dato,1,f60ce355f417943b998a4ca3e7c1a7d553068d154e59e1068628dffe44146280,25/06/2023 23:11:06,ESCANER