﻿TIPO_DE_ELECCIÓN:,CORPORACIÓN MUNICIPAL
26 junio 2023 03:36 (UTC -6)
ACTAS_ESPERADAS,ACTAS_CAPTURADAS,PORCENTAJE_ACTAS_CAPTURADAS,ACTAS_CONTABILIZADAS,PORCENTAJE_ACTAS_CONTABILIZADAS,ACTAS_NO_CONTABILIZADAS,LISTA_NOMINAL_ACTAS_CONTABILIZADAS,VOTOS_EMITIDOS_CONTABILIZADAS,PORCENTAJE_PARTICIPACIÓN_CIUDADANA
54,54,100.0000,54,100.0000,0,20327,14635,71.9978

MESA,DEPARTAMENTO,ID_DEPARTAMENTO,MUNICIPIO,ID_MUNICIPIO,CENTRO_DE_VOTACIÓN,PADRÓN,TODOS,CABAL,VAMOS,SAMAJEL,PODEMOS,MLP,UNE,VOS,VÁLIDOS,NULOS,BLANCO,EMITIDOS,INVÁLIDOS,TOTAL,IMPUGNACIONES,PAPELETAS-RECIBIDAS,PAPELETAS-NO-USADAS,VALIDOS_CALCULADO,EMITIDOS_CALCULADO,TOTAL_CALCULADO,OBSERVACIONES,CONTABILIZADA,CÓDIGO_INTEGRIDAD,FECHA_HORA_PUBLICACIÓN,DIGITALIZACIÓN
6500,"Chimaltenango",3,"Patzicía",9,691,400,44,51,49,137,9,3,6,5,304,11,0,315,0,315,--,400,85,304,315,315,Algún campo sin dato,1,a594a28fd484187f047bcbbc85e33458078b0d81cec27704594ee63f5610965c,25/06/2023 23:34:36,ESCANER
6501,"Chimaltenango",3,"Patzicía",9,691,400,58,49,42,115,9,6,2,8,289,24,5,318,0,318,--,399,81,289,318,318,Algún campo sin dato,1,28df463d14e4f97e725d8479f933deaac656276d6487f4ca50fe77e050e893b7,26/06/2023 00:53:25,ESCANER
6502,"Chimaltenango",3,"Patzicía",9,691,400,41,38,53,147,9,7,2,1,298,12,7,317,0,317,0,400,83,298,317,317,,1,732884dcde68a9c89d5ae55806bd7b4db39104cc651f8810907ab9007a2ddd67,26/06/2023 01:00:51,ESCANER
6503,"Chimaltenango",3,"Patzicía",9,691,400,47,46,62,124,6,3,6,9,303,7,5,315,0,315,--,400,85,303,315,315,Algún campo sin dato,1,bca07cfe8021db72d7d3e1f4ecbba5da764e269efa4b6c4d6bb2f9741e15a877,26/06/2023 00:54:03,ESCANER
6504,"Chimaltenango",3,"Patzicía",9,691,400,49,41,52,124,6,3,7,3,285,15,2,302,0,302,--,400,98,285,302,302,Algún campo sin dato,1,e646a4b0a0bf3fa6f4af617d23e11272123496b0d8820ff446de05c599ab6ced,26/06/2023 00:44:24,ESCANER
6505,"Chimaltenango",3,"Patzicía",9,691,400,65,49,51,128,7,4,1,6,311,6,6,323,0,323,--,400,77,311,323,323,Algún campo sin dato,1,1e4b50f3f03e10f6dd2897f35d5fca688422f22c711f4b47413c6e24c4cba826,25/06/2023 23:07:26,ESCANER
6506,"Chimaltenango",3,"Patzicía",9,691,400,38,49,62,124,10,5,3,5,296,12,5,313,0,313,--,400,87,296,313,313,Algún campo sin dato,1,5069390a1a4bf72abaf17177a415ad0d5ae8f6843b2986e83fcfc018d5c927c5,25/06/2023 23:43:58,ESCANER
6507,"Chimaltenango",3,"Patzicía",9,691,400,35,40,54,149,7,10,2,3,300,7,0,307,0,307,--,400,93,300,307,307,Algún campo sin dato,1,7654b8d8f0af4fa481a1429089a8450acfef6f5c50937eb4b1581d92061bfba6,25/06/2023 23:26:57,ESCANER
6508,"Chimaltenango",3,"Patzicía",9,691,400,52,41,62,123,5,7,4,4,298,17,1,316,0,316,--,400,84,298,316,316,Algún campo sin dato,1,7bc70029be742ecd4fecb322f16fd0366777f7b37e5673e9bcf84d8a295d89a0,25/06/2023 23:52:08,ESCANER
6509,"Chimaltenango",3,"Patzicía",9,691,400,61,33,58,132,6,8,3,5,306,14,0,320,1,321,--,400,74,306,320,321,Algún campo sin dato,1,a4f47532e75608192f833ffbf591c99fec89affd55afb293b136e1cb7c25ee64,26/06/2023 03:18:08,ESCANER
6510,"Chimaltenango",3,"Patzicía",9,691,400,60,52,55,114,8,15,4,5,313,6,4,323,0,323,--,400,77,313,323,323,Algún campo sin dato,1,6d06c144cffacafb5491e66e96065f09a6664096138b9b8c29531653ea6828c8,25/06/2023 22:16:33,ESCANER
6511,"Chimaltenango",3,"Patzicía",9,691,400,42,54,56,123,8,8,4,6,301,11,8,320,0,320,--,400,80,301,320,320,Algún campo sin dato,1,458b85ad19bc6b68a40771dbba3ac81f3cf60716f8385e201f92354c4bb20e11,26/06/2023 00:03:39,ESCANER
6512,"Chimaltenango",3,"Patzicía",9,691,400,45,39,56,108,12,5,7,8,280,19,2,301,0,301,0,400,99,280,301,301,,1,a4ebed21e4a52f70b4ce5b773f91a636010a1d86e37919e2f246c18f90e64d69,26/06/2023 01:21:23,ESCANER
6513,"Chimaltenango",3,"Patzicía",9,691,400,41,42,55,118,10,6,4,2,278,6,0,284,0,284,--,400,116,278,284,284,Algún campo sin dato,1,bcff6021fcd5e1f276499d04a6f0b662e1c02fd0a7f48840368fd90a72ee02df,26/06/2023 00:21:01,ESCANER
6514,"Chimaltenango",3,"Patzicía",9,691,400,53,55,38,106,4,6,2,4,268,7,2,277,0,277,--,400,123,268,277,277,Algún campo sin dato,1,f413e56b781ebbe9666c6e422567ebfc8a1e8bffacf2fe9a057dec6caa53e9d0,25/06/2023 22:28:21,ESCANER
6515,"Chimaltenango",3,"Patzicía",9,691,400,46,43,57,113,9,7,2,7,284,6,6,296,0,296,--,400,104,284,296,296,Algún campo sin dato,1,9eebc06757295ed94d961e0bbb110b9c2497c1bc6ef07b46ab7ad2d926163ec2,26/06/2023 00:26:45,ESCANER
6516,"Chimaltenango",3,"Patzicía",9,691,400,45,42,65,105,3,6,4,6,276,11,2,289,0,289,--,400,111,276,289,289,Algún campo sin dato,1,941eb0126faa83077c7ac2be19c5325c94c2ac588408e5e48a37a16723620f75,26/06/2023 00:17:38,ESCANER
6517,"Chimaltenango",3,"Patzicía",9,691,400,56,51,45,113,7,12,5,7,296,8,2,306,0,306,0,400,94,296,306,306,,1,860eb5ec4bb8ae816242b46a458d644dfa201f54bb6a122b731010f0414430f3,26/06/2023 00:50:50,ESCANER
6518,"Chimaltenango",3,"Patzicía",9,691,400,71,42,52,124,4,5,5,2,305,6,3,314,0,314,--,400,86,305,314,314,Algún campo sin dato,1,de8c72c17714735c3495099004ae718b764e07308b42ee86177ffbb922df9709,26/06/2023 02:03:04,ESCANER
6519,"Chimaltenango",3,"Patzicía",9,691,400,35,47,70,88,4,8,6,3,261,9,2,272,0,272,--,400,128,261,272,272,Algún campo sin dato,1,bf559a721855456bcb24be9ea496069e40e7441e4fe42e7b87b837a6a6f48689,26/06/2023 00:04:22,ESCANER
6520,"Chimaltenango",3,"Patzicía",9,691,400,47,43,61,117,4,7,1,2,282,10,3,295,0,295,--,400,105,282,295,295,Algún campo sin dato,1,bca6ddc28a05e934911cb40db38720f38e8c384330cb4179c17ce1334af6eb3c,26/06/2023 03:17:05,ESCANER
6521,"Chimaltenango",3,"Patzicía",9,691,400,55,48,54,112,6,1,0,5,281,10,1,292,0,292,--,397,105,281,292,292,Algún campo sin dato,1,303a031da6542d14f9c55e6de0e4e41b532cfbb15cf870e6fdbb8265a864132b,26/06/2023 00:30:29,ESCANER
6522,"Chimaltenango",3,"Patzicía",9,691,400,47,45,47,120,7,3,6,9,284,10,6,300,0,300,--,400,100,284,300,300,Algún campo sin dato,1,b6a7699999cb39ff0ccdbadac362d0207744bb1014756508e9abed4e5d837ebd,25/06/2023 22:39:11,ESCANER
6523,"Chimaltenango",3,"Patzicía",9,691,400,36,46,59,120,4,7,6,4,282,9,5,296,0,296,0,400,104,282,296,296,,1,ec7ca6ca9bd6223d406fd76621b244c9bf87f94a553be034bc2de0d8eb63b716,26/06/2023 01:24:49,ESCANER
6524,"Chimaltenango",3,"Patzicía",9,691,400,42,49,41,99,7,3,3,7,251,10,6,267,0,267,--,400,133,251,267,267,Algún campo sin dato,1,a27daa8216fa1658574e53bb9d0310d3b75942e06cd45059f18303d99ca5f790,25/06/2023 23:28:03,ESCANER
6525,"Chimaltenango",3,"Patzicía",9,691,400,50,41,70,106,4,6,8,3,288,7,4,299,0,299,--,400,101,288,299,299,Algún campo sin dato,1,3b85e4b9651660338fc9b176a7573eb2b51796803cd31d6f3780ac1cbc7b8c57,26/06/2023 00:23:49,ESCANER
6526,"Chimaltenango",3,"Patzicía",9,691,400,41,53,56,93,7,7,6,6,269,9,0,278,0,278,--,400,122,269,278,278,Algún campo sin dato,1,9a5fdc77c61706e558529ddb372acf1baca2b91f4c4e7c86aea5dd1752a74fd9,25/06/2023 22:58:48,ESCANER
6527,"Chimaltenango",3,"Patzicía",9,691,400,35,55,42,122,3,3,9,6,275,6,3,284,0,284,--,400,116,275,284,284,Algún campo sin dato,1,b305a86e827cc2095dbcf79fe92791dea214439a53e5dfcd9917222a4af18d60,26/06/2023 01:15:36,ESCANER
6528,"Chimaltenango",3,"Patzicía",9,691,400,46,51,50,125,12,8,2,9,303,4,0,307,0,307,--,400,93,303,307,307,Algún campo sin dato,1,4b173a5b989cfe0f9ba35c019e41314060421af7845ff986b24c3b808b7170da,25/06/2023 23:43:36,ESCANER
6529,"Chimaltenango",3,"Patzicía",9,691,400,48,49,69,104,10,3,5,9,297,3,0,300,0,300,0,400,100,297,300,300,,1,c930b9ec4d401f55685b09c0a4712fbd43d4c2ec69406544ab269836424341b1,26/06/2023 02:40:17,ESCANER
6530,"Chimaltenango",3,"Patzicía",9,691,400,35,48,52,98,5,7,1,8,254,2,0,256,0,256,--,400,144,254,256,256,Algún campo sin dato,1,1199120b1e83ce4187c0d64357817942dda44b12708e77d070ccb15ea41ec8f2,26/06/2023 00:58:36,ESCANER
6531,"Chimaltenango",3,"Patzicía",9,691,400,43,46,46,116,1,4,3,0,259,4,1,264,0,264,0,392,128,259,264,264,,1,73eb9d42440e3f63b84fe7e4d7c2a846dbd77e1c2553c8d683d8acb6e13734e0,26/06/2023 01:08:34,ESCANER
6532,"Chimaltenango",3,"Patzicía",9,691,240,17,41,25,56,5,1,2,1,148,2,1,151,0,151,--,236,85,148,151,151,Algún campo sin dato,1,1214f74c4e553cf2cc56d61d30419b205b0ef3508fca8a62c1354ba07f17168a,25/06/2023 23:17:21,ESCANER
6533,"Chimaltenango",3,"Patzicía",9,691,240,20,27,25,74,0,2,3,0,151,1,0,152,0,152,--,240,85,151,152,152,Algún campo sin dato,1,21df9011b4dbba53504c16be5573dbbd3ac8ffc72a3b181878873c10be6563d0,25/06/2023 21:20:26,ESCANER
6534,"Chimaltenango",3,"Patzicía",9,692,380,63,46,42,108,6,3,2,2,272,14,3,289,0,289,--,380,91,272,289,289,Algún campo sin dato,1,c1f065c79319c17d66ebedc4457d004fc4502ba6cc9eec0d8bdcd5e587ac991d,25/06/2023 23:57:21,ESCANER
6535,"Chimaltenango",3,"Patzicía",9,692,380,53,50,44,134,3,8,2,2,296,12,5,313,0,313,--,380,67,296,313,313,Algún campo sin dato,1,e84c2ccfa3c2ad422ff7eb6ca52eaf36ce6886923a8884cf6990cf51b12d281e,26/06/2023 00:32:00,ESCANER
6536,"Chimaltenango",3,"Patzicía",9,692,380,57,67,47,107,2,2,2,0,290,5,1,290,1,290,--,380,89,284,290,291,Sumas Asentadas sin cuadrar,1,fe389f0f7a4a52377a5da5e891f7ed87119acfe2cd5b483e7fd7433074b73194,26/06/2023 00:42:47,ESCANER
6537,"Chimaltenango",3,"Patzicía",9,692,380,40,56,35,106,2,3,4,4,250,5,0,255,0,255,--,377,122,250,255,255,Algún campo sin dato,1,b4869ee03f29c058f5f1b0b7aa6c6857104cd9ec0367ec429d92d5f90ef3453c,26/06/2023 00:52:36,ESCANER
6538,"Chimaltenango",3,"Patzicía",9,692,380,42,55,36,88,2,5,6,2,236,5,3,244,0,244,--,886,666,236,244,244,Algún campo sin dato,1,67e7534f066931d3ca5ecbceedfe95c55521923676135f06bc56ba7389cf65ce,26/06/2023 00:26:11,ESCANER
6539,"Chimaltenango",3,"Patzicía",9,692,310,31,58,30,95,2,4,1,1,225,2,1,308,0,308,--,308,83,222,225,225,Sumas Asentadas sin cuadrar,1,684cff7d9bb639434409ea118bb841b3d27d442e9506b0da46c7a86eceb32e3c,26/06/2023 01:24:07,ESCANER
6540,"Chimaltenango",3,"Patzicía",9,692,309,28,59,24,73,1,4,0,3,192,2,1,192,114,309,--,309,114,192,195,309,Sumas Asentadas sin cuadrar,1,fac0429652648c74feebb4bbaf791c03447490374a8d1665fda2e1afc76ef8b7,26/06/2023 00:54:46,ESCANER
6541,"Chimaltenango",3,"Patzicía",9,693,380,47,49,78,75,9,8,2,3,271,9,5,285,0,285,--,390,95,271,285,285,Algún campo sin dato,1,d20a0c6f5221c8427a9d893bd745fc287f135b894c58300c71c5d4d76c8bb942,26/06/2023 01:01:35,ESCANER
6542,"Chimaltenango",3,"Patzicía",9,693,380,45,50,74,105,5,11,7,4,301,3,2,306,0,306,--,380,74,301,306,306,Algún campo sin dato,1,970f0d54938ed78c23ac500860f51945e7fcf13aaa4f027901285ebd39020d45,25/06/2023 21:21:35,ESCANER
6543,"Chimaltenango",3,"Patzicía",9,693,380,19,47,90,109,5,11,3,3,287,5,2,294,0,294,--,380,86,287,294,294,Algún campo sin dato,1,7b6bd1823d508b6e9f48b1a06acebdc60f882d3b53b5552b259c32c6d9a4f331,26/06/2023 00:56:11,ESCANER
6544,"Chimaltenango",3,"Patzicía",9,693,380,29,53,88,92,3,6,1,8,280,4,2,286,0,286,--,380,94,280,286,286,Algún campo sin dato,1,8de1f1fa0a6737ffa537d5405ae2b33739be211b8461406a935a55a228f897f6,26/06/2023 00:29:04,ESCANER
6545,"Chimaltenango",3,"Patzicía",9,693,380,21,51,68,102,5,9,0,6,262,5,1,268,0,268,--,380,112,262,268,268,Algún campo sin dato,1,14e84d5550526fd9f89b925df4a5472d951e24716f8939a605e97df77934638f,25/06/2023 23:35:16,ESCANER
6546,"Chimaltenango",3,"Patzicía",9,693,245,28,34,48,58,3,5,0,7,183,1,2,186,0,186,0,245,59,183,186,186,,1,90ad49a0943f7251dd223ca04069aee5bd139b5d0016c752e44cc3600e6a38e1,25/06/2023 21:39:03,ESCANER
6547,"Chimaltenango",3,"Patzicía",9,693,244,10,24,57,74,2,3,3,1,174,1,0,175,0,175,--,244,69,174,175,175,Algún campo sin dato,1,5afdeaa477a8a405a072670fa9c2c4c56d73061bcbc6c4c5976dd96b3070b574,25/06/2023 21:51:00,ESCANER
6548,"Chimaltenango",3,"Patzicía",9,694,380,29,77,52,110,4,0,1,2,275,18,4,297,0,297,--,380,83,275,297,297,Algún campo sin dato,1,4e4b2591a72b7ddda0d4c579b44fdcec610b67c4b26a3ce6d55a84c81323ff03,26/06/2023 00:05:42,ESCANER
6549,"Chimaltenango",3,"Patzicía",9,694,216,24,39,35,65,3,4,3,0,173,6,0,179,0,179,--,216,37,173,179,179,Algún campo sin dato,1,2d6054289f2eb2a990ed34336296fcf47e3e034beecb78265f6cdd4bec59b8c3,25/06/2023 22:59:11,ESCANER
6550,"Chimaltenango",3,"Patzicía",9,694,216,17,46,30,63,2,1,3,2,164,1,0,165,0,165,--,216,51,164,165,165,Algún campo sin dato,1,de19033c74309adeb8f66a7e14d8ba7ef4e28519fba9ed4fc135876f38dd46ee,25/06/2023 23:14:42,ESCANER
6551,"Chimaltenango",3,"Patzicía",9,695,600,50,17,58,68,6,7,3,5,214,16,7,237,0,237,--,539,302,214,237,237,Algún campo sin dato,1,1e814057431605507cb47642a727c038cf8c3aeeefa67c93d55438290a6c74f9,26/06/2023 02:16:07,ESCANER
6552,"Chimaltenango",3,"Patzicía",9,695,364,24,17,31,43,2,8,2,6,133,6,5,144,0,144,--,360,212,133,144,144,Algún campo sin dato,1,586434573c070b32f6f8e9d0168d34c44ae006c234e85cf76072677a2e2d5986,26/06/2023 03:31:08,ESCANER
6553,"Chimaltenango",3,"Patzicía",9,695,363,18,22,22,59,3,2,3,1,130,2,1,133,0,133,--,363,230,130,133,133,Algún campo sin dato,1,538904d0d73365d31038bcc0c4b7cb9d6cb1e585e36741f4e2fecd7e076db2f9,25/06/2023 23:13:06,ESCANER