﻿TIPO_DE_ELECCIÓN:,CORPORACIÓN MUNICIPAL
26 junio 2023 03:36 (UTC -6)
ACTAS_ESPERADAS,ACTAS_CAPTURADAS,PORCENTAJE_ACTAS_CAPTURADAS,ACTAS_CONTABILIZADAS,PORCENTAJE_ACTAS_CONTABILIZADAS,ACTAS_NO_CONTABILIZADAS,LISTA_NOMINAL_ACTAS_CONTABILIZADAS,VOTOS_EMITIDOS_CONTABILIZADAS,PORCENTAJE_PARTICIPACIÓN_CIUDADANA
78,77,98.7179,77,98.7179,0,27316,18514,67.7771

MESA,DEPARTAMENTO,ID_DEPARTAMENTO,MUNICIPIO,ID_MUNICIPIO,CENTRO_DE_VOTACIÓN,PADRÓN,AZUL,BIEN,UNE,CABAL,MLP,VAMOS,P A N,CAMBIO,VALOR UNIONISTA,VÁLIDOS,NULOS,BLANCO,EMITIDOS,INVÁLIDOS,TOTAL,IMPUGNACIONES,PAPELETAS-RECIBIDAS,PAPELETAS-NO-USADAS,VALIDOS_CALCULADO,EMITIDOS_CALCULADO,TOTAL_CALCULADO,OBSERVACIONES,CONTABILIZADA,CÓDIGO_INTEGRIDAD,FECHA_HORA_PUBLICACIÓN,DIGITALIZACIÓN
7040,"El Progreso",4,"Sanarate",7,780,400,3,6,49,113,0,109,1,0,3,284,9,2,295,0,295,--,400,105,284,295,295,Algún campo sin dato,1,ce851270f5155e9d5fe5b21a8e7ec9996ceefa747d3bf7ab20eb547b59959a1f,26/06/2023 02:10:11,ESCANER
7041,"El Progreso",4,"Sanarate",7,780,400,5,3,63,114,1,94,0,0,3,283,12,1,297,0,297,1,400,103,283,296,296,Sumas Asentadas sin cuadrar,1,1d320613ee63ab97c62f5567d690161da7a64b2811148e98f416d4e41b854954,26/06/2023 01:58:49,ESCANER
7042,"El Progreso",4,"Sanarate",7,780,400,5,4,68,104,1,106,0,0,4,292,7,3,303,0,303,1,400,97,292,302,302,Sumas Asentadas sin cuadrar,1,2b4125b5ba39e9968c07d29e7ec19bd2146873eeca991eae219ffe249dc40951,26/06/2023 02:17:44,ESCANER
7043,"El Progreso",4,"Sanarate",7,780,400,,,,,,,,,,,,,,,,,,,,,,,0,,,
7044,"El Progreso",4,"Sanarate",7,780,400,9,3,65,120,0,111,1,0,3,312,6,6,324,0,324,--,400,76,312,324,324,Algún campo sin dato,1,395955753e634f558b78d022550e69d6871d1d96f5843a97c2f888dcb79743c4,26/06/2023 02:27:26,ESCANER
7045,"El Progreso",4,"Sanarate",7,780,400,8,3,66,109,0,104,0,1,7,298,3,2,303,0,303,--,400,97,298,303,303,Algún campo sin dato,1,07cda72ded620a66b9c6011afe0942b047906fd3f9280fd4d656a2e50e997f60,26/06/2023 02:21:24,ESCANER
7046,"El Progreso",4,"Sanarate",7,780,400,8,10,61,115,0,98,0,0,1,293,6,1,300,0,300,--,400,100,293,300,300,Algún campo sin dato,1,7885cb8b103b3f2c363a0affbae0ed9c500cbb601f77d6cd9ba7fb3d2f7f3444,26/06/2023 01:37:05,ESCANER
7047,"El Progreso",4,"Sanarate",7,780,400,12,4,75,118,2,87,0,1,10,309,5,1,315,0,315,--,397,82,309,315,315,Algún campo sin dato,1,70193c9c657674990728e662c88a4db13112b7752d8af60ab42d0ea58593bb95,26/06/2023 01:35:11,ESCANER
7048,"El Progreso",4,"Sanarate",7,780,400,4,3,60,102,0,93,0,0,1,263,3,0,266,0,266,--,400,134,263,266,266,Algún campo sin dato,1,6c0c84dadeca673ca1d8fb53b2cf8fdbcc083324406bb7c24cb2c69be1dd9fb7,26/06/2023 01:04:16,ESCANER
7049,"El Progreso",4,"Sanarate",7,780,400,6,5,58,95,2,107,0,0,2,275,2,1,278,0,278,--,400,122,275,278,278,Algún campo sin dato,1,4d62fddf12a4bda48e6c47100832ab42d4d0a9009a1afc01c62993053dc90cfb,26/06/2023 01:31:04,ESCANER
7050,"El Progreso",4,"Sanarate",7,780,400,7,4,63,95,1,94,0,0,7,271,3,0,271,0,271,1,400,125,271,274,274,Sumas Asentadas sin cuadrar,1,dbfac5fa78fe8b02e2841750498c79990d5ac7d915f5ad1618063fb20b5f7b58,26/06/2023 01:17:31,ESCANER
7051,"El Progreso",4,"Sanarate",7,780,400,13,2,65,98,1,91,0,1,4,275,4,1,280,0,280,--,432,152,275,280,280,Algún campo sin dato,1,116dd505b6afbd2bb3d6d095d70e4810dfc83a4cb6e8d5961aa3510148fece1e,26/06/2023 00:49:16,ESCANER
7052,"El Progreso",4,"Sanarate",7,780,400,7,2,63,104,1,81,0,0,3,261,4,3,268,0,261,--,400,129,261,268,268,Sumas Asentadas sin cuadrar,1,eed4a9c6d81377a4b1875c1e85576ae58116f5c15d64d54320c5a9ba75c5b6e3,26/06/2023 00:57:49,ESCANER
7053,"El Progreso",4,"Sanarate",7,780,400,3,4,62,91,0,100,0,0,6,266,6,1,273,0,273,--,400,127,266,273,273,Algún campo sin dato,1,c77058d3dcb1ab02e092182ebf67aa03878ec458d2a65ec20506304fb6de5c06,26/06/2023 01:28:41,ESCANER
7054,"El Progreso",4,"Sanarate",7,780,400,7,3,57,82,0,96,0,0,2,247,5,0,252,0,252,--,400,148,247,252,252,Algún campo sin dato,1,d0a6a05ba16da6caa14a34feea515ed61522210dfc8b62e0a837c1b1604a13e3,26/06/2023 01:24:58,ESCANER
7055,"El Progreso",4,"Sanarate",7,780,400,6,2,60,95,1,79,0,0,8,251,5,0,256,0,256,0,400,141,251,256,256,,1,a00b7c039af7a6bbc43a4a47d2bc6cdb2c8c6be37ebadc349a61fe84e7a9a7a0,26/06/2023 01:20:40,ESCANER
7056,"El Progreso",4,"Sanarate",7,780,329,11,4,64,72,0,85,1,0,5,242,1,0,243,0,243,--,329,86,242,243,243,Algún campo sin dato,1,d4b0e51b9666365168d60089dfd82fc0e4b461d2a6cabdf351f65c1100fe4414,26/06/2023 01:09:27,ESCANER
7057,"El Progreso",4,"Sanarate",7,780,328,3,1,33,48,--,67,--,--,3,155,3,2,160,0,160,--,325,165,155,160,160,Algún campo sin dato,1,2b895184e9d406c23c649b859fbfceaf9d6181b3cd5f6197b47da4bb1ac8b00f,26/06/2023 01:25:30,ESCANER
7058,"El Progreso",4,"Sanarate",7,781,400,4,6,68,89,2,136,0,0,2,307,8,1,316,0,316,--,400,84,307,316,316,Algún campo sin dato,1,bb72ca9e442f3b8af7b8054740d69e67538c1dbeaba6c38ca4d448df283df975,26/06/2023 01:46:13,ESCANER
7059,"El Progreso",4,"Sanarate",7,781,400,10,7,63,97,0,122,0,0,9,308,3,0,311,0,311,--,400,89,308,311,311,Algún campo sin dato,1,cf9b9d661dde585655629e0437c994053b6c66848f9a75a010319b40634f928a,26/06/2023 01:53:26,ESCANER
7060,"El Progreso",4,"Sanarate",7,781,400,9,4,80,79,1,110,0,0,1,284,6,1,291,0,291,--,397,106,284,291,291,Algún campo sin dato,1,b545405f66b28b7060b34b6c6b030760a6b0a2e41b23e3b6e07fc4b9052ee1d9,26/06/2023 00:53:35,ESCANER
7061,"El Progreso",4,"Sanarate",7,781,304,6,2,57,66,2,85,0,0,9,227,0,0,227,0,227,--,304,77,227,227,227,Algún campo sin dato,1,d959074c8d4296f6ee0182fba4e136e07b16bf7fa43f07f14db5911d4b9c41b7,26/06/2023 01:01:20,ESCANER
7062,"El Progreso",4,"Sanarate",7,781,303,7,3,54,75,0,78,0,0,2,219,1,1,221,0,221,--,300,79,219,221,221,Algún campo sin dato,1,7e9f4e72a615e78de7a299e0acc6f13267dd4b5543a3e0b9ed3e81d340891457,26/06/2023 01:53:27,ESCANER
7063,"El Progreso",4,"Sanarate",7,782,400,7,2,39,86,0,130,0,0,4,268,14,0,282,0,282,--,400,118,268,282,282,Algún campo sin dato,1,e5be20a954ab2fe9ca1d7f2e230ad1e15cd4961a98c8f39113aa9e0281b7f49e,26/06/2023 00:35:35,ESCANER
7064,"El Progreso",4,"Sanarate",7,782,400,3,1,40,79,1,125,1,0,7,257,6,2,265,0,265,--,399,134,257,265,265,Algún campo sin dato,1,8655e3de62d272c3710e800f8ef73632a05477c5f33d962115bdf2cdb30b0715,26/06/2023 00:02:11,ESCANER
7065,"El Progreso",4,"Sanarate",7,782,236,6,2,23,48,0,81,0,0,2,162,3,1,166,0,166,--,236,70,162,166,166,Algún campo sin dato,1,d7b762eb642608c7142e36ac9ffbdf3936a22572f1701a01dea911eb6c13b452,25/06/2023 23:28:38,ESCANER
7066,"El Progreso",4,"Sanarate",7,782,236,9,4,22,47,1,58,0,0,4,145,4,1,150,0,150,--,236,86,145,150,150,Algún campo sin dato,1,f4b14b87393cab71cb75f2edaf8f950210706534ee0fa3b298b6e2cb13212ebd,25/06/2023 23:12:16,ESCANER
7067,"El Progreso",4,"Sanarate",7,783,400,6,3,47,106,0,131,0,0,3,296,10,2,308,0,308,--,401,90,296,308,308,Algún campo sin dato,1,aadfcee08a084c3747f15dd701a1af111ee980096d669970f9843789c66c096b,26/06/2023 03:20:46,ESCANER
7068,"El Progreso",4,"Sanarate",7,783,400,6,3,44,84,1,142,1,0,4,285,11,2,298,106,404,--,404,106,285,298,404,Algún campo sin dato,1,aa40b39ca56b63db63b14a030abc83814cbff54c9a740b9e33dbf3b2afe5f3f9,26/06/2023 01:03:55,ESCANER
7069,"El Progreso",4,"Sanarate",7,783,388,1,3,47,92,3,115,1,0,5,267,6,0,273,0,273,--,387,114,267,273,273,Algún campo sin dato,1,c853cbefba42f4594b21128f2105bbdda1ccf991f1eb520254f143b6e3c8bc7f,25/06/2023 23:22:26,ESCANER
7070,"El Progreso",4,"Sanarate",7,783,387,8,2,44,109,0,106,0,0,4,273,2,0,275,0,275,--,387,112,273,275,275,Algún campo sin dato,1,cf7b1c86f308711b03b41836251832b0cb204cbe7dc07dd2b67eab6929842877,25/06/2023 23:05:19,ESCANER
7071,"El Progreso",4,"Sanarate",7,784,400,4,1,51,84,0,137,0,1,4,282,11,3,296,0,296,--,400,104,282,296,296,Algún campo sin dato,1,b753b897e5f19134a0e6687304fdc8d109cb5167424453c52e2899d3f99f182a,26/06/2023 00:46:39,ESCANER
7072,"El Progreso",4,"Sanarate",7,784,218,6,3,17,45,1,54,0,0,4,130,2,0,132,0,132,--,218,86,130,132,132,Algún campo sin dato,1,ccb0264224efea56422e3ef1561701dc90f06cd6417d9c68d2697434ba1ed3f5,25/06/2023 21:42:10,ESCANER
7073,"El Progreso",4,"Sanarate",7,784,217,8,2,26,52,0,51,0,0,8,147,3,0,150,0,150,--,217,67,147,150,150,Algún campo sin dato,1,37647c3b3ef4a914ceee88a65834f8b43252910703d743cbd340329a1929c7a4,25/06/2023 22:51:27,ESCANER
7074,"El Progreso",4,"Sanarate",7,785,295,12,8,20,60,1,75,1,0,5,182,4,3,189,0,189,--,--,--,182,189,189,Algún campo sin dato,1,2c073b76cbce5b761b9d06b25e046c5d25ca2f5a0f87233b370adc5ac7bd3fa9,25/06/2023 21:50:10,ESCANER
7075,"El Progreso",4,"Sanarate",7,786,206,4,2,31,41,1,54,0,0,4,137,9,2,148,0,148,--,206,58,137,148,148,Algún campo sin dato,1,927be0522cf6585cbcfa859361b6a18882a7b980c8034fccb154bdf20fb9332f,25/06/2023 23:15:02,ESCANER
7076,"El Progreso",4,"Sanarate",7,787,400,13,5,91,104,0,66,1,0,6,286,8,0,294,0,294,--,400,106,286,294,294,Algún campo sin dato,1,4260401f3c611f52e7cf1ac9759eb022bda21ca44aa47c1f7301340f4bc32121,26/06/2023 00:55:41,ESCANER
7077,"El Progreso",4,"Sanarate",7,787,400,12,4,79,97,1,95,0,0,11,299,12,7,318,0,318,--,400,82,299,318,318,Algún campo sin dato,1,1a3d014f4259da877c397a8a75a3b3320563fa67e2c4b55de01581fdd0d88473,26/06/2023 00:24:19,ESCANER
7078,"El Progreso",4,"Sanarate",7,787,400,7,6,77,93,1,65,0,0,7,256,7,1,264,0,264,--,400,136,256,264,264,Algún campo sin dato,1,53320ae85fd9ec21239c3a533dd9debf692f9be39fbcf622d31bb07bd205cfb2,25/06/2023 23:37:06,ESCANER
7079,"El Progreso",4,"Sanarate",7,787,400,9,1,93,79,4,65,1,0,4,256,5,1,262,0,262,--,399,137,256,262,262,Algún campo sin dato,1,98dd2658e5caacfefc11733f5a93cc36a8a4f7c33a9f1c2cb9a2a003b0ada92e,26/06/2023 00:11:32,ESCANER
7080,"El Progreso",4,"Sanarate",7,787,212,3,0,63,46,1,33,0,0,9,155,1,0,156,0,156,0,212,53,155,156,156,,1,4619c7847bcb3cb0c5bde43467e5f8934f46c2872a47d64f6a199d55c9b80a3e,25/06/2023 22:49:55,ESCANER
7081,"El Progreso",4,"Sanarate",7,787,211,4,1,51,54,1,30,0,0,5,146,2,0,148,0,148,--,211,63,146,148,148,Algún campo sin dato,1,e5a21cb2b77ac43aab4222a63390b3040513d64c92beff48b86fbd7107cdef04,25/06/2023 23:42:22,ESCANER
7082,"El Progreso",4,"Sanarate",7,788,380,3,3,98,33,1,118,1,--,19,276,7,1,284,--,284,--,380,96,276,284,284,Algún campo sin dato,1,09bc902a7a8134f871de122b84fb5606e8e66663f57dcebecb5e22b1c9597fbc,26/06/2023 00:11:28,ESCANER
7083,"El Progreso",4,"Sanarate",7,788,380,8,1,69,51,0,136,0,0,16,281,11,1,293,0,293,--,380,87,281,293,293,Algún campo sin dato,1,93142795d460cd4a8853ba5dee63266e6ed08ffeea710199bedff667b5ebec27,25/06/2023 23:54:38,ESCANER
7084,"El Progreso",4,"Sanarate",7,788,380,3,2,71,54,2,129,0,1,11,273,6,0,279,0,279,--,392,113,273,279,279,Algún campo sin dato,1,771b8f0338c8ed6b16dc337350a75ac82243cd0d3dff5489086d5540f8665011,26/06/2023 00:39:05,ESCANER
7085,"El Progreso",4,"Sanarate",7,788,380,7,5,79,40,2,118,0,2,9,262,6,1,269,0,269,--,380,111,262,269,269,Algún campo sin dato,1,5dc5303ea9e7ccc799a4c2486f1c68271614a328c667845050f99b32bd205ca3,25/06/2023 23:16:58,ESCANER
7086,"El Progreso",4,"Sanarate",7,788,278,3,3,53,32,3,88,0,2,8,192,3,0,195,0,195,--,278,83,192,195,195,Algún campo sin dato,1,55f1218ef64070e4b2f165bcb619450ddf22a28b03d3aa23bd37acc3ed7e2ac2,26/06/2023 00:19:01,ESCANER
7087,"El Progreso",4,"Sanarate",7,788,278,5,0,59,32,0,82,0,0,10,188,3,1,192,0,192,--,278,86,188,192,192,Algún campo sin dato,1,a6d197fcafee554d812843e9990157744c9887e74ecba3cfd11cf9d27c0eb60c,25/06/2023 23:22:48,ESCANER
7088,"El Progreso",4,"Sanarate",7,789,380,4,3,30,72,0,109,0,0,15,233,11,6,250,0,250,--,380,130,233,250,250,Algún campo sin dato,1,59e29f1502875d180b5dfae75115c8caa732668c344d53adfa9d0dbe640510d2,25/06/2023 23:44:13,ESCANER
7089,"El Progreso",4,"Sanarate",7,789,380,2,6,33,64,2,149,0,0,4,260,9,0,269,0,269,--,380,111,260,269,269,Algún campo sin dato,1,a8e6cebdafa39204bcee76364cee95434a87be3da5c6fa12ca669fa806a7edf7,25/06/2023 23:15:29,ESCANER
7090,"El Progreso",4,"Sanarate",7,789,380,2,4,30,53,1,168,0,0,9,267,11,7,285,0,285,--,380,95,267,285,285,Algún campo sin dato,1,291304c730facfaf58a5610c62dc206e414106413bb6a53f5e33cfe4f8377f6d,25/06/2023 23:06:16,ESCANER
7091,"El Progreso",4,"Sanarate",7,789,380,4,0,27,62,0,126,0,0,7,226,2,4,232,8,240,--,380,140,226,232,240,Algún campo sin dato,1,6d1ed82c55068a9b0c9c42c968b1418084449b0da45984c0f61b4ca2baaca071,26/06/2023 00:51:12,ESCANER
7092,"El Progreso",4,"Sanarate",7,789,380,5,1,20,61,1,128,0,0,13,229,14,5,248,0,248,--,380,132,229,248,248,Algún campo sin dato,1,63a26d48e2e6874753b30e5351e51b684b74e7a76c4e276fdfdf8bfe11df3d93,26/06/2023 01:54:53,ESCANER
7093,"El Progreso",4,"Sanarate",7,789,365,5,2,28,50,1,113,0,0,5,204,4,3,211,0,204,--,366,155,204,211,211,Sumas Asentadas sin cuadrar,1,539b6c656961c88cf025444571835ad287ab89994ceb09c3d1449e35c279d6e1,26/06/2023 01:30:10,ESCANER
7094,"El Progreso",4,"Sanarate",7,789,364,3,2,30,54,0,129,0,1,8,227,2,0,229,0,229,--,361,132,227,229,229,Algún campo sin dato,1,4ee4d68ec6d55e4362fd1c52e84d0fa7d1d2e075282f220c66f3e9262056dd08,26/06/2023 01:05:55,ESCANER
7095,"El Progreso",4,"Sanarate",7,790,380,1,8,115,34,2,73,0,2,0,235,13,4,252,0,252,--,380,128,235,252,252,Algún campo sin dato,1,663ea5283cf7e7b37c0521bf8b48ecc06f4dce07391b319823fb530d2e73a8e3,26/06/2023 01:45:29,ESCANER
7096,"El Progreso",4,"Sanarate",7,790,380,3,1,131,36,7,69,0,0,3,250,15,5,270,0,270,--,380,110,250,270,270,Algún campo sin dato,1,3440e19273824f540ed40d4b0724608b801a8b6e90baf37a77b22f32a615aba0,26/06/2023 01:21:12,ESCANER
7097,"El Progreso",4,"Sanarate",7,790,238,0,0,75,18,1,44,0,0,0,138,4,1,143,0,143,--,235,93,138,143,143,Algún campo sin dato,1,9c8a2a3b84ddc2e78897b96873e96e61d745dd6433d52a977eb9544530ef75f4,25/06/2023 22:08:44,ESCANER
7098,"El Progreso",4,"Sanarate",7,790,238,0,1,67,14,2,56,0,0,1,141,3,2,146,0,146,--,238,92,141,146,146,Algún campo sin dato,1,eca062ce1ef12c0c070f6af235e7c9a261f7e6685ac967ca207215cd28cbc89b,25/06/2023 23:34:35,ESCANER
7099,"El Progreso",4,"Sanarate",7,791,380,9,4,79,121,0,71,0,0,4,288,8,1,297,0,297,--,380,83,288,297,297,Algún campo sin dato,1,4ac38a449e232a4ef7bbc69cbf86213c45bac43fd6a1bab5e44fc6a3c1421661,26/06/2023 02:10:03,ESCANER
7100,"El Progreso",4,"Sanarate",7,791,380,5,5,96,125,0,54,1,0,1,287,15,1,303,0,303,--,378,75,287,303,303,Algún campo sin dato,1,194cbd6335327bf9d3bef1e57c2c868bd71a29cb290468d25758ecb6405c8e4f,26/06/2023 02:20:10,ESCANER
7101,"El Progreso",4,"Sanarate",7,791,380,3,2,64,126,0,58,0,1,2,256,5,2,263,1,264,--,380,117,256,263,264,Algún campo sin dato,1,608633423ab2fde9f8f41dc7add91e44ca8dd5be13b12d0b45c8cbdc2156aca3,26/06/2023 01:01:23,ESCANER
7102,"El Progreso",4,"Sanarate",7,791,194,4,1,40,60,1,28,0,0,2,136,2,1,139,0,139,--,194,55,136,139,139,Algún campo sin dato,1,835638a43049191b8413a81c459262f25801bcc2abf314ae97ff6371205241a3,25/06/2023 23:57:14,ESCANER
7103,"El Progreso",4,"Sanarate",7,791,193,9,1,36,63,1,21,0,0,3,134,2,0,0,0,136,1,193,56,134,136,136,,1,14e35841a17ee2033e09820215a321ee9b1ca48032db45da928b382649a6753c,26/06/2023 00:14:25,ESCANER
7104,"El Progreso",4,"Sanarate",7,792,380,2,4,58,58,1,153,0,0,7,283,8,3,294,0,294,--,380,86,283,294,294,Algún campo sin dato,1,bebf17ee1ddbd289b09798f3a14cf2d293b08d6ee4a419d6784e015c9200f22a,26/06/2023 00:40:40,ESCANER
7105,"El Progreso",4,"Sanarate",7,792,359,3,9,51,40,1,146,1,0,0,256,8,0,256,0,256,--,359,95,251,259,259,Sumas Asentadas sin cuadrar,1,b41bdcda7f2f273059dd32b895d3fe7dd64cb81460a539e7e727a09ab00068ab,26/06/2023 00:54:21,ESCANER
7106,"El Progreso",4,"Sanarate",7,792,358,4,3,56,50,1,145,0,0,4,263,2,1,266,0,266,--,358,92,263,266,266,Algún campo sin dato,1,332f765044307086d9696a0840c8ff558c92cbf7bba7de29df6b55e3dc116e12,25/06/2023 23:05:07,ESCANER
7107,"El Progreso",4,"Sanarate",7,793,380,6,3,47,38,0,117,0,1,8,220,21,2,243,0,243,--,380,137,220,243,243,Algún campo sin dato,1,a7ff31aff2ce1816b468bbf08b393c38823b2ea729c6ab9df970da53be79f6be,26/06/2023 02:14:59,ESCANER
7108,"El Progreso",4,"Sanarate",7,793,380,4,8,51,38,2,103,0,0,3,209,25,0,234,--,--,--,380,146,209,234,234,Algún campo sin dato,1,9c0d1c6587af8b41b9de422b69d36877d09bed8df6f6286cacb1b3ce268eab8a,26/06/2023 01:24:04,ESCANER
7109,"El Progreso",4,"Sanarate",7,793,250,2,3,28,36,0,56,0,0,2,127,6,1,--,--,--,--,250,116,127,134,134,Algún campo sin dato,1,2f1fa088d13793e8da909f7a7a8d6f63ff1c211f4aa1ccddcf99252a9f5c5372,26/06/2023 00:21:08,ESCANER
7110,"El Progreso",4,"Sanarate",7,793,249,1,2,38,25,0,84,0,0,0,150,4,0,154,0,154,--,241,95,150,154,154,Algún campo sin dato,1,4336bdc37ab0190c4d4e1baf98d6e461857562e1f453bb68a8cbd9d0a2e56235,25/06/2023 22:45:49,ESCANER
7111,"El Progreso",4,"Sanarate",7,794,380,6,2,18,60,0,178,0,1,2,267,9,3,279,--,279,--,392,113,267,279,279,Algún campo sin dato,1,9af238b202110a01ad5c9c71e019c2cfcb65728e47b04c8d4c7b91a3dbfb77ee,26/06/2023 00:42:02,ESCANER
7112,"El Progreso",4,"Sanarate",7,794,380,6,2,22,54,2,174,0,0,2,262,15,3,280,0,280,--,380,100,262,280,280,Algún campo sin dato,1,52b3940f55ad4b3117b9c2d7f205a7bb50945ee80f88efa2850044124ebbd725,26/06/2023 00:23:07,ESCANER
7113,"El Progreso",4,"Sanarate",7,794,238,9,3,25,36,0,86,0,0,2,161,7,2,170,0,170,--,235,65,161,170,170,Algún campo sin dato,1,28e044097016ac27e8c01b12a964c09b59a264b042d4030b184c8c4c7a2e776b,25/06/2023 22:56:06,ESCANER
7114,"El Progreso",4,"Sanarate",7,794,238,3,4,18,28,1,103,1,0,0,158,4,1,163,0,163,--,235,72,158,163,163,Algún campo sin dato,1,3147402ed363b4c7de3561af7ceca020e5452183a0a746174cd2e27beb2225e5,26/06/2023 00:10:02,ESCANER
7115,"El Progreso",4,"Sanarate",7,795,600,6,3,59,86,0,64,0,1,5,224,7,3,234,0,234,--,600,366,224,234,234,Algún campo sin dato,1,6a38d975090ca35abe0a71497d40d550b7b424739fdb6b8e8411d07f3a64f280,26/06/2023 00:57:26,ESCANER
7116,"El Progreso",4,"Sanarate",7,795,493,7,3,41,55,0,36,0,0,7,149,8,0,157,0,157,--,496,339,149,157,157,Algún campo sin dato,1,d4253ff1f82cd584323fca559bd75e1d344f4237d004fd1265d4399e3065788c,25/06/2023 23:36:43,ESCANER
7117,"El Progreso",4,"Sanarate",7,795,493,2,0,3,15,0,17,0,0,0,37,0,0,37,0,37,--,493,456,37,37,37,Algún campo sin dato,1,610af85982c41c069308911fdef1825f9f6b54cc3a93556abbf3fe96e43e85f8,25/06/2023 23:14:23,ESCANER