﻿TIPO_DE_ELECCIÓN:,CORPORACIÓN MUNICIPAL
26 junio 2023 03:36 (UTC -6)
ACTAS_ESPERADAS,ACTAS_CAPTURADAS,PORCENTAJE_ACTAS_CAPTURADAS,ACTAS_CONTABILIZADAS,PORCENTAJE_ACTAS_CONTABILIZADAS,ACTAS_NO_CONTABILIZADAS,LISTA_NOMINAL_ACTAS_CONTABILIZADAS,VOTOS_EMITIDOS_CONTABILIZADAS,PORCENTAJE_PARTICIPACIÓN_CIUDADANA
29,29,100.0000,29,100.0000,0,10864,7179,66.0806

MESA,DEPARTAMENTO,ID_DEPARTAMENTO,MUNICIPIO,ID_MUNICIPIO,CENTRO_DE_VOTACIÓN,PADRÓN,UNE,VAMOS,VIVA,TODOS,VÁLIDOS,NULOS,BLANCO,EMITIDOS,INVÁLIDOS,TOTAL,IMPUGNACIONES,PAPELETAS-RECIBIDAS,PAPELETAS-NO-USADAS,VALIDOS_CALCULADO,EMITIDOS_CALCULADO,TOTAL_CALCULADO,OBSERVACIONES,CONTABILIZADA,CÓDIGO_INTEGRIDAD,FECHA_HORA_PUBLICACIÓN,DIGITALIZACIÓN
18448,"Baja Verapaz",15,"Granados",5,2829,400,81,171,3,3,258,12,3,273,0,273,--,400,127,258,273,273,Algún campo sin dato,1,a546a299081bdc1113990fa3f68bbc81167e4b2db746d4471064d52cc19e45c8,26/06/2023 00:20:12,ESCANER
18449,"Baja Verapaz",15,"Granados",5,2829,400,84,200,3,2,289,4,3,296,0,296,--,400,104,289,296,296,Algún campo sin dato,1,1e856460c2a4c34d919962682fef98e1fe4cc78109104a89749fc41852104e25,25/06/2023 23:05:32,ESCANER
18450,"Baja Verapaz",15,"Granados",5,2829,400,74,214,8,3,299,5,2,306,0,306,--,400,94,299,306,306,Algún campo sin dato,1,9e02b6625a5cd8ee9eb1a401e01088e58ac8066568610f56a00b0f89a247e3a7,26/06/2023 00:17:54,ESCANER
18451,"Baja Verapaz",15,"Granados",5,2829,400,60,233,6,0,299,6,3,308,0,308,--,400,92,299,308,308,Algún campo sin dato,1,b2b28479859c7ab866a79866e043865111b827469ffe920e72b2367ecb3eea06,25/06/2023 23:52:59,ESCANER
18452,"Baja Verapaz",15,"Granados",5,2829,400,77,226,2,0,305,6,2,313,0,313,--,400,87,305,313,313,Algún campo sin dato,1,d344adccf2cd559485dca6e345df78db497382feb36cb135548dce33c9ff2516,25/06/2023 23:11:12,ESCANER
18453,"Baja Verapaz",15,"Granados",5,2829,400,75,222,8,1,306,6,3,315,0,315,--,400,85,306,315,315,Algún campo sin dato,1,6d8f0376c0c5755e7fd4512b586f21344c59a264ce14a861cd692599dbe145d2,25/06/2023 23:50:04,ESCANER
18454,"Baja Verapaz",15,"Granados",5,2830,400,71,214,9,4,298,12,5,315,0,315,--,400,85,298,315,315,Algún campo sin dato,1,d586b3f453ff1958a21e5a856865356d3f004b6aa114c6bdb072ffac5bd8bd83,25/06/2023 23:42:38,ESCANER
18455,"Baja Verapaz",15,"Granados",5,2830,400,78,167,4,1,250,2,0,252,0,252,--,400,148,250,252,252,Algún campo sin dato,1,0e085a77e9d4423177fd25023848f93ebe0d43f447723043c52f0efb7d24f97b,25/06/2023 22:26:23,ESCANER
18456,"Baja Verapaz",15,"Granados",5,2830,400,69,181,8,0,258,3,3,264,0,264,--,400,136,258,264,264,Algún campo sin dato,1,6702db76fce5aa15eec328da6376b57cd1c90a3271a6dba21037f55302c70480,25/06/2023 22:08:28,ESCANER
18457,"Baja Verapaz",15,"Granados",5,2830,400,52,165,10,3,230,9,3,242,0,242,--,400,158,230,242,242,Algún campo sin dato,1,31de44ba737a16ea2c287c1e3f31a9515a2bda348edba5af201311ed86ba9c0e,25/06/2023 22:34:13,ESCANER
18458,"Baja Verapaz",15,"Granados",5,2831,400,58,166,2,0,226,2,0,228,0,228,--,400,172,226,228,228,Algún campo sin dato,1,c098ded79aff75805027ca08bccb2e681c85b8292e03ac1ea25a732d93318a5f,25/06/2023 23:17:45,ESCANER
18459,"Baja Verapaz",15,"Granados",5,2831,400,72,206,3,4,285,0,1,--,0,286,--,400,114,285,286,286,Algún campo sin dato,1,2c9c71a3cca3706b2ccd040f3dcecf9494f230655e44435827e1c3c92158db9d,25/06/2023 23:45:26,ESCANER
18460,"Baja Verapaz",15,"Granados",5,2831,400,66,198,1,2,267,1,0,268,1,269,--,400,131,267,268,269,Algún campo sin dato,1,63a41bda3386a868f1a971d8b43b8caa8e4a1660d2a21b426e798717e76d20f5,25/06/2023 23:24:05,ESCANER
18461,"Baja Verapaz",15,"Granados",5,2831,234,43,128,7,0,178,0,0,178,0,178,--,234,56,178,178,178,Algún campo sin dato,1,bddd0853291a3f758039f7c42c5562be92c3e4731db4c307eb206aebb1ce9bad,25/06/2023 21:17:27,ESCANER
18462,"Baja Verapaz",15,"Granados",5,2831,233,34,80,4,0,118,2,1,121,0,121,--,233,112,118,121,121,Algún campo sin dato,1,af03fa36efa0d2b891d3a0f0c89af4a1ce039fcce425392d9b69ce8b9bc0069e,25/06/2023 21:09:13,ESCANER
18463,"Baja Verapaz",15,"Granados",5,2832,380,88,186,2,1,277,10,4,291,0,291,--,380,89,277,291,291,Algún campo sin dato,1,b517ec0e0c5e5932ae2b0ca16f89eb32f88395807f52aef6e4f464767ecfd5f2,26/06/2023 01:24:37,ESCANER
18464,"Baja Verapaz",15,"Granados",5,2832,380,105,161,1,6,273,1,6,280,0,280,--,379,99,273,280,280,Algún campo sin dato,1,1b7a0c6bc1abbfe432aab25a75b54dfc52b66123d14f5e5fafa44bc8533c3eac,26/06/2023 00:39:37,ESCANER
18465,"Baja Verapaz",15,"Granados",5,2832,351,67,136,2,2,207,7,2,216,0,216,--,351,135,207,216,216,Algún campo sin dato,1,316a1aa5eb4e31802c6de777a1e2bee7ffda8249c1b5c76a95f9f5a94d23efed,25/06/2023 23:13:45,ESCANER
18466,"Baja Verapaz",15,"Granados",5,2832,350,62,160,2,0,224,3,2,229,0,229,--,350,121,224,229,229,Algún campo sin dato,1,3b9e8f5574ccd24534d1f25c24c13dce5970d36d6860c8d0f3334af1a0c315fb,25/06/2023 23:10:25,ESCANER
18467,"Baja Verapaz",15,"Granados",5,2833,380,107,104,3,1,215,9,2,226,0,226,--,379,153,215,226,226,Algún campo sin dato,1,1eb0f141a74f871d040c77e2566299c732f0e4d7dce381c33adeefe7d5baae83,25/06/2023 23:51:59,ESCANER
18468,"Baja Verapaz",15,"Granados",5,2833,380,103,130,7,4,244,6,5,255,0,255,--,379,124,244,255,255,Algún campo sin dato,1,bdeafa60f16f92544b30d8e69a1b2b0c5d6084106a13369c91e2ec346616dbfa,26/06/2023 00:21:48,ESCANER
18469,"Baja Verapaz",15,"Granados",5,2833,380,108,127,7,2,244,13,1,258,0,258,--,380,122,244,258,258,Algún campo sin dato,1,c4bc54e55ae2e0620ef448e7638ed0ea4a8eec80095571fcf11857cd8ade7b0a,25/06/2023 23:04:32,ESCANER
18470,"Baja Verapaz",15,"Granados",5,2833,380,129,128,5,3,265,8,5,278,0,278,--,380,102,265,278,278,Algún campo sin dato,1,c0d09f82217288458ca243805ebd4ea51940f50dbd0737cd9ec134e8ae850ffc,25/06/2023 23:46:33,ESCANER
18471,"Baja Verapaz",15,"Granados",5,2834,380,99,113,4,0,216,4,2,222,0,222,--,381,159,216,222,222,Algún campo sin dato,1,822b5243abaafdec6f8bd537d1e0eb3893c754ca4a9ae7fc59a10f6167dd846c,26/06/2023 00:06:00,ESCANER
18472,"Baja Verapaz",15,"Granados",5,2834,380,113,116,7,1,237,6,0,243,0,243,--,380,137,237,243,243,Algún campo sin dato,1,0198f153996a8ed130b6a51a15dd71c4354dad7d7fa93fdd7f45133cf6401abd,25/06/2023 23:48:52,ESCANER
18473,"Baja Verapaz",15,"Granados",5,2834,380,113,132,7,1,253,8,3,264,0,264,--,380,116,253,264,264,Algún campo sin dato,1,d45eabea339fb91fac2aa59f4a8c3da246db11b7292d6295559af3dbd196d845,26/06/2023 00:58:05,ESCANER
18474,"Baja Verapaz",15,"Granados",5,2834,313,93,96,3,1,193,1,2,196,0,196,--,313,117,193,196,196,Algún campo sin dato,1,da3fd35d84d8a17409b2355a9458b4b5ecbfce179c7b7ac2c145d8c1c732b0a6,25/06/2023 22:07:22,ESCANER
18475,"Baja Verapaz",15,"Granados",5,2834,312,80,93,5,1,179,5,0,184,1,185,--,312,127,179,184,185,Algún campo sin dato,1,351d1ab77de69056f2a0b535e3d4580f6bb4995e21edfcc51d7e26c22a78e7d6,25/06/2023 22:42:32,ESCANER
18476,"Baja Verapaz",15,"Granados",5,2835,451,25,40,4,1,70,2,0,72,0,72,--,451,379,70,72,72,Algún campo sin dato,1,eca0699557354a76dd69adf9f50124d24df2e7e42e2b0c955343827c5ef14bd7,25/06/2023 21:10:58,ESCANER