﻿TIPO_DE_ELECCIÓN:,CORPORACIÓN MUNICIPAL
26 junio 2023 03:36 (UTC -6)
ACTAS_ESPERADAS,ACTAS_CAPTURADAS,PORCENTAJE_ACTAS_CAPTURADAS,ACTAS_CONTABILIZADAS,PORCENTAJE_ACTAS_CONTABILIZADAS,ACTAS_NO_CONTABILIZADAS,LISTA_NOMINAL_ACTAS_CONTABILIZADAS,VOTOS_EMITIDOS_CONTABILIZADAS,PORCENTAJE_PARTICIPACIÓN_CIUDADANA
25,24,96.0000,24,96.0000,0,9248,5879,63.5705

MESA,DEPARTAMENTO,ID_DEPARTAMENTO,MUNICIPIO,ID_MUNICIPIO,CENTRO_DE_VOTACIÓN,PADRÓN,CABAL,UNE,MLP,VAMOS,VALOR UNIONISTA,VÁLIDOS,NULOS,BLANCO,EMITIDOS,INVÁLIDOS,TOTAL,IMPUGNACIONES,PAPELETAS-RECIBIDAS,PAPELETAS-NO-USADAS,VALIDOS_CALCULADO,EMITIDOS_CALCULADO,TOTAL_CALCULADO,OBSERVACIONES,CONTABILIZADA,CÓDIGO_INTEGRIDAD,FECHA_HORA_PUBLICACIÓN,DIGITALIZACIÓN
8582,"Santa Rosa",6,"San Rafael Las Flores",5,1017,400,133,53,1,49,3,239,4,3,246,0,246,--,400,154,239,246,246,Algún campo sin dato,1,aab57bbf22e361abe96bae23b7ee8a563a77b2de99afb5c680b9414f28f6a06c,26/06/2023 01:23:32,ESCANER
8583,"Santa Rosa",6,"San Rafael Las Flores",5,1017,400,102,90,3,54,7,256,10,3,269,1,270,--,400,130,256,269,270,Algún campo sin dato,1,0d81337b7ab17ed96ee19827f1256640a6da31eab016d5c5466bdd19206fa74a,26/06/2023 02:58:45,ESCANER
8584,"Santa Rosa",6,"San Rafael Las Flores",5,1017,400,138,91,4,35,3,288,11,6,288,0,288,--,400,112,271,288,288,Sumas Asentadas sin cuadrar,1,5d777f85436af0a39a932597dfdb2bf221ed0c29dc67587a0fb7dbd71f51a93b,26/06/2023 01:23:28,ESCANER
8585,"Santa Rosa",6,"San Rafael Las Flores",5,1017,400,151,97,3,35,6,292,10,4,306,0,306,--,400,94,292,306,306,Algún campo sin dato,1,ca165fb5217103aa15a598f951bad771b00aa5d7ea7629888bb01fccd67e7858,26/06/2023 01:11:04,ESCANER
8586,"Santa Rosa",6,"San Rafael Las Flores",5,1017,400,144,85,0,49,4,282,15,4,301,0,301,1,400,98,282,301,301,,1,8310ab060496b786fc289b490d3fb8f9e966a6db0c92676004b3f714b2e59dbc,26/06/2023 02:54:46,ESCANER
8587,"Santa Rosa",6,"San Rafael Las Flores",5,1017,400,142,93,3,44,4,286,11,4,301,0,301,--,400,99,286,301,301,Algún campo sin dato,1,f5204d76c717ee26ae5f0189fefc5b25eee9c090ef988678180334da057a73ff,26/06/2023 00:45:17,ESCANER
8588,"Santa Rosa",6,"San Rafael Las Flores",5,1017,400,158,100,0,44,1,318,8,7,318,0,318,--,400,82,303,318,318,Sumas Asentadas sin cuadrar,1,00588a59121632a8589eacd1d8b93d7163c4e09997cef6131c83c6966a73b227,26/06/2023 03:26:39,ESCANER
8589,"Santa Rosa",6,"San Rafael Las Flores",5,1017,400,,,,,,,,,,,,,,,,,,,0,,,
8590,"Santa Rosa",6,"San Rafael Las Flores",5,1017,400,139,116,0,28,6,289,7,6,302,0,302,--,397,95,289,302,302,Algún campo sin dato,1,75052dbf431dfdd16167e504bc0c78a5d18359ede0587cea98d97dc134aa7037,26/06/2023 01:38:00,ESCANER
8591,"Santa Rosa",6,"San Rafael Las Flores",5,1017,400,114,134,1,42,0,291,6,0,297,0,297,2,400,103,291,297,297,,1,347465d0c34dad1a9b0806707241dc10a1fdd6e9a027adbff474da7fade45170,26/06/2023 02:12:16,ESCANER
8592,"Santa Rosa",6,"San Rafael Las Flores",5,1017,400,129,105,4,31,2,271,2,2,275,0,275,--,400,125,271,275,275,Algún campo sin dato,1,522f7e7df52ddeaadabc950941822387798b6afc0d90dbd5aafe76bc168e14ee,26/06/2023 00:49:41,ESCANER
8593,"Santa Rosa",6,"San Rafael Las Flores",5,1017,400,127,65,0,30,5,227,2,0,229,0,229,--,400,171,227,229,229,Algún campo sin dato,1,6c7983e454c7377178c0f8a18e887c95d317a7bc15965f91e686f3366732a764,26/06/2023 02:05:32,ESCANER
8594,"Santa Rosa",6,"San Rafael Las Flores",5,1017,400,128,66,0,30,5,229,3,0,232,0,232,--,400,168,229,232,232,Algún campo sin dato,1,ad732e3ce76997c5e7a0de02ede71ef4fd707193cd53611510f2b31ab5888439,26/06/2023 01:05:29,ESCANER
8595,"Santa Rosa",6,"San Rafael Las Flores",5,1017,400,126,53,3,41,3,226,8,0,234,0,234,--,400,166,226,234,234,Algún campo sin dato,1,68006d64e53cad3334bcf84ce3075194fddb228a1bfd08592ab90253e887b91c,26/06/2023 01:32:10,ESCANER
8596,"Santa Rosa",6,"San Rafael Las Flores",5,1018,400,106,79,3,34,5,227,4,5,236,0,236,1,400,164,227,236,236,,1,040f126fcc165c29e66bcac4625b934e5760546312db89e2b585774a7784fdb3,25/06/2023 23:04:34,ESCANER
8597,"Santa Rosa",6,"San Rafael Las Flores",5,1018,400,130,72,1,21,2,226,7,1,234,0,234,--,400,166,226,234,234,Algún campo sin dato,1,f21f4148b29cd8123102da5ee71ef35d33e62f43ead66d526d93287e0545e8bd,25/06/2023 23:08:06,ESCANER
8598,"Santa Rosa",6,"San Rafael Las Flores",5,1018,400,130,80,1,35,2,248,2,0,250,0,250,--,400,150,248,250,250,Algún campo sin dato,1,e8459f3f1d0f5adbc2b0990f4cde8de84b02731fb97001614930490b2fe8952f,26/06/2023 00:56:58,ESCANER
8599,"Santa Rosa",6,"San Rafael Las Flores",5,1018,400,108,97,1,39,4,249,1,0,250,0,250,--,400,150,249,250,250,Algún campo sin dato,1,c866c63d9472bab04a988f6854a27bbe79ea55bcbb4111766a9c67e3d34e59e1,26/06/2023 01:32:46,ESCANER
8600,"Santa Rosa",6,"San Rafael Las Flores",5,1018,400,130,90,1,33,3,257,3,0,260,0,260,2,400,140,257,260,260,,1,91b9d4bf108721dfa6d2036dbbc51ea35a2efc10a6fdac49ae23c9db43093d74,26/06/2023 00:49:08,ESCANER
8601,"Santa Rosa",6,"San Rafael Las Flores",5,1018,400,142,99,0,30,3,274,0,0,274,0,275,1,400,125,274,274,274,Sumas Asentadas sin cuadrar,1,66940a08de30bb9ab027769fc2e02d17f9e8883db19e89b4511643ac931494b8,26/06/2023 01:25:37,ESCANER
8602,"Santa Rosa",6,"San Rafael Las Flores",5,1019,400,166,92,1,28,0,287,4,1,292,0,292,--,400,108,287,292,292,Algún campo sin dato,1,802deaff9ef5ef2593cec23c31c1926d1f9212b8c6ead9b78fbffe2ee558db78,26/06/2023 02:14:17,ESCANER
8603,"Santa Rosa",6,"San Rafael Las Flores",5,1019,400,98,70,1,22,3,194,0,0,194,0,194,--,400,206,194,194,194,Algún campo sin dato,1,d15a16330288f7a0052d3dcdc8e388b1236a433e578a1824ec50625cce89df4f,26/06/2023 01:53:38,ESCANER
8604,"Santa Rosa",6,"San Rafael Las Flores",5,1019,213,64,33,0,14,2,113,3,0,116,0,116,--,213,97,113,116,116,Algún campo sin dato,1,5e78c4d181045d8a2078f44e6c4df49810b2f96a2b32b6584a614987ee4b2c5b,26/06/2023 00:39:47,ESCANER
8605,"Santa Rosa",6,"San Rafael Las Flores",5,1019,213,46,22,2,10,1,81,5,1,87,0,87,--,213,126,81,87,87,Algún campo sin dato,1,78277fb3c619ddd82f153f0c753853c3079306d34571a94810a798bfd4b10f25,25/06/2023 23:07:46,ESCANER
8606,"Santa Rosa",6,"San Rafael Las Flores",5,1020,422,50,15,2,15,1,83,5,0,88,0,88,--,422,334,83,88,88,Algún campo sin dato,1,b4b1af9d0adb2a44052b8a5f71cdc2488cf958e2436f6c87aa49fa1c979e3e3e,25/06/2023 22:52:56,ESCANER