﻿TIPO_DE_ELECCIÓN:,CORPORACIÓN MUNICIPAL
26 junio 2023 03:36 (UTC -6)
ACTAS_ESPERADAS,ACTAS_CAPTURADAS,PORCENTAJE_ACTAS_CAPTURADAS,ACTAS_CONTABILIZADAS,PORCENTAJE_ACTAS_CONTABILIZADAS,ACTAS_NO_CONTABILIZADAS,LISTA_NOMINAL_ACTAS_CONTABILIZADAS,VOTOS_EMITIDOS_CONTABILIZADAS,PORCENTAJE_PARTICIPACIÓN_CIUDADANA
56,56,100.0000,56,100.0000,0,21017,11315,53.8373

MESA,DEPARTAMENTO,ID_DEPARTAMENTO,MUNICIPIO,ID_MUNICIPIO,CENTRO_DE_VOTACIÓN,PADRÓN,MLP,PODEMOS,VAMOS,UNE,VOS,AZUL,BIEN,ELEFANTE,TODOS,VÁLIDOS,NULOS,BLANCO,EMITIDOS,INVÁLIDOS,TOTAL,IMPUGNACIONES,PAPELETAS-RECIBIDAS,PAPELETAS-NO-USADAS,VALIDOS_CALCULADO,EMITIDOS_CALCULADO,TOTAL_CALCULADO,OBSERVACIONES,CONTABILIZADA,CÓDIGO_INTEGRIDAD,FECHA_HORA_PUBLICACIÓN,DIGITALIZACIÓN
11983,"Suchitepéquez",10,"Santo Domingo Suchitepéquez",6,1613,400,95,49,56,23,1,2,2,2,6,236,19,2,257,0,257,--,397,140,236,257,257,Algún campo sin dato,1,4147edd85ca8ad463212a4e0da79a1cb895f11b729993a0c7be31713fb03a93f,26/06/2023 00:21:30,ESCANER
11984,"Suchitepéquez",10,"Santo Domingo Suchitepéquez",6,1613,400,79,67,46,11,3,8,1,6,8,229,15,9,253,0,253,--,400,147,229,253,253,Algún campo sin dato,1,641c04a20d3d25e38942d53d91d62612794e8254a55d30e9190e4aecd885da5a,26/06/2023 01:14:41,ESCANER
11985,"Suchitepéquez",10,"Santo Domingo Suchitepéquez",6,1613,400,77,65,70,20,3,7,1,3,9,255,14,5,274,0,274,--,400,126,255,274,274,Algún campo sin dato,1,21b2dd1cb9ffdaa2b697011596ca6a80689347b4f389818301e6af2a75c966d0,26/06/2023 00:03:23,ESCANER
11986,"Suchitepéquez",10,"Santo Domingo Suchitepéquez",6,1613,400,70,53,71,13,3,14,3,1,11,171,13,3,255,0,255,--,400,145,239,255,255,Sumas Asentadas sin cuadrar,1,f0de91c2f69b5989d8255bed31e2cb8b5aed5fbfcb6931bd09d1dc6e1084ad58,26/06/2023 00:06:04,ESCANER
11987,"Suchitepéquez",10,"Santo Domingo Suchitepéquez",6,1613,400,68,70,77,9,0,8,2,3,6,243,28,6,277,0,277,--,400,123,243,277,277,Algún campo sin dato,1,d5e89ddb6faabd2342ecfcd4a9fc61163a40e30842c88835bddddf42b805dc82,26/06/2023 00:26:35,ESCANER
11988,"Suchitepéquez",10,"Santo Domingo Suchitepéquez",6,1614,400,74,80,76,14,0,8,1,3,5,261,24,6,291,0,291,--,400,109,261,291,291,Algún campo sin dato,1,4e2e6fef0f81c4dbc8b3a0f5ebd3d4945d5d7e5977673e196b35aeb3ca5704f7,26/06/2023 00:14:42,ESCANER
11989,"Suchitepéquez",10,"Santo Domingo Suchitepéquez",6,1614,400,80,89,72,21,1,9,2,5,6,285,37,6,328,0,328,--,400,72,285,328,328,Algún campo sin dato,1,90429afec437616be3b4b0ba4370d1113daa2e8f3ccad29d10580bb9a8dff6f4,26/06/2023 01:22:03,ESCANER
11990,"Suchitepéquez",10,"Santo Domingo Suchitepéquez",6,1614,400,82,53,93,12,0,6,3,2,8,259,31,4,294,0,294,--,400,106,259,294,294,Algún campo sin dato,1,b55e9acc09946389403a8568038f8becf9a36ce480b7c18792b13f37e99ba2ca,25/06/2023 23:46:43,ESCANER
11991,"Suchitepéquez",10,"Santo Domingo Suchitepéquez",6,1614,400,81,78,61,15,1,5,0,5,7,253,22,7,282,0,282,--,400,118,253,282,282,Algún campo sin dato,1,d81e0406ea8c9cc6e1559643cd80e9a4f52556feeba4a1f8157135c7075ca3d7,26/06/2023 01:38:14,ESCANER
11992,"Suchitepéquez",10,"Santo Domingo Suchitepéquez",6,1614,400,69,66,53,15,0,8,2,4,4,221,9,6,236,0,236,2,400,164,221,236,236,,1,4da69a2318cd842009418ae7302fd3691df99902ea1c6e275cc9b7fa8caf90cc,25/06/2023 23:09:22,ESCANER
11993,"Suchitepéquez",10,"Santo Domingo Suchitepéquez",6,1614,400,67,40,56,9,0,3,2,2,8,187,7,1,195,0,195,--,397,202,187,195,195,Algún campo sin dato,1,ae016b24d536b0a45f72d23541b2102f8da87f86b5b03955b616284450af71a8,25/06/2023 22:58:05,ESCANER
11994,"Suchitepéquez",10,"Santo Domingo Suchitepéquez",6,1614,400,64,70,55,10,2,6,2,1,4,214,13,0,227,0,227,--,400,173,214,227,227,Algún campo sin dato,1,c110054d0a9570e015fa425e028a169eb20676d75313d4d8c4e498361aebf95d,25/06/2023 22:53:09,ESCANER
11995,"Suchitepéquez",10,"Santo Domingo Suchitepéquez",6,1614,400,70,62,65,15,0,10,3,1,4,230,8,2,240,0,240,1,400,160,230,240,240,,1,e51eb8c4478a4922d0ba6410938f693500241a5d59b99313f9b018d43f428d0b,25/06/2023 22:57:04,ESCANER
11996,"Suchitepéquez",10,"Santo Domingo Suchitepéquez",6,1614,400,73,54,65,18,1,8,4,3,3,229,26,4,259,0,259,--,400,141,229,259,259,Algún campo sin dato,1,cfef33d1dd0949a217f129f6f73c9fbe083e4f4720f55ff679b859bbfb5be343,26/06/2023 01:08:14,ESCANER
11997,"Suchitepéquez",10,"Santo Domingo Suchitepéquez",6,1614,400,70,44,58,9,2,5,2,3,5,198,14,5,218,0,218,1,400,182,198,217,217,Sumas Asentadas sin cuadrar,1,223b17d8d97f6860d5ad643c4135293c15c724e6576b81f98206c9d0f288b020,26/06/2023 01:59:00,ESCANER
11998,"Suchitepéquez",10,"Santo Domingo Suchitepéquez",6,1614,400,62,63,64,13,0,8,3,2,6,221,12,2,235,0,235,--,401,166,221,235,235,Algún campo sin dato,1,6acb93017d152299613ca47071c5379d1c9e68474c5df98e57633773d8a72a95,26/06/2023 00:35:30,ESCANER
11999,"Suchitepéquez",10,"Santo Domingo Suchitepéquez",6,1615,400,65,60,70,5,2,7,1,7,5,222,5,1,228,0,228,--,397,169,222,228,228,Algún campo sin dato,1,8ec1cc832bf83e477af156383b1dd7f12a5aa7deaffa2ef152e4d308dceffbf4,26/06/2023 00:07:59,ESCANER
12000,"Suchitepéquez",10,"Santo Domingo Suchitepéquez",6,1615,400,64,64,57,5,1,9,1,2,5,208,5,3,216,0,216,--,400,184,208,216,216,Algún campo sin dato,1,f4aa6d6a02ec824c7cbf40f679847357d4663a792d9ec624f4b2439b00ed6973,25/06/2023 22:57:48,ESCANER
12001,"Suchitepéquez",10,"Santo Domingo Suchitepéquez",6,1615,288,45,35,55,8,0,3,2,3,8,159,3,0,162,0,162,--,288,126,159,162,162,Algún campo sin dato,1,1fe95501a7768bb3ae6e94bf169a2c19e0ecf8250ee18b6eb22c851824d87916,25/06/2023 22:05:53,ESCANER
12002,"Suchitepéquez",10,"Santo Domingo Suchitepéquez",6,1615,287,35,33,30,5,1,5,0,5,6,120,4,1,125,0,125,--,287,162,120,125,125,Algún campo sin dato,1,64a6b2e2b95245357d721fb162f0730bca6b1fb73d81619632c18f8f2c13a191,25/06/2023 22:11:50,ESCANER
12003,"Suchitepéquez",10,"Santo Domingo Suchitepéquez",6,1616,380,54,29,55,23,3,9,10,0,6,189,21,9,219,0,--,--,380,161,189,219,219,Algún campo sin dato,1,c2cae3e2048308cecf7081023c5f5404670921d04c421e9b53f24c5bdb6be27a,25/06/2023 22:26:54,ESCANER
12004,"Suchitepéquez",10,"Santo Domingo Suchitepéquez",6,1616,380,63,30,59,15,2,3,9,0,5,186,17,11,214,0,214,--,380,166,186,214,214,Algún campo sin dato,1,83dd8b8ded4c8c40780edf52c420effe4f71141c11e623a9771bee093e5301c2,25/06/2023 22:56:00,ESCANER
12005,"Suchitepéquez",10,"Santo Domingo Suchitepéquez",6,1616,380,48,16,66,13,1,5,4,2,5,160,29,3,192,0,192,--,380,188,160,192,192,Algún campo sin dato,1,43a604fa5b6665fdf08f78f07c724791233c74f7b538f22374e21a3a1883435f,25/06/2023 23:38:11,ESCANER
12006,"Suchitepéquez",10,"Santo Domingo Suchitepéquez",6,1616,289,25,10,40,13,1,2,11,0,4,106,11,1,118,0,118,--,289,171,106,118,118,Algún campo sin dato,1,ba0c1a87e0da7825444cababb664f185f3519df959e03f557cf925ebee81538e,25/06/2023 23:23:16,ESCANER
12007,"Suchitepéquez",10,"Santo Domingo Suchitepéquez",6,1616,288,35,20,38,9,2,1,4,0,3,112,7,2,121,0,--,--,288,167,112,121,121,Algún campo sin dato,1,786a68a7cab1490f1c6681fe7d92c168a1909f3fe53bf99924861f730361a647,25/06/2023 21:54:58,ESCANER
12008,"Suchitepéquez",10,"Santo Domingo Suchitepéquez",6,1617,380,56,37,50,19,0,4,5,0,32,203,19,5,227,0,227,--,380,153,203,227,227,Algún campo sin dato,1,aa19abd7374fa9786d84f028f2b46aee876f61e738c6a29069ff48b19b77f245,25/06/2023 23:25:02,ESCANER
12009,"Suchitepéquez",10,"Santo Domingo Suchitepéquez",6,1617,380,53,35,70,15,0,4,3,0,32,212,35,6,253,0,253,--,380,127,212,253,253,Algún campo sin dato,1,33d6d9c8410292ea2b7b095c337e8092de170bd50c8059334b8bd933cc148ced,25/06/2023 23:34:31,ESCANER
12010,"Suchitepéquez",10,"Santo Domingo Suchitepéquez",6,1617,380,68,39,46,13,1,6,1,1,37,212,26,3,241,0,241,--,380,139,212,241,241,Algún campo sin dato,1,db8562f0ab15c556c23a0fd50f8a35a6f0c12e86b829de9d24f149a36ed11d0b,25/06/2023 23:09:28,ESCANER
12011,"Suchitepéquez",10,"Santo Domingo Suchitepéquez",6,1617,380,50,24,44,20,0,1,1,1,36,177,18,4,199,0,199,--,380,181,177,199,199,Algún campo sin dato,1,64ae2ff31d0193b1923766e9197a7daee74c0fd53c7e9a1e1ea157d0cdc79c13,25/06/2023 22:52:43,ESCANER
12012,"Suchitepéquez",10,"Santo Domingo Suchitepéquez",6,1617,347,53,21,47,9,0,3,1,0,41,175,7,4,186,0,186,--,347,161,175,186,186,Algún campo sin dato,1,f099938a8da52f5a10fe0316a32fe8c19250d0d93ca9013216b621bcc4b91f5b,26/06/2023 00:43:57,ESCANER
12013,"Suchitepéquez",10,"Santo Domingo Suchitepéquez",6,1617,346,58,32,22,10,2,1,1,1,32,163,4,0,163,0,0,--,343,180,159,163,163,Sumas Asentadas sin cuadrar,1,aaf71a448b95754b8f512fefe008df42f796d1726fe481f035abec05c1534f11,26/06/2023 00:47:23,ESCANER
12014,"Suchitepéquez",10,"Santo Domingo Suchitepéquez",6,1618,380,28,66,29,11,2,5,4,1,6,152,23,5,180,0,180,--,380,200,152,180,180,Algún campo sin dato,1,ff871640b310eff26d73367c9cec53ea50fa461404f9184c9c6b202cb41ed11f,25/06/2023 23:43:50,ESCANER
12015,"Suchitepéquez",10,"Santo Domingo Suchitepéquez",6,1618,380,35,56,16,12,3,4,4,0,9,139,23,7,169,0,169,--,380,221,139,169,169,Algún campo sin dato,1,136c85634e450bf0e39b926b522036d7254b7c4f6fd01a72f11f1399317f1d35,25/06/2023 23:08:30,ESCANER
12016,"Suchitepéquez",10,"Santo Domingo Suchitepéquez",6,1618,380,26,52,24,14,2,1,1,0,9,129,12,4,145,0,145,--,380,235,129,145,145,Algún campo sin dato,1,7cbf9e31c03f21441221144e10acbb6fde2c351ae97c339052239c28b9033602,25/06/2023 22:24:14,ESCANER
12017,"Suchitepéquez",10,"Santo Domingo Suchitepéquez",6,1619,362,29,33,16,12,2,0,4,1,6,103,23,7,133,0,133,--,362,229,103,133,133,Algún campo sin dato,1,7863eb3d3721b82fe6b185aed1791fbe8a8389a253be3e20b8342f832e2baa8b,25/06/2023 22:43:49,ESCANER
12018,"Suchitepéquez",10,"Santo Domingo Suchitepéquez",6,1619,362,20,50,19,9,3,1,0,1,6,109,8,3,120,0,120,--,362,242,109,120,120,Algún campo sin dato,1,2f59d9d9b26e8687b2a1fa49ccf7272b81493bd9ac941f11675a24dc5acac093,25/06/2023 22:54:53,ESCANER
12019,"Suchitepéquez",10,"Santo Domingo Suchitepéquez",6,1620,342,30,56,13,10,0,3,0,0,2,114,21,8,143,0,143,--,342,199,114,143,143,Algún campo sin dato,1,5fc0acac1a77140ab3cb55d60fe775f148cb2c77210ab2472f99e23cad55eafc,25/06/2023 22:17:30,ESCANER
12020,"Suchitepéquez",10,"Santo Domingo Suchitepéquez",6,1620,342,32,35,10,11,1,1,1,0,7,98,9,8,115,0,--,--,--,--,98,115,115,Algún campo sin dato,1,951cee951f6049871933611a49f8b85fe5092efa5f85d9f773a9403ec356ea8f,25/06/2023 22:36:22,ESCANER
12021,"Suchitepéquez",10,"Santo Domingo Suchitepéquez",6,1621,380,84,26,64,12,1,2,2,2,8,201,24,3,228,0,228,--,380,152,201,228,228,Algún campo sin dato,1,f5431a4bf3fad273a4743cbc5916b0a8feedddff2baaf7dc5dd5d35e37db125b,26/06/2023 01:36:54,ESCANER
12022,"Suchitepéquez",10,"Santo Domingo Suchitepéquez",6,1621,380,98,24,52,8,2,3,3,0,16,206,15,8,229,1,230,--,380,150,206,229,230,Algún campo sin dato,1,ae1ba90d7101a62bcd2e298b1d76e07251c5c60d877a47830716655e5b0b9434,26/06/2023 02:22:32,ESCANER
12023,"Suchitepéquez",10,"Santo Domingo Suchitepéquez",6,1621,380,125,23,44,12,1,2,3,0,13,223,35,16,274,0,274,--,380,106,223,274,274,Algún campo sin dato,1,06e800657ced6940a680ee0ad2f07b0b5f57979d5c0fe1d6f7f20ff0751d8b06,26/06/2023 00:47:49,ESCANER
12024,"Suchitepéquez",10,"Santo Domingo Suchitepéquez",6,1621,380,81,24,84,13,1,3,4,1,14,225,25,8,258,0,258,--,380,122,225,258,258,Algún campo sin dato,1,12c06f3b9d2c73a124bc30bbf7d05bc85a76c068e9c3b39764b8769ef285f700,26/06/2023 01:57:16,ESCANER
12025,"Suchitepéquez",10,"Santo Domingo Suchitepéquez",6,1621,380,82,21,64,9,0,0,3,0,14,193,11,2,206,0,206,--,380,174,193,206,206,Algún campo sin dato,1,577596c65c3dceac80782ef8391943eb84d1e01f4cacc4aae9e658d0a7f4e5d7,26/06/2023 00:26:59,ESCANER
12026,"Suchitepéquez",10,"Santo Domingo Suchitepéquez",6,1621,380,70,20,67,4,0,0,2,1,5,169,33,13,215,1,216,--,380,164,169,215,216,Algún campo sin dato,1,c845083a8a40f86fee00e185a8fef9a959864d0cbe7bbc96cf4a8cff1dd1e9c6,26/06/2023 01:48:06,ESCANER
12027,"Suchitepéquez",10,"Santo Domingo Suchitepéquez",6,1621,317,63,26,56,5,1,0,0,0,12,163,13,1,177,0,177,--,317,140,163,177,177,Algún campo sin dato,1,1905e628c406decd825d2f38b3449ed5ee4cb43130370c1d7a66072f071fda59,25/06/2023 21:59:51,ESCANER
12028,"Suchitepéquez",10,"Santo Domingo Suchitepéquez",6,1621,317,61,13,40,8,1,1,3,1,14,142,11,3,156,0,156,--,321,162,142,156,156,Algún campo sin dato,1,958b5a2b27ec371225326a4fd3b0484ccc5f0343b50107086c783e35d3e16399,25/06/2023 22:51:03,ESCANER
12029,"Suchitepéquez",10,"Santo Domingo Suchitepéquez",6,1622,380,22,46,68,13,1,5,2,2,6,165,18,8,191,0,191,--,380,189,165,191,191,Algún campo sin dato,1,dca1c90783d10c1f2bad694122dec1b784e391ab8733b89143f5d487c5259e27,25/06/2023 22:27:18,ESCANER
12030,"Suchitepéquez",10,"Santo Domingo Suchitepéquez",6,1622,318,27,35,52,12,2,2,1,1,6,138,13,3,154,0,154,--,318,164,138,154,154,Algún campo sin dato,1,f6c7fa482c85bd98cd78aa4e26320dc93c10def5fcc1c0eaf8886c13aba56aad,25/06/2023 22:17:55,ESCANER
12031,"Suchitepéquez",10,"Santo Domingo Suchitepéquez",6,1622,318,22,25,47,11,4,3,1,1,2,116,14,9,139,0,139,--,318,179,116,139,139,Algún campo sin dato,1,9d140b29fae285282f9f937ff1e434ac268fea7ca347967fca2ab41c381fc4d5,25/06/2023 22:44:25,ESCANER
12032,"Suchitepéquez",10,"Santo Domingo Suchitepéquez",6,1623,380,91,27,42,7,17,1,1,0,10,196,22,10,228,0,228,--,380,152,196,228,228,Algún campo sin dato,1,c09ba950c838dee077f5d2917801ff3a2ad10410e92a3de98d52db018e36b348,26/06/2023 02:47:24,ESCANER
12033,"Suchitepéquez",10,"Santo Domingo Suchitepéquez",6,1623,380,66,30,48,11,19,2,4,1,18,199,21,10,230,0,230,--,--,--,199,230,230,Algún campo sin dato,1,23bbcc4c87420d6f1d367ced4e65a9180ac5d8791b2b65e639d7e403e0da1562,25/06/2023 23:00:59,ESCANER
12034,"Suchitepéquez",10,"Santo Domingo Suchitepéquez",6,1623,380,67,12,53,7,19,1,2,0,5,166,20,5,191,0,191,--,380,189,166,191,191,Algún campo sin dato,1,8a4c661874a1fe13bd65eaa7e69c849f266c42e96b9ee5fac7577d345736ef99,26/06/2023 00:28:36,ESCANER
12035,"Suchitepéquez",10,"Santo Domingo Suchitepéquez",6,1623,269,53,9,29,5,11,0,1,1,3,112,8,3,123,1,124,--,269,145,112,123,124,Algún campo sin dato,1,529a297f15c198c6836be66b323643acde8d5ee9440a94ebea9171af3f2cb8ae,25/06/2023 23:15:33,ESCANER
12036,"Suchitepéquez",10,"Santo Domingo Suchitepéquez",6,1623,269,58,20,30,3,12,0,0,0,3,126,6,3,135,0,135,--,269,134,126,135,135,Algún campo sin dato,1,0b0c6628e73501de0cae18e566acccb25497f60a89c07c80400c401b9bed97ad,25/06/2023 23:35:06,ESCANER
12037,"Suchitepéquez",10,"Santo Domingo Suchitepéquez",6,1624,578,32,25,38,12,0,2,1,2,7,119,7,0,126,0,126,--,596,470,119,126,126,Algún campo sin dato,1,5fc3c875213b418c988cb7faf366e828b09cbd47a9eba2158d77609255190665,25/06/2023 23:15:04,ESCANER
12038,"Suchitepéquez",10,"Santo Domingo Suchitepéquez",6,1624,578,15,15,16,6,0,4,1,1,1,59,6,1,66,0,66,--,584,518,59,66,66,Algún campo sin dato,1,bcab0764e6ba13048ee41e2793edec535b10335705ddad96a341580834356faf,25/06/2023 21:58:27,ESCANER