﻿TIPO_DE_ELECCIÓN:,CORPORACIÓN MUNICIPAL
26 junio 2023 03:36 (UTC -6)
ACTAS_ESPERADAS,ACTAS_CAPTURADAS,PORCENTAJE_ACTAS_CAPTURADAS,ACTAS_CONTABILIZADAS,PORCENTAJE_ACTAS_CONTABILIZADAS,ACTAS_NO_CONTABILIZADAS,LISTA_NOMINAL_ACTAS_CONTABILIZADAS,VOTOS_EMITIDOS_CONTABILIZADAS,PORCENTAJE_PARTICIPACIÓN_CIUDADANA
128,113,88.2812,113,88.2812,0,40878,21783,53.2878

MESA,DEPARTAMENTO,ID_DEPARTAMENTO,MUNICIPIO,ID_MUNICIPIO,CENTRO_DE_VOTACIÓN,PADRÓN,VAMOS,TODOS,UNE,MLP,ELEFANTE,CABAL,CAMBIO,VALOR,PODEMOS,UR,AZUL,VIVA,PPN,PHG,VÁLIDOS,NULOS,BLANCO,EMITIDOS,INVÁLIDOS,TOTAL,IMPUGNACIONES,PAPELETAS-RECIBIDAS,PAPELETAS-NO-USADAS,VALIDOS_CALCULADO,EMITIDOS_CALCULADO,TOTAL_CALCULADO,OBSERVACIONES,CONTABILIZADA,CÓDIGO_INTEGRIDAD,FECHA_HORA_PUBLICACIÓN,DIGITALIZACIÓN
21397,"Izabal",18,"Lívingston",2,3321,400,50,11,12,0,10,73,28,13,0,0,0,1,2,3,203,27,3,233,0,233,--,400,167,203,233,233,Algún campo sin dato,1,b726ea8d42d15b8b454dbf0a5db52300f6929c9396de2f69b9956790e0d69222,26/06/2023 01:23:57,ESCANER
21398,"Izabal",18,"Lívingston",2,3321,400,47,6,5,2,12,76,21,6,0,1,0,4,1,0,181,27,7,215,0,215,--,377,162,181,215,215,Algún campo sin dato,1,e9568b159cec6773e4d196f0e923cc88392a564bb76708178e1ad381ac4031a7,25/06/2023 23:53:58,ESCANER
21399,"Izabal",18,"Lívingston",2,3321,234,35,4,4,1,12,42,12,5,0,0,0,0,1,0,116,10,1,127,0,127,--,230,103,116,127,127,Algún campo sin dato,1,94c7070197e36363395807f260276f55f23d3e59d907e622bbd134da85c4bfb4,25/06/2023 23:58:24,ESCANER
21400,"Izabal",18,"Lívingston",2,3321,233,31,2,5,0,4,35,20,1,0,0,0,1,1,0,100,7,3,110,0,110,--,233,124,100,110,110,Algún campo sin dato,1,70d83846cdc2a1952d6184e59fcecc0c01df939c84a595db245dc29e88266ca0,25/06/2023 23:39:03,ESCANER
21401,"Izabal",18,"Lívingston",2,3322,400,38,20,17,0,4,56,63,5,0,4,11,1,0,2,221,7,1,229,0,229,--,400,171,221,229,229,Algún campo sin dato,1,9e9c65f630eadb07d491948011fba991b73651d4f3bc7be6926b57ae8471cfe0,26/06/2023 00:29:28,ESCANER
21402,"Izabal",18,"Lívingston",2,3322,400,52,29,8,0,1,43,51,5,0,0,9,1,0,0,199,11,3,213,0,213,--,397,184,199,213,213,Algún campo sin dato,1,8973fdf8217de4fae232249409aba8f6bd48b41ff8179b3cfb8846f9d4f5eacf,26/06/2023 00:22:37,ESCANER
21403,"Izabal",18,"Lívingston",2,3322,400,46,24,17,0,3,39,90,4,1,4,8,0,0,1,237,15,8,260,0,260,--,400,140,237,260,260,Algún campo sin dato,1,c21da06ca2f8b4d4e36363551494b7c72b618f25b738b0b74770ab656be16d53,26/06/2023 01:34:49,ESCANER
21404,"Izabal",18,"Lívingston",2,3322,400,45,31,17,3,1,57,66,11,0,2,12,1,0,0,246,22,4,272,0,272,--,380,108,246,272,272,Algún campo sin dato,1,2f15cb7af6f77646b61ab971170e11951d55e3060ebc1b609cac3af77225b5fa,25/06/2023 23:42:21,ESCANER
21405,"Izabal",18,"Lívingston",2,3322,400,47,30,26,1,4,63,66,5,1,6,11,0,0,0,260,19,1,280,0,280,--,400,120,260,280,280,Algún campo sin dato,1,3abfb0e58bf9ccb1dd1298bf0628f4eb12dadf9baf5d77f40fcb27f858457ae8,26/06/2023 01:13:15,ESCANER
21406,"Izabal",18,"Lívingston",2,3322,400,45,16,17,1,2,38,82,7,2,2,9,0,0,1,222,13,3,238,0,238,--,400,162,222,238,238,Algún campo sin dato,1,da0aa8128ecb585253e5de3de1503b383cfd5ffe34a47cc24f14fec13e5ddd11,26/06/2023 00:10:48,ESCANER
21407,"Izabal",18,"Lívingston",2,3322,400,27,30,14,2,0,46,59,4,1,3,6,1,0,0,193,14,4,211,0,211,--,398,187,193,211,211,Algún campo sin dato,1,63a232b3a3f75a3c520c7c84c50af50310f5249ccd1bd1c5ec73732e2ae263bf,26/06/2023 00:54:48,ESCANER
21408,"Izabal",18,"Lívingston",2,3322,400,34,26,14,0,2,46,57,4,0,4,4,1,1,2,195,7,4,206,0,206,--,400,194,195,206,206,Algún campo sin dato,1,dc11dc62c17c7d311a0e78b0f6806548aa586ff53574dba457d36d59be722d37,26/06/2023 01:52:35,ESCANER
21409,"Izabal",18,"Lívingston",2,3323,400,30,22,14,0,3,50,48,2,1,3,5,0,0,3,181,14,2,197,0,197,--,400,203,181,197,197,Algún campo sin dato,1,9d47e203f776457e83381756aa01eb33b86261418c7dba186df3e71bcc185cfe,25/06/2023 23:49:52,ESCANER
21410,"Izabal",18,"Lívingston",2,3323,400,40,29,20,0,2,55,64,5,0,2,5,2,0,1,225,8,0,233,0,233,--,400,167,225,233,233,Algún campo sin dato,1,9fbd74d7f8d19d8e100e8e7c93ef98bcdcb1163e272d83371581ba6ce7d29086,25/06/2023 22:42:28,ESCANER
21411,"Izabal",18,"Lívingston",2,3323,400,24,20,15,2,1,32,56,0,0,0,4,1,0,1,156,5,1,162,0,162,--,399,237,156,162,162,Algún campo sin dato,1,264ccc0636b10d76cc63c97029a59cade18299f49451894cf59223bf6e5c33f3,25/06/2023 21:47:40,ESCANER
21412,"Izabal",18,"Lívingston",2,3323,400,17,12,9,0,2,50,81,6,0,0,3,0,0,1,181,0,1,182,0,182,--,400,218,181,182,182,Algún campo sin dato,1,97655d4382433e5a2c00ae3c559a152b9b7de4cef95d194d524399efaf613fbf,25/06/2023 23:19:53,ESCANER
21413,"Izabal",18,"Lívingston",2,3323,400,26,9,13,0,1,37,69,3,0,2,3,0,0,4,167,1,1,169,0,169,--,400,231,167,169,169,Algún campo sin dato,1,80ab4a636f226ba59d4248f29d49aefb47113cec092892de9128e32bcd601d73,26/06/2023 00:33:40,ESCANER
21414,"Izabal",18,"Lívingston",2,3323,279,13,11,6,0,0,18,35,6,0,0,1,0,0,1,91,6,1,98,0,98,--,276,178,91,98,98,Algún campo sin dato,1,4b170ccaa0aa7030a5c87ab83299828cdca90bf532e01c0bb8d2171ca3c5bf47,25/06/2023 22:18:49,ESCANER
21415,"Izabal",18,"Lívingston",2,3323,278,10,9,1,0,0,20,32,3,1,1,1,0,0,2,80,7,2,89,0,89,--,278,189,80,89,89,Algún campo sin dato,1,10e57a619d8ae518e9baeae2df9f57dd5299ec9e63a4b525f430e10808e1e842,26/06/2023 00:21:40,ESCANER
21416,"Izabal",18,"Lívingston",2,3324,400,53,8,42,0,2,49,2,4,0,0,2,0,0,2,211,10,11,232,0,232,--,397,165,164,185,185,Sumas Asentadas sin cuadrar,1,8e0071f521ebca3c976597aa4874ce96c1bd32231ecc9849333d11368d506352,25/06/2023 23:33:59,ESCANER
21417,"Izabal",18,"Lívingston",2,3324,400,60,10,23,1,2,55,73,4,1,0,2,1,1,0,233,18,8,259,0,259,--,400,141,233,259,259,Algún campo sin dato,1,064067ffdfb9d3d9e7e6521e5f094ac0b747259bbdaf10484bd481ff3644fa98,25/06/2023 23:44:08,ESCANER
21418,"Izabal",18,"Lívingston",2,3324,400,63,7,16,0,1,39,32,1,0,0,3,0,0,1,167,13,7,187,1,188,--,400,213,163,183,184,Sumas Asentadas sin cuadrar,1,78bfdd32597680f6507636159d72e2cc050d4c115b3faf48b8bca11160b58203,26/06/2023 00:36:06,ESCANER
21419,"Izabal",18,"Lívingston",2,3324,245,28,5,12,0,2,35,27,0,0,0,1,0,0,0,110,7,0,117,0,117,--,245,128,110,117,117,Algún campo sin dato,1,7cc0f0fe913d64ec616bfdf7fbd9a478e8fd53e5bbc4b93d4c604df0125fff0e,25/06/2023 22:52:34,ESCANER
21420,"Izabal",18,"Lívingston",2,3324,245,11,6,28,0,2,32,21,0,0,1,0,0,0,1,102,3,3,108,0,108,--,245,137,102,108,108,Algún campo sin dato,1,97d01fecaea426a4f08a79135da8b397717a14f44dc3424f3e0b111fb23ba9ca,25/06/2023 21:41:25,ESCANER
21421,"Izabal",18,"Lívingston",2,3325,400,48,24,30,1,11,35,90,1,0,2,1,1,1,1,246,31,7,284,0,284,--,400,116,246,284,284,Algún campo sin dato,1,0dda0c0cbd5a7bf646fe5c50008e8a4661520e7e050359d4fb5a85b412d2c25d,25/06/2023 23:38:47,ESCANER
21422,"Izabal",18,"Lívingston",2,3325,297,36,10,14,0,5,26,72,2,1,0,1,1,0,2,170,18,2,190,0,190,--,297,107,170,190,190,Algún campo sin dato,1,f9323ef9c53e6fe086fafc3361594f8e0493183f69de8e3b85a53c6c379ba9c5,25/06/2023 21:33:31,ESCANER
21423,"Izabal",18,"Lívingston",2,3325,296,32,15,9,0,3,15,66,1,0,0,1,2,0,0,144,5,1,150,0,150,--,296,146,144,150,150,Algún campo sin dato,1,fca25d34bfa64055adf72e5e729adb2b84c85193218b8e161694c2b039cce6d7,26/06/2023 01:06:13,ESCANER
21424,"Izabal",18,"Lívingston",2,3326,400,64,9,30,0,2,33,76,2,0,1,3,2,0,2,224,28,2,254,0,254,--,390,136,224,254,254,Algún campo sin dato,1,c171af4c5141d457cd97760b1b25d318c8eb890ba41fbd989193a35935aa5de3,26/06/2023 01:18:03,ESCANER
21425,"Izabal",18,"Lívingston",2,3326,366,40,16,25,1,2,20,59,2,1,2,6,1,0,2,177,20,3,200,0,200,--,366,166,177,200,200,Algún campo sin dato,1,90fb239fda43d64e9c157ba206ac013a8e2be67fc8056db22aa923dbea5b62cd,26/06/2023 00:25:08,ESCANER
21426,"Izabal",18,"Lívingston",2,3326,366,26,15,22,1,3,24,65,0,0,0,0,0,0,3,159,5,5,169,0,169,--,366,197,159,169,169,Algún campo sin dato,1,a5e1c41ce806a43c0abe5fcdcfc5e9744956748397bc78322d3c764ea3e69ff3,26/06/2023 00:41:05,ESCANER
21427,"Izabal",18,"Lívingston",2,3327,380,38,10,71,0,4,64,23,4,0,1,0,7,0,0,222,24,7,253,0,253,--,377,124,222,253,253,Algún campo sin dato,1,18da07ca11bb0db37a1dd314f9a1ed5c399dce9865f8a03daae553ef3c1e2c34,26/06/2023 00:32:50,ESCANER
21428,"Izabal",18,"Lívingston",2,3327,380,35,13,66,1,6,72,16,0,0,0,2,7,0,1,219,19,9,247,0,247,--,380,133,219,247,247,Algún campo sin dato,1,e8857f864dc3510fc96c5a6987fb398fa0acec93b789554efc7953401dfaab65,25/06/2023 23:14:57,ESCANER
21429,"Izabal",18,"Lívingston",2,3327,380,33,7,71,2,7,40,64,4,0,3,1,4,2,0,238,26,2,266,0,266,--,380,114,238,266,266,Algún campo sin dato,1,0e76ff891b39729ab8d55bc580fbd689964fa8bd1f4ed814a47efe42d2952cbb,25/06/2023 23:31:21,ESCANER
21430,"Izabal",18,"Lívingston",2,3327,380,23,13,61,0,4,46,42,5,0,0,1,5,2,0,202,6,2,210,7,217,--,380,163,202,210,217,Algún campo sin dato,1,32e45b371c7c38221148acfdb48481cbea3015fb6020534664818a9dd647638f,26/06/2023 00:56:32,ESCANER
21431,"Izabal",18,"Lívingston",2,3327,380,24,11,49,0,3,38,31,0,1,0,0,9,0,0,166,17,6,189,0,189,--,380,191,166,189,189,Algún campo sin dato,1,aa626b932bcfb40faada5a6d96d2f343a19dc11305134e2f0ee8115667d7ccc1,25/06/2023 23:40:30,ESCANER
21432,"Izabal",18,"Lívingston",2,3327,380,28,11,55,0,6,52,26,2,0,0,1,3,2,1,187,19,5,211,0,211,--,377,166,187,211,211,Algún campo sin dato,1,8d53006192d09b3a35027e9360ca6515f9bdc1dab1a395a291490f2786a86ef6,26/06/2023 01:03:52,ESCANER
21433,"Izabal",18,"Lívingston",2,3328,380,29,9,46,1,12,43,23,0,0,1,0,10,1,0,175,27,4,206,0,206,--,380,174,175,206,206,Algún campo sin dato,1,ae090ffdd253ee7339308e7784dd94b95860e7b4ef84c83bb6c5d8b4aadbd676,25/06/2023 23:34:16,ESCANER
21434,"Izabal",18,"Lívingston",2,3328,380,,,,,,,,,,,,,,,,,,,,,,,,,,,,0,,,
21435,"Izabal",18,"Lívingston",2,3328,380,26,17,60,1,4,39,38,1,0,0,0,10,0,0,196,8,1,205,0,205,--,380,175,196,205,205,Algún campo sin dato,1,1fd16e804ed56776fa406ba7ee64a31c60c5ee7f5aabab0287bccdcae4229542,26/06/2023 01:00:57,ESCANER
21436,"Izabal",18,"Lívingston",2,3328,280,14,10,42,0,4,21,41,2,0,0,0,6,1,0,141,7,1,149,0,149,--,280,131,141,149,149,Algún campo sin dato,1,9c752f64e84a220b98792948f05b18c2d009012caf6197bae0810d04755172cb,25/06/2023 23:50:45,ESCANER
21437,"Izabal",18,"Lívingston",2,3328,280,20,9,41,0,5,27,16,0,0,0,0,4,0,0,122,12,4,138,1,139,--,280,141,122,138,139,Algún campo sin dato,1,7847f41dd33289f76ec1303858723340b72888680bb9c623582121511d2e767e,26/06/2023 01:25:27,ESCANER
21438,"Izabal",18,"Lívingston",2,3329,380,98,1,72,2,2,33,72,0,0,0,0,0,5,0,285,5,3,293,0,293,--,380,87,285,293,293,Algún campo sin dato,1,a7b6278a503b0623729af58ba72c9f921ffdcd11b5b6a38325af6ed2bf9f543e,26/06/2023 00:21:46,ESCANER
21439,"Izabal",18,"Lívingston",2,3329,380,92,3,73,3,4,37,63,0,0,0,0,0,4,0,279,6,5,290,0,290,--,380,87,279,290,290,Algún campo sin dato,1,29ff0c5ea2d82363f4999e3ba7640792e5802c6768bb5fec4b6ae1a0a46fc51b,26/06/2023 01:03:32,ESCANER
21440,"Izabal",18,"Lívingston",2,3329,380,70,4,52,0,8,24,68,1,1,0,3,1,5,0,237,3,1,241,0,241,--,380,139,237,241,241,Algún campo sin dato,1,a5d9ded464568618a81df2acf11612a9331cc4d0a90fcf4354cafbd5aafe31a1,26/06/2023 00:32:12,ESCANER
21441,"Izabal",18,"Lívingston",2,3329,380,67,1,58,0,2,35,63,0,0,0,0,0,13,0,239,6,2,247,0,247,--,382,135,239,247,247,Algún campo sin dato,1,0235b1eb4fe638b42401bcb9ce7548c5349cd01cf2c4614f4c79ff2b04203c55,25/06/2023 23:35:46,ESCANER
21442,"Izabal",18,"Lívingston",2,3329,214,37,0,29,1,2,18,36,0,0,0,0,0,2,0,125,1,1,127,0,127,--,214,87,125,127,127,Algún campo sin dato,1,b0b1cbb96c989134ba699b39c7a8f33ebc414c35bab35c405641cebde6885064,25/06/2023 22:09:57,ESCANER
21443,"Izabal",18,"Lívingston",2,3329,214,36,1,38,1,1,21,32,0,0,0,0,0,3,0,133,2,0,136,0,136,--,214,78,133,135,135,Sumas Asentadas sin cuadrar,1,5f24faf5eb7ce40a9b253fadd4ecd5669fe6f3cf3b348618c72e52f8aa39cadc,25/06/2023 23:44:40,ESCANER
21444,"Izabal",18,"Lívingston",2,3330,380,30,4,47,1,2,14,80,3,0,4,1,1,0,1,187,12,5,204,0,204,--,380,176,188,205,205,Sumas Asentadas sin cuadrar,1,502a68677594f1c63050cc47e081899e6d5e038c41c54d2e2fc691b67a5f1878,26/06/2023 03:01:13,ESCANER
21445,"Izabal",18,"Lívingston",2,3330,380,45,4,41,0,7,16,65,2,0,0,1,4,0,0,185,11,6,202,--,--,--,380,178,185,202,202,Algún campo sin dato,1,adf9d78eef310ed59ce41fa46dc4dd5d7bdbe6b28e5a98f076d0cb192edf7ef2,26/06/2023 01:49:33,ESCANER
21446,"Izabal",18,"Lívingston",2,3330,380,28,5,36,1,6,11,58,1,0,1,1,0,0,0,148,14,14,176,0,176,--,379,203,148,176,176,Algún campo sin dato,1,3f99892bbe5b3cd7c09d4d8c02dd9728e59ea97b0022acfddc932988b1932881,26/06/2023 01:21:11,ESCANER
21447,"Izabal",18,"Lívingston",2,3330,380,34,6,35,0,3,16,60,4,1,1,0,1,1,0,162,18,10,190,0,190,--,380,190,162,190,190,Algún campo sin dato,1,e76555cb1966a4505784d1b826ce0de695d0187a87468d72ef9b1226801013f2,26/06/2023 00:35:07,ESCANER
21448,"Izabal",18,"Lívingston",2,3330,380,32,4,22,0,4,20,38,0,0,2,1,0,0,0,123,11,4,138,0,138,--,377,239,123,138,138,Algún campo sin dato,1,0fc578ca68be52aefd7919ee25250a5bada21f367ffae7d661a1b2a745fec66d,26/06/2023 00:29:45,ESCANER
21449,"Izabal",18,"Lívingston",2,3330,324,16,7,44,0,2,11,69,1,0,0,1,0,0,0,151,4,1,156,0,156,--,324,168,151,156,156,Algún campo sin dato,1,6dd3f36a7ca91054d4b27697edff393674e9f10caba748d1d32e218c7bfc33e3,25/06/2023 23:29:23,ESCANER
21450,"Izabal",18,"Lívingston",2,3330,323,17,2,30,1,2,16,39,0,0,1,1,0,0,1,110,5,1,116,0,116,--,323,207,110,116,116,Algún campo sin dato,1,8e7aa41c2c7a505358469f7ca27909a50255b13009308c0c047a6920649b8466,25/06/2023 22:59:00,ESCANER
21451,"Izabal",18,"Lívingston",2,3331,380,76,13,27,7,18,51,31,3,1,0,0,1,4,0,232,16,6,254,0,254,--,381,127,232,254,254,Algún campo sin dato,1,d16d02528bd1cfc98a3834eead37e7d026ff7180e8d89ecc688bb934923bb2f2,26/06/2023 00:22:02,ESCANER
21452,"Izabal",18,"Lívingston",2,3331,380,67,15,21,2,24,55,27,2,1,0,0,2,0,0,216,19,3,238,0,238,--,--,--,216,238,238,Algún campo sin dato,1,1e67cef1fda07c3adc92ab808c9b856fac07460458c0e17e24ea1d661694e30a,26/06/2023 02:30:43,ESCANER
21453,"Izabal",18,"Lívingston",2,3331,380,74,17,27,4,7,47,36,2,0,0,0,2,1,1,218,26,6,250,0,250,--,380,130,218,250,250,Algún campo sin dato,1,02a33e5c3dd0e0d663bf88f7ac2da84548619f4ee9bd9ec2bba062898294c108,26/06/2023 01:58:17,ESCANER
21454,"Izabal",18,"Lívingston",2,3331,380,62,19,31,3,18,53,28,1,0,1,0,3,1,2,222,8,3,233,0,233,--,371,138,222,233,233,Algún campo sin dato,1,1e638b5dfe98eda752e7068927af4ba32f3a26fb710fb918d19ae40b09f92da7,26/06/2023 01:43:20,ESCANER
21455,"Izabal",18,"Lívingston",2,3331,380,59,17,14,2,18,55,34,3,0,0,0,1,0,0,203,14,1,218,0,218,--,380,162,203,218,218,Algún campo sin dato,1,0e9790a0bbfb85499db63ed3ecc9fd34e52464187ca9f7ccdb4b757abdb79317,25/06/2023 23:57:41,ESCANER
21456,"Izabal",18,"Lívingston",2,3331,380,73,7,20,6,20,39,35,0,0,0,0,4,2,0,206,19,2,227,0,227,--,380,153,206,227,227,Algún campo sin dato,1,34119119ac09b2d8f5cafac55cef5d31630cf160ba40b99b044d636f74a86afc,26/06/2023 01:15:42,ESCANER
21457,"Izabal",18,"Lívingston",2,3332,380,60,16,21,5,14,49,22,0,0,0,0,2,0,0,189,19,7,215,0,215,--,380,165,189,215,215,Algún campo sin dato,1,8ac626e1df6348cd2450129d6000a724126ac4bba4f30427ca770f34327ba276,26/06/2023 00:05:54,ESCANER
21458,"Izabal",18,"Lívingston",2,3332,380,59,6,20,6,15,55,23,0,0,0,1,1,2,0,188,11,4,203,0,203,--,380,177,188,203,203,Algún campo sin dato,1,3cb940f1a40eaae7f42c3cdc75654b357dbdca176777d400026e472116df12d4,26/06/2023 00:56:08,ESCANER
21459,"Izabal",18,"Lívingston",2,3332,380,64,14,20,2,18,48,24,1,0,0,0,2,2,1,196,6,5,207,0,207,--,380,173,196,207,207,Algún campo sin dato,1,d707e1cc51105ed0a1caa16431c55ef0f8e56121668b0069237fb659d706bb28,26/06/2023 00:37:37,ESCANER
21460,"Izabal",18,"Lívingston",2,3332,380,57,11,11,2,15,44,24,1,0,0,0,0,2,0,167,4,0,171,0,171,--,380,209,167,171,171,Algún campo sin dato,1,dbe6554528183dbf759c9b9ddf5cd0a66e960d9a47a406cf4443149dbfbc2d73,25/06/2023 23:45:18,ESCANER
21461,"Izabal",18,"Lívingston",2,3332,380,48,10,16,3,12,41,28,1,0,0,0,2,1,0,162,9,1,172,0,172,--,380,208,162,172,172,Algún campo sin dato,1,1fce2957d3ab1f67418c4c34e75298502241687918614283c0d6bba4e77066ea,26/06/2023 01:06:10,ESCANER
21462,"Izabal",18,"Lívingston",2,3332,325,41,13,13,3,17,29,42,3,0,0,0,0,0,0,161,3,0,164,0,164,--,325,161,161,164,164,Algún campo sin dato,1,bfd56d9c59cff1a5974bd69b69fd40cad526f3c86c4168b78e4af289675150b1,25/06/2023 23:32:39,ESCANER
21463,"Izabal",18,"Lívingston",2,3332,325,39,10,14,1,13,37,12,2,0,0,0,3,1,1,133,8,2,143,0,143,--,325,182,133,143,143,Algún campo sin dato,1,af3de6993dc923fc90a10c03c72357fd13de3cbd6db04752ea2463ba3fb22be9,25/06/2023 22:28:03,ESCANER
21464,"Izabal",18,"Lívingston",2,3333,380,62,5,30,6,4,32,44,2,0,2,2,1,0,0,190,10,8,208,4,212,--,380,168,190,208,212,Algún campo sin dato,1,77939fd36fc36e9b04e3bb710bccdab23e60ea947f20bb3e9f22cad0e2941d6a,26/06/2023 01:04:05,ESCANER
21465,"Izabal",18,"Lívingston",2,3333,380,61,2,38,9,4,27,43,3,0,4,2,0,3,0,196,19,8,223,4,227,1,380,152,196,223,227,,1,60944e6947188e86f82c4ce2770acaf7f948161e81fb25e570dd569c4dc5c21b,26/06/2023 00:21:24,ESCANER
21466,"Izabal",18,"Lívingston",2,3333,380,52,2,57,5,7,31,45,1,1,2,1,1,0,2,207,21,5,233,0,233,--,380,147,207,233,233,Algún campo sin dato,1,2b53b1db2dc5e0b7db19d09d10c7c7442982a8352a1286a73355fd0c8516ece3,26/06/2023 01:20:46,ESCANER
21467,"Izabal",18,"Lívingston",2,3334,380,51,3,41,14,10,49,40,3,0,3,0,0,0,1,215,22,5,242,0,242,--,380,135,215,242,242,Algún campo sin dato,1,13767c61f3e139e787b646b5c0747dc501be2923629eea7eb8b845c251f4f510,26/06/2023 00:30:46,ESCANER
21468,"Izabal",18,"Lívingston",2,3334,380,55,2,24,7,15,41,29,0,1,1,1,2,3,1,182,20,17,219,0,219,--,380,161,182,219,219,Algún campo sin dato,1,34c14821339cf419b584481948568079e741d966ccb99529483d3902db5c4886,26/06/2023 01:19:36,ESCANER
21469,"Izabal",18,"Lívingston",2,3334,380,52,2,30,13,11,38,41,2,0,1,2,1,4,0,197,12,4,213,0,213,--,380,167,197,213,213,Algún campo sin dato,1,327ba323352d1cb548ff3b14f295ef0a4ca5c41a6eb58162d65101bc4e4cace9,26/06/2023 00:14:20,ESCANER
21470,"Izabal",18,"Lívingston",2,3334,380,53,3,26,6,6,39,36,1,1,2,1,1,3,0,178,10,5,193,0,193,--,380,187,178,193,193,Algún campo sin dato,1,8c0b072f95c98b7f90e662632ebab02cad5643e92e22f70bdcb203da974038e3,26/06/2023 00:41:33,ESCANER
21471,"Izabal",18,"Lívingston",2,3334,380,53,4,22,11,8,44,30,0,0,5,0,3,1,1,182,18,3,204,1,205,--,380,175,182,203,204,Sumas Asentadas sin cuadrar,1,94074a3bfaa096c25e54472527aa6b6e2793f9b37f0f6bd25ace5f33c0b2c6ff,26/06/2023 00:58:27,ESCANER
21472,"Izabal",18,"Lívingston",2,3334,380,53,4,29,5,8,27,34,0,0,4,0,2,1,0,167,15,7,189,0,189,--,380,191,167,189,189,Algún campo sin dato,1,bee0148d437d83c1dcb734717e7f3dbd9358d9719c0b8135d33cf5fe7d308858,26/06/2023 00:25:44,ESCANER
21473,"Izabal",18,"Lívingston",2,3334,380,52,7,29,13,5,29,42,1,0,4,0,0,0,0,182,11,2,182,0,182,--,380,185,182,195,195,Sumas Asentadas sin cuadrar,1,4a84b64932ad38fee0df9b456c9574821b1842f51bcc291e16fe979dd0d28d4e,25/06/2023 23:11:03,ESCANER
21474,"Izabal",18,"Lívingston",2,3334,380,36,3,39,8,6,22,46,2,0,2,0,0,0,0,164,7,0,171,0,164,--,380,209,164,171,171,Sumas Asentadas sin cuadrar,1,2a142a5ec7406178876fedf8184de93c73080c57ddd5a291f997fb2f54788d1d,26/06/2023 01:14:14,ESCANER
21475,"Izabal",18,"Lívingston",2,3335,380,39,3,41,13,5,19,40,0,0,1,0,0,0,0,161,3,1,165,0,165,--,379,214,161,165,165,Algún campo sin dato,1,54dbed05e9555f81357bf0b8e9b04104b451b7f3e2ee32fedef907de69076152,26/06/2023 01:45:29,ESCANER
21476,"Izabal",18,"Lívingston",2,3335,216,23,4,23,1,8,13,17,0,1,0,0,0,3,0,93,5,2,100,0,100,--,216,116,93,100,100,Algún campo sin dato,1,3d8aaef0608d32ff19c6bdc2b8ae0aa13293a484bba8bb3d58a0f52ac8629d79,26/06/2023 01:55:36,ESCANER
21477,"Izabal",18,"Lívingston",2,3335,215,14,1,13,5,3,16,20,0,0,2,1,0,1,0,76,9,3,88,0,88,--,213,125,76,88,88,Algún campo sin dato,1,fd1739ad79dc6bd98fded52073265cce04306a4d02ba4a320d4ad4928a588d11,26/06/2023 00:05:46,ESCANER
21478,"Izabal",18,"Lívingston",2,3336,380,,,,,,,,,,,,,,,,,,,,,,,,,,,,0,,,
21479,"Izabal",18,"Lívingston",2,3336,380,,,,,,,,,,,,,,,,,,,,,,,,,,,,0,,,
21480,"Izabal",18,"Lívingston",2,3336,380,,,,,,,,,,,,,,,,,,,,,,,,,,,,0,,,
21481,"Izabal",18,"Lívingston",2,3336,380,,,,,,,,,,,,,,,,,,,,,,,,,,,,0,,,
21482,"Izabal",18,"Lívingston",2,3336,380,,,,,,,,,,,,,,,,,,,,,,,,,,,,0,,,
21483,"Izabal",18,"Lívingston",2,3336,380,,,,,,,,,,,,,,,,,,,,,,,,,,,,0,,,
21484,"Izabal",18,"Lívingston",2,3336,380,,,,,,,,,,,,,,,,,,,,,,,,,,,,0,,,
21485,"Izabal",18,"Lívingston",2,3336,192,,,,,,,,,,,,,,,,,,,,,,,,,,,,0,,,
21486,"Izabal",18,"Lívingston",2,3336,191,,,,,,,,,,,,,,,,,,,,,,,,,,,,0,,,
21487,"Izabal",18,"Lívingston",2,3337,380,,,,,,,,,,,,,,,,,,,,,,,,,,,,0,,,
21488,"Izabal",18,"Lívingston",2,3337,380,,,,,,,,,,,,,,,,,,,,,,,,,,,,0,,,
21489,"Izabal",18,"Lívingston",2,3337,380,,,,,,,,,,,,,,,,,,,,,,,,,,,,0,,,
21490,"Izabal",18,"Lívingston",2,3337,210,,,,,,,,,,,,,,,,,,,,,,,,,,,,0,,,
21491,"Izabal",18,"Lívingston",2,3337,209,,,,,,,,,,,,,,,,,,,,,,,,,,,,0,,,
21492,"Izabal",18,"Lívingston",2,3338,380,39,2,47,1,4,49,77,5,0,0,0,2,0,0,226,15,21,262,0,262,--,377,115,226,262,262,Algún campo sin dato,1,6d450b7ada5bed2d8e6adc3d74b881ef5095f45afc5825bfa0286a4c7a9707ed,26/06/2023 01:38:00,ESCANER
21493,"Izabal",18,"Lívingston",2,3338,203,15,4,17,1,2,18,51,0,0,0,0,0,0,0,108,2,1,111,7,118,--,203,85,108,111,118,Algún campo sin dato,1,2434d1f2f236c8a1fe70cdadc0e6a1ae49478e3e4ce53637e6ef49ee7ff61113,25/06/2023 23:33:25,ESCANER
21494,"Izabal",18,"Lívingston",2,3338,202,17,0,15,0,1,10,51,0,0,0,0,0,0,0,94,0,2,96,5,101,--,202,101,94,96,101,Algún campo sin dato,1,79381f44a77ee76c500c04150388c5ddd23e6c11416f399e96e98738c3cd629c,25/06/2023 23:13:06,ESCANER
21495,"Izabal",18,"Lívingston",2,3339,380,51,5,34,5,31,22,33,3,1,0,0,2,1,0,188,31,7,226,0,226,--,377,151,188,226,226,Algún campo sin dato,1,ef0982fb838ddb2c42ac359845aa2eacc5c8cbbdde6195b3860bbe457c85a1aa,26/06/2023 00:01:04,ESCANER
21496,"Izabal",18,"Lívingston",2,3339,380,52,14,38,7,33,19,36,0,0,2,1,3,0,2,207,33,3,243,0,243,--,380,137,207,243,243,Algún campo sin dato,1,1d83fe2142f4be4f49fd5f84489336d94fc7cabe742726917eb838b14b52c3ed,26/06/2023 01:02:55,ESCANER
21497,"Izabal",18,"Lívingston",2,3339,380,56,13,29,2,29,32,21,4,0,1,1,1,3,0,192,33,5,230,0,230,--,380,150,192,230,230,Algún campo sin dato,1,410636e65ccc731301e7af3e8175d425e313c2bd9cd01397e1e66cf6a3cc4044,26/06/2023 00:47:49,ESCANER
21498,"Izabal",18,"Lívingston",2,3339,380,60,8,30,12,19,35,37,2,2,0,0,3,1,2,211,27,6,244,0,244,--,380,136,211,244,244,Algún campo sin dato,1,f3568489ba36c549e9d003fdaf5b2ed7424bd4de731f516076b138491f91d383,26/06/2023 00:14:48,ESCANER
21499,"Izabal",18,"Lívingston",2,3339,380,37,13,41,8,25,37,26,0,0,1,2,2,2,0,194,14,9,217,11,228,--,380,152,194,217,228,Algún campo sin dato,1,0bf1037b232e8ee9b93cd951d0b3fa504970f9164804c12278ff8dc98a78e822,26/06/2023 01:21:45,ESCANER
21500,"Izabal",18,"Lívingston",2,3339,380,47,7,39,4,26,49,37,4,1,0,0,4,1,0,219,26,10,255,0,255,--,377,122,219,255,255,Algún campo sin dato,1,9d39d684dcd3c63a92f720aa6c78075f7276f9dc03c234e1869915c8a29f2fb0,26/06/2023 00:38:26,ESCANER
21501,"Izabal",18,"Lívingston",2,3339,380,51,6,38,1,21,34,36,3,1,1,1,4,0,0,197,15,5,217,0,217,--,380,163,197,217,217,Algún campo sin dato,1,7bb0f0b06ec3fcc0a591e6111e6b0ef20538b9ac90dca2030e630c73cdf60053,26/06/2023 00:36:26,ESCANER
21502,"Izabal",18,"Lívingston",2,3339,380,45,10,24,7,18,35,23,3,0,0,2,3,0,1,171,20,6,197,0,197,--,384,187,171,197,197,Algún campo sin dato,1,ff4765d3ee1e1bbfcd87709f67fc2a8cddec8b6e64daaec9856cd61b821671f4,26/06/2023 01:28:49,ESCANER
21503,"Izabal",18,"Lívingston",2,3339,380,38,13,29,7,28,34,21,2,0,0,0,2,0,0,177,24,2,203,0,203,--,380,177,174,200,200,Sumas Asentadas sin cuadrar,1,17376af7b998eb26fdaf8d6b05d1e68c272fd353e4005a7acab353b0043ab1ce,26/06/2023 01:44:37,ESCANER
21504,"Izabal",18,"Lívingston",2,3339,380,44,14,31,4,21,26,32,5,0,1,2,2,3,1,186,28,3,217,0,217,--,380,163,186,217,217,Algún campo sin dato,1,91e24680f9bab07040181154151242a98a50c6c55bd95716e2721d698ccaf096,26/06/2023 00:31:03,ESCANER
21505,"Izabal",18,"Lívingston",2,3339,380,46,10,20,2,32,42,28,3,2,0,1,2,0,1,189,18,8,215,0,215,--,380,164,189,215,215,Algún campo sin dato,1,2a748ee304e3943a6385c261e07fb5503d9721c9ce8c34ce9b97b4787c0b0546,25/06/2023 23:18:46,ESCANER
21506,"Izabal",18,"Lívingston",2,3339,380,38,4,24,5,29,36,25,6,1,0,1,1,1,1,172,19,9,200,0,200,--,380,180,172,200,200,Algún campo sin dato,1,1bfcf4965a9d4705ea3140c9586a601038099ada9a69d03f442c0843a30b3ea3,26/06/2023 00:21:24,ESCANER
21507,"Izabal",18,"Lívingston",2,3339,380,53,11,22,3,36,25,23,1,1,0,1,3,1,1,181,9,1,191,0,191,--,--,--,181,191,191,Algún campo sin dato,1,ca134dc9dc3faeccba0c18be90bfbe171543ff57544eebd954b8462c89abba9c,26/06/2023 00:15:07,ESCANER
21508,"Izabal",18,"Lívingston",2,3339,380,28,9,13,4,22,25,36,3,0,0,0,1,0,0,141,11,1,153,0,153,--,380,227,141,153,153,Algún campo sin dato,1,375f083f7a3c2014f7ee3c1db7d9f5fee0b4fbeeb6357768a3283a03eeace2e2,26/06/2023 00:43:40,ESCANER
21509,"Izabal",18,"Lívingston",2,3339,380,26,10,35,3,10,23,34,0,0,0,1,1,3,0,146,4,2,152,2,154,--,380,224,146,152,154,Algún campo sin dato,1,76b57c0490f9872a0b529424903e390c6deacb63de0f8b68694eb93b164725d5,26/06/2023 01:18:40,ESCANER
21510,"Izabal",18,"Lívingston",2,3339,380,39,5,25,0,26,25,25,2,0,0,0,0,1,1,149,7,2,158,0,158,--,380,222,149,158,158,Algún campo sin dato,1,5c6b7f18521c6912349c81521a47931083f340fdfbe77310ec050a2ba256cede,26/06/2023 00:11:06,ESCANER
21511,"Izabal",18,"Lívingston",2,3339,354,41,12,19,1,17,21,45,2,0,0,1,1,1,0,161,5,0,166,0,166,--,354,188,161,166,166,Algún campo sin dato,1,3eefe58f5e8739dad4d4ded9d8053014b37702ea473428b353308236474e5177,26/06/2023 00:28:34,ESCANER
21512,"Izabal",18,"Lívingston",2,3339,354,26,4,18,3,19,29,21,1,0,0,1,3,1,0,126,5,3,134,0,134,--,354,220,126,134,134,Algún campo sin dato,1,7f89c970e464749c5582aaf87eb0bcf921b77339702d0a3caf1d80d201726f67,26/06/2023 01:16:50,ESCANER
21513,"Izabal",18,"Lívingston",2,3340,380,59,4,59,1,4,24,18,2,0,0,2,1,0,0,174,41,10,225,0,225,--,380,155,174,225,225,Algún campo sin dato,1,0cba92d3b8ff357e18519da3bd3688acc6503d6ec3849328bb82bdf5bf0b7b98,25/06/2023 23:41:48,ESCANER
21514,"Izabal",18,"Lívingston",2,3340,380,49,9,88,1,2,22,20,2,0,0,1,2,1,2,199,24,5,228,0,228,--,400,172,199,228,228,Algún campo sin dato,1,0a822007fc44b424853e33b3440435b5b2105a0844a1e82adfd5005a68f4ca1a,26/06/2023 01:23:17,ESCANER
21515,"Izabal",18,"Lívingston",2,3340,380,47,5,45,3,4,39,16,2,1,0,1,0,0,1,164,16,6,186,0,186,--,380,194,164,186,186,Algún campo sin dato,1,747b8fb0db0a24cfeb4d1ee28e0234269e1b069a96356bde88696d40b78edbf9,26/06/2023 01:21:53,ESCANER
21516,"Izabal",18,"Lívingston",2,3340,380,47,3,54,0,7,37,18,1,0,1,2,0,0,0,170,20,5,195,0,195,--,401,206,170,195,195,Algún campo sin dato,1,5215b7e5d60ea2e7d308437de006dabe11cfa8badc6ae4e94c5729ab67ea78a2,26/06/2023 01:57:11,ESCANER
21517,"Izabal",18,"Lívingston",2,3340,376,46,5,58,0,3,30,13,2,0,0,0,2,0,0,159,10,3,172,0,172,--,376,204,159,172,172,Algún campo sin dato,1,103175edf46caa9ff5032d0418594c27901448d94ef9dee516211592a8a17db9,26/06/2023 01:35:08,ESCANER
21518,"Izabal",18,"Lívingston",2,3340,376,38,6,71,0,3,25,24,0,0,0,1,0,0,0,168,9,2,179,0,179,--,373,194,168,179,179,Algún campo sin dato,1,c5b2e6b488c8d502c3d76ffc48dfd419c7661fb15ae77286b0acc187d8601b3d,26/06/2023 00:06:55,ESCANER
21519,"Izabal",18,"Lívingston",2,3341,380,52,19,58,0,8,41,50,4,0,3,3,1,17,2,258,31,6,295,0,295,--,380,82,258,295,295,Algún campo sin dato,1,deb27fc60a14a08b792a759315b80c9b999db498683c338b0d1b5febfd50b134,26/06/2023 01:35:40,ESCANER
21520,"Izabal",18,"Lívingston",2,3341,297,40,9,25,2,7,32,47,3,0,1,0,1,9,2,178,14,1,193,1,194,--,297,103,178,193,194,Algún campo sin dato,1,e5427877fe414e9e28d1ca14408be55f60eac804aae3673ed179990209b9a7a8,26/06/2023 02:04:33,ESCANER
21521,"Izabal",18,"Lívingston",2,3341,297,37,7,18,1,3,39,46,0,0,2,1,0,8,0,162,5,1,168,0,168,--,297,129,162,168,168,Algún campo sin dato,1,d459ac2689face5eef285fa1df4ceb6a65e859867654adc5e4d9ace852729f43,26/06/2023 01:01:30,ESCANER
21522,"Izabal",18,"Lívingston",2,3342,600,14,9,4,0,0,12,14,2,0,1,2,2,0,1,61,2,1,64,0,64,--,600,536,61,64,64,Algún campo sin dato,1,e8a3162e6199638f9332dd06604c408d9345512f6ecaae359cab05a07ec23cda,25/06/2023 22:47:32,ESCANER
21523,"Izabal",18,"Lívingston",2,3342,352,5,3,1,0,0,7,5,0,0,0,1,1,0,0,23,0,1,24,0,24,--,352,328,23,24,24,Algún campo sin dato,1,8f393e0b724e35981fd822deba6db37ad21d4e0e8c3a83fba69c8863d75074f4,25/06/2023 20:55:05,ESCANER
21524,"Izabal",18,"Lívingston",2,3342,352,5,2,1,0,1,7,2,1,0,0,0,0,0,1,20,0,0,20,0,20,--,252,332,20,20,20,Algún campo sin dato,1,aa714133ca6043c92feea41f5ab804b891aad003af6e27dd2ab0c212ba689988,25/06/2023 21:06:36,ESCANER