﻿TIPO_DE_ELECCIÓN:,CORPORACIÓN MUNICIPAL
26 junio 2023 03:36 (UTC -6)
ACTAS_ESPERADAS,ACTAS_CAPTURADAS,PORCENTAJE_ACTAS_CAPTURADAS,ACTAS_CONTABILIZADAS,PORCENTAJE_ACTAS_CONTABILIZADAS,ACTAS_NO_CONTABILIZADAS,LISTA_NOMINAL_ACTAS_CONTABILIZADAS,VOTOS_EMITIDOS_CONTABILIZADAS,PORCENTAJE_PARTICIPACIÓN_CIUDADANA
38,35,92.1052,35,92.1052,0,12500,7492,59.9360

MESA,DEPARTAMENTO,ID_DEPARTAMENTO,MUNICIPIO,ID_MUNICIPIO,CENTRO_DE_VOTACIÓN,PADRÓN,VAMOS,PHG,PPN,CREO,UNE,VIVA,CABAL,PODEMOS,VÁLIDOS,NULOS,BLANCO,EMITIDOS,INVÁLIDOS,TOTAL,IMPUGNACIONES,PAPELETAS-RECIBIDAS,PAPELETAS-NO-USADAS,VALIDOS_CALCULADO,EMITIDOS_CALCULADO,TOTAL_CALCULADO,OBSERVACIONES,CONTABILIZADA,CÓDIGO_INTEGRIDAD,FECHA_HORA_PUBLICACIÓN,DIGITALIZACIÓN
14477,"San Marcos",12,"La Reforma",21,2032,400,60,106,48,33,4,2,3,0,256,17,1,274,0,274,--,400,126,256,274,274,Algún campo sin dato,1,59c5de52a7cc5d8c1d90547617047b28a5623b8dffde1ed832c7d73ddfbde454,25/06/2023 23:52:12,ESCANER
14478,"San Marcos",12,"La Reforma",21,2032,400,52,120,43,38,4,1,5,2,265,13,1,279,0,279,--,400,121,265,279,279,Algún campo sin dato,1,98a5f63af5aa0cd29389364e67d62f79b69b4f86652c3be952ad7df06e2fa222,26/06/2023 01:42:06,ESCANER
14479,"San Marcos",12,"La Reforma",21,2032,400,63,113,45,34,7,1,1,0,264,21,11,296,0,296,--,401,105,264,296,296,Algún campo sin dato,1,fb9c141ae8779c2c2f8c9112240d9cd39e3d6cf557f3249ce0eef067f75fd45c,25/06/2023 23:51:15,ESCANER
14480,"San Marcos",12,"La Reforma",21,2032,400,61,127,60,32,2,2,0,0,284,22,3,309,1,310,--,401,91,284,309,310,Algún campo sin dato,1,69569cbf6008230cbb9dbf9337336da299624958b98293ef91e54424aa082a5a,25/06/2023 23:42:44,ESCANER
14481,"San Marcos",12,"La Reforma",21,2032,400,77,103,40,47,0,0,0,3,270,14,2,286,0,286,--,400,114,270,286,286,Algún campo sin dato,1,9c9f0de39f297207317782402791375c6ab1391a50983ef2ffd9dda289038503,25/06/2023 23:46:34,ESCANER
14482,"San Marcos",12,"La Reforma",21,2033,400,92,40,51,43,1,2,0,1,230,9,0,239,1,240,1,400,240,230,239,240,,1,121581eba9eaa4c90b31ded4c6411f12a27dc4e7ff5c2c3ac86bbc8339d50bfb,25/06/2023 23:54:31,ESCANER
14483,"San Marcos",12,"La Reforma",21,2033,400,54,91,45,30,1,0,0,0,221,16,1,238,0,238,--,401,163,221,238,238,Algún campo sin dato,1,6d3b3d62c771e304513215f5441c20d5a4ef24af79d95fd4b4f4da1d7dd373ce,26/06/2023 00:03:20,ESCANER
14484,"San Marcos",12,"La Reforma",21,2033,400,67,116,35,25,--,1,2,3,249,5,2,256,--,256,--,400,144,249,256,256,Algún campo sin dato,1,5e4d1e9167d2c5c64d873bce7277839b538da111b7b432679a44ea9397da38a6,26/06/2023 02:09:58,ESCANER
14485,"San Marcos",12,"La Reforma",21,2033,400,60,96,43,33,2,2,2,1,237,8,2,247,0,247,--,400,153,239,249,249,Sumas Asentadas sin cuadrar,1,f16a41fdb967627d80b4c9c1d170a78cad69ef0344d70abe5066ab8c99c1c26d,26/06/2023 00:54:29,ESCANER
14486,"San Marcos",12,"La Reforma",21,2033,400,77,119,29,34,0,1,0,1,261,6,1,7,0,168,--,400,132,261,268,268,Sumas Asentadas sin cuadrar,1,cd306041b51a584a7432e8e3c1bf33ad785051c9c23991ddf437f17ce807e584,26/06/2023 02:31:29,ESCANER
14487,"San Marcos",12,"La Reforma",21,2034,400,55,108,40,39,2,0,1,1,246,5,0,251,0,251,1,400,148,246,251,251,,1,9ac0640368111d7402992e92a7da1c0f58ed360cd567e24afdb92e4ea608b23b,26/06/2023 00:36:19,ESCANER
14488,"San Marcos",12,"La Reforma",21,2034,365,45,114,29,30,0,0,0,0,218,3,0,221,0,221,--,365,144,218,221,221,Algún campo sin dato,1,ae93474d27c40961dcdf189576c1507bf27e7f7e0037166f5cbbbd061514befb,25/06/2023 23:43:58,ESCANER
14489,"San Marcos",12,"La Reforma",21,2034,365,45,90,32,33,1,0,2,4,207,3,2,212,0,212,--,365,153,207,212,212,Algún campo sin dato,1,86b2d746fc01a1f96e70fbcf39f62ee9cb34fbf2ab76a73239fce498b85601bb,26/06/2023 00:01:08,ESCANER
14490,"San Marcos",12,"La Reforma",21,2035,380,75,66,35,17,5,3,2,4,207,25,4,236,2,238,5,380,142,207,236,238,,1,94cb74d3c8f741a6b37a58df105441086a19e70e642dd04ce6b50005ce62b0a3,25/06/2023 23:51:14,ESCANER
14491,"San Marcos",12,"La Reforma",21,2035,380,89,41,32,21,9,2,0,1,195,42,11,248,0,248,3,377,129,195,248,248,,1,466076f897722721f61eb9b0f8c23655857fa85e0596f3dc9a1996f6f8724209,26/06/2023 00:45:40,ESCANER
14492,"San Marcos",12,"La Reforma",21,2035,380,84,55,35,25,10,1,2,1,213,52,8,273,0,273,--,380,107,213,273,273,Algún campo sin dato,1,19409dc5421aab7a1d32913cd127e0b924924e9b1cad14977628c45ce9f6e703,26/06/2023 00:50:35,ESCANER
14493,"San Marcos",12,"La Reforma",21,2036,380,71,52,32,17,1,0,0,1,174,28,2,204,0,204,--,380,176,174,204,204,Algún campo sin dato,1,a44c8e6f929905e491407eb391d639d36bb2c33b779e0474197fcdc3a74193a8,25/06/2023 23:45:17,ESCANER
14494,"San Marcos",12,"La Reforma",21,2036,380,75,52,22,20,5,1,1,3,179,23,2,204,0,204,--,377,173,179,204,204,Algún campo sin dato,1,60518a2d4d36d708196f0f43689df963a8c84e7518b85225e35e7c7031a4d75a,25/06/2023 23:38:56,ESCANER
14495,"San Marcos",12,"La Reforma",21,2036,380,73,43,27,16,4,0,1,1,165,21,4,190,0,190,--,377,187,165,190,190,Algún campo sin dato,1,5bb67ea68a6001d187661ddcdaf3b5835ee63ea168506fab4c64580df49c5edc,26/06/2023 00:05:25,ESCANER
14496,"San Marcos",12,"La Reforma",21,2036,380,65,67,26,21,2,1,0,2,184,8,2,194,0,194,--,377,183,184,194,194,Algún campo sin dato,1,66df5d43dbe7462d57dce8d11218c813a56a18eab40c3a7ee81a23fb2ac3ad61,25/06/2023 23:41:18,ESCANER
14497,"San Marcos",12,"La Reforma",21,2036,227,48,48,24,7,0,0,0,2,129,6,1,136,0,136,--,136,91,129,136,136,Algún campo sin dato,1,773d819012d810d9f007cbda5feb58a856873b877c5e8deebb4b95cb6546a7a4,25/06/2023 23:32:28,ESCANER
14498,"San Marcos",12,"La Reforma",21,2036,227,41,22,20,12,3,0,0,1,99,1,1,101,9,110,2,224,112,99,101,110,,1,14528fe728406d22129cf222f984b22ba2ae2b4faa407912584e49bc884ca288,25/06/2023 23:50:21,ESCANER
14499,"San Marcos",12,"La Reforma",21,2037,380,48,74,44,36,13,1,1,3,220,27,6,247,0,247,4,377,122,220,253,253,Sumas Asentadas sin cuadrar,1,dcfa88e93984121bb0c5f60bc38e053aafe64ddef061402c38b58fd884a257e4,26/06/2023 02:23:47,ESCANER
14500,"San Marcos",12,"La Reforma",21,2037,317,19,55,40,23,10,0,0,2,149,22,8,179,0,179,--,317,138,149,179,179,Algún campo sin dato,1,b77d78790e9b83160ee7d96b90f3e47bb9fb9720ed133db9a23a0d82aa815516,26/06/2023 02:28:07,ESCANER
14501,"San Marcos",12,"La Reforma",21,2037,316,24,67,35,25,6,0,0,0,157,5,2,164,0,164,1,313,151,157,164,164,,1,10bb91cc940fdf100ccac04841cb64a1458525bed778bd1c04cba28fc6f536aa,26/06/2023 02:39:49,ESCANER
14502,"San Marcos",12,"La Reforma",21,2038,380,16,39,66,119,3,2,0,0,245,13,5,263,0,263,--,380,117,245,263,263,Algún campo sin dato,1,48e66c6c0b1c0e4a3c33239ff55c42fca48a4bf04277b053692ec1b26eb93a7a,26/06/2023 00:31:07,ESCANER
14503,"San Marcos",12,"La Reforma",21,2038,232,10,27,27,64,0,0,0,0,128,5,0,133,0,133,--,229,96,128,133,133,Algún campo sin dato,1,43b93077fe3d441a624cc98877b42cbb88596e2fac10db50d92bfb461ddb314e,26/06/2023 00:33:41,ESCANER
14504,"San Marcos",12,"La Reforma",21,2038,232,14,33,17,80,0,3,0,0,147,2,0,149,0,149,--,229,80,147,149,149,Algún campo sin dato,1,92e17dd45b31bc632a0fada63e285403162bc18a6e0a5517fe8a6ff91a7960d6,26/06/2023 00:27:40,ESCANER
14505,"San Marcos",12,"La Reforma",21,2039,380,,,,,,,,,,,,,,,,,,,,,,0,,,
14506,"San Marcos",12,"La Reforma",21,2039,380,94,100,52,28,2,1,0,0,277,33,2,312,0,312,--,377,312,277,312,312,Algún campo sin dato,1,e5f45fa7268ea16e6eaaf4959436a4670a2ca613d76a0d4244bbac22a97bad75,26/06/2023 02:28:55,ESCANER
14507,"San Marcos",12,"La Reforma",21,2039,380,,,,,,,,,,,,,,,,,,,,,,0,,,
14508,"San Marcos",12,"La Reforma",21,2039,281,53,81,31,20,0,1,0,0,186,11,1,198,0,198,--,281,83,186,198,198,Algún campo sin dato,1,b9e8542d19ef2e7aa0d10e1006835925f2703d716517a920ae61f186f84ebfed,26/06/2023 00:43:59,MOVIL
14509,"San Marcos",12,"La Reforma",21,2039,281,53,69,33,20,1,1,0,0,177,5,1,183,0,183,--,278,96,177,183,183,Algún campo sin dato,1,fe36d0d1d56dec47e831d0bd7dd04a0261b30d019f63d111bdd224692468ba23,26/06/2023 00:23:28,MOVIL
14510,"San Marcos",12,"La Reforma",21,2040,380,81,65,38,25,12,1,1,1,224,25,5,254,0,254,--,380,126,224,254,254,Algún campo sin dato,1,87c21df90bbca2b692d9cbb92f0e19cbbbd32213f2a719189ec127797b06514e,26/06/2023 01:34:00,ESCANER
14511,"San Marcos",12,"La Reforma",21,2040,262,52,49,32,11,7,1,0,1,153,5,2,160,0,160,--,262,102,153,160,160,Algún campo sin dato,1,a09bacffc0cad9c9a2e696ae5b013bf95463e7a3214457ff231f4bba93503b86,26/06/2023 01:46:19,ESCANER
14512,"San Marcos",12,"La Reforma",21,2040,261,,,,,,,,,,,,,,,,,,,,,,0,,,
14513,"San Marcos",12,"La Reforma",21,2041,408,10,22,9,3,0,2,0,1,47,6,0,53,0,53,--,408,355,47,53,53,Algún campo sin dato,1,455f748f7117325630adfdf5c95f7d56fa2a706694b03fbcda947795e3d6140b,25/06/2023 21:40:38,ESCANER
14514,"San Marcos",12,"La Reforma",21,2041,407,5,9,9,2,1,0,1,0,27,0,0,27,0,27,--,407,380,27,27,27,Algún campo sin dato,1,faf51cd4f507f5aa72a5d5a225bb6a97ed166effcb09fe568c36179877a43b33,25/06/2023 21:34:21,ESCANER