﻿TIPO_DE_ELECCIÓN:,CORPORACIÓN MUNICIPAL
26 junio 2023 03:36 (UTC -6)
ACTAS_ESPERADAS,ACTAS_CAPTURADAS,PORCENTAJE_ACTAS_CAPTURADAS,ACTAS_CONTABILIZADAS,PORCENTAJE_ACTAS_CONTABILIZADAS,ACTAS_NO_CONTABILIZADAS,LISTA_NOMINAL_ACTAS_CONTABILIZADAS,VOTOS_EMITIDOS_CONTABILIZADAS,PORCENTAJE_PARTICIPACIÓN_CIUDADANA
30,22,73.3333,22,73.3333,0,7968,5286,66.3403

MESA,DEPARTAMENTO,ID_DEPARTAMENTO,MUNICIPIO,ID_MUNICIPIO,CENTRO_DE_VOTACIÓN,PADRÓN,UNE,CABAL,VIVA,PODEMOS,TODOS,VAMOS,AZUL,MLP,VÁLIDOS,NULOS,BLANCO,EMITIDOS,INVÁLIDOS,TOTAL,IMPUGNACIONES,PAPELETAS-RECIBIDAS,PAPELETAS-NO-USADAS,VALIDOS_CALCULADO,EMITIDOS_CALCULADO,TOTAL_CALCULADO,OBSERVACIONES,CONTABILIZADA,CÓDIGO_INTEGRIDAD,FECHA_HORA_PUBLICACIÓN,DIGITALIZACIÓN
22548,"Chiquimula",20,"San Juan Ermita",3,3517,400,94,2,11,0,1,144,0,4,256,18,5,279,0,279,--,400,121,256,279,279,Algún campo sin dato,1,0cec4f848731046916920ddc5f1d77d2450ce7ed556215130d47f4a6f5dbd285,26/06/2023 03:14:30,ESCANER
22549,"Chiquimula",20,"San Juan Ermita",3,3517,400,,,,,,,,,,,,,,,,,,,,,,0,,,
22550,"Chiquimula",20,"San Juan Ermita",3,3517,400,,,,,,,,,,,,,,,,,,,,,,0,,,
22551,"Chiquimula",20,"San Juan Ermita",3,3517,400,,,,,,,,,,,,,,,,,,,,,,0,,,
22552,"Chiquimula",20,"San Juan Ermita",3,3517,400,91,1,17,2,0,183,1,3,298,14,3,315,0,315,--,400,85,298,315,315,Algún campo sin dato,1,bd2b05c9df5db9d3a7b3e4e73757757fa13d01587c45ef31b65fb0b8e5943944,26/06/2023 01:31:21,ESCANER
22553,"Chiquimula",20,"San Juan Ermita",3,3518,400,107,0,7,2,0,173,4,2,295,11,3,309,0,309,--,400,91,295,309,309,Algún campo sin dato,1,9ee34a9f8e20326f528077962250b06ecc5b08dce5965d07764b626d31041dfa,26/06/2023 03:04:26,ESCANER
22554,"Chiquimula",20,"San Juan Ermita",3,3518,400,118,1,15,0,0,178,0,1,313,13,5,331,0,331,--,400,69,313,331,331,Algún campo sin dato,1,3b05ad9e516e0c0a5c615184e344e268a3daa32de6bc139a71289f2f69627504,26/06/2023 02:59:42,ESCANER
22555,"Chiquimula",20,"San Juan Ermita",3,3518,400,107,1,11,0,0,184,0,1,304,13,5,322,0,322,--,400,78,304,322,322,Algún campo sin dato,1,f776547ed9f9ee5b9127eae12687597f3afd84601ba4946bfcb48346127788da,26/06/2023 02:54:08,ESCANER
22556,"Chiquimula",20,"San Juan Ermita",3,3518,400,103,0,3,0,0,186,2,0,294,4,3,301,0,301,--,400,99,294,301,301,Algún campo sin dato,1,02f9c3ec9a6e14fb7e0657fb0c0fb7653ac905d52c26dfbe1b785463aac2ecf3,26/06/2023 02:51:17,ESCANER
22557,"Chiquimula",20,"San Juan Ermita",3,3518,400,84,1,9,0,0,145,0,0,239,5,0,244,0,244,--,400,156,239,244,244,Algún campo sin dato,1,c23cbff071b05200960cc43cfb128b848223ae67ed6038fc35f6bcc9f8db0f65,26/06/2023 01:12:29,MOVIL
22558,"Chiquimula",20,"San Juan Ermita",3,3518,400,72,1,7,0,0,148,2,0,230,11,3,245,0,245,1,400,155,230,244,244,Sumas Asentadas sin cuadrar,1,b92e065a0bf86f19b44845835a73faf20230dc6f7e6bef9302f9944391bee7e8,25/06/2023 23:48:26,MOVIL
22559,"Chiquimula",20,"San Juan Ermita",3,3519,400,79,2,5,0,1,139,0,2,228,8,0,236,0,236,--,397,161,228,236,236,Algún campo sin dato,1,659b72611c94371d9e18306ad9a78e95effb92314cfda868d42107bf97c83dc3,26/06/2023 01:24:32,MOVIL
22560,"Chiquimula",20,"San Juan Ermita",3,3519,400,81,0,5,0,0,155,0,0,241,9,1,251,0,251,--,400,149,241,251,251,Algún campo sin dato,1,d001e56e55d674bca21876aed30b3f35a6efc4e462fc0863f5c854fa413468d7,26/06/2023 01:13:08,ESCANER
22561,"Chiquimula",20,"San Juan Ermita",3,3519,400,78,1,6,0,0,170,0,0,255,4,2,261,--,--,--,400,139,255,261,261,Algún campo sin dato,1,a752166ce16538de828ffadf0de0bc6f91d220a48aadfd24762e19c65a3f8f29,26/06/2023 01:58:11,ESCANER
22562,"Chiquimula",20,"San Juan Ermita",3,3519,400,91,0,8,0,0,176,0,0,275,2,2,279,0,279,--,400,121,275,279,279,Algún campo sin dato,1,9ae325d3a8a94adbb9d6b52a1fee15bf259517579e70b80c15281fbff6e1a483,26/06/2023 01:59:40,ESCANER
22563,"Chiquimula",20,"San Juan Ermita",3,3519,400,69,0,12,0,0,188,0,0,269,7,2,278,0,278,--,400,122,269,278,278,Algún campo sin dato,1,29ac1abd7fbe4c5ccc28de5581b376198aa14dbc096f805c53970f076ccc0b97,26/06/2023 02:17:10,ESCANER
22564,"Chiquimula",20,"San Juan Ermita",3,3520,252,42,0,0,1,0,107,0,2,152,0,1,153,0,153,--,252,99,152,153,153,Algún campo sin dato,1,9200e1709456fc47f354a04ac5e94c35f30ae978e8f2cf2159071d4faed153d0,25/06/2023 23:08:48,MOVIL
22565,"Chiquimula",20,"San Juan Ermita",3,3520,251,39,1,2,0,0,102,0,0,144,3,0,147,0,147,--,251,104,144,147,147,Algún campo sin dato,1,620662c3b2a7d70338b691d4b9c58de5aefc4ca9f88cd25e0565b287ff72090b,25/06/2023 22:21:17,MOVIL
22566,"Chiquimula",20,"San Juan Ermita",3,3521,380,,,,,,,,,,,,,,,,,,,,,,0,,,
22567,"Chiquimula",20,"San Juan Ermita",3,3521,380,,,,,,,,,,,,,,,,,,,,,,0,,,
22568,"Chiquimula",20,"San Juan Ermita",3,3521,380,,,,,,,,,,,,,,,,,,,,,,0,,,
22569,"Chiquimula",20,"San Juan Ermita",3,3521,380,,,,,,,,,,,,,,,,,,,,,,0,,,
22570,"Chiquimula",20,"San Juan Ermita",3,3521,380,73,1,9,0,1,160,0,0,244,20,5,269,0,269,1,383,114,244,269,269,,1,b84a7a2a7fd1819220c73994d5859aff7e586a7d001839763e7a741b05763ea1,26/06/2023 03:25:50,ESCANER
22571,"Chiquimula",20,"San Juan Ermita",3,3521,380,,,,,,,,,,,,,,,,,,,,,,0,,,
22572,"Chiquimula",20,"San Juan Ermita",3,3522,380,53,1,15,0,0,149,0,0,218,9,0,227,0,227,--,380,153,218,227,227,Algún campo sin dato,1,e5278553c5affdab34c67e2e5bb695138b9cc07c2ed50388e0c74eeacd064972,26/06/2023 01:19:22,MOVIL
22573,"Chiquimula",20,"San Juan Ermita",3,3522,380,77,1,8,0,0,129,0,2,217,10,5,232,0,232,--,380,148,217,232,232,Algún campo sin dato,1,46413f682236cd1302eb673b6ccb7a4f356446020cc5215e45903455dd31f8b8,26/06/2023 01:31:54,MOVIL
22574,"Chiquimula",20,"San Juan Ermita",3,3522,380,97,0,10,1,0,134,0,4,246,1,1,248,0,248,--,377,129,246,248,248,Algún campo sin dato,1,01e8a39abc8608c5bfb57de9079c454c4dd346afa3853e1a9d314617c2c6af68,26/06/2023 00:26:24,MOVIL
22575,"Chiquimula",20,"San Juan Ermita",3,3523,251,58,0,4,0,0,107,0,0,169,1,2,172,0,172,--,251,79,169,172,172,Algún campo sin dato,1,40ef38556ddd58999efda06dc4fad6e30545c157a67e981588af7e14e21f1203,26/06/2023 01:53:52,MOVIL
22576,"Chiquimula",20,"San Juan Ermita",3,3523,250,53,0,0,0,1,99,0,0,153,3,3,159,--,--,--,250,91,153,159,159,Algún campo sin dato,1,0251c01e3ac64e3f08ff159c8f0ad3132b9f14b7107db93dc8e94ae44e82b0d2,25/06/2023 23:23:34,MOVIL
22577,"Chiquimula",20,"San Juan Ermita",3,3524,244,11,0,1,0,0,13,0,0,25,3,1,29,0,29,--,244,215,25,29,29,Algún campo sin dato,1,55ab614ba2998e8e21189f1b26e1407244e67575bf4f71887fb942d6a00e6802,25/06/2023 21:14:37,MOVIL