﻿TIPO_DE_ELECCIÓN:,CORPORACIÓN MUNICIPAL
26 junio 2023 03:36 (UTC -6)
ACTAS_ESPERADAS,ACTAS_CAPTURADAS,PORCENTAJE_ACTAS_CAPTURADAS,ACTAS_CONTABILIZADAS,PORCENTAJE_ACTAS_CONTABILIZADAS,ACTAS_NO_CONTABILIZADAS,LISTA_NOMINAL_ACTAS_CONTABILIZADAS,VOTOS_EMITIDOS_CONTABILIZADAS,PORCENTAJE_PARTICIPACIÓN_CIUDADANA
20,15,75.0000,15,75.0000,0,5772,3829,66.3374

MESA,DEPARTAMENTO,ID_DEPARTAMENTO,MUNICIPIO,ID_MUNICIPIO,CENTRO_DE_VOTACIÓN,PADRÓN,CABAL,AZUL,PODEMOS,UNE,CAMBIO,BIEN,VALOR,VAMOS,FCN-NACION,VIVA,VÁLIDOS,NULOS,BLANCO,EMITIDOS,INVÁLIDOS,TOTAL,IMPUGNACIONES,PAPELETAS-RECIBIDAS,PAPELETAS-NO-USADAS,VALIDOS_CALCULADO,EMITIDOS_CALCULADO,TOTAL_CALCULADO,OBSERVACIONES,CONTABILIZADA,CÓDIGO_INTEGRIDAD,FECHA_HORA_PUBLICACIÓN,DIGITALIZACIÓN
12231,"Suchitepéquez",10,"San Gabriel",12,1658,400,,,,,,,,,,,,,,,,,,,,,,,,0,,,
12232,"Suchitepéquez",10,"San Gabriel",12,1658,400,46,34,49,12,57,4,10,62,1,2,277,12,6,295,0,295,--,400,105,277,295,295,Algún campo sin dato,1,d512daa2bc57c8b15ad38395cf8931ec8c8897f62eb3e210464cce0e2a3835d6,26/06/2023 03:17:08,ESCANER
12233,"Suchitepéquez",10,"San Gabriel",12,1658,400,68,39,37,22,63,9,7,50,4,3,302,12,2,316,0,316,--,400,84,302,316,316,Algún campo sin dato,1,53f3d12b9249cf33676d4e314ade5c49565a5bfcd1663891b455daf5b8ecc29e,26/06/2023 02:54:23,ESCANER
12234,"Suchitepéquez",10,"San Gabriel",12,1658,400,46,40,36,18,65,1,11,64,1,4,286,12,0,298,0,298,1,400,102,286,298,298,,1,3fba8ee1fd18b5ddbc628c99e24ff8bfe22f7cca2b4a9c0c37d3a0462f4c8391,26/06/2023 03:23:50,ESCANER
12235,"Suchitepéquez",10,"San Gabriel",12,1658,400,,,,,,,,,,,,,,,,,,,,,,,,0,,,
12236,"Suchitepéquez",10,"San Gabriel",12,1658,400,,,,,,,,,,,,,,,,,,,,,,,,0,,,
12237,"Suchitepéquez",10,"San Gabriel",12,1658,400,42,40,56,6,73,2,3,58,2,0,282,18,2,302,0,302,--,400,98,282,302,302,Algún campo sin dato,1,496d58c262896e75ace4dab4564c32b9960725e2d4d7d37f718272b78ff404af,26/06/2023 02:58:36,ESCANER
12238,"Suchitepéquez",10,"San Gabriel",12,1658,400,27,33,55,9,72,4,8,41,3,4,256,8,1,265,0,265,--,400,135,256,265,265,Algún campo sin dato,1,864f52d5c4d8f4f6b8e51fea2dd3b5100eae52ab47937f69e01a73f5e08552b2,26/06/2023 01:22:37,ESCANER
12239,"Suchitepéquez",10,"San Gabriel",12,1659,400,38,36,49,18,40,3,9,44,2,2,241,9,9,259,0,259,--,400,141,241,259,259,Algún campo sin dato,1,e902b9bcfaf0729219843e2148d8f865f1ce3dd7c698dbea5df45ed34f5b83be,26/06/2023 03:23:15,ESCANER
12240,"Suchitepéquez",10,"San Gabriel",12,1659,400,37,24,43,21,54,3,9,54,4,3,252,17,2,271,0,271,1,398,127,252,271,271,,1,bebfea6645b28f3d4c8deec1cac81648d402624b378e992b0a517dd52e5bd087,26/06/2023 00:46:56,ESCANER
12241,"Suchitepéquez",10,"San Gabriel",12,1659,400,42,23,32,20,49,4,10,34,2,2,218,14,8,240,0,240,--,400,160,218,240,240,Algún campo sin dato,1,09757afaca46940f3511eba7ff779a8052f87a7fb10c72207e31f7674bb487d8,26/06/2023 00:54:19,ESCANER
12242,"Suchitepéquez",10,"San Gabriel",12,1659,400,39,22,39,17,52,7,9,51,3,3,242,19,3,264,0,264,--,400,136,242,264,264,Algún campo sin dato,1,2f5f4edc89a99eefd986ca050770d42f3bf7427a3df605811b47bb2fb0c5abba,26/06/2023 01:15:36,ESCANER
12243,"Suchitepéquez",10,"San Gabriel",12,1659,400,41,20,38,13,49,4,9,50,1,5,230,7,1,238,0,238,1,399,161,230,238,238,,1,fc02a9c17e16e33f67ebd3111d8a50bf3fe93ee6fd4d4e7fae46566388d60b03,26/06/2023 02:08:37,ESCANER
12244,"Suchitepéquez",10,"San Gabriel",12,1659,400,40,23,47,23,63,3,5,51,5,0,260,3,2,265,0,265,--,399,135,260,265,265,Algún campo sin dato,1,2c9c4510bc007ea2615a9ab0ab98290d4e6b023a19f9b165d04906edff4b7e70,26/06/2023 01:50:04,ESCANER
12245,"Suchitepéquez",10,"San Gabriel",12,1660,400,36,21,30,22,49,1,12,48,3,3,225,4,1,230,2,232,--,401,169,225,230,232,Algún campo sin dato,1,7b08c3326f98f047c15c391d7251e7cf7e684525a1d95c9f3eea74d18a752075,26/06/2023 03:26:17,ESCANER
12246,"Suchitepéquez",10,"San Gabriel",12,1660,400,,,,,,,,,,,,,,,,,,,,,,,,0,,,
12247,"Suchitepéquez",10,"San Gabriel",12,1660,400,,,,,,,,,,,,,,,,,,,,,,,,0,,,
12248,"Suchitepéquez",10,"San Gabriel",12,1660,400,33,42,38,9,56,4,5,62,0,3,252,4,0,256,0,256,--,400,144,252,256,256,Algún campo sin dato,1,ee537c98c6af230f476c131992e560449d631fa5d9c3d12c5332342f5fe3dfd9,26/06/2023 00:20:00,ESCANER
12249,"Suchitepéquez",10,"San Gabriel",12,1660,286,18,38,33,9,32,1,7,35,2,2,177,6,0,183,0,183,--,286,103,177,183,183,Algún campo sin dato,1,dfada1e027f99a554ed54dd6af4d99b9d3c732b369713f1629c2641b2f68d8ae,26/06/2023 03:14:16,ESCANER
12250,"Suchitepéquez",10,"San Gabriel",12,1660,286,23,23,19,9,32,1,5,27,1,0,140,5,2,147,0,147,--,286,139,140,147,147,Algún campo sin dato,1,e224e826cdb3dd15c16a18f9cb461d71ec4953be10d641dccfca8faaf4dbc0ee,26/06/2023 00:19:31,ESCANER