﻿TIPO_DE_ELECCIÓN:,CORPORACIÓN MUNICIPAL
26 junio 2023 03:36 (UTC -6)
ACTAS_ESPERADAS,ACTAS_CAPTURADAS,PORCENTAJE_ACTAS_CAPTURADAS,ACTAS_CONTABILIZADAS,PORCENTAJE_ACTAS_CONTABILIZADAS,ACTAS_NO_CONTABILIZADAS,LISTA_NOMINAL_ACTAS_CONTABILIZADAS,VOTOS_EMITIDOS_CONTABILIZADAS,PORCENTAJE_PARTICIPACIÓN_CIUDADANA
25,24,96.0000,24,96.0000,0,9243,6228,67.3807

MESA,DEPARTAMENTO,ID_DEPARTAMENTO,MUNICIPIO,ID_MUNICIPIO,CENTRO_DE_VOTACIÓN,PADRÓN,CABAL,UNE,VAMOS,TODOS,CAMBIO,VALOR UNIONISTA,VÁLIDOS,NULOS,BLANCO,EMITIDOS,INVÁLIDOS,TOTAL,IMPUGNACIONES,PAPELETAS-RECIBIDAS,PAPELETAS-NO-USADAS,VALIDOS_CALCULADO,EMITIDOS_CALCULADO,TOTAL_CALCULADO,OBSERVACIONES,CONTABILIZADA,CÓDIGO_INTEGRIDAD,FECHA_HORA_PUBLICACIÓN,DIGITALIZACIÓN
21998,"Zacapa",19,"Estanzuela",2,3408,400,18,3,76,45,0,129,271,16,2,289,0,289,0,400,111,271,289,289,,1,fc36bec573fcb69d1a9cba2a799703d6f8cb9bc92fd4e00c92e74025e8efe1e7,26/06/2023 02:57:01,ESCANER
21999,"Zacapa",19,"Estanzuela",2,3408,400,18,6,72,46,2,115,259,11,1,271,0,271,0,397,126,259,271,271,,1,dbf5a91cf586c52cf2bed919790749d88eca5f0de90f520098f8d8641addec0c,26/06/2023 02:31:34,ESCANER
22000,"Zacapa",19,"Estanzuela",2,3408,400,16,3,90,54,0,121,284,13,4,301,0,301,0,400,99,284,301,301,,1,3058693be66e9fe98a06074a85776965db940f2e3a4b1c29866796b066c24023,26/06/2023 02:12:17,ESCANER
22001,"Zacapa",19,"Estanzuela",2,3408,400,10,5,87,58,3,125,288,19,5,312,0,312,0,400,88,288,312,312,,1,c0e179892b7b3e7e2dafb60b4d71c6fb90e31f74f22a130715d18608eadb2fa0,26/06/2023 02:46:35,ESCANER
22002,"Zacapa",19,"Estanzuela",2,3408,400,17,6,75,75,1,106,280,18,2,300,0,300,0,400,100,280,300,300,,1,918fdde894025e25fe5eb6ee4d87da7f029498f06738f6beda0ba1ba5c66d50c,26/06/2023 02:53:25,ESCANER
22003,"Zacapa",19,"Estanzuela",2,3408,400,10,4,73,59,3,120,269,20,1,290,0,290,0,400,110,269,290,290,,1,2af54e567824d72e9b3c59f4e60772c234b393a51718a114363d8a902338e38f,26/06/2023 02:19:00,ESCANER
22004,"Zacapa",19,"Estanzuela",2,3408,400,13,2,101,52,4,133,305,9,4,318,0,318,0,400,82,305,318,318,,1,acdf283173e32c621f3fb83972debc973e8b99d35a5422210368e25e22a00883,26/06/2023 02:00:08,ESCANER
22005,"Zacapa",19,"Estanzuela",2,3408,400,9,3,105,45,4,130,296,18,3,317,0,317,5,400,83,296,317,317,,1,c8d28ebbf7bd131e03c217438cacd98bae2f6ef3ff0802b81de30d47bcfbf0a0,26/06/2023 02:36:40,ESCANER
22006,"Zacapa",19,"Estanzuela",2,3408,400,18,3,75,54,2,140,292,9,6,307,0,307,0,400,93,292,307,307,,1,0fecd887b96c42b2743af828ac0978429fbe264e6830b03eb43fdb192b50b82d,26/06/2023 01:33:33,ESCANER
22007,"Zacapa",19,"Estanzuela",2,3408,400,18,7,78,67,4,111,285,13,3,301,0,301,0,400,99,285,301,301,,1,f3f39dc2ebb83ed4f509f5bf9970b0806a1c68f1cfc9b56cfbab50d1e3cff326,26/06/2023 02:26:05,ESCANER
22008,"Zacapa",19,"Estanzuela",2,3408,400,12,5,82,67,1,100,267,5,1,273,0,273,0,400,127,267,273,273,,1,979aed3fe1b78f458b49969022288c3717c82961e781d3cc6bc023cc0bcc3c5c,26/06/2023 03:02:30,ESCANER
22009,"Zacapa",19,"Estanzuela",2,3409,400,16,3,66,49,3,113,250,5,2,257,0,257,0,400,143,250,257,257,,1,1b644e110aa990448e7f473acf2fd103c4019c1d8b781e3acd1a3c1bed58a4af,26/06/2023 03:06:57,ESCANER
22010,"Zacapa",19,"Estanzuela",2,3409,400,,,,,,,,,,,,,,,,,,,,0,,,
22011,"Zacapa",19,"Estanzuela",2,3409,400,14,6,58,50,2,126,256,9,0,265,0,265,0,400,135,256,265,265,,1,2527f38885f3812a47f3239ea4ce0e52e36c6eabfe1ac5f3c5ca40f2db912c63,26/06/2023 00:36:37,ESCANER
22012,"Zacapa",19,"Estanzuela",2,3409,400,13,7,74,42,2,135,273,6,2,281,0,281,0,400,119,273,281,281,,1,acdafd1ed09d07d3d65cf3bf983ccb727275d86bf95095f4cd82e3d04f98e6b0,26/06/2023 01:29:53,ESCANER
22013,"Zacapa",19,"Estanzuela",2,3409,400,9,4,64,47,1,143,268,11,2,281,0,281,0,400,119,268,281,281,,1,878409326e501df444991848b498639733bf4786abd34303c75e689ee7b59d16,26/06/2023 01:41:39,ESCANER
22014,"Zacapa",19,"Estanzuela",2,3409,400,11,2,70,47,1,129,260,9,1,270,0,270,0,400,130,260,270,270,,1,dfd13e99460416b85bc908c333a696f86b4c53bcfe810d802b4ffa8b5117c25b,26/06/2023 01:02:46,ESCANER
22015,"Zacapa",19,"Estanzuela",2,3409,400,13,5,65,60,0,127,270,5,0,275,0,275,0,400,125,270,275,275,,1,5d5b0e445c5f032b901f02648ef3b1cce66ec77b29bd8437c58f73db3f333927,26/06/2023 00:28:04,ESCANER
22016,"Zacapa",19,"Estanzuela",2,3409,400,13,3,57,43,0,127,243,4,1,243,0,248,0,400,152,243,248,248,Sumas Asentadas sin cuadrar,1,bd1326a77b3da656f64ef50dc3b40ede0c90ebcd62f8742cf7443dcf5de24ad2,26/06/2023 01:18:49,ESCANER
22017,"Zacapa",19,"Estanzuela",2,3409,400,10,2,64,50,1,148,275,8,0,283,0,283,1,400,117,275,283,283,,1,d132311853213a999576b41c3d104ed226aca9f35ccf4a2bafae5d4c702f78e8,26/06/2023 02:00:50,ESCANER
22018,"Zacapa",19,"Estanzuela",2,3409,400,15,5,71,65,1,140,297,2,0,299,0,299,0,400,101,297,299,299,,1,68c349972920a29aa80123a8a1f16704e730ab500efa54ce705867f959b63600,26/06/2023 01:56:37,ESCANER
22019,"Zacapa",19,"Estanzuela",2,3409,271,6,2,39,32,0,94,173,7,1,181,0,181,0,271,90,173,181,181,,1,d843c84c72e962da9d264451b1c2fefc973d627b044c48b60c451d97a50369d4,26/06/2023 01:23:39,ESCANER
22020,"Zacapa",19,"Estanzuela",2,3410,271,5,2,29,28,0,53,117,7,2,126,0,126,0,271,145,117,126,126,,1,e79d23bfba0850e24d12d238e8e8f0c065844060f1e3f42e612f73f2c6eeb0fa,26/06/2023 01:30:22,ESCANER
22021,"Zacapa",19,"Estanzuela",2,3411,351,4,1,40,23,1,48,125,8,0,125,0,125,0,351,226,117,125,125,Sumas Asentadas sin cuadrar,1,f36053155a7e5718ca0666ec5bacdca73cbdea655354bdfcb31a65a19016ab46,26/06/2023 01:28:44,ESCANER
22022,"Zacapa",19,"Estanzuela",2,3411,350,3,0,13,17,1,21,55,3,0,58,0,58,0,350,292,55,58,58,,1,21765892056f6c1a52679ab8a60251575d0dbc458450ddeb9bdae247a93cc20b,26/06/2023 01:27:16,ESCANER