﻿TIPO_DE_ELECCIÓN:,CORPORACIÓN MUNICIPAL
26 junio 2023 03:36 (UTC -6)
ACTAS_ESPERADAS,ACTAS_CAPTURADAS,PORCENTAJE_ACTAS_CAPTURADAS,ACTAS_CONTABILIZADAS,PORCENTAJE_ACTAS_CONTABILIZADAS,ACTAS_NO_CONTABILIZADAS,LISTA_NOMINAL_ACTAS_CONTABILIZADAS,VOTOS_EMITIDOS_CONTABILIZADAS,PORCENTAJE_PARTICIPACIÓN_CIUDADANA
69,69,100.0000,69,100.0000,0,25674,15855,61.7550

MESA,DEPARTAMENTO,ID_DEPARTAMENTO,MUNICIPIO,ID_MUNICIPIO,CENTRO_DE_VOTACIÓN,PADRÓN,VAMOS,UNE,VICTORIA,VIVA,PODEMOS,WINAQ,VÁLIDOS,NULOS,BLANCO,EMITIDOS,INVÁLIDOS,TOTAL,IMPUGNACIONES,PAPELETAS-RECIBIDAS,PAPELETAS-NO-USADAS,VALIDOS_CALCULADO,EMITIDOS_CALCULADO,TOTAL_CALCULADO,OBSERVACIONES,CONTABILIZADA,CÓDIGO_INTEGRIDAD,FECHA_HORA_PUBLICACIÓN,DIGITALIZACIÓN
16008,"Huehuetenango",13,"San Mateo Ixtatán",18,2354,400,123,21,9,84,0,14,251,13,7,271,0,251,--,397,126,251,271,271,Sumas Asentadas sin cuadrar,1,6f6a135f3ffe05f0a66a0475aaa4a416f17e22542892a08101691f9493ca32ba,25/06/2023 23:52:37,ESCANER
16009,"Huehuetenango",13,"San Mateo Ixtatán",18,2354,400,34,20,30,173,1,24,282,9,0,291,0,291,--,400,109,282,291,291,Algún campo sin dato,1,3fab5a95589e7293e253b347c2a18bad005f9d9c4e443c50aeb2e3b082a31b6e,26/06/2023 01:15:32,ESCANER
16010,"Huehuetenango",13,"San Mateo Ixtatán",18,2354,400,19,10,33,158,2,71,293,11,6,310,0,310,--,397,87,293,310,310,Algún campo sin dato,1,8150d0320d1c0e1830a3ce2a3b3d567281a5be949e54c4b5f1aa8083bfa26ba6,26/06/2023 00:52:40,ESCANER
16011,"Huehuetenango",13,"San Mateo Ixtatán",18,2354,400,19,19,32,173,0,34,277,13,4,294,0,294,--,400,106,277,294,294,Algún campo sin dato,1,0eeab8f1d88ac2d2e34c554e25c31f2f32d8a69565a812cecca2c1557f6eb3be,26/06/2023 01:28:36,ESCANER
16012,"Huehuetenango",13,"San Mateo Ixtatán",18,2354,400,14,5,72,187,2,23,303,9,3,315,--,315,--,397,82,303,315,315,Algún campo sin dato,1,2ae487e90eefcb675c7d3df839eef685d217c563022582be191ce55d9d341360,26/06/2023 01:24:14,ESCANER
16013,"Huehuetenango",13,"San Mateo Ixtatán",18,2355,400,43,10,23,132,0,15,--,6,2,223,--,--,0,401,168,223,231,231,Sumas Asentadas sin cuadrar,1,30c6fe32159f5b21236fdf2bef39e382313be411ef404c339107d427d6f49db2,26/06/2023 00:26:09,ESCANER
16014,"Huehuetenango",13,"San Mateo Ixtatán",18,2355,400,44,15,21,127,1,22,230,1,2,233,0,233,--,397,164,230,233,233,Algún campo sin dato,1,d1d288c27ce3abd4d9e5065d1453c39442fb7e2139ed1ef848b39da1e67076d1,26/06/2023 00:31:58,ESCANER
16015,"Huehuetenango",13,"San Mateo Ixtatán",18,2355,400,42,14,18,133,1,19,228,5,7,240,157,397,--,397,157,227,239,396,Sumas Asentadas sin cuadrar,1,4696db47bdb000861e843219ddce931254899b8549bf38a1bcd4e5d49c9e8fc2,26/06/2023 01:05:58,ESCANER
16016,"Huehuetenango",13,"San Mateo Ixtatán",18,2355,400,43,7,20,164,0,20,254,6,5,265,0,265,--,400,135,254,265,265,Algún campo sin dato,1,470f17b1bc2143f46ea2e3ecf5a3aaee8f2c34959ddaba11a32bccf11ecf7952,25/06/2023 22:35:39,ESCANER
16017,"Huehuetenango",13,"San Mateo Ixtatán",18,2356,400,92,7,13,138,0,14,264,0,2,266,0,396,--,396,130,264,266,266,Sumas Asentadas sin cuadrar,1,8a2fdcde3a8010eb063190beacb6ebb5997161b2b5c39c69815e015ac114f247,26/06/2023 00:16:39,ESCANER
16018,"Huehuetenango",13,"San Mateo Ixtatán",18,2356,400,26,7,27,187,0,25,272,1,0,273,0,273,--,400,127,272,273,273,Algún campo sin dato,1,49ac85997fc54f0421300dacdf266c87a5a212dddefbcd0e12b3de027947ead1,26/06/2023 00:09:00,ESCANER
16019,"Huehuetenango",13,"San Mateo Ixtatán",18,2356,271,27,5,14,102,0,13,161,3,3,167,0,167,--,271,104,161,167,167,Algún campo sin dato,1,30404c6879ae08558efd452f4af47662e032b8410a1342724897038d98f237f0,25/06/2023 21:45:16,ESCANER
16020,"Huehuetenango",13,"San Mateo Ixtatán",18,2356,271,33,4,20,94,0,14,165,7,5,165,0,177,0,267,91,165,177,177,Sumas Asentadas sin cuadrar,1,dce9f7541f0a02ea965dcd99aeec1b484766e4b44ef1de1ee7cb8fab1b3fb189,25/06/2023 23:56:05,ESCANER
16021,"Huehuetenango",13,"San Mateo Ixtatán",18,2357,400,130,25,8,56,0,9,--,13,10,254,143,397,--,--,--,228,251,394,Sumas Asentadas sin cuadrar,1,010df40dfc71690ae8e74a9486fe76da105471dbf3289a72a8b16a44dc557da9,26/06/2023 00:38:04,ESCANER
16022,"Huehuetenango",13,"San Mateo Ixtatán",18,2357,400,159,24,8,55,2,11,259,7,6,272,0,272,--,396,124,259,272,272,Algún campo sin dato,1,21ccbac87c51980d42c0e1dee625dc55532a64f08c8bb94c56d1388edda03cde,26/06/2023 01:15:26,ESCANER
16023,"Huehuetenango",13,"San Mateo Ixtatán",18,2357,400,66,15,21,166,0,18,286,16,11,313,84,397,--,397,84,286,313,397,Algún campo sin dato,1,c0e25aca0bd7ec34ec9ff35300bcd16182eb84b6bcde6fbedead19c07c4de25a,26/06/2023 00:41:01,ESCANER
16024,"Huehuetenango",13,"San Mateo Ixtatán",18,2357,400,16,38,30,193,0,25,302,17,9,328,0,328,--,397,69,302,328,328,Algún campo sin dato,1,38b91166b6d6dff5491ed051c962189416a52bfcdbb72fc031b8c722e5ea52c9,26/06/2023 00:26:35,ESCANER
16025,"Huehuetenango",13,"San Mateo Ixtatán",18,2357,400,38,7,20,158,0,34,257,8,9,274,0,274,--,397,123,257,274,274,Algún campo sin dato,1,99ba641188ad03c3d16fa1a1247cd97e955d5f1fd58b8457f3f1fe482b5ced53,25/06/2023 23:37:21,ESCANER
16026,"Huehuetenango",13,"San Mateo Ixtatán",18,2357,400,66,20,9,117,0,15,227,5,6,238,0,238,0,400,162,227,238,238,,1,ec92ac17efac6cf6e692c729afa6b67df8e6d75c0775ac4782700a82b0787b61,25/06/2023 23:31:04,ESCANER
16027,"Huehuetenango",13,"San Mateo Ixtatán",18,2357,400,89,16,12,70,0,8,195,5,7,207,0,207,--,398,191,195,207,207,Algún campo sin dato,1,522f73216b61a32ab1ecf666e2c0e498d22042728831c92052736f75a88d7902,25/06/2023 21:54:57,ESCANER
16028,"Huehuetenango",13,"San Mateo Ixtatán",18,2357,400,85,17,9,94,2,26,233,7,6,246,0,233,--,400,151,233,246,246,Sumas Asentadas sin cuadrar,1,490958efe476321718ec69406bdc5c22a27ae1e634764e4d96d5e0af3d35eea1,26/06/2023 00:51:16,ESCANER
16029,"Huehuetenango",13,"San Mateo Ixtatán",18,2357,400,81,20,15,111,0,22,249,8,7,264,136,400,--,400,136,249,264,400,Algún campo sin dato,1,42053fd457484879d42601fd77c3ea52a27bd2b32616246393b5cb54018f9ad2,25/06/2023 23:56:59,ESCANER
16030,"Huehuetenango",13,"San Mateo Ixtatán",18,2357,400,79,13,10,119,0,18,239,3,3,245,0,245,--,397,152,239,245,245,Algún campo sin dato,1,341c74b74bc84dfce1e232ed3a6084d4da4fc3a6e8af3151d4ef3eb03f0fd265,25/06/2023 22:02:35,ESCANER
16031,"Huehuetenango",13,"San Mateo Ixtatán",18,2357,400,120,17,7,74,0,17,235,2,5,242,0,235,--,400,158,235,242,242,Sumas Asentadas sin cuadrar,1,fbf5810b937ec519ef576fa3981d1554ad8771e7cbe7213a01c7d3add6b04dc6,25/06/2023 22:50:29,ESCANER
16032,"Huehuetenango",13,"San Mateo Ixtatán",18,2357,345,70,18,3,59,0,5,155,3,6,168,4,159,--,345,177,155,164,168,Sumas Asentadas sin cuadrar,1,7c47b1fa3ceb7323fb583f1bf651953a3366ca5a56a71a7f4f3f170910247864,25/06/2023 21:05:42,ESCANER
16033,"Huehuetenango",13,"San Mateo Ixtatán",18,2357,344,75,14,9,87,--,12,197,4,3,204,140,344,--,204,140,197,204,344,Algún campo sin dato,1,8ceb810ded8d40fe84b5664e645372533878d59ce2b61e7da814496a383ef4fd,26/06/2023 00:26:55,ESCANER
16034,"Huehuetenango",13,"San Mateo Ixtatán",18,2358,400,46,85,1,23,0,19,174,4,5,183,0,183,--,400,217,174,183,183,Algún campo sin dato,1,4d6d902ceb0f0361abc5e6d73b97e7f923eb6852d9f9e864458fb283c81c873a,25/06/2023 21:44:51,ESCANER
16035,"Huehuetenango",13,"San Mateo Ixtatán",18,2358,400,12,28,4,38,0,31,113,4,4,121,1,122,--,400,279,113,121,122,Algún campo sin dato,1,ad155249b27f2aef7046c7ea01e9668b74600f0edf5defa5e857864862a1faf8,25/06/2023 21:52:22,ESCANER
16036,"Huehuetenango",13,"San Mateo Ixtatán",18,2358,400,32,52,4,24,0,13,125,3,2,130,0,130,--,400,270,125,130,130,Algún campo sin dato,1,2ec5df1e51d53e8636d311de50e814047292532062963075fb4cf0bf8f32e3cb,25/06/2023 20:34:51,ESCANER
16037,"Huehuetenango",13,"San Mateo Ixtatán",18,2358,400,35,50,2,27,0,20,134,0,3,137,0,137,--,400,263,134,137,137,Algún campo sin dato,1,8c0e39ae5106d10677c667be20cdbfaffb03db8fafc5b93b4e6ddbdbafe89c3d,25/06/2023 21:22:33,ESCANER
16038,"Huehuetenango",13,"San Mateo Ixtatán",18,2358,339,29,50,0,25,0,14,118,3,3,124,0,124,--,339,215,118,124,124,Algún campo sin dato,1,4deaf88ae18191f477ed53c1efa6536482beab9c2a57f5d4884cd96be187390c,25/06/2023 21:33:29,ESCANER
16039,"Huehuetenango",13,"San Mateo Ixtatán",18,2358,339,20,46,2,29,0,8,105,3,1,109,0,109,--,339,230,105,109,109,Algún campo sin dato,1,7e71e07750eb61101ebfe0030b477cfd1ccecd83fc6107f167a3036eaa0aca41,25/06/2023 21:04:14,ESCANER
16040,"Huehuetenango",13,"San Mateo Ixtatán",18,2359,380,158,51,6,45,0,2,262,9,4,275,1,276,0,377,101,262,275,276,,1,c886a8bd3a03a4c47d0c396bdc8e3f2c1147073e8f89fce97446d954092e21cc,26/06/2023 01:01:28,ESCANER
16041,"Huehuetenango",13,"San Mateo Ixtatán",18,2359,380,181,47,1,34,0,1,264,2,4,270,5,275,--,--,--,264,270,275,Algún campo sin dato,1,1c7451b5bd90ea9d2020dbe6c07f088c6e402c30a93f6c2ea8ec19cfbc7b36a5,26/06/2023 01:38:17,ESCANER
16042,"Huehuetenango",13,"San Mateo Ixtatán",18,2359,380,117,34,0,61,0,2,214,5,9,14,0,228,--,377,149,214,228,228,Sumas Asentadas sin cuadrar,1,1a7bab1514f7e05cdb754871b67d50a834a1163edb24250c635b45c9f3cf2056,26/06/2023 01:15:23,ESCANER
16043,"Huehuetenango",13,"San Mateo Ixtatán",18,2359,380,111,33,8,43,0,3,198,9,3,210,0,210,--,385,175,198,210,210,Algún campo sin dato,1,e26038fa73e023714261221b7fa3db3bb603d1b860058ccebec3c3dc7fd39e0b,25/06/2023 22:09:08,ESCANER
16044,"Huehuetenango",13,"San Mateo Ixtatán",18,2359,380,118,37,5,47,0,5,212,3,5,220,0,0,--,220,157,212,220,220,Algún campo sin dato,1,3765227d8953a974b7c84a2fa8637cd7454a8ef8a29ffba0c55b9241bd6c9293,26/06/2023 01:18:59,ESCANER
16045,"Huehuetenango",13,"San Mateo Ixtatán",18,2359,380,107,30,4,58,0,2,201,6,7,13,0,214,--,380,166,201,214,214,Sumas Asentadas sin cuadrar,1,e5ec0f76cdb43658a51ab6e82705d2ec46d27278cf759d76ee68d030118a3356,26/06/2023 00:53:50,ESCANER
16046,"Huehuetenango",13,"San Mateo Ixtatán",18,2359,380,112,34,5,37,--,4,192,4,11,207,--,207,--,380,173,192,207,207,Algún campo sin dato,1,074adc0cb5cb6c315438e4a3f39c4c86235088ce84f25ad86529e1f5b382ba6a,26/06/2023 02:52:42,ESCANER
16047,"Huehuetenango",13,"San Mateo Ixtatán",18,2359,380,146,48,2,36,0,7,239,1,2,242,0,242,--,374,134,239,242,242,Algún campo sin dato,1,b6d1ccbe4ac308624d9b7d450a45c488d25ffb9ea1ff26b25a8db1a354b48fe6,26/06/2023 02:42:02,ESCANER
16048,"Huehuetenango",13,"San Mateo Ixtatán",18,2359,310,96,29,1,46,1,1,174,0,3,177,0,177,--,307,130,174,177,177,Algún campo sin dato,1,1c30d4fcd3013cb7eb028e724808e809f666e3f61701fa36f22a1a90da90ecce,25/06/2023 22:35:11,ESCANER
16049,"Huehuetenango",13,"San Mateo Ixtatán",18,2359,310,98,31,4,40,0,3,176,0,6,182,6,188,--,307,119,176,182,188,Algún campo sin dato,1,d9a51916e7dcbfed3e5245f5bebdc8f04cdf6270a731f75c72fab03c69beae24,26/06/2023 01:39:20,ESCANER
16050,"Huehuetenango",13,"San Mateo Ixtatán",18,2360,380,142,82,0,24,0,1,263,9,5,277,0,277,--,377,114,249,263,263,Sumas Asentadas sin cuadrar,1,91c23cd5056fb19e7472313155e1509d0a88d272e25944613dfa6efd44ffafb6,25/06/2023 23:03:49,ESCANER
16051,"Huehuetenango",13,"San Mateo Ixtatán",18,2360,380,127,107,0,19,1,2,256,16,2,274,0,274,--,380,106,256,274,274,Algún campo sin dato,1,59e3c246118adda1d8afb23e241dfb7ab14b972eb45184f25b02d70d9defeded,25/06/2023 21:53:15,ESCANER
16052,"Huehuetenango",13,"San Mateo Ixtatán",18,2360,380,120,73,--,26,--,3,222,6,1,229,2,231,--,377,146,222,229,231,Algún campo sin dato,1,5a8a14f32dbde02542db97b8dd26f5d713ac6a8395a0346f839ec5b803353592,25/06/2023 22:23:28,ESCANER
16053,"Huehuetenango",13,"San Mateo Ixtatán",18,2360,380,119,97,0,24,0,2,242,2,3,247,0,247,0,377,130,242,247,247,,1,5073deb916cadf3da79636f043be8a98fa1e9d3b352d4f296910930fb50f6709,25/06/2023 22:01:43,ESCANER
16054,"Huehuetenango",13,"San Mateo Ixtatán",18,2361,380,125,14,2,14,0,4,224,5,2,231,0,231,--,381,147,159,166,166,Sumas Asentadas sin cuadrar,1,b60994d94d6d0217a4e972c31cf7d904f7b0b270f28a8469388ed426f21a81c3,25/06/2023 22:54:43,ESCANER
16055,"Huehuetenango",13,"San Mateo Ixtatán",18,2361,311,103,47,--,26,--,1,177,1,2,180,0,180,--,308,128,177,180,180,Algún campo sin dato,1,fc0f7651e4354a8e6438208b53547e10aed356c010df7e424559bcac9a1878bd,25/06/2023 21:51:27,ESCANER
16056,"Huehuetenango",13,"San Mateo Ixtatán",18,2361,310,91,77,1,13,1,2,185,1,2,188,0,188,--,307,119,185,188,188,Algún campo sin dato,1,4d007cb86b146d6aa8a566d18be0557450cb9af55a9a7c4eb130fe88ed00810a,25/06/2023 21:01:59,ESCANER
16057,"Huehuetenango",13,"San Mateo Ixtatán",18,2362,380,187,58,2,11,0,0,258,8,6,272,1,273,0,380,104,258,272,273,,1,e425910825cc43fb928728173c1e540b476d03a76c9648a802cef67e0f96a245,26/06/2023 00:18:15,ESCANER
16058,"Huehuetenango",13,"San Mateo Ixtatán",18,2362,380,163,78,3,10,0,1,255,10,4,269,0,269,--,380,111,255,269,269,Algún campo sin dato,1,ef11848e2a9cc2f0d0bc7347ab295e4dfacc29098646bcdb66b7f1f4fdca1798,26/06/2023 00:49:14,ESCANER
16059,"Huehuetenango",13,"San Mateo Ixtatán",18,2362,380,179,64,3,10,0,1,257,4,8,269,0,269,--,380,111,257,269,269,Algún campo sin dato,1,555c3b9a92e4bf98903f341290b14a5c29f9edc0349cfce2c42468689292f180,26/06/2023 01:14:52,ESCANER
16060,"Huehuetenango",13,"San Mateo Ixtatán",18,2362,380,153,52,2,25,1,0,234,3,8,245,0,245,--,380,135,233,244,244,Sumas Asentadas sin cuadrar,1,41b346ce4f5f37aaad1cd8232df4be109620cc32b9dd6ac44bdffc004253e621,26/06/2023 01:16:59,ESCANER
16061,"Huehuetenango",13,"San Mateo Ixtatán",18,2362,380,174,59,2,17,0,1,253,6,3,262,0,262,--,378,117,253,262,262,Algún campo sin dato,1,768eba48b12763402d702060d395f9a87f33a03491f1e56345184154b374cb6e,26/06/2023 01:02:52,ESCANER
16062,"Huehuetenango",13,"San Mateo Ixtatán",18,2362,380,167,65,2,5,0,1,240,3,5,248,0,248,--,380,132,240,248,248,Algún campo sin dato,1,2473908ff379b29d58a069d41c72a4af5cb9c6fc3159f0a9be63dff71071461f,26/06/2023 01:49:54,ESCANER
16063,"Huehuetenango",13,"San Mateo Ixtatán",18,2362,380,176,54,1,9,0,1,241,1,0,242,0,242,--,378,136,241,242,242,Algún campo sin dato,1,87a326500ddeef25a0210021109c538cb28fbd72565ba400aa777ea687b6539e,26/06/2023 01:08:58,ESCANER
16064,"Huehuetenango",13,"San Mateo Ixtatán",18,2362,343,123,62,5,16,--,2,--,2,3,--,--,213,--,340,127,208,213,213,Algún campo sin dato,1,157f1d14c4ed8551618a185dc19a3bc4be0bde91e847a43f45c1febb996fd2a2,26/06/2023 00:39:37,ESCANER
16065,"Huehuetenango",13,"San Mateo Ixtatán",18,2362,343,117,39,2,15,0,1,174,4,2,180,--,--,--,343,163,174,180,180,Algún campo sin dato,1,f7b72c8e7fd8ee7f7b395e3923ea8c9058f96c06f673d7e4d2c5699a0a5448a7,26/06/2023 01:19:50,ESCANER
16066,"Huehuetenango",13,"San Mateo Ixtatán",18,2363,380,150,66,1,62,0,1,280,7,3,290,0,290,--,380,87,280,290,290,Algún campo sin dato,1,be3fd0c44979ea31a11337f08b0abd5bbb4d35bb5b72b90caabf4d4c02fd9d29,26/06/2023 01:39:29,ESCANER
16067,"Huehuetenango",13,"San Mateo Ixtatán",18,2363,380,152,60,4,55,1,2,274,8,10,292,10,292,--,379,87,274,292,302,Sumas Asentadas sin cuadrar,1,056c396bb753cf98db87c7470870ccd5e02e9be7fe9ac04cb811c8cb24707bb1,26/06/2023 01:47:18,ESCANER
16068,"Huehuetenango",13,"San Mateo Ixtatán",18,2363,380,168,29,3,42,0,1,243,11,3,257,0,257,--,380,120,243,257,257,Algún campo sin dato,1,7a7ee0c95f72e2287663511a01e762da3db7806aceb42ce7c7a06ef5c2584c34,26/06/2023 00:45:39,ESCANER
16069,"Huehuetenango",13,"San Mateo Ixtatán",18,2363,380,155,28,1,56,0,2,242,2,5,248,0,248,--,380,131,242,249,249,Sumas Asentadas sin cuadrar,1,8c61a91cb75c2abef44b43bbe79dbc338c206744d549c3fe348c1b0795721046,26/06/2023 01:38:05,ESCANER
16070,"Huehuetenango",13,"San Mateo Ixtatán",18,2363,380,139,47,2,52,0,2,242,6,1,249,0,249,--,377,128,242,249,249,Algún campo sin dato,1,5740faa45699de72022d00826b7c90d98269a21ae050c44fe5dc956566c1bf9a,26/06/2023 01:30:43,ESCANER
16071,"Huehuetenango",13,"San Mateo Ixtatán",18,2364,380,112,70,1,53,1,3,240,3,3,246,0,246,--,380,134,240,246,246,Algún campo sin dato,1,7f4f86999f509069b4b33592b691c4a1ce726bc7f476d5c1c2804400f5ebc8fd,26/06/2023 01:41:42,ESCANER
16072,"Huehuetenango",13,"San Mateo Ixtatán",18,2364,380,160,32,0,42,0,0,234,3,5,242,5,247,--,380,133,234,242,247,Algún campo sin dato,1,8c9dae4765017c6b7523490bfd5ac23df2e7905dca75bc8fada0298fab3778ab,26/06/2023 01:31:10,ESCANER
16073,"Huehuetenango",13,"San Mateo Ixtatán",18,2364,380,159,59,2,53,1,0,274,4,0,279,1,275,--,274,98,274,278,279,Sumas Asentadas sin cuadrar,1,e299c090919a1ed132b49e1115b576b982a1bd00d77f36b391bb7c0c9e6d1536,26/06/2023 03:14:05,ESCANER
16074,"Huehuetenango",13,"San Mateo Ixtatán",18,2364,276,106,48,0,42,0,1,197,0,1,198,0,197,--,273,75,197,198,198,Sumas Asentadas sin cuadrar,1,68b5a7a05ada10ce579f9ea8843e3876b6438d0b5ac7e562edd9da35b088342a,26/06/2023 01:24:03,ESCANER
16075,"Huehuetenango",13,"San Mateo Ixtatán",18,2364,276,82,39,0,39,1,1,162,3,1,166,0,166,--,276,107,162,166,166,Algún campo sin dato,1,f5d00d763894e700010212b23e2d6caad578c225593d29c7fcee77e27da1e3c8,26/06/2023 00:00:58,ESCANER
16076,"Huehuetenango",13,"San Mateo Ixtatán",18,2365,246,6,6,3,16,0,1,32,0,1,33,0,33,--,246,213,32,33,33,Algún campo sin dato,1,83413f7cfc9db2992ea9da8db45e70068629f94bc082dc37bfdeb741ccc14282,25/06/2023 22:55:36,ESCANER