﻿TIPO_DE_ELECCIÓN:,CORPORACIÓN MUNICIPAL
26 junio 2023 03:36 (UTC -6)
ACTAS_ESPERADAS,ACTAS_CAPTURADAS,PORCENTAJE_ACTAS_CAPTURADAS,ACTAS_CONTABILIZADAS,PORCENTAJE_ACTAS_CONTABILIZADAS,ACTAS_NO_CONTABILIZADAS,LISTA_NOMINAL_ACTAS_CONTABILIZADAS,VOTOS_EMITIDOS_CONTABILIZADAS,PORCENTAJE_PARTICIPACIÓN_CIUDADANA
59,58,98.3050,58,98.3050,0,21802,13497,61.9071

MESA,DEPARTAMENTO,ID_DEPARTAMENTO,MUNICIPIO,ID_MUNICIPIO,CENTRO_DE_VOTACIÓN,PADRÓN,CABAL,MLP,VAMOS,AZUL,VIVA,VICTORIA,PPN,PR,VOS,UNE,VALOR,TODOS,PODEMOS,VÁLIDOS,NULOS,BLANCO,EMITIDOS,INVÁLIDOS,TOTAL,IMPUGNACIONES,PAPELETAS-RECIBIDAS,PAPELETAS-NO-USADAS,VALIDOS_CALCULADO,EMITIDOS_CALCULADO,TOTAL_CALCULADO,OBSERVACIONES,CONTABILIZADA,CÓDIGO_INTEGRIDAD,FECHA_HORA_PUBLICACIÓN,DIGITALIZACIÓN
12335,"Suchitepéquez",10,"Patulul",14,1676,400,14,2,77,2,35,9,16,5,18,44,8,0,8,238,20,5,263,0,263,--,400,137,238,263,263,Algún campo sin dato,1,907dc458597c3820685d4b7c0ea901f6c4c536ffd2e3715f6cb4c30dd97b0892,25/06/2023 22:05:41,ESCANER
12336,"Suchitepéquez",10,"Patulul",14,1676,400,18,2,74,5,46,6,42,14,17,36,6,0,6,272,9,3,284,0,284,--,393,109,272,284,284,Algún campo sin dato,1,908f3afd1fd6635175d53c6ef47384d505b2c08be9c3850e3da867208f9b047f,26/06/2023 01:16:24,ESCANER
12337,"Suchitepéquez",10,"Patulul",14,1676,400,22,2,64,1,52,8,33,11,22,35,4,3,6,263,23,6,292,0,292,--,400,108,263,292,292,Algún campo sin dato,1,5f8e049080acb5c747af95cc0cc5b94714a03fc1cc35249e18780dd45ff02455,26/06/2023 00:02:29,ESCANER
12338,"Suchitepéquez",10,"Patulul",14,1677,400,21,2,77,1,48,16,35,11,16,41,7,2,5,282,17,1,300,0,300,--,400,100,282,300,300,Algún campo sin dato,1,68bc3abf63301202608fbe878bd04c30a82480aa090abb777ceab25a8ff8c8fc,25/06/2023 23:01:46,ESCANER
12339,"Suchitepéquez",10,"Patulul",14,1677,400,25,2,78,5,64,10,19,10,21,38,6,1,3,282,20,5,307,0,307,--,400,93,282,307,307,Algún campo sin dato,1,33bcdec283af6fcc17d4d602ca936424712b94c7fe691e287bfa9aacfc3eaf90,25/06/2023 23:35:19,ESCANER
12340,"Suchitepéquez",10,"Patulul",14,1677,400,18,2,68,4,63,10,0,42,20,40,2,1,2,281,7,2,290,0,290,--,400,110,272,281,281,Sumas Asentadas sin cuadrar,1,3d79397e09ec0f5f53dca65e906b88a65ec6095d79cb7641068c2bae21c8ff74,26/06/2023 02:42:07,ESCANER
12341,"Suchitepéquez",10,"Patulul",14,1677,400,19,2,77,0,49,12,29,5,22,30,7,1,8,261,12,1,274,0,274,--,401,127,261,274,274,Algún campo sin dato,1,5967ae2b6b92d6b6b15e3a1543f9a657d93e9e8596042d5390aa62ef3613181d,25/06/2023 23:04:58,ESCANER
12342,"Suchitepéquez",10,"Patulul",14,1677,400,26,1,62,1,52,7,25,12,16,49,9,0,3,263,7,2,272,0,272,--,400,128,263,272,272,Algún campo sin dato,1,9d889e9796148b26af821c6a02cdfa0892798c9d7479b4eef8ef4d54b8581bd8,26/06/2023 00:13:41,ESCANER
12343,"Suchitepéquez",10,"Patulul",14,1678,400,20,4,56,1,63,5,21,8,22,40,2,2,7,261,9,1,271,0,271,--,400,129,251,261,261,Sumas Asentadas sin cuadrar,1,46d844300ae55ea78717a011eaeaa0501c9b8e016fd4cb3941c827532c4efff6,26/06/2023 00:31:43,ESCANER
12344,"Suchitepéquez",10,"Patulul",14,1678,400,17,2,72,1,44,7,34,11,13,45,12,1,9,268,13,1,282,0,282,--,400,118,268,282,282,Algún campo sin dato,1,a014b15fd78be50827a590f74a37184b7f534664ca868fb1875ad9d240af2865,25/06/2023 23:26:00,ESCANER
12345,"Suchitepéquez",10,"Patulul",14,1678,400,29,1,66,2,48,3,29,8,22,32,2,1,7,250,11,1,262,0,262,--,399,137,250,262,262,Algún campo sin dato,1,a5d7ee6f21abca204b49fa0536f5aa2159e7d66a5bf81da257293740d4dda9e8,26/06/2023 01:01:04,ESCANER
12346,"Suchitepéquez",10,"Patulul",14,1678,400,17,1,64,1,49,14,22,5,18,35,3,0,7,236,6,0,242,0,242,--,398,156,236,242,242,Algún campo sin dato,1,6ffee5c0c0f23a380f7d8832104f6c522ffc200107135e09f5e6d85fb45262a8,26/06/2023 01:15:06,ESCANER
12347,"Suchitepéquez",10,"Patulul",14,1678,400,18,1,74,1,52,8,33,14,15,30,3,2,3,254,6,0,260,0,260,--,400,140,254,260,260,Algún campo sin dato,1,d345ef3ba4302407fe8ff6d9a56f38364683f965a855715dd35147ab9dc912d7,25/06/2023 22:40:28,ESCANER
12348,"Suchitepéquez",10,"Patulul",14,1678,400,21,1,73,2,42,6,36,10,27,27,4,0,7,256,2,0,258,0,258,--,400,142,256,258,258,Algún campo sin dato,1,030e57062761de14eb8a52aef8571eb73b22e33d6d7a8dbe95802027c3008391,25/06/2023 23:52:24,ESCANER
12349,"Suchitepéquez",10,"Patulul",14,1678,220,7,3,32,0,23,3,16,4,6,13,1,3,1,112,6,2,120,0,120,--,--,--,112,120,120,Algún campo sin dato,1,a7550d770119610276d82a669d9a5def51a90e2597cd2427c52c943e32b88985,25/06/2023 23:04:22,ESCANER
12350,"Suchitepéquez",10,"Patulul",14,1678,220,4,1,26,2,21,7,15,1,6,22,4,0,5,114,3,1,118,0,118,--,220,102,114,118,118,Algún campo sin dato,1,6bd06adc674901a4f35a702f7dd0f4fd693b67fa56b21e23b22eb7880a2b1cd0,25/06/2023 22:11:37,ESCANER
12351,"Suchitepéquez",10,"Patulul",14,1679,400,20,1,69,1,47,35,19,3,15,41,5,0,8,264,22,5,291,1,292,--,400,108,264,291,292,Algún campo sin dato,1,94cb03ca414539ba00b90d666ed1c1eb461bc3efe675c13adca2919b1e1041f9,25/06/2023 22:56:17,ESCANER
12352,"Suchitepéquez",10,"Patulul",14,1679,400,17,4,85,3,47,22,21,2,15,29,10,0,4,259,19,8,286,0,0,--,397,111,259,286,286,Algún campo sin dato,1,a9053f2f1b74ea4ca675b34ce9010b9ad641e9c407284ce9b2286cb939b8f3d8,26/06/2023 01:20:29,ESCANER
12353,"Suchitepéquez",10,"Patulul",14,1680,400,16,3,72,2,54,17,13,2,36,32,6,1,6,260,18,1,279,0,279,--,400,121,260,279,279,Algún campo sin dato,1,9fe1b32c83eb4a8c235bb866b8ed39327352d67acb75239e3bb0ad16bcee6796,25/06/2023 23:44:56,ESCANER
12354,"Suchitepéquez",10,"Patulul",14,1680,400,22,6,67,1,59,17,25,4,16,33,5,0,8,263,30,1,294,0,294,--,400,107,263,294,294,Algún campo sin dato,1,5c0c7ff19c0f6778d64fdf710ba2c582095017b235a4e33c6b40f4d7ac0939da,25/06/2023 23:51:09,ESCANER
12355,"Suchitepéquez",10,"Patulul",14,1680,400,21,1,83,3,57,20,35,2,23,36,6,1,4,292,21,8,321,0,321,--,400,79,292,321,321,Algún campo sin dato,1,8d1e97819bee8483fc4f41e815c5ba084de6d587f86c396e062a7c26e7bc9a04,26/06/2023 00:34:52,ESCANER
12356,"Suchitepéquez",10,"Patulul",14,1680,400,14,1,70,1,50,26,32,3,26,33,10,0,4,270,23,3,296,0,296,--,400,104,270,296,296,Algún campo sin dato,1,8b5d1219a9d6e59afb06c29c2a306a33ac1d65480843f337c0ad2b54de68292f,25/06/2023 23:54:33,ESCANER
12357,"Suchitepéquez",10,"Patulul",14,1680,400,17,1,69,2,38,17,16,4,19,42,9,0,6,240,34,9,283,0,283,--,400,117,240,283,283,Algún campo sin dato,1,1111ea334267b6204f8d4e8edae458f386ded8a90d17c09868419dd4569debd5,25/06/2023 22:35:37,ESCANER
12358,"Suchitepéquez",10,"Patulul",14,1680,400,16,5,79,1,46,18,14,6,21,32,4,1,8,250,23,8,281,1,282,1,400,118,251,282,283,Sumas Asentadas sin cuadrar,1,eb1861862fc53acb99883d5ee1de97b02de7f0211064377e5cf7fd4f8adb7424,26/06/2023 00:19:43,ESCANER
12359,"Suchitepéquez",10,"Patulul",14,1681,400,12,2,30,2,53,18,30,4,26,44,4,1,6,275,22,6,303,0,303,--,400,97,232,260,260,Sumas Asentadas sin cuadrar,1,d4cdcff3bdb63b05d62fc591321ec607109928f723691549f7101a0214fda0d7,26/06/2023 02:13:17,ESCANER
12360,"Suchitepéquez",10,"Patulul",14,1681,400,22,3,74,4,51,14,17,4,23,25,4,0,5,246,10,3,259,0,259,--,400,141,246,259,259,Algún campo sin dato,1,0216a7ac6ac7714b0b9ef0d085cddce0c0699da50f5a3b2e8bca4bb02765d345,26/06/2023 01:10:37,ESCANER
12361,"Suchitepéquez",10,"Patulul",14,1681,400,23,2,69,0,60,19,17,3,25,32,4,0,4,258,7,2,267,0,267,--,400,133,258,267,267,Algún campo sin dato,1,33cd3d6a9cf00fba6559cf4db2d90ce1c94b2142c5b8de77e265735b2f1efa71,26/06/2023 01:21:40,ESCANER
12362,"Suchitepéquez",10,"Patulul",14,1681,400,24,3,64,1,45,21,15,2,28,29,3,1,6,242,14,12,268,0,268,--,400,132,242,268,268,Algún campo sin dato,1,1d4b0a9750f3006f647d958cf2dc8eb3e00393044e095285925785c3b9aa9564,25/06/2023 23:51:36,ESCANER
12363,"Suchitepéquez",10,"Patulul",14,1681,400,17,0,47,0,63,32,22,2,25,37,4,1,6,256,10,6,272,0,272,--,400,128,256,272,272,Algún campo sin dato,1,eabebafd5d96cf4a7b3a9a7edc3a38ee038986a9d1d6e4e11672ac9b6fcb0056,25/06/2023 23:42:52,ESCANER
12364,"Suchitepéquez",10,"Patulul",14,1681,400,18,4,60,2,55,26,15,5,18,30,4,1,6,244,22,2,268,0,268,--,397,129,244,268,268,Algún campo sin dato,1,f687652d8aa848b5568e9590b21d6d89712e7fbb7bc5e585b245e3cdc4cc2ef5,26/06/2023 00:31:03,ESCANER
12365,"Suchitepéquez",10,"Patulul",14,1681,400,26,5,58,5,46,23,22,3,22,32,4,0,2,248,11,1,260,1,261,--,400,139,248,260,261,Algún campo sin dato,1,15755295e42e5cc228d65ed4008c89048483e383416102733c689c9df7ff1d5d,26/06/2023 00:57:19,ESCANER
12366,"Suchitepéquez",10,"Patulul",14,1681,400,11,2,51,3,61,20,28,3,19,31,5,0,2,236,20,4,260,1,261,--,401,140,236,260,261,Algún campo sin dato,1,eb4d0bd82928f3a9dd97dcb4db8901bc21d4cc6366732a28b08db4a9d2aba0ad,26/06/2023 01:40:41,ESCANER
12367,"Suchitepéquez",10,"Patulul",14,1682,400,20,2,63,2,59,13,16,3,16,23,5,0,2,224,12,2,238,0,238,--,400,162,224,238,238,Algún campo sin dato,1,cf82c634afd40557ca9e81300fef1e7f7fbedf993d9ab0d5de1f14f308d02e57,25/06/2023 23:26:44,ESCANER
12368,"Suchitepéquez",10,"Patulul",14,1682,400,26,3,55,0,46,15,15,2,17,16,6,0,2,203,2,0,205,0,205,--,408,203,203,205,205,Algún campo sin dato,1,2a12c7f534d61c215befa2f4a6f7c5aab0e0d0209103a08a8837bb82d35f44ce,25/06/2023 23:01:06,ESCANER
12369,"Suchitepéquez",10,"Patulul",14,1682,400,15,0,66,4,48,21,29,6,23,22,4,0,6,244,2,1,247,0,247,--,396,149,244,247,247,Algún campo sin dato,1,a03b1cfdcc00e78a31f7fbec3e4d72b1639aaf6eca1a28e3d8d42a98efa5f3e6,25/06/2023 23:44:31,ESCANER
12370,"Suchitepéquez",10,"Patulul",14,1682,400,,,,,,,,,,,,,,,,,,,,,,,,,,,0,,,
12371,"Suchitepéquez",10,"Patulul",14,1682,364,19,3,49,1,28,19,15,1,16,16,5,0,0,172,7,0,179,0,179,--,364,185,172,179,179,Algún campo sin dato,1,8e83fb4477b12e1758ff322d2753c8c17b014e7ac4ff3ba9fbcd41b01158b8ea,25/06/2023 22:05:28,ESCANER
12372,"Suchitepéquez",10,"Patulul",14,1682,363,13,1,63,0,37,14,13,4,23,21,5,0,1,195,7,3,205,0,205,--,363,158,195,205,205,Algún campo sin dato,1,84cdc6ea173997c353c47571128c5023f06b6249d0df942577557f1a63ca0888,25/06/2023 22:22:26,ESCANER
12373,"Suchitepéquez",10,"Patulul",14,1683,380,14,10,61,0,53,19,7,0,12,28,3,1,1,209,17,6,232,0,232,--,380,148,209,232,232,Algún campo sin dato,1,b970beac64801b6bc7c5ad4ca9bc46bcfdbc710b991207563659425d84ae71b7,25/06/2023 23:51:37,ESCANER
12374,"Suchitepéquez",10,"Patulul",14,1683,380,18,20,54,5,55,19,4,4,14,14,3,2,3,215,17,3,235,0,235,--,380,145,215,235,235,Algún campo sin dato,1,9dd9ab4824598828fcd15d79eab50c087822ae35f11ed53f3b66393fc48d28dd,25/06/2023 23:18:35,ESCANER
12375,"Suchitepéquez",10,"Patulul",14,1683,380,22,10,39,3,66,17,4,2,19,29,3,1,11,226,15,6,247,0,247,--,380,133,226,247,247,Algún campo sin dato,1,21cb4f58fe662aae41b770f44098951a865a5cefba36691846f43622336087de,25/06/2023 22:41:59,ESCANER
12376,"Suchitepéquez",10,"Patulul",14,1683,380,14,11,43,1,51,4,2,1,13,24,2,0,3,169,18,5,192,0,192,--,380,188,169,192,192,Algún campo sin dato,1,b0e803c704b7edfad1157d7932360446949f3f3bdc767993ec72c1e75af7ec59,26/06/2023 00:28:00,ESCANER
12377,"Suchitepéquez",10,"Patulul",14,1683,380,9,3,52,0,63,9,5,0,17,26,4,1,4,193,15,1,209,0,209,--,380,171,193,209,209,Algún campo sin dato,1,287007d90b8ec7267cd44bef8295e42af132577cf6280ccd10d0f6026f8fcc8b,25/06/2023 23:42:17,ESCANER
12378,"Suchitepéquez",10,"Patulul",14,1683,380,14,4,35,0,62,13,9,1,10,19,1,1,6,175,8,0,183,0,183,--,380,197,175,183,183,Algún campo sin dato,1,e0dc69e61a34afceef09d4d5bd5b38e58cc89cb5a9a602d11bf8be6e2ab2bf5e,26/06/2023 01:03:24,ESCANER
12379,"Suchitepéquez",10,"Patulul",14,1683,206,5,6,31,1,29,4,2,1,10,13,2,0,4,108,5,3,116,0,116,--,206,90,108,116,116,Algún campo sin dato,1,8b7ba95e0b4428bd5e040a2ee3f42fe8df7c979aa8f377b8fcc426f518f66397,25/06/2023 22:49:55,ESCANER
12380,"Suchitepéquez",10,"Patulul",14,1683,206,6,3,34,0,24,2,5,1,5,8,1,0,1,90,3,0,93,0,93,--,206,113,90,93,93,Algún campo sin dato,1,d371439d7a38d0e9db2ea5dc569dd49bcc6fdfaa7a584fd081aafd0922e9b4d3,25/06/2023 23:06:27,ESCANER
12381,"Suchitepéquez",10,"Patulul",14,1684,380,8,26,27,1,30,7,3,2,20,25,4,0,0,153,22,16,191,0,191,--,380,189,153,191,191,Algún campo sin dato,1,9a3023da9d2cf15466eb7ef0332d8b18e90823de8c8240485d4d3d2ff1dea7c4,25/06/2023 23:44:01,ESCANER
12382,"Suchitepéquez",10,"Patulul",14,1684,380,11,13,34,1,72,6,3,2,17,20,3,1,0,183,8,9,200,0,200,--,380,180,183,200,200,Algún campo sin dato,1,0babc52f558d091bdc778b4a8f58f5dbdabcc441890601bf1fa3f7f9589dc783,26/06/2023 00:14:55,ESCANER
12383,"Suchitepéquez",10,"Patulul",14,1684,380,11,25,22,0,35,8,5,1,26,31,3,0,1,168,13,6,187,0,187,--,380,193,168,187,187,Algún campo sin dato,1,62f735a6a916830e8229d5fab029a87ec62c6569ac38a4efbd0993b817574e1f,25/06/2023 22:28:52,ESCANER
12384,"Suchitepéquez",10,"Patulul",14,1684,222,10,7,13,2,24,4,0,0,7,10,1,0,1,79,7,4,90,0,90,--,222,132,79,90,90,Algún campo sin dato,1,d49a165534078ec3fcad1870703adb4c6f07885f477e5fa84d28b1cf8e5d8d80,25/06/2023 21:22:57,ESCANER
12385,"Suchitepéquez",10,"Patulul",14,1684,221,8,7,6,1,22,3,0,0,7,7,0,0,0,61,7,3,71,0,71,--,221,150,61,71,71,Algún campo sin dato,1,a988a20b8b0524e9fbd4c5a6573475dee0715713292cfbcd5e29cb5c080eaa5c,25/06/2023 21:35:47,ESCANER
12386,"Suchitepéquez",10,"Patulul",14,1685,380,22,10,102,2,31,9,5,3,23,37,0,0,6,250,31,5,286,0,286,--,380,94,250,286,286,Algún campo sin dato,1,817672d85970be4c4bee8e270b05f6ad5a9361397cef841ae70d689bb9934df3,26/06/2023 00:01:50,ESCANER
12387,"Suchitepéquez",10,"Patulul",14,1685,380,19,5,111,5,14,8,6,0,17,43,1,1,1,231,27,2,260,0,260,--,380,120,231,260,260,Algún campo sin dato,1,01ee9d3ab493fea1ee3527f4c032bcf288efb690457ae2a79890225feacd8fc7,25/06/2023 23:53:51,ESCANER
12388,"Suchitepéquez",10,"Patulul",14,1685,380,13,10,64,3,11,11,12,3,22,58,3,0,5,215,17,4,236,0,236,--,400,164,215,236,236,Algún campo sin dato,1,29a80b405e0d4926337af5ae533d443ddf46de25bcfb4ef24f1987e64e93a58c,26/06/2023 01:07:56,ESCANER
12389,"Suchitepéquez",10,"Patulul",14,1685,363,13,8,79,3,9,10,12,3,30,51,2,0,5,241,13,3,257,0,257,--,363,118,225,241,241,Sumas Asentadas sin cuadrar,1,36298ed2c52f7673fca0e4e067760a5cb542da0fd9cc6900cbfbbd31b3f402a1,26/06/2023 03:08:46,ESCANER
12390,"Suchitepéquez",10,"Patulul",14,1685,362,20,4,71,5,10,4,5,1,26,38,1,0,2,187,2,2,191,0,191,--,362,171,187,191,191,Algún campo sin dato,1,14763de39ca2d71dcbcb7a3c2e485c7c18e1c21d4f079a810197b4ec54da57b4,26/06/2023 00:18:02,ESCANER
12391,"Suchitepéquez",10,"Patulul",14,1686,600,17,4,46,1,45,8,22,5,21,33,2,1,4,209,17,4,230,0,230,--,597,367,209,230,230,Algún campo sin dato,1,7387324b21869009613cf206d3e9df289135d71b4ae0fa4d45b303c9b6fcdf58,25/06/2023 23:33:20,ESCANER
12392,"Suchitepéquez",10,"Patulul",14,1686,348,13,1,25,0,16,9,19,5,10,14,4,0,4,120,6,6,132,3,135,--,348,213,120,132,135,Algún campo sin dato,1,19f7b6257c45107566470da3deb0344956ed617a06554fa2fb74bf8c7910708c,25/06/2023 22:27:39,ESCANER
12393,"Suchitepéquez",10,"Patulul",14,1686,347,7,3,18,0,14,2,9,4,2,12,3,0,0,74,4,1,79,0,79,--,347,268,74,79,79,Algún campo sin dato,1,a2e3727a5c844c30a859e887a641389a3e64a23ac4dacfbb8372f88924c0611e,25/06/2023 21:22:40,ESCANER