﻿TIPO_DE_ELECCIÓN:,CORPORACIÓN MUNICIPAL
26 junio 2023 03:36 (UTC -6)
ACTAS_ESPERADAS,ACTAS_CAPTURADAS,PORCENTAJE_ACTAS_CAPTURADAS,ACTAS_CONTABILIZADAS,PORCENTAJE_ACTAS_CONTABILIZADAS,ACTAS_NO_CONTABILIZADAS,LISTA_NOMINAL_ACTAS_CONTABILIZADAS,VOTOS_EMITIDOS_CONTABILIZADAS,PORCENTAJE_PARTICIPACIÓN_CIUDADANA
194,182,93.8144,182,93.8144,0,66583,32620,48.9914

MESA,DEPARTAMENTO,ID_DEPARTAMENTO,MUNICIPIO,ID_MUNICIPIO,CENTRO_DE_VOTACIÓN,PADRÓN,CABAL,VALOR,MLP,UR,TODOS,CONSOL,PHG,VICTORIA,CAMBIO,AZUL,VAMOS,UNE,CCTPFDJ,VIVA,VOS,VÁLIDOS,NULOS,BLANCO,EMITIDOS,INVÁLIDOS,TOTAL,IMPUGNACIONES,PAPELETAS-RECIBIDAS,PAPELETAS-NO-USADAS,VALIDOS_CALCULADO,EMITIDOS_CALCULADO,TOTAL_CALCULADO,OBSERVACIONES,CONTABILIZADA,CÓDIGO_INTEGRIDAD,FECHA_HORA_PUBLICACIÓN,DIGITALIZACIÓN
23565,"Jutiapa",22,"Jutiapa",1,3702,400,29,15,1,0,10,3,7,0,3,6,28,10,0,3,0,115,9,5,129,0,129,--,400,271,115,129,129,Algún campo sin dato,1,22709787652c1f5f41db9ad6d206adfda706ab142c52937512c9b0b208540908,26/06/2023 00:16:20,ESCANER
23566,"Jutiapa",22,"Jutiapa",1,3702,400,19,13,2,2,12,0,14,3,1,5,24,8,1,5,1,110,8,4,122,0,122,0,400,278,110,122,122,,1,c92db84c685c8227958c333c899e0aeca6ecb38f49611de5b7e02af4d7ec55cf,26/06/2023 00:06:54,ESCANER
23567,"Jutiapa",22,"Jutiapa",1,3702,400,26,4,4,1,9,0,10,1,2,18,20,4,0,4,4,107,14,4,125,0,125,--,400,275,107,125,125,Algún campo sin dato,1,f8907a2e915d7aacb98cddd7f51f8d11904897ac371e57aa3df87b6f79c11c0c,26/06/2023 01:42:19,ESCANER
23568,"Jutiapa",22,"Jutiapa",1,3702,400,22,10,4,0,6,1,4,1,4,4,25,11,0,0,0,92,18,12,122,0,122,0,400,278,92,122,122,,1,488b0fbaefd7d44bb28735d2cb1a4f6d58e5f2d39a510a61c87ab4f207e77935,26/06/2023 01:00:12,ESCANER
23569,"Jutiapa",22,"Jutiapa",1,3702,400,24,10,2,1,7,1,9,0,2,5,33,9,1,6,0,110,15,3,128,0,128,--,400,272,110,128,128,Algún campo sin dato,1,349506d62cd8bd6beed5e6aefc8a519d6c6e2a99b28d4e919b5ad14f11c52817,25/06/2023 23:33:09,ESCANER
23570,"Jutiapa",22,"Jutiapa",1,3702,400,18,15,4,1,8,2,5,2,1,6,38,10,2,2,1,115,8,2,125,0,125,--,400,275,115,125,125,Algún campo sin dato,1,1e6842da3d16c5f0417949120f5eee99c3a0a30c6c8300571b8bc765a430bb94,25/06/2023 23:21:42,ESCANER
23571,"Jutiapa",22,"Jutiapa",1,3702,400,22,19,1,3,6,0,6,1,3,9,38,9,0,0,3,120,9,5,134,0,134,--,400,266,120,134,134,Algún campo sin dato,1,3aa60a05be175b005242a8ffab3da2b048964a223b4681bb69425dddca64b3a2,26/06/2023 02:12:23,ESCANER
23572,"Jutiapa",22,"Jutiapa",1,3702,400,,,,,,,,,,,,,,,,,,,,,,,,,,,,,0,,,
23573,"Jutiapa",22,"Jutiapa",1,3702,400,22,23,3,3,5,0,13,4,2,7,46,7,0,2,1,138,9,4,151,0,151,--,400,249,138,151,151,Algún campo sin dato,1,a94da34ef088adc7caa8edebb984a348b73bdf2cfeab45870f0ae42abe3d640d,26/06/2023 01:10:06,ESCANER
23574,"Jutiapa",22,"Jutiapa",1,3702,400,25,15,0,2,6,2,7,1,3,5,38,7,0,2,0,113,11,0,124,0,124,--,400,276,113,124,124,Algún campo sin dato,1,fd3626d5487055df1d64b5c1f1838e0d082e076bec5d36a852959cd57b675939,25/06/2023 22:14:50,ESCANER
23575,"Jutiapa",22,"Jutiapa",1,3703,400,20,11,5,1,8,1,4,0,2,6,30,9,2,1,1,101,11,6,118,0,118,--,400,282,101,118,118,Algún campo sin dato,1,01be34018ce2f60bce71e7ce69aee957ca73868e62e9851f5be6cf96c3b0ca41,25/06/2023 22:35:45,ESCANER
23576,"Jutiapa",22,"Jutiapa",1,3703,400,12,6,1,3,5,2,5,0,3,8,21,8,0,2,0,76,9,1,86,0,86,--,400,314,76,86,86,Algún campo sin dato,1,6f0d8e2bafc6169851fbe2fe11ade837caadb6f6aa7c924ca1c2fff25e1cd78d,25/06/2023 23:35:15,ESCANER
23577,"Jutiapa",22,"Jutiapa",1,3703,400,12,3,2,1,2,1,3,1,1,4,9,6,0,0,1,46,3,0,49,0,49,--,400,351,46,49,49,Algún campo sin dato,1,938c57c7cf9e68997eb09bb5ce048c362919e7705c381bd3df439a91523152e6,25/06/2023 23:23:17,ESCANER
23578,"Jutiapa",22,"Jutiapa",1,3703,321,8,4,2,2,3,0,2,0,1,0,3,1,0,1,1,28,3,2,33,0,33,--,321,33,28,33,33,Algún campo sin dato,1,7b26daf20f21ee8363004132b2612686ffc13e2468b78521c7f57cd03c638125,25/06/2023 23:10:32,ESCANER
23579,"Jutiapa",22,"Jutiapa",1,3703,321,1,2,0,0,3,0,2,1,0,2,3,0,0,0,1,15,1,0,16,0,16,--,318,302,15,16,16,Algún campo sin dato,1,86ae443ad62c188997a91abcbe8e0f2b598e19ead52adc98a4161db8dd0d8b73,25/06/2023 21:43:30,ESCANER
23580,"Jutiapa",22,"Jutiapa",1,3704,400,40,21,2,2,16,2,17,3,7,19,84,22,2,6,6,249,14,1,264,0,264,--,400,136,249,264,264,Algún campo sin dato,1,a9596fc4424d55af61254d16d19491095f0897d4b5a379d811d6b2b06c9fcb01,26/06/2023 00:38:06,ESCANER
23581,"Jutiapa",22,"Jutiapa",1,3704,400,42,26,1,5,14,4,13,3,8,11,80,18,0,5,2,233,19,2,254,0,254,--,400,146,232,253,253,Sumas Asentadas sin cuadrar,1,7ba5e9a81454cf33a8c880d58b86d2a50dc20d79cef2410405e336f7bb5ff08c,26/06/2023 00:36:21,ESCANER
23582,"Jutiapa",22,"Jutiapa",1,3704,400,,,,,,,,,,,,,,,,,,,,,,,,,,,,,0,,,
23583,"Jutiapa",22,"Jutiapa",1,3704,400,40,27,1,2,10,3,14,2,8,11,108,15,0,5,1,247,22,1,270,0,270,--,400,130,247,270,270,Algún campo sin dato,1,19e5e5edab2a747e9ec9935a5acb8260e12de3f71c088622fbb4d4fcc9c33b41,26/06/2023 01:59:05,ESCANER
23584,"Jutiapa",22,"Jutiapa",1,3704,400,53,29,0,1,16,4,18,3,14,20,77,14,3,5,6,263,13,2,278,0,278,--,399,121,263,278,278,Algún campo sin dato,1,7404f90c450f2079071cdcad38f3b68f5e0f9156ef328e9286839ece0bdb3b44,26/06/2023 02:06:24,ESCANER
23585,"Jutiapa",22,"Jutiapa",1,3704,400,44,28,2,5,13,5,21,2,12,13,73,21,1,1,7,248,15,0,263,0,263,--,400,137,248,263,263,Algún campo sin dato,1,2b59602a022ab9dfe93ff763c6887ccf93a3e3eeac74e7051837214298e1d96a,25/06/2023 23:26:58,ESCANER
23586,"Jutiapa",22,"Jutiapa",1,3704,400,50,30,2,0,0,0,10,0,52,13,73,17,0,0,0,226,10,1,237,0,237,--,400,163,247,258,258,Sumas Asentadas sin cuadrar,1,140a16c9da4a6520ed256535915a2d3263645f38d02d7396b30fd543929b60ed,26/06/2023 03:05:16,ESCANER
23587,"Jutiapa",22,"Jutiapa",1,3704,400,37,26,4,2,9,7,14,4,9,17,70,18,0,1,10,228,5,0,233,0,233,--,400,164,228,233,233,Algún campo sin dato,1,73f15ab386f5797d5c44791c007138809ab6ffd90dd944c4f49e22fe4ad66fc3,26/06/2023 01:11:29,ESCANER
23588,"Jutiapa",22,"Jutiapa",1,3704,400,,,,,,,,,,,,,,,,,,,,,,,,,,,,,0,,,
23589,"Jutiapa",22,"Jutiapa",1,3704,400,40,35,3,2,15,3,10,3,7,20,103,14,1,4,9,269,13,1,283,0,283,--,400,117,269,283,283,Algún campo sin dato,1,a1e31abb701be2b4699e6ebd2b70f1856c76b2bcd5af97340663b4b802085107,26/06/2023 02:25:00,ESCANER
23590,"Jutiapa",22,"Jutiapa",1,3704,400,37,18,2,1,11,6,19,2,8,17,84,17,1,2,4,229,18,0,247,0,247,--,400,153,229,247,247,Algún campo sin dato,1,760e2ecc090aa8fbe63c386c02c43824cb660d0514630f85ad84add5a52f190a,26/06/2023 00:43:07,ESCANER
23591,"Jutiapa",22,"Jutiapa",1,3704,400,35,20,3,2,18,5,10,2,9,20,72,9,0,3,2,210,18,6,234,0,234,--,400,166,210,234,234,Algún campo sin dato,1,728e527153bb53a2412baa3aa2a86931342b786ff4641dd68d9fcd4e4f54e2f9,26/06/2023 01:06:09,ESCANER
23592,"Jutiapa",22,"Jutiapa",1,3704,400,36,14,0,6,12,4,13,1,4,16,100,8,0,2,4,220,11,1,232,0,232,--,400,168,220,232,232,Algún campo sin dato,1,edc70e4c61011f4cddcb2072616159295f53f9fc4a401b262a9b27d8a8147e3e,25/06/2023 23:50:22,ESCANER
23593,"Jutiapa",22,"Jutiapa",1,3705,400,34,25,2,4,11,0,9,3,7,13,68,17,0,2,5,200,7,0,207,0,207,--,400,190,200,207,207,Algún campo sin dato,1,3353a46f782a001b81d232549cd6a2a4da3974960f56d47e8e1a2ddc8152c4db,25/06/2023 23:40:47,ESCANER
23594,"Jutiapa",22,"Jutiapa",1,3705,400,62,22,4,1,10,2,14,0,6,21,89,16,1,1,6,255,10,1,266,131,397,--,397,131,255,266,397,Algún campo sin dato,1,a989a465bc415906d37f024d4f608a9d2e0011b0573660748ca709ae63491ffd,26/06/2023 01:18:30,ESCANER
23595,"Jutiapa",22,"Jutiapa",1,3705,327,39,15,1,2,11,6,8,0,6,14,89,10,0,3,3,207,5,0,212,0,212,--,324,112,207,212,212,Algún campo sin dato,1,54003a9798e35a718a3f200abe71f141ec65f1aea6a171532664f66f7ecaa750,26/06/2023 01:01:52,ESCANER
23596,"Jutiapa",22,"Jutiapa",1,3705,326,32,19,0,2,6,3,6,4,3,5,41,8,0,0,4,133,8,1,142,0,142,--,326,184,133,142,142,Algún campo sin dato,1,b28c2fd9b3a2071b9840817bad807402b4d20dc2fb8334017e900293dc2db610,26/06/2023 01:49:47,ESCANER
23597,"Jutiapa",22,"Jutiapa",1,3706,377,54,22,0,2,11,4,7,1,11,14,101,12,1,2,4,246,13,1,260,0,260,--,374,114,246,260,260,Algún campo sin dato,1,c4685ca1856dc88c129a0bb306c6c5d1c2b00671d46f8cc3232882af39052f5c,26/06/2023 03:05:37,ESCANER
23598,"Jutiapa",22,"Jutiapa",1,3706,377,23,8,5,1,27,0,2,5,13,41,44,14,0,2,17,202,40,6,248,0,248,--,248,111,202,248,248,Algún campo sin dato,1,a611d48ddebaebf870fa2ede4da31dc29518f97da303a79880a4abba5791a9a9,26/06/2023 02:12:31,ESCANER
23599,"Jutiapa",22,"Jutiapa",1,3707,400,54,25,1,0,13,1,22,5,9,10,70,6,3,4,1,224,20,4,248,0,248,--,--,--,224,248,248,Algún campo sin dato,1,fddd3720b6d989dfbca3302b02718f73c750cd93e85429e1213fe100f885c9a2,26/06/2023 00:27:55,ESCANER
23600,"Jutiapa",22,"Jutiapa",1,3707,400,57,20,0,1,13,1,20,9,7,21,71,12,1,2,2,237,17,1,255,0,255,--,400,145,237,255,255,Algún campo sin dato,1,34e9714fe50d8bf3b66e0cbaa0a1f26161c14ff9e85b95e5226ebf49bbc6a8bb,26/06/2023 01:12:40,ESCANER
23601,"Jutiapa",22,"Jutiapa",1,3707,400,52,19,0,1,12,5,22,14,4,6,63,14,5,2,0,219,23,4,246,0,246,0,400,154,219,246,246,,1,24eefafb2ad0e70dca2dda40759309de34030b2bb1f309cac45c0f005c284503,26/06/2023 01:55:31,ESCANER
23602,"Jutiapa",22,"Jutiapa",1,3707,400,56,21,1,3,13,2,32,5,5,7,65,10,1,8,3,232,19,4,255,0,255,--,397,142,232,255,255,Algún campo sin dato,1,c098d970c6c7923e423cc555b4adcd47b4b17a56c26c222a80ac2ea9017e1b93,26/06/2023 02:10:07,ESCANER
23603,"Jutiapa",22,"Jutiapa",1,3708,400,,,,,,,,,,,,,,,,,,,,,,,,,,,,,0,,,
23604,"Jutiapa",22,"Jutiapa",1,3708,400,57,22,1,2,11,3,19,10,5,15,77,18,1,2,5,248,15,1,264,136,400,--,400,136,248,264,400,Algún campo sin dato,1,cc3de60725b07f87f7e4c4f87e3e03287b937915ba6a796982eb8e44cf140f1e,26/06/2023 00:49:18,ESCANER
23605,"Jutiapa",22,"Jutiapa",1,3708,400,59,17,3,4,18,2,16,11,11,14,68,12,0,4,0,239,7,2,248,0,248,--,400,152,239,248,248,Algún campo sin dato,1,6646ce2e3d78740ad0ea5ea105f64e73fc7ebe25e078ec81a54250769296999c,26/06/2023 03:07:53,ESCANER
23606,"Jutiapa",22,"Jutiapa",1,3708,400,,,,,,,,,,,,,,,,,,,,,,,,,,,,,0,,,
23607,"Jutiapa",22,"Jutiapa",1,3708,400,,,,,,,,,,,,,,,,,,,,,,,,,,,,,0,,,
23608,"Jutiapa",22,"Jutiapa",1,3708,400,56,18,2,4,21,1,12,5,6,14,87,11,1,4,0,242,21,6,269,0,269,4,396,129,242,269,269,,1,4a15e4748ce5cbc95e84146914c9ff494691fd0989084a7fd19215cefdfdbdcf,26/06/2023 02:49:43,ESCANER
23609,"Jutiapa",22,"Jutiapa",1,3709,400,47,14,0,5,14,2,15,10,7,17,71,8,0,4,2,16,19,2,237,0,237,--,400,163,216,237,237,Sumas Asentadas sin cuadrar,1,db917399c9a1323865756f14e5ab4f963530bd82c5a1e9523c8a1b0cbd7c299e,26/06/2023 01:18:49,ESCANER
23610,"Jutiapa",22,"Jutiapa",1,3709,400,48,23,1,1,18,0,20,6,9,10,63,10,2,2,0,213,17,4,234,0,234,--,400,166,213,234,234,Algún campo sin dato,1,be15e570efd284b1c2b3f09d502c33d0bca3d3acae0b43003a03ad19438ae9d6,26/06/2023 00:56:48,ESCANER
23611,"Jutiapa",22,"Jutiapa",1,3709,400,48,13,4,1,16,0,19,4,7,19,68,7,2,2,4,214,9,2,225,0,225,--,394,169,214,225,225,Algún campo sin dato,1,89d7dac8b39dc79e0e364ed3b04e1b99c894752f3d6a5209d10affb72b6585de,26/06/2023 02:14:32,ESCANER
23612,"Jutiapa",22,"Jutiapa",1,3709,400,59,21,0,2,24,2,12,5,8,15,68,10,6,2,4,238,7,1,246,0,246,--,400,154,238,246,246,Algún campo sin dato,1,cac8884d81ee766aae479358d3931534c475c1f3a15fe60a79a351f10107d5ff,26/06/2023 01:16:00,ESCANER
23613,"Jutiapa",22,"Jutiapa",1,3709,329,44,14,3,1,9,2,13,4,4,14,59,7,3,1,7,185,7,0,192,0,192,--,329,137,185,192,192,Algún campo sin dato,1,5009395c89bcbae9763f59b6f9583cb14859da247c84a54f70b8b4806cb65163,26/06/2023 00:23:42,ESCANER
23614,"Jutiapa",22,"Jutiapa",1,3709,329,39,11,1,2,12,2,20,3,6,13,53,13,2,1,7,185,5,1,191,0,191,--,329,138,185,191,191,Algún campo sin dato,1,c3ba2901271bb0c792d070c3c82a32276b5a94d2d36da2d83b3a2c970463abd6,26/06/2023 00:44:41,ESCANER
23615,"Jutiapa",22,"Jutiapa",1,3710,400,42,17,3,4,27,0,8,0,6,9,70,19,1,3,1,210,30,6,246,0,246,--,400,154,210,246,246,Algún campo sin dato,1,bbbd8b710d33775ab6e7d8fd5b2f758299d4d2fd642a12855d9aeca9fbc196a7,26/06/2023 01:50:34,ESCANER
23616,"Jutiapa",22,"Jutiapa",1,3710,400,40,28,3,1,21,1,11,0,5,12,64,18,1,5,2,212,17,3,232,0,232,--,375,143,212,232,232,Algún campo sin dato,1,e6dbb0b6f60dfbb8ad524658d75c70a1621192787f649f65f26514cb0c2b8ebc,26/06/2023 01:32:30,ESCANER
23617,"Jutiapa",22,"Jutiapa",1,3710,400,41,22,3,3,16,0,10,4,1,10,72,13,0,3,4,202,16,1,219,0,219,--,400,181,202,219,219,Algún campo sin dato,1,e68ef3c6ee92f1c0594b2e35ba45eb3556778463c514594e94a4ca193a55339f,26/06/2023 02:50:44,ESCANER
23618,"Jutiapa",22,"Jutiapa",1,3710,400,33,20,2,2,22,0,10,3,6,15,82,11,1,1,3,211,20,1,232,0,232,--,400,168,211,232,232,Algún campo sin dato,1,0dc275dd1bbf594cf125afd58a9cc368ca8f2f4fd820376eabaef2fc5ebcbf4f,26/06/2023 01:40:25,ESCANER
23619,"Jutiapa",22,"Jutiapa",1,3710,400,40,18,4,1,20,2,10,4,1,14,55,17,1,3,2,192,6,1,199,0,199,--,397,198,192,199,199,Algún campo sin dato,1,458e1554185f5de4d19e9e039c91542ea69c15cbd256c8892e7afdc9baa32190,26/06/2023 01:25:57,ESCANER
23620,"Jutiapa",22,"Jutiapa",1,3710,264,22,9,2,1,11,1,8,0,5,8,55,3,1,4,2,132,7,0,139,1,140,--,264,124,132,139,140,Algún campo sin dato,1,f84da41f4910c868eb8862b2dfd99550209ababe00647a448457d31a2e41bb0a,25/06/2023 23:26:44,ESCANER
23621,"Jutiapa",22,"Jutiapa",1,3710,264,19,16,0,2,11,0,11,0,5,5,45,3,0,2,5,124,5,1,130,0,130,--,264,133,124,130,130,Algún campo sin dato,1,704d4570ba107a44d75a9c134fffc62fc98657b771c6fccae2fcee0560f41103,26/06/2023 02:34:43,ESCANER
23622,"Jutiapa",22,"Jutiapa",1,3711,400,,,,,,,,,,,,,,,,,,,,,,,,,,,,,0,,,
23623,"Jutiapa",22,"Jutiapa",1,3711,400,52,25,4,2,15,2,18,2,8,7,77,9,2,3,3,229,19,5,253,0,253,--,397,144,229,253,253,Algún campo sin dato,1,ba5c1b9b2742a2d392ec40c054f94e30ea50b33726ccfc5b1b224a08c0c6d89e,26/06/2023 00:19:34,ESCANER
23624,"Jutiapa",22,"Jutiapa",1,3711,400,54,31,2,4,17,1,18,2,1,9,80,10,5,1,1,236,8,3,247,0,247,0,396,149,236,247,247,,1,cd8b2eb978a5e7287e0b49984ea38c9a6127b9b5d06fbc1e53b8c0e0261f3632,26/06/2023 02:48:09,ESCANER
23625,"Jutiapa",22,"Jutiapa",1,3711,400,56,29,1,3,14,3,16,2,7,9,67,10,0,1,4,222,14,2,238,0,238,0,397,159,222,238,238,,1,363a4d755f9f425f05fdf91426c78b283bc0edba5b96dc3c0ab965c2d9ce215e,26/06/2023 01:54:58,ESCANER
23626,"Jutiapa",22,"Jutiapa",1,3711,343,33,17,2,1,13,4,9,3,2,6,49,7,0,1,4,151,5,3,159,5,164,0,343,176,151,159,164,,1,d51348b5ce3291dccfdabb623cd208235d9a5c1c0e8fae40cc367cd5fe94b8f1,26/06/2023 00:44:46,ESCANER
23627,"Jutiapa",22,"Jutiapa",1,3711,343,37,16,1,0,14,1,12,1,2,8,60,3,1,3,5,164,6,0,170,0,170,0,347,177,164,170,170,,1,9ff0e3010140ac0bd259240e607a8de4356542dc0c977ca4d5451097e8487731,26/06/2023 00:24:58,ESCANER
23628,"Jutiapa",22,"Jutiapa",1,3712,380,34,33,2,1,26,1,17,0,1,6,31,17,2,3,2,176,24,6,206,0,206,1,379,169,176,206,206,,1,2b2c22d1682ff6d74314bdcd5b4773986a8f0a1dc25f69ac23f1dfa3da66d0f3,26/06/2023 03:20:46,ESCANER
23629,"Jutiapa",22,"Jutiapa",1,3712,380,30,44,3,2,38,2,18,0,2,2,39,15,0,2,2,199,21,5,225,0,225,--,380,155,199,225,225,Algún campo sin dato,1,5c9d9410cc1922bd284321e0ce687a463c27267b8b17c823856dae8076953a30,25/06/2023 23:17:54,ESCANER
23630,"Jutiapa",22,"Jutiapa",1,3712,380,26,41,1,0,37,1,21,1,2,12,31,23,0,4,3,203,18,3,224,0,224,--,380,156,203,224,224,Algún campo sin dato,1,79a3abd4ffa2091789092af387381ce61c04979dcbab137b220adf8d3ea9bd43,26/06/2023 01:45:01,ESCANER
23631,"Jutiapa",22,"Jutiapa",1,3712,380,20,46,1,2,40,1,10,2,1,3,14,23,0,2,1,166,29,3,198,0,198,--,380,182,166,198,198,Algún campo sin dato,1,75474cea5f3d66f850b5322e1cc217ee5c28538b7d4cb4c47a45825de3a6657b,26/06/2023 00:39:13,ESCANER
23632,"Jutiapa",22,"Jutiapa",1,3712,380,24,42,2,0,45,1,6,0,3,2,23,31,1,2,1,183,37,7,227,0,227,--,380,153,183,227,227,Algún campo sin dato,1,e8d06b020a822b49536c3a3f998286700bc9171b394b0e552648788ef1eef732,26/06/2023 03:13:29,ESCANER
23633,"Jutiapa",22,"Jutiapa",1,3712,380,23,33,7,1,28,3,16,0,1,2,23,30,0,3,2,172,37,11,220,0,220,--,400,180,172,220,220,Algún campo sin dato,1,2ce6934c003caac5004a9ef3e1fb38772907765b8322b9bb364b96677794decf,26/06/2023 02:13:24,ESCANER
23634,"Jutiapa",22,"Jutiapa",1,3712,380,14,41,2,1,26,0,23,0,3,5,44,22,1,2,1,185,21,8,214,0,214,--,380,166,185,214,214,Algún campo sin dato,1,e7ffd5eb2bb3422316d49cab7dba052655dffc724c2bea4bd522e77a0547d267,26/06/2023 01:49:21,ESCANER
23635,"Jutiapa",22,"Jutiapa",1,3712,380,19,32,1,0,40,1,12,2,2,3,22,16,1,0,0,151,12,1,164,7,171,--,380,209,151,164,171,Algún campo sin dato,1,4ea0ed0f8351ce52bb2dbe43aafc89765658342484398c1f76ac1fe392a60356,26/06/2023 00:16:19,ESCANER
23636,"Jutiapa",22,"Jutiapa",1,3712,380,22,31,2,1,22,0,16,0,3,6,24,16,0,1,2,146,12,6,164,0,164,--,380,216,146,164,164,Algún campo sin dato,1,3f69f5f4d6bc1f062330c47feeab48ff57549452aabbc5889b5346d8aad5854b,26/06/2023 01:59:34,ESCANER
23637,"Jutiapa",22,"Jutiapa",1,3712,380,30,37,3,0,34,0,25,1,4,4,28,11,0,3,0,180,24,2,206,2,208,--,380,172,180,206,208,Algún campo sin dato,1,9d3dfa428270cd93dae1f8696c8a86e307b73509c8d29ced3cbee8e026708488,26/06/2023 02:25:47,ESCANER
23638,"Jutiapa",22,"Jutiapa",1,3712,380,40,39,1,0,30,4,20,0,1,6,34,19,0,0,2,196,15,2,213,0,213,--,380,167,196,213,213,Algún campo sin dato,1,35502aa8e075b4af36b8bc6ee3e8a5226d7b7a72d93508bc3971cf43a264e843,26/06/2023 01:51:11,ESCANER
23639,"Jutiapa",22,"Jutiapa",1,3712,380,19,35,0,0,33,0,22,0,3,2,26,29,0,5,1,175,21,5,201,0,201,--,380,179,175,201,201,Algún campo sin dato,1,027d7ffb94687ce6e07dd18c26e309849e9c15350387774fb3b16739dd0bd912,26/06/2023 00:05:36,ESCANER
23640,"Jutiapa",22,"Jutiapa",1,3712,380,22,37,3,2,38,0,18,1,0,6,28,11,0,2,2,170,16,4,190,0,190,--,374,184,170,190,190,Algún campo sin dato,1,69cae5674a871120ddfcdbd73d2c23f7c8252bc6aa41d3357af553497a89d24c,26/06/2023 00:11:05,ESCANER
23641,"Jutiapa",22,"Jutiapa",1,3712,380,26,28,1,0,27,0,16,0,2,7,23,12,0,3,2,147,11,2,160,0,160,--,381,221,147,160,160,Algún campo sin dato,1,32d3433d14e97238f1e44b783e2de2f788819f9228f52ebfea8ce2586e5a1197,26/06/2023 01:22:43,ESCANER
23642,"Jutiapa",22,"Jutiapa",1,3712,380,19,40,1,5,33,3,21,0,1,4,27,6,0,0,5,165,4,1,170,0,170,--,380,210,165,170,170,Algún campo sin dato,1,e95c4b2c4f07129df8bce14dea94fed35bd841942dd9f6d7803fa3ec22f15260,26/06/2023 01:22:34,ESCANER
23643,"Jutiapa",22,"Jutiapa",1,3712,281,13,18,1,2,28,0,18,0,3,3,26,5,0,1,1,119,1,0,120,0,120,--,--,--,119,120,120,Algún campo sin dato,1,6705d121c6db546bf44518342e22010d20de07bfe239fde48229ee4e0c3b48f8,25/06/2023 23:09:44,ESCANER
23644,"Jutiapa",22,"Jutiapa",1,3712,280,17,14,2,1,24,0,7,0,1,2,19,4,0,0,2,93,9,0,102,0,102,--,277,175,93,102,102,Algún campo sin dato,1,a9238b2aaae782b87415c9287f3a0b0043f21c155bb3e0e3f6408a9c5c271014,25/06/2023 22:28:28,ESCANER
23645,"Jutiapa",22,"Jutiapa",1,3713,380,54,15,0,3,10,0,13,1,3,10,32,10,0,3,1,155,28,7,190,35,225,--,377,187,155,190,225,Algún campo sin dato,1,1eca49657b0da3cd037ed9f5e01f4b7de9795d12cae3608bf75c338a890dd42a,25/06/2023 22:36:37,ESCANER
23646,"Jutiapa",22,"Jutiapa",1,3713,380,67,14,0,3,6,1,17,0,1,22,30,7,1,2,1,172,34,6,212,0,212,--,380,168,172,212,212,Algún campo sin dato,1,a79577fb5fe7505c8d16e2f109de2962ea594a1f98446b170c9abcfb0d0c97d6,26/06/2023 00:12:35,ESCANER
23647,"Jutiapa",22,"Jutiapa",1,3713,380,71,20,1,4,13,0,20,0,1,11,26,14,0,3,1,185,23,2,210,--,--,--,380,170,185,210,210,Algún campo sin dato,1,d50e8167f051b14a12ce44423e72ad1694fa4f69591828de6232809e61435506,25/06/2023 21:45:50,ESCANER
23648,"Jutiapa",22,"Jutiapa",1,3713,380,56,11,0,0,15,0,0,0,0,20,42,14,0,1,0,159,29,5,193,0,193,--,380,168,159,193,193,Algún campo sin dato,1,a8bafaa5bd8510ff2984b0937c5eb19dd6fd9f15c03439328c72a3a2271dfb0e,25/06/2023 23:48:04,ESCANER
23649,"Jutiapa",22,"Jutiapa",1,3713,380,69,12,1,2,9,0,17,0,2,17,30,19,0,1,1,180,42,30,252,0,252,--,380,152,180,252,252,Algún campo sin dato,1,cc90284608ad19dce7b845c66adfcd7b86cef5855a70bee5835df69d06378e86,25/06/2023 22:35:50,ESCANER
23650,"Jutiapa",22,"Jutiapa",1,3713,380,76,13,0,4,11,0,13,0,1,23,42,7,0,5,2,197,48,2,247,0,247,--,380,133,197,247,247,Algún campo sin dato,1,52258273f940cf5cd44c36a77a17a0653e0b8fead54c56a413d1049be4448a8e,26/06/2023 00:32:47,ESCANER
23651,"Jutiapa",22,"Jutiapa",1,3713,380,84,5,0,1,5,0,16,0,1,20,43,11,0,1,1,188,44,11,243,0,243,0,380,137,188,243,243,,1,29e1e6b84aa2a56e6bf7e91c06b40631073884c209f91be64e383ba2e305a5e2,26/06/2023 01:31:02,ESCANER
23652,"Jutiapa",22,"Jutiapa",1,3713,380,82,13,0,2,21,0,11,1,1,19,26,8,0,5,2,191,29,8,228,0,228,--,380,152,191,228,228,Algún campo sin dato,1,83de3b590e6cd147357c5509c8839a37d2944f34bb557adbd447e76161d9629b,26/06/2023 01:06:37,ESCANER
23653,"Jutiapa",22,"Jutiapa",1,3713,380,71,13,1,2,7,1,16,0,2,29,39,12,1,0,0,194,46,9,249,0,249,--,377,125,194,249,249,Algún campo sin dato,1,199f2c8b9299e1b740d5736e12010d858f02e4c10f5a43c4e8a916569546e7ab,26/06/2023 01:27:50,ESCANER
23654,"Jutiapa",22,"Jutiapa",1,3713,380,73,13,0,6,7,0,19,1,2,27,37,13,0,0,2,200,35,7,242,0,242,--,380,136,200,242,242,Algún campo sin dato,1,5bd68a02a40fbff05e4ff9020cf38cfd32448a4dc9e9bdfea2028786301c61e0,26/06/2023 01:45:39,ESCANER
23655,"Jutiapa",22,"Jutiapa",1,3713,380,56,14,1,2,17,0,26,0,0,17,18,7,0,2,2,162,16,3,181,0,181,--,377,196,162,181,181,Algún campo sin dato,1,54ef29a791296400e5c8557f3f68a9a226acefd3d940abaac8144a462f0aa9d3,26/06/2023 00:48:07,ESCANER
23656,"Jutiapa",22,"Jutiapa",1,3713,380,40,12,0,5,12,1,21,2,2,22,21,10,0,2,1,151,12,3,166,0,166,--,--,--,151,166,166,Algún campo sin dato,1,624fda780736b6e1d4415ebbb0d8beb1cbdf7537b2581adeee3f9fccfb82f2c9,25/06/2023 23:23:24,ESCANER
23657,"Jutiapa",22,"Jutiapa",1,3713,380,50,7,0,8,5,1,18,7,7,15,20,14,0,0,0,152,17,2,171,0,171,--,380,209,152,171,171,Algún campo sin dato,1,2d8faa5ecd05f562bec6d0d0dd0143d1ef15a089d218da6a4a2c981f4bf5bc00,26/06/2023 00:41:51,ESCANER
23658,"Jutiapa",22,"Jutiapa",1,3713,380,46,19,0,5,8,1,20,0,1,21,34,13,1,1,2,172,22,1,195,0,195,--,380,185,172,195,195,Algún campo sin dato,1,92e9c6e0ec2894a4bff54d8984ff8deda032577877618a3218dd0d73d1f574a6,25/06/2023 23:59:02,ESCANER
23659,"Jutiapa",22,"Jutiapa",1,3713,380,47,16,0,4,12,0,14,0,1,17,21,8,1,2,1,144,32,8,184,--,184,--,--,--,144,184,184,Algún campo sin dato,1,fb2ca743bc5a32c50ea957529a1ab514e20dc279da8310d6fa5ba7ba230d3cad,25/06/2023 23:02:11,ESCANER
23660,"Jutiapa",22,"Jutiapa",1,3713,380,62,13,0,4,6,2,19,0,1,22,19,6,1,3,1,159,24,3,186,0,186,--,380,194,159,186,186,Algún campo sin dato,1,bed4d5c522f9a3ab29bd3e9ac6566a71e2a714540c117d1696371da82165785e,26/06/2023 00:26:27,ESCANER
23661,"Jutiapa",22,"Jutiapa",1,3713,380,53,9,0,5,5,0,17,1,2,19,28,4,0,2,3,148,5,2,155,0,155,--,380,225,148,155,155,Algún campo sin dato,1,4a0184a299fb053771d6ae2a2573f2f187f92de84d7da7ae86b6338a504495d1,25/06/2023 23:17:14,ESCANER
23662,"Jutiapa",22,"Jutiapa",1,3713,380,49,15,1,0,10,0,16,1,0,14,31,5,0,2,6,150,7,0,157,0,157,--,380,223,150,157,157,Algún campo sin dato,1,cfba6c629aa6142e52ccf610adee5e9ab53a101f1ac5b5954e309bc4054d26d4,26/06/2023 00:24:26,ESCANER
23663,"Jutiapa",22,"Jutiapa",1,3713,380,64,5,0,0,8,0,15,1,1,14,27,6,0,0,2,143,4,1,148,1,149,--,381,233,143,148,149,Algún campo sin dato,1,789b804deed2124b9fcc7a2499f47a4d771fb469e75dff228a98ff831468bb3e,26/06/2023 01:19:36,ESCANER
23664,"Jutiapa",22,"Jutiapa",1,3713,228,26,6,1,1,2,1,13,0,0,12,19,2,0,0,1,84,4,1,89,0,89,--,228,139,84,89,89,Algún campo sin dato,1,2b40c4f5cb60021265e783629ece23be237e9d14f6ad6ef5a999ec2d13acb23d,25/06/2023 22:58:57,ESCANER
23665,"Jutiapa",22,"Jutiapa",1,3713,227,39,10,0,1,6,0,6,1,0,6,18,5,0,1,0,93,7,5,105,0,105,--,224,118,93,105,105,Algún campo sin dato,1,6b7629cbf7aec90d8feb96bf4c8cabcd2307aa23a91865aeb1aaf1a8f0ede87c,25/06/2023 23:59:44,ESCANER
23666,"Jutiapa",22,"Jutiapa",1,3714,304,42,6,0,0,12,0,14,0,4,4,19,16,0,1,0,118,16,5,139,0,139,--,301,162,118,139,139,Algún campo sin dato,1,d4a91b4993112d8bd41a20537a38e896ad350f9e2d5e5bf45ce23bc85898ace2,25/06/2023 23:57:02,ESCANER
23667,"Jutiapa",22,"Jutiapa",1,3714,303,48,2,0,0,6,0,11,0,3,2,19,14,1,3,2,111,7,2,120,0,120,--,300,180,111,120,120,Algún campo sin dato,1,4c9f0659634e4663c5876cd70343f284a53e11866b74b9c39f20f514029f6479,26/06/2023 00:01:18,ESCANER
23668,"Jutiapa",22,"Jutiapa",1,3715,380,26,9,55,0,7,0,31,0,1,2,16,18,1,4,1,171,12,10,193,0,193,--,380,187,171,193,193,Algún campo sin dato,1,61ef475a29189c75848ba9da00ba41c520030e0703b2bc0a14b35114280347a4,26/06/2023 00:45:18,ESCANER
23669,"Jutiapa",22,"Jutiapa",1,3715,380,25,5,39,1,5,0,47,0,2,4,19,16,6,1,1,171,15,7,193,0,193,--,380,187,171,193,193,Algún campo sin dato,1,eec58dd4145981085f93df5ad298a6811128681d2f3b22c17639061518617427,26/06/2023 00:54:10,ESCANER
23670,"Jutiapa",22,"Jutiapa",1,3715,380,29,5,48,0,8,1,25,0,3,1,15,12,1,1,0,149,21,9,179,0,179,--,376,197,149,179,179,Algún campo sin dato,1,16c017ace7695fdaf53324c15d73664bf59db92198458721efc34dd57f7ff6f6,26/06/2023 00:57:28,ESCANER
23671,"Jutiapa",22,"Jutiapa",1,3715,233,18,7,20,0,5,0,19,0,0,1,10,8,1,0,0,89,9,0,98,0,98,--,233,135,89,98,98,Algún campo sin dato,1,584527dbcef6105777753cc2d4a2f7abf9b566ca95712935e67bc3636d79fd6d,26/06/2023 01:03:03,ESCANER
23672,"Jutiapa",22,"Jutiapa",1,3715,233,13,6,18,0,2,0,20,0,0,1,8,5,2,1,0,76,6,0,82,0,82,--,233,151,76,82,82,Algún campo sin dato,1,0fa97c33d106599ee6a6ef9b95d5551aa2171dac5335b8c8be2be4483e707b6c,26/06/2023 01:07:03,ESCANER
23673,"Jutiapa",22,"Jutiapa",1,3716,380,41,11,5,2,27,1,5,2,1,4,31,15,0,3,0,148,29,5,182,0,182,--,378,196,148,182,182,Algún campo sin dato,1,e9a586ba911c6eef2e719df063535d99603a1e3c06347dc5265e4d9f3d6b80fd,26/06/2023 01:22:32,ESCANER
23674,"Jutiapa",22,"Jutiapa",1,3716,380,29,11,1,2,28,0,9,0,1,7,35,12,0,2,0,137,18,5,160,0,160,--,328,169,137,160,160,Algún campo sin dato,1,b110ee881f200dcfa56a422054780185ea551fdd558e2b9a95530ac02fa45781,26/06/2023 00:50:31,ESCANER
23675,"Jutiapa",22,"Jutiapa",1,3716,380,47,19,2,1,36,1,13,1,3,2,33,11,0,3,1,173,22,6,201,0,201,--,380,179,173,201,201,Algún campo sin dato,1,00031c34e652293f4d482c057f6be3d4bbd0c5d05e5a6316e4c684b8283bc459,26/06/2023 01:53:33,ESCANER
23676,"Jutiapa",22,"Jutiapa",1,3716,380,50,13,5,0,26,1,5,1,0,2,33,9,0,3,0,149,22,3,174,0,174,--,380,206,148,173,173,Sumas Asentadas sin cuadrar,1,29ab3af812d866f8cf9dbc89b82e6b6a26c9d5547d048ec76490a200fb58c986,26/06/2023 01:47:12,ESCANER
23677,"Jutiapa",22,"Jutiapa",1,3716,380,30,13,5,1,25,0,11,2,0,1,24,14,0,2,0,128,35,9,172,1,173,--,380,207,128,172,173,Algún campo sin dato,1,4a9e9486135d5301d86db62e77dbdc9147b9ba46e276df9406cc1a058c2ea939,25/06/2023 23:12:22,ESCANER
23678,"Jutiapa",22,"Jutiapa",1,3716,380,46,9,5,1,26,0,14,2,1,8,38,13,2,1,0,166,22,6,194,0,194,--,379,185,166,194,194,Algún campo sin dato,1,9837db2c9f254acc851ca7ceb09a0833505fa04c79454d9b6fa011a3b743c9b8,25/06/2023 23:03:03,ESCANER
23679,"Jutiapa",22,"Jutiapa",1,3716,380,59,21,6,2,50,0,7,0,1,2,28,15,2,6,0,199,6,15,220,0,220,--,382,160,199,220,220,Algún campo sin dato,1,69f42bb897debd58d6392158ad4aec4a21a033898698ff65ca1ad947c359365e,26/06/2023 01:17:22,ESCANER
23680,"Jutiapa",22,"Jutiapa",1,3716,380,30,15,2,2,36,2,6,0,3,6,48,11,1,1,1,164,20,6,190,0,190,--,380,190,164,190,190,Algún campo sin dato,1,490de2fb91e9bc4ef22bd71fdb311167f92732ec3e94ff4c266d0caecfdca6f4,26/06/2023 00:13:03,ESCANER
23681,"Jutiapa",22,"Jutiapa",1,3716,380,26,11,4,1,19,0,15,0,0,3,24,9,0,1,1,114,8,2,124,0,124,--,376,252,114,124,124,Algún campo sin dato,1,c037ea15179e6cb876fe54e24c77eb1d4d1600cd4c8303a47d902e378c53fa3e,26/06/2023 00:24:33,ESCANER
23682,"Jutiapa",22,"Jutiapa",1,3716,380,41,16,9,1,32,3,6,0,3,3,29,7,2,3,0,155,10,5,170,0,170,--,380,210,155,170,170,Algún campo sin dato,1,2ed906c16485a2c67025b5ca2df59deafcfca62b69d07a7909d974567d2ac2f3,25/06/2023 23:15:23,ESCANER
23683,"Jutiapa",22,"Jutiapa",1,3716,380,47,12,3,1,32,3,3,0,3,7,23,9,0,1,0,144,23,0,167,0,167,--,380,213,144,167,167,Algún campo sin dato,1,45da8d51aec8b2f1f5f79330d5315f7c5902c2b91297f3fb3d230b0da41046e0,26/06/2023 00:18:10,ESCANER
23684,"Jutiapa",22,"Jutiapa",1,3716,380,43,10,5,1,28,0,11,0,3,5,37,13,1,5,1,163,16,5,184,0,184,--,400,216,163,184,184,Algún campo sin dato,1,8571d0fabe2e6efce70b207218cda92056b5e5bd53bde4da90621cedbf1f3679,25/06/2023 22:53:34,ESCANER
23685,"Jutiapa",22,"Jutiapa",1,3716,380,27,10,8,2,24,1,7,0,3,2,38,12,1,3,1,139,20,5,164,0,164,--,380,216,139,164,164,Algún campo sin dato,1,bcd76890899a3fca09f5d2202df7c55235d17457ca0529a19a74d57ec5cc104a,26/06/2023 00:37:50,ESCANER
23686,"Jutiapa",22,"Jutiapa",1,3716,380,35,11,7,0,18,1,9,0,1,6,24,9,0,1,1,123,24,4,151,0,151,--,379,228,123,151,151,Algún campo sin dato,1,265489acad92b98ebe1e8d44c3dfe1984c2d13fdf13e5dd1223797b7f8abcbda,26/06/2023 00:29:55,ESCANER
23687,"Jutiapa",22,"Jutiapa",1,3716,380,39,14,0,2,28,0,6,0,0,3,33,10,0,3,2,140,11,1,152,0,152,--,398,246,140,152,152,Algún campo sin dato,1,b8f4e178416b231a97d27a9ac522ec197516731f0470260580a0ad56c5364500,26/06/2023 00:00:45,ESCANER
23688,"Jutiapa",22,"Jutiapa",1,3716,380,47,14,0,0,39,2,10,1,4,6,38,7,2,4,4,178,4,0,182,0,182,--,380,198,178,182,182,Algún campo sin dato,1,b2f7b554e0b6bf4783599fd860564f0be2fdbcd12da70c03a32b31ed7df67a7b,26/06/2023 01:29:00,ESCANER
23689,"Jutiapa",22,"Jutiapa",1,3716,330,38,19,1,0,26,2,14,0,1,1,18,2,0,3,0,125,6,1,132,0,132,--,132,993,125,132,132,Algún campo sin dato,1,5641620223b84f401c6cdc9d8c9581b23443d41f0c9d0fa283a6ad7dd15c19d5,26/06/2023 00:43:32,ESCANER
23690,"Jutiapa",22,"Jutiapa",1,3716,330,25,10,2,2,15,0,8,1,1,3,22,6,0,0,0,95,7,3,105,0,--,--,330,225,95,105,105,Algún campo sin dato,1,b4b69f7e7ecfdce78d9cb50080cbfa4440776b145844c2c4282f6c70207d90ed,26/06/2023 00:46:18,ESCANER
23691,"Jutiapa",22,"Jutiapa",1,3717,380,88,18,0,0,10,1,7,1,1,12,18,5,2,2,1,166,16,3,185,0,185,--,380,195,166,185,185,Algún campo sin dato,1,17346cc413df7dffcb790fcd428b9bed90f2f0ab57c37d958b46d69d757d300e,25/06/2023 23:57:35,ESCANER
23692,"Jutiapa",22,"Jutiapa",1,3717,380,97,20,0,0,9,1,9,1,2,7,23,14,0,5,0,188,12,7,207,0,207,--,380,173,188,207,207,Algún campo sin dato,1,6e64503c9151b524373547c8f2664c752d17099beeb47f6df601dee224729c09,25/06/2023 23:14:14,ESCANER
23693,"Jutiapa",22,"Jutiapa",1,3717,380,81,12,0,1,8,0,13,2,3,4,19,8,2,4,0,157,22,2,181,0,181,--,385,204,157,181,181,Algún campo sin dato,1,e1cda0c1338808bb757234eebda7718456e84a8820665eeec693133f0ebea6f4,25/06/2023 22:06:27,ESCANER
23694,"Jutiapa",22,"Jutiapa",1,3717,218,30,12,0,0,8,0,12,0,1,1,13,3,0,2,0,82,8,1,91,1,92,1,218,126,82,91,92,,1,5533fe11fb26ab74ea5dbbedf7da9bfef9c3861f454ca89aa45c7474d2e15ea5,25/06/2023 21:48:08,ESCANER
23695,"Jutiapa",22,"Jutiapa",1,3717,218,45,10,0,0,5,1,11,0,5,7,22,1,0,1,2,110,6,2,118,0,118,--,218,100,110,118,118,Algún campo sin dato,1,d185d1554c5849f24cebcfcff1bd6a41210185e0c40c05c8dedfa83a61107182,25/06/2023 21:25:49,ESCANER
23696,"Jutiapa",22,"Jutiapa",1,3718,380,56,5,1,0,22,0,23,1,2,14,25,9,1,2,0,161,25,5,191,0,191,0,380,189,161,191,191,,1,4357afb8f74df1ee61ed2c42830b430c4c8b4a1b60f3fe4281c113465c097e45,26/06/2023 01:44:32,ESCANER
23697,"Jutiapa",22,"Jutiapa",1,3718,380,65,9,3,1,14,0,23,0,1,16,29,8,0,0,2,171,32,5,208,0,208,--,380,172,171,208,208,Algún campo sin dato,1,20089aac0829d8c1bfe01ed03b991aefdee0b45c1d4de3848a85d61d623c424b,26/06/2023 01:24:39,ESCANER
23698,"Jutiapa",22,"Jutiapa",1,3718,380,69,4,0,0,11,0,21,1,1,10,39,11,2,0,0,169,40,11,220,1,221,--,380,159,169,220,221,Algún campo sin dato,1,7a01ae7758099dffaeea0c2fe33ae0c0380360e9d80a5be40c39ace134c124d6,26/06/2023 03:10:15,ESCANER
23699,"Jutiapa",22,"Jutiapa",1,3718,380,62,6,2,2,14,0,21,0,0,15,26,11,0,1,0,160,36,4,200,0,200,--,380,180,160,200,200,Algún campo sin dato,1,6b153c32be548e3cda7eb89f1358f2f0bfdc2460d5d29ca24181800db02edd08,26/06/2023 03:17:49,ESCANER
23700,"Jutiapa",22,"Jutiapa",1,3718,380,,,,,,,,,,,,,,,,,,,,,,,,,,,,,0,,,
23701,"Jutiapa",22,"Jutiapa",1,3718,380,52,6,1,3,11,1,19,0,1,17,29,0,1,1,1,143,1,6,150,21,171,--,380,209,143,150,171,Algún campo sin dato,1,f52473e16f4f51e4053b80cdcedc09411f7ed7252c4e3c9b5076e80173f3663d,26/06/2023 01:19:04,ESCANER
23702,"Jutiapa",22,"Jutiapa",1,3718,380,,,,,,,,,,,,,,,,,,,,,,,,,,,,,0,,,
23703,"Jutiapa",22,"Jutiapa",1,3718,249,32,6,0,0,11,0,13,0,1,5,23,3,0,0,0,94,1,0,95,0,95,--,250,155,94,95,95,Algún campo sin dato,1,2e5dde8bff526755f1e930bb7087f7e85fb1ec43a83f0a1a01b42f51efe4412a,25/06/2023 22:56:12,ESCANER
23704,"Jutiapa",22,"Jutiapa",1,3718,248,26,10,0,2,9,0,10,0,0,9,9,3,0,0,0,78,5,2,85,0,85,0,248,163,78,85,85,,1,72bfdf25b95bc2053ec266dd097a9c36f290156cea5cd5fa1d094bc42a3908df,25/06/2023 21:46:55,ESCANER
23705,"Jutiapa",22,"Jutiapa",1,3719,380,43,8,0,0,2,2,3,0,0,2,27,77,1,1,0,166,27,7,200,1,201,--,380,179,166,200,201,Algún campo sin dato,1,1848c52a7f2aaa4c222f7aa6e33791f2bfaaad455a2bba26c1800f22032938ee,26/06/2023 01:22:01,ESCANER
23706,"Jutiapa",22,"Jutiapa",1,3719,380,45,13,0,0,1,1,1,0,0,2,21,89,0,5,0,178,11,14,203,0,203,--,370,175,178,203,203,Algún campo sin dato,1,d9f49a0f845d55b6e0541972400b540e282d1c061230f960c26de34dcff7f89f,26/06/2023 03:00:24,ESCANER
23707,"Jutiapa",22,"Jutiapa",1,3719,380,72,13,1,0,1,0,5,0,0,1,12,62,1,3,0,171,16,5,192,0,192,--,376,184,171,192,192,Algún campo sin dato,1,0105ea37b55a98d43d2f82027b910aadd2813ac1e685f8292c82532ec7921379,26/06/2023 01:28:56,ESCANER
23708,"Jutiapa",22,"Jutiapa",1,3719,380,43,18,0,1,2,0,2,0,1,3,14,56,1,1,1,143,15,5,163,0,163,--,380,217,143,163,163,Algún campo sin dato,1,93f1267604f80522de01dd83a1d9c4aecb3094d094773fcf2d9ea2bb76566490,26/06/2023 01:39:45,ESCANER
23709,"Jutiapa",22,"Jutiapa",1,3719,273,24,11,0,0,2,0,2,0,1,0,15,43,0,1,0,99,7,2,108,0,108,--,270,162,99,108,108,Algún campo sin dato,1,b08332c48d1c2cedbb8f8c17af37327ddda5750408ec2b1962becae37812e2e1,25/06/2023 23:55:02,ESCANER
23710,"Jutiapa",22,"Jutiapa",1,3719,272,37,7,0,0,0,0,3,0,2,1,11,31,0,2,0,94,3,0,97,0,97,--,272,175,94,97,97,Algún campo sin dato,1,e0722983aefea025580bb33c25362005a3271965c411d89e130d4bcf60e220d5,25/06/2023 22:18:22,ESCANER
23711,"Jutiapa",22,"Jutiapa",1,3720,380,27,5,42,1,9,0,5,1,2,5,11,20,2,2,0,132,23,10,167,0,377,--,377,210,132,165,165,Sumas Asentadas sin cuadrar,1,c1a7ab899213359a3c59209cf31121b950c8400df5db4fd83ebd649e71002b04,26/06/2023 03:34:57,ESCANER
23712,"Jutiapa",22,"Jutiapa",1,3720,380,27,7,39,1,13,1,7,0,0,2,6,23,1,4,0,131,29,4,164,0,164,--,380,216,131,164,164,Algún campo sin dato,1,7427193477d651c622b013169f0779c1cdc651d10b59e7e688121c12f2939f30,26/06/2023 02:49:22,ESCANER
23713,"Jutiapa",22,"Jutiapa",1,3720,380,26,9,47,0,13,0,5,0,0,3,7,21,0,3,0,134,20,6,160,0,160,--,380,220,134,160,160,Algún campo sin dato,1,07c1379503ad31eb6b8d65abf966884811a0e9a877c33fd3b042b311b5d8af5e,26/06/2023 01:22:31,ESCANER
23714,"Jutiapa",22,"Jutiapa",1,3720,380,44,9,45,0,12,0,6,0,0,4,2,17,1,4,0,144,25,9,178,0,178,--,371,193,144,178,178,Algún campo sin dato,1,d6c9ae959fed0ec870a0c699dcf47219af0ae622bec4e8afdf79b9b72a05af98,26/06/2023 02:08:12,ESCANER
23715,"Jutiapa",22,"Jutiapa",1,3720,380,,,,,,,,,,,,,,,,,,,,,,,,,,,,,0,,,
23716,"Jutiapa",22,"Jutiapa",1,3720,380,30,7,40,0,14,0,8,1,0,0,9,12,0,0,0,121,13,0,134,0,134,--,380,246,121,134,134,Algún campo sin dato,1,063f4b3f53c8864f386f221747e533ff17a77aca5b11b045472928cd1ea66299,26/06/2023 00:33:49,ESCANER
23717,"Jutiapa",22,"Jutiapa",1,3720,380,31,4,32,0,12,1,7,0,0,2,12,13,1,0,0,115,13,3,131,0,131,--,380,249,115,131,131,Algún campo sin dato,1,c58e135d1892da5d3112391e8999c3734fde0b42861ee382767f4c0a78a6a1e7,25/06/2023 23:36:46,ESCANER
23718,"Jutiapa",22,"Jutiapa",1,3720,380,24,4,44,0,10,0,10,1,0,1,1,11,0,4,0,110,25,7,142,0,142,--,379,237,110,142,142,Algún campo sin dato,1,1c4edb5a7417b14419664057bbde5850c5217f5191913b99da88b5e814838940,26/06/2023 00:05:51,ESCANER
23719,"Jutiapa",22,"Jutiapa",1,3720,380,26,3,30,0,3,2,0,1,0,5,0,16,2,3,1,92,25,7,124,0,124,--,380,256,92,124,124,Algún campo sin dato,1,9a3eab070cd26cd9c19dce71ef6fee3a9014d37c63ea6428b6eaab6ff2d7e947,26/06/2023 02:42:45,ESCANER
23720,"Jutiapa",22,"Jutiapa",1,3720,380,19,3,21,0,7,0,5,0,1,0,4,4,0,0,0,64,8,2,74,0,74,--,375,301,64,74,74,Algún campo sin dato,1,88ada7ef0dcc942d7c19d9582442d07c5a3f7ab0ef6a0c6778959be4608803be,26/06/2023 01:52:44,ESCANER
23721,"Jutiapa",22,"Jutiapa",1,3720,297,15,3,29,0,9,0,6,1,2,0,2,3,0,1,0,71,12,3,86,0,86,--,299,213,71,86,86,Algún campo sin dato,1,167e97079fb6fcbca47d326bee20aa74a6e09ec8177e672e8447fbd446bf160d,26/06/2023 00:38:41,ESCANER
23722,"Jutiapa",22,"Jutiapa",1,3720,296,8,6,15,0,4,0,7,0,1,2,2,5,0,0,0,50,7,1,58,0,58,--,296,238,50,58,58,Algún campo sin dato,1,f83ad339ccaf516173f66ee6ec85e47d1f8aa1fd9f3f3abb17fed61378b2ec70,25/06/2023 23:23:10,ESCANER
23723,"Jutiapa",22,"Jutiapa",1,3721,380,44,23,10,1,17,0,7,0,3,3,44,14,2,3,2,173,34,7,214,0,214,--,377,163,173,214,214,Algún campo sin dato,1,48b366c0cea77f89b3b94785685a2b44630b18c7333293229c4116f3667b2a36,26/06/2023 01:03:02,ESCANER
23724,"Jutiapa",22,"Jutiapa",1,3721,380,66,18,4,0,8,2,12,0,1,5,54,13,1,4,4,192,16,8,216,0,216,--,376,160,192,216,216,Algún campo sin dato,1,8c50d0b4c7601e9466f1aa5a0f2df17764548a79a0f25b99d019e659aea302f1,26/06/2023 01:14:11,ESCANER
23725,"Jutiapa",22,"Jutiapa",1,3721,380,52,16,10,1,17,1,10,0,5,5,37,19,2,3,0,178,27,15,220,0,220,--,377,159,178,220,220,Algún campo sin dato,1,063dad740c6ad58f23a0e5c60d5c30bc957a27ee62edebf0accb31d4fed1c69e,25/06/2023 23:20:37,ESCANER
23726,"Jutiapa",22,"Jutiapa",1,3721,380,43,15,7,0,12,2,6,1,2,3,31,21,1,0,1,145,47,8,200,2,202,--,377,178,145,200,202,Algún campo sin dato,1,3ae9d85943e4bfb94f022d69f019e943280fc5e7e810ef227ac3639e4595c737,26/06/2023 00:03:14,ESCANER
23727,"Jutiapa",22,"Jutiapa",1,3721,380,44,26,4,2,16,3,7,1,3,7,46,15,3,4,1,182,38,11,231,0,231,--,377,146,182,231,231,Algún campo sin dato,1,94a0cbe5a8033a82f88d2b9f87fc824fd25f25619b07e7d1c8789e5357210ae9,26/06/2023 00:36:26,ESCANER
23728,"Jutiapa",22,"Jutiapa",1,3721,380,41,16,3,2,15,0,9,0,1,4,42,14,0,2,1,150,39,2,191,0,191,1,381,186,150,191,191,,1,db6028c228cd04fe1cc2276849690ae1335a8bea3df46ca3cd180db1cdedd185,25/06/2023 23:46:18,ESCANER
23729,"Jutiapa",22,"Jutiapa",1,3721,380,73,8,9,1,17,2,9,1,3,3,46,11,0,3,0,186,20,4,210,0,210,--,380,170,186,210,210,Algún campo sin dato,1,ed49bf3d7a26c7f4f1c0dc962b90e5b272c5d194f6232e2c510e1969942cfee3,25/06/2023 23:59:35,ESCANER
23730,"Jutiapa",22,"Jutiapa",1,3721,380,65,14,8,0,14,2,10,0,0,7,62,10,0,2,1,195,22,6,223,0,223,--,379,156,195,223,223,Algún campo sin dato,1,1e4e7116309264d1c7bba3f0e465fd706718582c456e057cabd049e6fe8a8e9f,26/06/2023 00:24:00,ESCANER
23731,"Jutiapa",22,"Jutiapa",1,3721,380,,,,,,,,,,,,,,,,,,,,,,,,,,,,,0,,,
23732,"Jutiapa",22,"Jutiapa",1,3721,380,49,18,7,0,17,1,13,1,2,3,28,17,0,1,0,157,24,2,183,0,183,--,377,194,157,183,183,Algún campo sin dato,1,326eae2674666944c4622990b7ab8d49362e1d92f2505f225fca5a71bf200135,26/06/2023 01:06:26,ESCANER
23733,"Jutiapa",22,"Jutiapa",1,3721,380,43,14,8,0,9,0,8,1,4,6,41,7,0,2,0,143,19,8,170,0,170,0,385,215,143,170,170,,1,656a7cd6781adc91e3897c7a911ab30ea52360c89e5892c1997e06214ea99955,25/06/2023 22:57:18,ESCANER
23734,"Jutiapa",22,"Jutiapa",1,3721,380,61,26,3,0,13,1,7,2,4,4,32,9,1,0,3,166,5,1,172,0,172,--,380,206,166,172,172,Algún campo sin dato,1,a537b05552b6bcb98c45bc3e70c5e10e665c5b2c6f5e379bac9db07d666f3abd,26/06/2023 00:51:41,ESCANER
23735,"Jutiapa",22,"Jutiapa",1,3721,285,50,14,6,0,7,0,6,1,0,2,32,5,0,1,1,125,2,1,128,0,128,--,285,157,125,128,128,Algún campo sin dato,1,f6aed3b0491374df770fbaac5c57d7ab0dac2c7e4df14376649242259862cbd7,25/06/2023 21:27:42,ESCANER
23736,"Jutiapa",22,"Jutiapa",1,3721,285,26,6,6,0,9,0,4,2,1,0,23,5,0,1,0,83,1,5,89,10,99,0,282,183,83,89,99,,1,c215ba8f137b32ca39bdb47af69931e9f97e225f04dca1ea0f8191edfc8d974b,25/06/2023 22:30:07,ESCANER
23737,"Jutiapa",22,"Jutiapa",1,3722,380,38,12,8,1,16,1,31,1,7,12,31,18,1,4,1,182,13,13,208,0,208,--,377,170,182,208,208,Algún campo sin dato,1,3502d90a8b8045dd893913cdae25b5e1f3821bfdd6adf49909a209fd4f9c0f52,26/06/2023 01:21:19,ESCANER
23738,"Jutiapa",22,"Jutiapa",1,3722,380,28,9,8,0,9,0,43,0,4,11,52,25,3,4,1,197,21,14,232,148,380,--,380,148,197,232,380,Algún campo sin dato,1,df197346e352bd5c1c6075fcbf7b1fe9ef78a7786cdf08d1250e2869075ab2eb,26/06/2023 00:13:30,ESCANER
23739,"Jutiapa",22,"Jutiapa",1,3722,380,39,8,7,0,7,1,47,0,5,8,30,10,1,3,1,167,24,6,197,0,197,--,377,180,167,197,197,Algún campo sin dato,1,62d626d36418e2efee25cfb546a07d3e38d9a773e1e882c09f8ee222419572d7,26/06/2023 00:49:27,ESCANER
23740,"Jutiapa",22,"Jutiapa",1,3722,380,37,12,9,0,5,1,37,0,3,4,42,29,0,2,2,183,20,7,210,0,210,--,380,170,183,210,210,Algún campo sin dato,1,bd1b1989f88405868be1e3791574bee3deba1ebeb78fd3f77bd5cb02cb6f3c92,26/06/2023 02:13:20,ESCANER
23741,"Jutiapa",22,"Jutiapa",1,3722,232,16,2,1,0,2,1,15,0,2,1,15,10,0,0,0,65,7,3,75,0,75,--,229,154,65,75,75,Algún campo sin dato,1,67d1a5752d0e59cf928c5eab930be71d9aa8208bac455de25c3e9626169d97d7,25/06/2023 22:55:47,ESCANER
23742,"Jutiapa",22,"Jutiapa",1,3722,231,20,9,4,0,3,1,23,0,0,4,17,2,0,0,0,83,3,2,88,0,88,--,228,140,83,88,88,Algún campo sin dato,1,7f4d3ce1035f310a4568eff62b855d4bbfa923ab9b45393b6378676b417c8c9d,25/06/2023 22:20:53,ESCANER
23743,"Jutiapa",22,"Jutiapa",1,3723,380,61,1,0,1,2,1,9,0,3,6,14,49,0,1,0,148,26,20,194,0,194,--,380,186,148,194,194,Algún campo sin dato,1,ac9fecf928e81b817692a08ff9a8135f31b0ada8f83fb8ec59be42ea7b9bc000,26/06/2023 02:35:26,ESCANER
23744,"Jutiapa",22,"Jutiapa",1,3723,380,56,1,0,0,3,0,8,0,7,4,15,70,0,3,0,167,37,7,0,0,211,--,360,165,167,211,211,Algún campo sin dato,1,3ac41480bc1f79df7e0ea1f52d8246593fde6bcbe65ff9baa6a8af083a20f64d,26/06/2023 01:21:26,ESCANER
23745,"Jutiapa",22,"Jutiapa",1,3723,380,51,2,1,1,2,0,8,0,3,7,17,50,0,0,0,142,19,13,174,0,174,--,381,207,142,174,174,Algún campo sin dato,1,e95a0b4618b994c0b8464714c4b99d9e1e6f9217d3769f1ef367faf2aa519796,26/06/2023 01:57:50,ESCANER
23746,"Jutiapa",22,"Jutiapa",1,3723,266,32,3,1,0,4,0,9,0,2,5,8,33,0,2,0,99,9,5,113,0,113,--,263,150,99,113,113,Algún campo sin dato,1,0a42d3284624acc2f33917dcc785a2241811a8725542956e55c4e45a236f17d6,26/06/2023 00:06:13,ESCANER
23747,"Jutiapa",22,"Jutiapa",1,3723,266,38,3,0,0,0,0,7,0,3,3,11,27,0,0,0,92,3,0,95,0,95,--,263,169,92,95,95,Algún campo sin dato,1,b1e2162715396dd148af48ddee0b0c6988202476bd50daa85935ea236a2c7e91,26/06/2023 01:36:23,ESCANER
23748,"Jutiapa",22,"Jutiapa",1,3724,380,122,1,1,0,17,3,3,0,3,3,17,41,0,2,0,213,22,8,243,0,243,--,377,134,213,243,243,Algún campo sin dato,1,e4abd776f266111b67945a87a1db67dafd3d0ca35309f2d7012393b297137447,25/06/2023 23:59:35,ESCANER
23749,"Jutiapa",22,"Jutiapa",1,3724,380,118,6,1,1,11,0,2,0,2,3,20,41,0,1,0,206,28,5,239,0,239,--,378,139,206,239,239,Algún campo sin dato,1,d701df21c1008ac472eb50289dd4038797eee3ae872c4c246b452d7db1d91e24,25/06/2023 23:02:32,ESCANER
23750,"Jutiapa",22,"Jutiapa",1,3724,361,106,7,1,0,8,0,5,0,1,2,20,23,0,4,1,178,26,14,218,0,218,--,358,140,178,218,218,Algún campo sin dato,1,3323451b7955bfab92685ad3717a461378909cb503fba50745b907ec70131e94,25/06/2023 23:40:17,ESCANER
23751,"Jutiapa",22,"Jutiapa",1,3724,361,100,10,2,0,9,1,4,0,1,2,14,26,0,0,0,169,14,2,185,0,185,--,363,178,169,185,185,Algún campo sin dato,1,ed93a2e4176e139ffb7ebd14146e606c4f983ec251d71a595a37e68911748921,26/06/2023 00:59:51,ESCANER
23752,"Jutiapa",22,"Jutiapa",1,3725,380,,,,,,,,,,,,,,,,,,,,,,,,,,,,,0,,,
23753,"Jutiapa",22,"Jutiapa",1,3725,380,25,18,27,0,10,0,4,0,0,2,12,27,1,1,0,127,20,4,151,0,151,--,382,231,127,151,151,Algún campo sin dato,1,186b05639a1f025f2819a921f92a7a311020cde93f6792e9e5db4cdd89393757,26/06/2023 00:44:50,ESCANER
23754,"Jutiapa",22,"Jutiapa",1,3725,380,27,10,21,1,8,0,8,0,0,1,9,36,1,2,0,124,18,10,152,0,152,--,380,228,124,152,152,Algún campo sin dato,1,e9a2fbfe8303fef33ccd10f571686def65393862fec52e0f0ac940712192a08d,26/06/2023 01:23:06,ESCANER
23755,"Jutiapa",22,"Jutiapa",1,3725,380,24,19,9,0,12,0,9,0,3,1,9,26,1,3,0,116,1,5,122,14,136,--,380,244,116,122,136,Algún campo sin dato,1,7d2acd8a369991d8fef89496bb006e0d2ec4ba232ef74c93d508e0587a8e9579,26/06/2023 03:30:13,ESCANER
23756,"Jutiapa",22,"Jutiapa",1,3725,380,29,16,22,1,16,1,4,0,0,2,17,30,0,3,1,142,12,14,168,0,168,--,380,212,142,168,168,Algún campo sin dato,1,f10b2748f36162fba0f63a00bf3f8967987e351872e4b1fd631ac4e2a8745b89,26/06/2023 02:59:00,ESCANER
23757,"Jutiapa",22,"Jutiapa",1,3725,358,16,14,7,0,7,0,7,0,1,2,5,14,0,0,0,73,5,6,84,7,91,--,358,267,73,84,91,Algún campo sin dato,1,2dc910dbfac518e79c1bccc120b39af88372c63982606c1d05584bc46300496e,26/06/2023 01:16:47,ESCANER
23758,"Jutiapa",22,"Jutiapa",1,3725,357,12,8,12,0,8,1,4,0,0,2,8,16,0,1,0,72,7,5,84,0,84,--,357,273,72,84,84,Algún campo sin dato,1,2d392c4e2729a59dc5f6a15bc3db1b5a9ec15ce37230d3ebd08c2a44e67fe5e9,26/06/2023 01:43:17,ESCANER