﻿TIPO_DE_ELECCIÓN:,CORPORACIÓN MUNICIPAL
26 junio 2023 03:36 (UTC -6)
ACTAS_ESPERADAS,ACTAS_CAPTURADAS,PORCENTAJE_ACTAS_CAPTURADAS,ACTAS_CONTABILIZADAS,PORCENTAJE_ACTAS_CONTABILIZADAS,ACTAS_NO_CONTABILIZADAS,LISTA_NOMINAL_ACTAS_CONTABILIZADAS,VOTOS_EMITIDOS_CONTABILIZADAS,PORCENTAJE_PARTICIPACIÓN_CIUDADANA
30,30,100.0000,30,100.0000,0,11208,5764,51.4275

MESA,DEPARTAMENTO,ID_DEPARTAMENTO,MUNICIPIO,ID_MUNICIPIO,CENTRO_DE_VOTACIÓN,PADRÓN,CABAL,UNE,AZUL,VAMOS,VALOR UNIONISTA,VÁLIDOS,NULOS,BLANCO,EMITIDOS,INVÁLIDOS,TOTAL,IMPUGNACIONES,PAPELETAS-RECIBIDAS,PAPELETAS-NO-USADAS,VALIDOS_CALCULADO,EMITIDOS_CALCULADO,TOTAL_CALCULADO,OBSERVACIONES,CONTABILIZADA,CÓDIGO_INTEGRIDAD,FECHA_HORA_PUBLICACIÓN,DIGITALIZACIÓN
22893,"Chiquimula",20,"Concepción Las Minas",8,3591,400,131,7,4,44,10,196,19,4,219,0,219,--,400,181,196,219,219,Algún campo sin dato,1,fe144c33fcc9e733440dbcba9182ebb3addbbe596890e0ab60ed24bae1b1a96f,25/06/2023 23:29:22,ESCANER
22894,"Chiquimula",20,"Concepción Las Minas",8,3591,400,130,2,4,53,8,197,10,4,211,0,211,--,397,156,197,211,211,Algún campo sin dato,1,e1a3c4aec86df98e493bd2928b54ed0a350400ab3cbd9dfdfe9dd2c215b4da3e,26/06/2023 01:58:05,ESCANER
22895,"Chiquimula",20,"Concepción Las Minas",8,3591,400,162,9,2,43,11,227,11,3,241,1,242,--,400,158,227,241,242,Algún campo sin dato,1,b7a940cbd940b4eb3ec55f5959eb90c643d98e0360b983bb4e3a4a9062ff4ea0,26/06/2023 00:50:23,ESCANER
22896,"Chiquimula",20,"Concepción Las Minas",8,3591,400,188,10,6,34,6,244,13,4,261,0,261,--,403,142,244,261,261,Algún campo sin dato,1,3ed15bcb9fa5ed588e3c6c680812cbb7f82221adcf9daab6943db8a7331ac353,26/06/2023 00:45:30,ESCANER
22897,"Chiquimula",20,"Concepción Las Minas",8,3591,400,139,12,7,42,9,209,13,8,230,0,230,--,--,--,209,230,230,Algún campo sin dato,1,a57b752160280fe71da32b9b907b434d312dff94820b90f5bcb56f1462617fdc,26/06/2023 01:17:40,ESCANER
22898,"Chiquimula",20,"Concepción Las Minas",8,3591,400,172,13,3,52,8,248,17,3,268,0,268,--,397,129,248,268,268,Algún campo sin dato,1,a7a631e64c3cab3b4c6400cd717bee2ba35f63b3323769a914b852f7edfd8dab,26/06/2023 01:24:35,ESCANER
22899,"Chiquimula",20,"Concepción Las Minas",8,3592,400,156,9,2,49,11,227,17,10,254,0,254,--,400,146,227,254,254,Algún campo sin dato,1,e5bdc5036dd15798cecfe8266b8e0a6f56e58da59c5c5479575b7b3d6480ba18,26/06/2023 00:29:18,ESCANER
22900,"Chiquimula",20,"Concepción Las Minas",8,3592,400,181,8,5,49,5,248,9,4,261,0,261,--,402,141,248,261,261,Algún campo sin dato,1,cd76c1fd6eb90e4876e35b310e094e46d9119b9ae98da70f03b916d632094cca,26/06/2023 01:22:29,ESCANER
22901,"Chiquimula",20,"Concepción Las Minas",8,3592,400,156,6,4,37,14,217,12,2,231,0,231,--,400,169,217,231,231,Algún campo sin dato,1,8e2683f6a50c20cb694b3e6d6f678737ca3b6a9e06e3adff065a86c001641cda,25/06/2023 23:11:45,ESCANER
22902,"Chiquimula",20,"Concepción Las Minas",8,3592,400,130,6,2,37,3,178,6,0,184,0,184,--,397,213,178,184,184,Algún campo sin dato,1,28056d7600a63797f83ce6c09379fbdc5d2c71ec2c1efb3b01deb78cbbc8ba5c,26/06/2023 00:06:12,ESCANER
22903,"Chiquimula",20,"Concepción Las Minas",8,3593,400,136,14,3,38,8,199,8,1,208,0,208,--,400,192,199,208,208,Algún campo sin dato,1,956317d82077e0cba364e578d922620b77cc49875e3771ae2d2394b3de50cbb1,25/06/2023 22:21:57,ESCANER
22904,"Chiquimula",20,"Concepción Las Minas",8,3593,400,123,7,8,45,6,189,9,5,203,0,203,--,400,197,189,203,203,Algún campo sin dato,1,779c1ed5b74e280fe0f6f2fb4c007e97b7e46f406898547cdfc8edb7369fbba1,25/06/2023 21:57:37,ESCANER
22905,"Chiquimula",20,"Concepción Las Minas",8,3593,400,124,11,8,40,8,191,6,1,198,1,199,--,400,201,191,198,199,Algún campo sin dato,1,727a80537c65effdb9f35d6a53d5a6c1d8568208203488f1d083fc7a76026917,25/06/2023 23:03:02,ESCANER
22906,"Chiquimula",20,"Concepción Las Minas",8,3593,400,145,6,3,44,16,214,7,0,221,0,221,--,400,179,214,221,221,Algún campo sin dato,1,63356f68a628d424decfee428953085314610faad73e25a7ec77a6fb552b8e47,25/06/2023 23:08:16,ESCANER
22907,"Chiquimula",20,"Concepción Las Minas",8,3593,400,170,7,5,46,8,236,5,0,241,0,241,--,400,159,236,241,241,Algún campo sin dato,1,eac754cea0c617ad99ba610dfb393fd976322456124e6ac3c34399154df40119,25/06/2023 23:28:09,ESCANER
22908,"Chiquimula",20,"Concepción Las Minas",8,3593,400,170,7,3,57,6,243,4,1,248,0,248,--,397,149,243,248,248,Algún campo sin dato,1,c3e9204d40858ebfd079547f0073489a1c4af973f5debaa862e53a0102fec45d,26/06/2023 00:23:38,ESCANER
22909,"Chiquimula",20,"Concepción Las Minas",8,3593,249,81,4,0,30,5,120,5,0,125,0,125,--,249,124,120,125,125,Algún campo sin dato,1,e7df0e84879ad30ade8e72aa186b5fb76c3b35549791ad31970675b31f585b8a,25/06/2023 22:15:59,ESCANER
22910,"Chiquimula",20,"Concepción Las Minas",8,3593,248,54,3,1,13,5,76,2,0,78,1,79,--,246,167,76,78,79,Algún campo sin dato,1,705a6a53397b9004649d32e530870c98227034fcbee159f2d8b5bda58b13d828,25/06/2023 21:14:10,ESCANER
22911,"Chiquimula",20,"Concepción Las Minas",8,3594,380,92,11,6,21,17,147,14,8,169,0,169,--,380,211,147,169,169,Algún campo sin dato,1,2a723a5e6383ae64d69e859fa5be6fd91fbc53e1260587e26cb7aff6e979a8bf,25/06/2023 23:19:48,ESCANER
22912,"Chiquimula",20,"Concepción Las Minas",8,3594,380,107,20,3,26,12,168,11,8,187,0,187,--,380,193,168,187,187,Algún campo sin dato,1,aadf7c8bf4226622de5b26ed1daaa9401a5d01adf43d2153c3a3832ff6163e29,25/06/2023 22:30:10,ESCANER
22913,"Chiquimula",20,"Concepción Las Minas",8,3594,380,127,9,3,31,16,186,13,6,205,0,205,--,380,175,186,205,205,Algún campo sin dato,1,d2d67d6ae64322a762a2b7e7262ffecd45228dbcdf73218d22d965203f1e8612,26/06/2023 00:05:42,ESCANER
22914,"Chiquimula",20,"Concepción Las Minas",8,3594,380,148,9,3,56,7,223,7,2,232,0,232,--,380,148,223,232,232,Algún campo sin dato,1,8ab2b7c72eed3c92ff1562a5f8c849151fa28d0e0c01275351a186932aaa8723,25/06/2023 22:55:04,ESCANER
22915,"Chiquimula",20,"Concepción Las Minas",8,3594,380,161,25,3,31,8,228,14,3,245,1,246,--,380,134,228,245,246,Algún campo sin dato,1,16d139fdef10af2faf5d61d6039fa8b9401b5ed5f5803a8410e271c9a3246394,25/06/2023 23:41:33,ESCANER
22916,"Chiquimula",20,"Concepción Las Minas",8,3594,380,114,11,1,35,13,174,6,0,180,0,180,--,380,200,174,180,180,Algún campo sin dato,1,bb492eda88f2b350b65a0c5d24de8910bb7874d92cf99793fd84f36dfdef22f7,25/06/2023 23:53:14,ESCANER
22917,"Chiquimula",20,"Concepción Las Minas",8,3595,380,112,13,5,37,10,177,12,5,194,0,194,--,380,186,177,194,194,Algún campo sin dato,1,28017c554f77e810bf4164a13fa34f57a62856be8cf86311379080a4ac4a1a46,25/06/2023 22:56:53,ESCANER
22918,"Chiquimula",20,"Concepción Las Minas",8,3595,380,119,12,4,53,12,200,7,1,208,0,208,--,380,172,200,208,208,Algún campo sin dato,1,6102bd45bd4d332f54baf8579c039b724e52ae27a6800311705ac64675a85382,25/06/2023 22:52:52,ESCANER
22919,"Chiquimula",20,"Concepción Las Minas",8,3595,203,71,2,3,27,4,107,1,0,108,0,108,--,203,95,107,108,108,Algún campo sin dato,1,7d46a9cc750a662f1d133ff720f33f3cee7e542bfbe012ca1bb380fe7d490567,25/06/2023 22:34:28,ESCANER
22920,"Chiquimula",20,"Concepción Las Minas",8,3595,202,52,4,2,18,11,87,4,0,91,0,91,--,202,111,87,91,91,Algún campo sin dato,1,fc6bc709b978caa75e78547259c1d9cff993f7e54b4d8cf9cbd07940f9a06574,25/06/2023 23:05:34,ESCANER
22921,"Chiquimula",20,"Concepción Las Minas",8,3596,433,29,4,2,6,1,42,4,0,46,0,46,--,433,387,42,46,46,Algún campo sin dato,1,d9f4853cce6611bcc4bec61d727c3648f9df86816ccbfddd7c853b9a94a410b1,25/06/2023 21:31:54,ESCANER
22922,"Chiquimula",20,"Concepción Las Minas",8,3596,433,11,2,1,2,0,16,1,0,17,0,17,--,433,416,16,17,17,Algún campo sin dato,1,8c0a8ab8c7bc75341c139de7895300f180bf5a1e51e69ead4256f706ca19ec81,25/06/2023 20:31:30,ESCANER