﻿TIPO_DE_ELECCIÓN:,CORPORACIÓN MUNICIPAL
26 junio 2023 03:36 (UTC -6)
ACTAS_ESPERADAS,ACTAS_CAPTURADAS,PORCENTAJE_ACTAS_CAPTURADAS,ACTAS_CONTABILIZADAS,PORCENTAJE_ACTAS_CONTABILIZADAS,ACTAS_NO_CONTABILIZADAS,LISTA_NOMINAL_ACTAS_CONTABILIZADAS,VOTOS_EMITIDOS_CONTABILIZADAS,PORCENTAJE_PARTICIPACIÓN_CIUDADANA
38,37,97.3684,37,97.3684,0,13960,8937,64.0186

MESA,DEPARTAMENTO,ID_DEPARTAMENTO,MUNICIPIO,ID_MUNICIPIO,CENTRO_DE_VOTACIÓN,PADRÓN,UNE,VALOR,CABAL,VAMOS,PODEMOS,UNIONISTA,VOS,MLP,VIVA,PPN,EL CHORRO,UR,ELEFANTE,VÁLIDOS,NULOS,BLANCO,EMITIDOS,INVÁLIDOS,TOTAL,IMPUGNACIONES,PAPELETAS-RECIBIDAS,PAPELETAS-NO-USADAS,VALIDOS_CALCULADO,EMITIDOS_CALCULADO,TOTAL_CALCULADO,OBSERVACIONES,CONTABILIZADA,CÓDIGO_INTEGRIDAD,FECHA_HORA_PUBLICACIÓN,DIGITALIZACIÓN
6731,"Chimaltenango",3,"Zaragoza",15,723,400,69,55,37,31,15,14,4,2,14,11,20,1,2,275,7,3,285,0,285,0,400,115,275,285,285,,1,43c2dfe60d695e226993863bd83990dccbd73a3a4b011b7e8558566fc1135676,26/06/2023 01:45:04,ESCANER
6732,"Chimaltenango",3,"Zaragoza",15,723,400,63,48,28,40,8,18,13,3,4,14,26,2,5,272,10,1,283,0,283,0,400,117,272,283,283,,1,f8216e2dc9ba460b67812e305457dfe88d8072ac28089754485358536616f668,26/06/2023 01:15:42,ESCANER
6733,"Chimaltenango",3,"Zaragoza",15,723,400,73,65,44,35,13,10,3,2,7,13,13,1,0,279,12,2,293,0,293,0,400,107,279,293,293,,1,dc35651a0f6dc63d0027b21fc07d71e87a5f68688fd0a832ed8623b2473890d4,26/06/2023 01:49:23,ESCANER
6734,"Chimaltenango",3,"Zaragoza",15,723,400,52,53,32,31,10,15,3,1,12,12,24,4,5,254,9,0,263,0,263,0,400,137,254,263,263,,1,d9357269ac55ee52f340d070893d92232595ffebb239499ebfc1701632229523,26/06/2023 00:47:41,ESCANER
6735,"Chimaltenango",3,"Zaragoza",15,723,400,67,39,54,29,8,15,5,4,17,8,17,1,3,267,14,0,281,0,281,--,--,--,267,281,281,Algún campo sin dato,1,af7748f098226573ef9d0c9a59763b51d2471997f25ac21971a0ded6cad84eeb,26/06/2023 02:18:56,ESCANER
6736,"Chimaltenango",3,"Zaragoza",15,723,400,60,46,43,31,10,13,2,5,2,11,13,1,2,239,16,3,258,0,258,--,--,--,239,258,258,Algún campo sin dato,1,a554a1d1e7d0863c0308ec9ae2612bf5316046b1de700119c15d91057d58108c,26/06/2023 00:45:29,ESCANER
6737,"Chimaltenango",3,"Zaragoza",15,723,400,61,46,30,27,14,11,8,2,11,15,16,1,2,244,17,3,264,0,264,0,400,136,244,264,264,,1,c0e33e44c71d6f9a0adbb381bd0b498218daf8c12febbb60ad8c6ac3cbaa66d3,26/06/2023 00:52:26,ESCANER
6738,"Chimaltenango",3,"Zaragoza",15,723,400,46,79,46,33,12,12,1,2,8,22,14,0,4,279,16,1,296,0,296,0,400,104,279,296,296,,1,28e7d318388abdb98bf560dc6224eb0935ef9f9b778ffe676cdfb9dd21b96bd4,25/06/2023 23:46:26,ESCANER
6739,"Chimaltenango",3,"Zaragoza",15,724,400,73,55,31,47,15,18,4,2,7,12,12,2,0,278,15,5,298,0,298,0,400,102,278,298,298,,1,4a6ace5fb2ec677275a21a812176cd4b48a84dbb5b2063c690cb48989a8c7303,26/06/2023 02:27:14,ESCANER
6740,"Chimaltenango",3,"Zaragoza",15,724,400,68,39,33,55,9,10,6,6,6,14,11,0,3,260,13,2,275,0,275,0,400,125,260,275,275,,1,94aefc3bc75d9389bd846ba6a5f1785dc93a41a8ba16d8b6cd8c1b534c5f7575,25/06/2023 23:16:34,ESCANER
6741,"Chimaltenango",3,"Zaragoza",15,724,400,68,53,38,33,14,13,4,1,25,9,10,1,6,275,12,6,293,0,293,0,400,107,275,293,293,,1,4bf8eff1e1fc4844fcff6e4378b152a917636775a671d297356a090950cfe58e,26/06/2023 01:38:53,ESCANER
6742,"Chimaltenango",3,"Zaragoza",15,724,400,75,48,34,33,15,16,7,3,25,10,11,2,7,286,11,1,298,0,298,0,400,102,286,298,298,,1,00c1a7a98e954aff638f1b1d999e16e22522a965fc928546a3b5b2a6934c728b,26/06/2023 01:10:01,ESCANER
6743,"Chimaltenango",3,"Zaragoza",15,724,400,48,57,42,27,9,11,4,5,11,21,17,2,3,257,3,3,263,6,263,0,397,134,257,263,269,Sumas Asentadas sin cuadrar,1,57082973c58d69ffa33be85c9262984be1ea1056c63d53f50e806b7549d655b9,26/06/2023 00:15:00,ESCANER
6744,"Chimaltenango",3,"Zaragoza",15,724,400,49,46,40,31,13,16,5,2,10,12,14,1,3,242,9,1,252,0,252,0,400,148,242,252,252,,1,dcabfc6d269ba2ea3f3ecd0928f9dde205d49bbe28427066869ff58e9c9d0b35,26/06/2023 00:25:33,ESCANER
6745,"Chimaltenango",3,"Zaragoza",15,724,400,39,53,37,30,14,17,6,3,7,6,13,1,3,229,12,1,242,1,243,0,400,157,229,242,243,,1,bbeab87568a700cae6d95e8dc82820dcf8c4b1cee3cdd72eb2159d4241685938,26/06/2023 02:41:49,ESCANER
6746,"Chimaltenango",3,"Zaragoza",15,725,400,58,49,32,42,12,16,7,2,9,8,25,4,1,265,5,3,273,0,273,0,400,127,265,273,273,,1,0a45de159ee8010e55ffbeada8ea15287a3da82c2b857fd93b78ec5b2562b38c,26/06/2023 00:20:37,ESCANER
6747,"Chimaltenango",3,"Zaragoza",15,725,400,,,,,,,,,,,,,,,,,,,,,,,,,,,0,,,
6748,"Chimaltenango",3,"Zaragoza",15,725,400,59,44,36,39,13,16,5,2,7,12,19,0,4,256,7,3,266,0,266,0,400,134,256,266,266,,1,533f00e81914f906c187c61431de3c710afc8e38a6c0ae57a373a0b4dfc87f2b,26/06/2023 02:04:23,ESCANER
6749,"Chimaltenango",3,"Zaragoza",15,725,400,62,40,44,31,14,22,5,2,6,12,13,1,4,256,8,2,266,0,266,0,400,134,256,266,266,,1,7ac2aee902e0b2d9ffbd6b70185386a7f19739dbd987b2ec289ba97ca865e6bd,26/06/2023 00:23:28,ESCANER
6750,"Chimaltenango",3,"Zaragoza",15,725,400,58,36,48,30,12,13,6,0,6,8,17,1,3,238,12,2,252,0,252,0,400,148,238,252,252,,1,17030fd788b20c722489e3dd6bd6aeec2489f6bf31a15e010a904f2d044fe9a0,26/06/2023 00:04:00,ESCANER
6751,"Chimaltenango",3,"Zaragoza",15,725,400,54,62,55,40,8,16,0,4,7,9,12,0,3,270,7,0,277,0,277,0,400,123,270,277,277,,1,d3536f0b712840dd92ddb670cb7d1f0506bdeb0e96edd75987548e3acd8db2d5,26/06/2023 01:58:57,ESCANER
6752,"Chimaltenango",3,"Zaragoza",15,725,400,52,46,44,24,13,13,4,1,18,8,11,3,2,239,12,2,253,0,253,0,400,147,239,253,253,,1,43a527816fad7f11f0f4cf31d4a4e5364d54a34e807ebc7ae83af8fcdfcc98b0,26/06/2023 01:26:30,ESCANER
6753,"Chimaltenango",3,"Zaragoza",15,725,400,52,40,36,28,6,14,9,6,6,8,28,0,2,235,6,0,241,0,241,0,400,159,235,241,241,,1,22f503bf47353530910f2d9417d280b9cb31abb2f5ef940f1809d57544bb4c6f,26/06/2023 03:06:28,ESCANER
6754,"Chimaltenango",3,"Zaragoza",15,725,400,70,51,34,30,10,25,7,2,6,5,13,2,4,259,5,0,264,0,264,--,400,136,259,264,264,Algún campo sin dato,1,b9c035f5d4303cdc83239c631c1843bfeef87ecfe008776d187ff40e81fad587,26/06/2023 02:57:13,ESCANER
6755,"Chimaltenango",3,"Zaragoza",15,725,400,71,54,33,41,6,14,4,5,8,11,21,2,2,272,2,1,275,0,275,0,400,125,272,275,275,,1,e77f46f080b45b95a9ffd9ad7ce88ae0e9e0660bad19af7de4191789a6fc4a23,26/06/2023 00:32:33,ESCANER
6756,"Chimaltenango",3,"Zaragoza",15,726,221,28,22,12,15,5,6,0,2,2,6,15,0,2,115,4,0,119,0,119,0,221,102,115,119,119,,1,afa9688815674271ca18be80a5a30b117734b5ad482d91db409ebaa195a947fc,25/06/2023 23:11:56,ESCANER
6757,"Chimaltenango",3,"Zaragoza",15,726,220,28,20,11,14,6,5,1,1,2,9,6,1,0,104,1,0,105,0,105,0,220,115,104,105,105,,1,94d35bb97c40190465187f2b883336ba70b922777e05dc08622e906cb25b12c2,25/06/2023 23:16:41,ESCANER
6758,"Chimaltenango",3,"Zaragoza",15,727,380,6,35,27,140,7,7,1,3,2,5,0,0,0,233,13,6,252,0,252,0,380,128,233,252,252,,1,b8da2864b743815a949b1b11c3fe42d303a29acfac2f177e775fdf62c382bda7,26/06/2023 00:59:34,ESCANER
6759,"Chimaltenango",3,"Zaragoza",15,727,376,2,49,24,124,4,4,0,7,4,1,0,0,0,219,13,4,236,0,236,--,376,140,219,236,236,Algún campo sin dato,1,c0d69ec60ec175fb9dd74749b1eec4614fc38ff1a7fdaef3568d50fda8c32aec,26/06/2023 00:20:02,ESCANER
6760,"Chimaltenango",3,"Zaragoza",15,727,375,5,43,26,114,5,1,3,2,1,6,0,0,0,206,7,4,217,0,217,0,375,158,206,217,217,,1,b3af45b1beba2765b0eb4bc1a19d5cee37f7b71f4529a1b279b04b0db786b247,26/06/2023 01:37:14,ESCANER
6761,"Chimaltenango",3,"Zaragoza",15,728,380,39,30,22,96,9,7,1,5,8,1,2,1,0,221,2,8,231,0,231,0,380,149,221,231,231,,1,342eb99ee84e4c0c1d7327b6c867a391a8b2024b2a9d0d604180bb62552a6ef2,26/06/2023 01:31:16,ESCANER
6762,"Chimaltenango",3,"Zaragoza",15,728,380,42,22,21,111,9,10,4,13,4,1,2,0,0,239,4,5,248,0,248,0,372,129,239,248,248,,1,23719cfc78b9963e504af237ce428a749601492fbf0b5d710eaced8dcfdba4c0,26/06/2023 01:19:03,ESCANER
6763,"Chimaltenango",3,"Zaragoza",15,728,380,56,37,43,98,5,15,1,3,3,1,4,0,1,267,18,2,287,0,287,0,377,90,267,287,287,,1,fab2159c5d8f6826052acd21f017b6b5851496d8dd64af246ab0c84c6ad1b723,26/06/2023 01:38:25,ESCANER
6764,"Chimaltenango",3,"Zaragoza",15,728,380,38,35,28,89,7,2,1,3,2,2,1,0,2,210,6,2,218,0,218,0,376,159,210,218,218,,1,adf4af07b960079d6a55305bac74bc6921a15f8501ce732e5419a86faff75edf,26/06/2023 02:15:54,ESCANER
6765,"Chimaltenango",3,"Zaragoza",15,728,246,16,25,17,57,3,3,1,3,1,3,2,1,0,133,2,0,135,0,135,--,246,111,132,134,134,Sumas Asentadas sin cuadrar,1,96ae2c2a8b6b590727e336d6a812d5961bfd51c7d059ef786fc1604c15a189f6,26/06/2023 03:27:21,ESCANER
6766,"Chimaltenango",3,"Zaragoza",15,728,246,22,22,14,64,2,8,1,3,2,2,2,0,0,142,4,2,148,0,148,0,243,95,142,148,148,,1,0c4aeda8099c1d014b28d86819879838de37b86b45c214efca9f49216a965edb,26/06/2023 01:33:00,ESCANER
6767,"Chimaltenango",3,"Zaragoza",15,729,388,26,27,25,23,5,6,2,1,1,4,10,1,0,131,5,2,138,0,138,0,--,--,131,138,138,Algún campo sin dato,1,c25835cd0bab3b916e53034d59666b21b235ece5b507e5e1ca368e9c7bf6fdeb,26/06/2023 01:43:03,ESCANER
6768,"Chimaltenango",3,"Zaragoza",15,729,388,27,11,12,15,4,5,1,1,2,3,6,0,2,89,3,1,93,0,93,0,388,295,89,93,93,,1,8fea31303a6fbd42e50c1dba5f77d5771ae6ef7278973bd644719f85658c6caf,26/06/2023 01:04:23,ESCANER