﻿TIPO_DE_ELECCIÓN:,CORPORACIÓN MUNICIPAL
26 junio 2023 03:36 (UTC -6)
ACTAS_ESPERADAS,ACTAS_CAPTURADAS,PORCENTAJE_ACTAS_CAPTURADAS,ACTAS_CONTABILIZADAS,PORCENTAJE_ACTAS_CONTABILIZADAS,ACTAS_NO_CONTABILIZADAS,LISTA_NOMINAL_ACTAS_CONTABILIZADAS,VOTOS_EMITIDOS_CONTABILIZADAS,PORCENTAJE_PARTICIPACIÓN_CIUDADANA
113,28,24.7787,28,24.7787,0,10104,6177,61.1342

MESA,DEPARTAMENTO,ID_DEPARTAMENTO,MUNICIPIO,ID_MUNICIPIO,CENTRO_DE_VOTACIÓN,PADRÓN,FCN-NACION,AZUL,PHG,CABAL,MLP,VIVA,VAMOS,ELEFANTE,U R N G - MAIZ,TODOS,UNE,SEMILLA,PPN,VOS,VALOR,CREO,P A N,BIEN,VÁLIDOS,NULOS,BLANCO,EMITIDOS,INVÁLIDOS,TOTAL,IMPUGNACIONES,PAPELETAS-RECIBIDAS,PAPELETAS-NO-USADAS,VALIDOS_CALCULADO,EMITIDOS_CALCULADO,TOTAL_CALCULADO,OBSERVACIONES,CONTABILIZADA,CÓDIGO_INTEGRIDAD,FECHA_HORA_PUBLICACIÓN,DIGITALIZACIÓN
19869,"Alta Verapaz",16,"Cahabón",12,3048,400,,,,,,,,,,,,,,,,,,,,,,,,,,,,,,,,0,,,
19870,"Alta Verapaz",16,"Cahabón",12,3048,400,,,,,,,,,,,,,,,,,,,,,,,,,,,,,,,,0,,,
19871,"Alta Verapaz",16,"Cahabón",12,3048,400,,,,,,,,,,,,,,,,,,,,,,,,,,,,,,,,0,,,
19872,"Alta Verapaz",16,"Cahabón",12,3049,400,,,,,,,,,,,,,,,,,,,,,,,,,,,,,,,,0,,,
19873,"Alta Verapaz",16,"Cahabón",12,3049,400,,,,,,,,,,,,,,,,,,,,,,,,,,,,,,,,0,,,
19874,"Alta Verapaz",16,"Cahabón",12,3049,400,,,,,,,,,,,,,,,,,,,,,,,,,,,,,,,,0,,,
19875,"Alta Verapaz",16,"Cahabón",12,3050,400,,,,,,,,,,,,,,,,,,,,,,,,,,,,,,,,0,,,
19876,"Alta Verapaz",16,"Cahabón",12,3051,400,,,,,,,,,,,,,,,,,,,,,,,,,,,,,,,,0,,,
19877,"Alta Verapaz",16,"Cahabón",12,3051,400,,,,,,,,,,,,,,,,,,,,,,,,,,,,,,,,0,,,
19878,"Alta Verapaz",16,"Cahabón",12,3051,400,,,,,,,,,,,,,,,,,,,,,,,,,,,,,,,,0,,,
19879,"Alta Verapaz",16,"Cahabón",12,3051,400,,,,,,,,,,,,,,,,,,,,,,,,,,,,,,,,0,,,
19880,"Alta Verapaz",16,"Cahabón",12,3051,400,,,,,,,,,,,,,,,,,,,,,,,,,,,,,,,,0,,,
19881,"Alta Verapaz",16,"Cahabón",12,3051,400,,,,,,,,,,,,,,,,,,,,,,,,,,,,,,,,0,,,
19882,"Alta Verapaz",16,"Cahabón",12,3052,400,,,,,,,,,,,,,,,,,,,,,,,,,,,,,,,,0,,,
19883,"Alta Verapaz",16,"Cahabón",12,3052,400,,,,,,,,,,,,,,,,,,,,,,,,,,,,,,,,0,,,
19884,"Alta Verapaz",16,"Cahabón",12,3053,400,,,,,,,,,,,,,,,,,,,,,,,,,,,,,,,,0,,,
19885,"Alta Verapaz",16,"Cahabón",12,3054,400,7,4,82,2,0,6,60,0,0,1,31,1,3,0,34,0,0,0,231,8,3,242,0,242,--,400,158,231,242,242,Algún campo sin dato,1,1a437539eb471ef98571f21ab525d56f2f391033add12ebbb86fec446c1081d8,26/06/2023 03:12:42,ESCANER
19886,"Alta Verapaz",16,"Cahabón",12,3054,400,,,,,,,,,,,,,,,,,,,,,,,,,,,,,,,,0,,,
19887,"Alta Verapaz",16,"Cahabón",12,3055,400,3,3,76,2,0,8,67,0,0,0,24,1,2,0,27,0,0,0,213,3,2,218,1,219,0,400,181,213,218,219,,1,e9a83dc09769133058adc2551d9b13c96a6565b17cc0a50d60cac48f6a2795c5,26/06/2023 00:42:02,ESCANER
19888,"Alta Verapaz",16,"Cahabón",12,3055,400,4,3,69,4,1,10,44,1,0,0,19,4,3,1,27,0,0,0,190,3,0,193,0,193,--,400,207,190,193,193,Algún campo sin dato,1,4efa0c61ff165063d85e67a8599a33cde46379ca98df54f6ddc0f44eacab9772,26/06/2023 03:19:21,ESCANER
19889,"Alta Verapaz",16,"Cahabón",12,3056,400,,,,,,,,,,,,,,,,,,,,,,,,,,,,,,,,0,,,
19890,"Alta Verapaz",16,"Cahabón",12,3056,400,,,,,,,,,,,,,,,,,,,,,,,,,,,,,,,,0,,,
19891,"Alta Verapaz",16,"Cahabón",12,3057,400,5,1,88,3,1,21,52,0,0,0,23,0,0,1,28,0,0,0,223,3,3,229,1,230,1,400,170,223,229,230,,1,4c9cf3d571d20ed231ca227e4c4bbd1b141a09fb84f49299d8a448f5f379627f,26/06/2023 02:00:17,ESCANER
19892,"Alta Verapaz",16,"Cahabón",12,3057,400,2,1,52,5,0,17,47,0,0,0,14,0,1,0,17,0,0,0,156,3,3,162,1,163,--,400,237,156,162,163,Algún campo sin dato,1,c4a19c414fe89e06d99a035a4998584cf9c8be06a063ada6e0d8afd67873829e,26/06/2023 01:58:26,ESCANER
19893,"Alta Verapaz",16,"Cahabón",12,3058,400,4,2,58,2,0,7,53,0,0,1,27,3,1,0,21,0,0,0,179,1,2,182,0,182,--,400,218,179,182,182,Algún campo sin dato,1,ded75dd11e6fd3fbddfdc5458d5e3211444749eef45023ba1ac9f3154a951268,26/06/2023 01:15:17,ESCANER
19894,"Alta Verapaz",16,"Cahabón",12,3058,369,3,0,54,4,0,10,46,0,0,0,31,0,1,0,26,0,0,0,175,3,1,179,0,179,--,369,190,175,179,179,Algún campo sin dato,1,ca1ed4b9268a177633e725ced70fa70f3819decb1e7f0975edd5eb79d1d8efa0,26/06/2023 00:43:47,ESCANER
19895,"Alta Verapaz",16,"Cahabón",12,3059,369,3,2,55,2,0,3,50,1,0,1,18,3,2,0,18,0,1,0,159,6,7,172,0,172,--,366,194,159,172,172,Algún campo sin dato,1,a58716c25f971384aa90786c25daf11670ffc328db9eb6368e3594e4e812c66d,26/06/2023 00:03:11,ESCANER
19896,"Alta Verapaz",16,"Cahabón",12,3060,400,,,,,,,,,,,,,,,,,,,,,,,,,,,,,,,,0,,,
19897,"Alta Verapaz",16,"Cahabón",12,3060,400,3,7,65,28,1,27,59,0,0,0,53,1,3,0,27,0,2,2,278,20,14,312,0,312,0,400,88,278,312,312,,1,d2a3ad2b6f64a1e5c35ed5ee3ec463d5c04657b06e05bb1056c0bbaff7c1612d,26/06/2023 03:21:46,ESCANER
19898,"Alta Verapaz",16,"Cahabón",12,3060,400,,,,,,,,,,,,,,,,,,,,,,,,,,,,,,,,0,,,
19899,"Alta Verapaz",16,"Cahabón",12,3060,400,,,,,,,,,,,,,,,,,,,,,,,,,,,,,,,,0,,,
19900,"Alta Verapaz",16,"Cahabón",12,3060,400,5,8,64,22,0,10,67,1,0,1,85,1,3,0,36,0,0,0,303,13,6,322,0,322,--,400,78,303,322,322,Algún campo sin dato,1,c58b6175057b85b7058523469ab4c6a44c5654e88f93c99018bd9ca2c751008a,26/06/2023 03:06:24,ESCANER
19901,"Alta Verapaz",16,"Cahabón",12,3060,400,,,,,,,,,,,,,,,,,,,,,,,,,,,,,,,,0,,,
19902,"Alta Verapaz",16,"Cahabón",12,3061,400,4,3,82,19,0,16,65,0,0,0,45,2,3,0,39,0,0,0,278,8,2,288,0,288,--,400,112,278,288,288,Algún campo sin dato,1,824a4b2e5f9134f75a4ca102ca644ed611f66323108baf3d914e76d5d7b309e8,26/06/2023 02:08:52,ESCANER
19903,"Alta Verapaz",16,"Cahabón",12,3061,400,3,7,61,19,0,9,60,0,0,0,45,1,1,0,31,0,0,0,237,12,4,253,0,253,--,400,147,237,253,253,Algún campo sin dato,1,736447b2466b9da632be3322ebe66d96447a79c6d569afd0b99153ff53824c5c,26/06/2023 02:16:27,ESCANER
19904,"Alta Verapaz",16,"Cahabón",12,3061,400,6,3,71,18,0,16,61,0,0,1,46,2,3,0,38,0,0,2,267,7,10,284,0,284,--,400,116,267,284,284,Algún campo sin dato,1,db88f839e913ef39f5f06614f84f208e50e2d70db731b68836cf145d12885e76,26/06/2023 02:06:50,ESCANER
19905,"Alta Verapaz",16,"Cahabón",12,3062,400,10,4,84,21,0,15,57,0,0,1,35,1,3,0,25,0,0,2,258,1,2,261,0,261,--,400,139,258,261,261,Algún campo sin dato,1,fbb58c6328ed7b173cbe8300230b39fb6be516c6c7c72950fdadc1fbb8d04f86,26/06/2023 00:53:04,ESCANER
19906,"Alta Verapaz",16,"Cahabón",12,3062,400,5,7,86,22,0,15,51,0,0,1,25,0,2,0,29,0,0,0,243,3,6,252,0,252,--,400,148,243,252,252,Algún campo sin dato,1,758a926899cf07377911c56fd1f271c56531c1ea7a7bcf5220a6242c7093a9df,26/06/2023 01:05:57,ESCANER
19907,"Alta Verapaz",16,"Cahabón",12,3062,400,3,0,78,22,1,9,57,0,0,0,48,0,3,0,23,0,0,0,244,6,4,254,1,255,--,400,145,244,254,255,Algún campo sin dato,1,3c689f6314b754bf8c6757e6b04750c1c3fe43ad6b1a3d143748e758014daa17,26/06/2023 02:51:38,ESCANER
19908,"Alta Verapaz",16,"Cahabón",12,3062,268,3,1,61,22,0,8,35,0,0,1,23,1,0,0,18,0,0,0,173,2,7,182,0,182,--,268,86,173,182,182,Algún campo sin dato,1,bfe46b2374820a48d17147d08ca95bd23ad475b3b92f442a79d89f5c632d5ea5,26/06/2023 00:40:17,ESCANER
19909,"Alta Verapaz",16,"Cahabón",12,3062,267,2,3,40,6,0,9,33,0,0,0,36,0,3,0,16,0,0,1,149,2,4,155,0,155,--,267,112,149,155,155,Algún campo sin dato,1,188a79be20dfd5fc158f766786cca680be0e76ceba07c4ae1d77adfecce158b8,26/06/2023 00:48:06,ESCANER
19910,"Alta Verapaz",16,"Cahabón",12,3063,380,,,,,,,,,,,,,,,,,,,,,,,,,,,,,,,,0,,,
19911,"Alta Verapaz",16,"Cahabón",12,3063,380,,,,,,,,,,,,,,,,,,,,,,,,,,,,,,,,0,,,
19912,"Alta Verapaz",16,"Cahabón",12,3063,380,,,,,,,,,,,,,,,,,,,,,,,,,,,,,,,,0,,,
19913,"Alta Verapaz",16,"Cahabón",12,3064,380,,,,,,,,,,,,,,,,,,,,,,,,,,,,,,,,0,,,
19914,"Alta Verapaz",16,"Cahabón",12,3064,380,,,,,,,,,,,,,,,,,,,,,,,,,,,,,,,,0,,,
19915,"Alta Verapaz",16,"Cahabón",12,3064,380,,,,,,,,,,,,,,,,,,,,,,,,,,,,,,,,0,,,
19916,"Alta Verapaz",16,"Cahabón",12,3065,369,,,,,,,,,,,,,,,,,,,,,,,,,,,,,,,,0,,,
19917,"Alta Verapaz",16,"Cahabón",12,3065,368,,,,,,,,,,,,,,,,,,,,,,,,,,,,,,,,0,,,
19918,"Alta Verapaz",16,"Cahabón",12,3066,380,,,,,,,,,,,,,,,,,,,,,,,,,,,,,,,,0,,,
19919,"Alta Verapaz",16,"Cahabón",12,3066,380,,,,,,,,,,,,,,,,,,,,,,,,,,,,,,,,0,,,
19920,"Alta Verapaz",16,"Cahabón",12,3066,380,,,,,,,,,,,,,,,,,,,,,,,,,,,,,,,,0,,,
19921,"Alta Verapaz",16,"Cahabón",12,3067,380,,,,,,,,,,,,,,,,,,,,,,,,,,,,,,,,0,,,
19922,"Alta Verapaz",16,"Cahabón",12,3067,380,,,,,,,,,,,,,,,,,,,,,,,,,,,,,,,,0,,,
19923,"Alta Verapaz",16,"Cahabón",12,3068,380,,,,,,,,,,,,,,,,,,,,,,,,,,,,,,,,0,,,
19924,"Alta Verapaz",16,"Cahabón",12,3068,380,,,,,,,,,,,,,,,,,,,,,,,,,,,,,,,,0,,,
19925,"Alta Verapaz",16,"Cahabón",12,3068,380,,,,,,,,,,,,,,,,,,,,,,,,,,,,,,,,0,,,
19926,"Alta Verapaz",16,"Cahabón",12,3069,380,,,,,,,,,,,,,,,,,,,,,,,,,,,,,,,,0,,,
19927,"Alta Verapaz",16,"Cahabón",12,3069,380,,,,,,,,,,,,,,,,,,,,,,,,,,,,,,,,0,,,
19928,"Alta Verapaz",16,"Cahabón",12,3069,380,,,,,,,,,,,,,,,,,,,,,,,,,,,,,,,,0,,,
19929,"Alta Verapaz",16,"Cahabón",12,3069,380,,,,,,,,,,,,,,,,,,,,,,,,,,,,,,,,0,,,
19930,"Alta Verapaz",16,"Cahabón",12,3069,380,,,,,,,,,,,,,,,,,,,,,,,,,,,,,,,,0,,,
19931,"Alta Verapaz",16,"Cahabón",12,3069,380,,,,,,,,,,,,,,,,,,,,,,,,,,,,,,,,0,,,
19932,"Alta Verapaz",16,"Cahabón",12,3069,380,,,,,,,,,,,,,,,,,,,,,,,,,,,,,,,,0,,,
19933,"Alta Verapaz",16,"Cahabón",12,3069,274,,,,,,,,,,,,,,,,,,,,,,,,,,,,,,,,0,,,
19934,"Alta Verapaz",16,"Cahabón",12,3069,273,,,,,,,,,,,,,,,,,,,,,,,,,,,,,,,,0,,,
19935,"Alta Verapaz",16,"Cahabón",12,3070,380,,,,,,,,,,,,,,,,,,,,,,,,,,,,,,,,0,,,
19936,"Alta Verapaz",16,"Cahabón",12,3070,380,,,,,,,,,,,,,,,,,,,,,,,,,,,,,,,,0,,,
19937,"Alta Verapaz",16,"Cahabón",12,3070,380,,,,,,,,,,,,,,,,,,,,,,,,,,,,,,,,0,,,
19938,"Alta Verapaz",16,"Cahabón",12,3070,380,,,,,,,,,,,,,,,,,,,,,,,,,,,,,,,,0,,,
19939,"Alta Verapaz",16,"Cahabón",12,3071,380,,,,,,,,,,,,,,,,,,,,,,,,,,,,,,,,0,,,
19940,"Alta Verapaz",16,"Cahabón",12,3071,380,,,,,,,,,,,,,,,,,,,,,,,,,,,,,,,,0,,,
19941,"Alta Verapaz",16,"Cahabón",12,3072,380,,,,,,,,,,,,,,,,,,,,,,,,,,,,,,,,0,,,
19942,"Alta Verapaz",16,"Cahabón",12,3072,380,,,,,,,,,,,,,,,,,,,,,,,,,,,,,,,,0,,,
19943,"Alta Verapaz",16,"Cahabón",12,3073,380,,,,,,,,,,,,,,,,,,,,,,,,,,,,,,,,0,,,
19944,"Alta Verapaz",16,"Cahabón",12,3073,380,,,,,,,,,,,,,,,,,,,,,,,,,,,,,,,,0,,,
19945,"Alta Verapaz",16,"Cahabón",12,3074,207,,,,,,,,,,,,,,,,,,,,,,,,,,,,,,,,0,,,
19946,"Alta Verapaz",16,"Cahabón",12,3074,207,,,,,,,,,,,,,,,,,,,,,,,,,,,,,,,,0,,,
19947,"Alta Verapaz",16,"Cahabón",12,3075,380,,,,,,,,,,,,,,,,,,,,,,,,,,,,,,,,0,,,
19948,"Alta Verapaz",16,"Cahabón",12,3075,380,,,,,,,,,,,,,,,,,,,,,,,,,,,,,,,,0,,,
19949,"Alta Verapaz",16,"Cahabón",12,3075,380,,,,,,,,,,,,,,,,,,,,,,,,,,,,,,,,0,,,
19950,"Alta Verapaz",16,"Cahabón",12,3076,380,,,,,,,,,,,,,,,,,,,,,,,,,,,,,,,,0,,,
19951,"Alta Verapaz",16,"Cahabón",12,3077,380,,,,,,,,,,,,,,,,,,,,,,,,,,,,,,,,0,,,
19952,"Alta Verapaz",16,"Cahabón",12,3077,380,,,,,,,,,,,,,,,,,,,,,,,,,,,,,,,,0,,,
19953,"Alta Verapaz",16,"Cahabón",12,3078,380,,,,,,,,,,,,,,,,,,,,,,,,,,,,,,,,0,,,
19954,"Alta Verapaz",16,"Cahabón",12,3078,288,,,,,,,,,,,,,,,,,,,,,,,,,,,,,,,,0,,,
19955,"Alta Verapaz",16,"Cahabón",12,3078,287,,,,,,,,,,,,,,,,,,,,,,,,,,,,,,,,0,,,
19956,"Alta Verapaz",16,"Cahabón",12,3079,380,,,,,,,,,,,,,,,,,,,,,,,,,,,,,,,,0,,,
19957,"Alta Verapaz",16,"Cahabón",12,3079,380,,,,,,,,,,,,,,,,,,,,,,,,,,,,,,,,0,,,
19958,"Alta Verapaz",16,"Cahabón",12,3080,380,,,,,,,,,,,,,,,,,,,,,,,,,,,,,,,,0,,,
19959,"Alta Verapaz",16,"Cahabón",12,3081,380,,,,,,,,,,,,,,,,,,,,,,,,,,,,,,,,0,,,
19960,"Alta Verapaz",16,"Cahabón",12,3082,380,,,,,,,,,,,,,,,,,,,,,,,,,,,,,,,,0,,,
19961,"Alta Verapaz",16,"Cahabón",12,3083,380,3,3,52,1,0,94,43,0,0,0,29,2,2,0,4,0,1,0,234,3,4,241,0,241,--,380,139,234,241,241,Algún campo sin dato,1,68ff5d8b63257f2b1d106364dd570c1c75ddf552dd80f60b5a44f751c7fb8664,26/06/2023 00:19:58,ESCANER
19962,"Alta Verapaz",16,"Cahabón",12,3083,304,1,1,46,2,0,46,46,0,0,0,16,2,0,0,5,0,0,0,165,3,4,172,0,172,--,304,132,165,172,172,Algún campo sin dato,1,d6891ba262ec6561f1b8a8a55997ef658fe4fe321b0c633ba29a241328a4adea,26/06/2023 00:26:23,ESCANER
19963,"Alta Verapaz",16,"Cahabón",12,3084,304,5,3,32,3,0,38,49,0,0,0,31,1,4,0,3,0,1,0,170,2,3,175,0,175,--,304,129,170,175,175,Algún campo sin dato,1,1b679a1974f441cd1cc85a034409b8bc8bca665020fbdc82ad4194d613a36bb4,25/06/2023 23:55:03,ESCANER
19964,"Alta Verapaz",16,"Cahabón",12,3085,380,,,,,,,,,,,,,,,,,,,,,,,,,,,,,,,,0,,,
19965,"Alta Verapaz",16,"Cahabón",12,3085,380,8,3,31,3,1,21,77,0,2,0,71,17,6,2,36,1,0,1,280,25,13,318,0,318,--,380,62,280,318,318,Algún campo sin dato,1,66cc48c6039d1a0895c4cad081b32f816bcc71775929a54af70dd6cef7a3a013,26/06/2023 03:06:39,ESCANER
19966,"Alta Verapaz",16,"Cahabón",12,3085,380,,,,,,,,,,,,,,,,,,,,,,,,,,,,,,,,0,,,
19967,"Alta Verapaz",16,"Cahabón",12,3085,380,9,1,27,3,2,19,80,0,1,0,58,1,10,6,51,0,0,1,269,20,8,297,0,297,--,377,80,269,297,297,Algún campo sin dato,1,bb5ad17b56052951b8895a2884c7f9a38eb3209645d97b8bcc855b0462882bb5,26/06/2023 02:22:58,ESCANER
19968,"Alta Verapaz",16,"Cahabón",12,3085,380,10,0,28,9,15,29,91,0,1,2,46,0,20,3,32,0,0,0,286,24,10,320,0,320,--,380,60,286,320,320,Algún campo sin dato,1,037a879f358ad4cbaf2e0b1df205098d99878b175615791a4b99250ad6b454f7,26/06/2023 02:02:36,ESCANER
19969,"Alta Verapaz",16,"Cahabón",12,3085,380,,,,,,,,,,,,,,,,,,,,,,,,,,,,,,,,0,,,
19970,"Alta Verapaz",16,"Cahabón",12,3085,380,,,,,,,,,,,,,,,,,,,,,,,,,,,,,,,,0,,,
19971,"Alta Verapaz",16,"Cahabón",12,3086,380,,,,,,,,,,,,,,,,,,,,,,,,,,,,,,,,0,,,
19972,"Alta Verapaz",16,"Cahabón",12,3087,380,3,2,29,1,3,16,73,0,0,0,23,1,7,3,53,0,0,0,214,4,3,221,0,221,--,380,159,214,221,221,Algún campo sin dato,1,25c47d2da3f51fc2a5b6f5fd48221162feed22883060a492a6ca4bbe81eb4a7c,26/06/2023 02:38:07,ESCANER
19973,"Alta Verapaz",16,"Cahabón",12,3087,204,1,0,20,2,1,8,28,0,0,0,22,1,5,0,31,0,0,0,119,7,3,129,0,129,--,204,75,119,129,129,Algún campo sin dato,1,cb8320260462afbf0edbbab3df0f8a47d36b1028d31cfba4a3cab46882b60d3a,26/06/2023 02:03:26,ESCANER
19974,"Alta Verapaz",16,"Cahabón",12,3088,204,6,0,18,2,1,9,43,0,0,0,28,3,2,1,12,0,0,0,125,4,2,131,0,131,--,204,73,125,131,131,Algún campo sin dato,1,3393bda48406b4a1ffd1749406e0faf94ee8bf62de5f88a320c229c782aebcb5,26/06/2023 02:01:56,ESCANER
19975,"Alta Verapaz",16,"Cahabón",12,3089,380,,,,,,,,,,,,,,,,,,,,,,,,,,,,,,,,0,,,
19976,"Alta Verapaz",16,"Cahabón",12,3089,380,,,,,,,,,,,,,,,,,,,,,,,,,,,,,,,,0,,,
19977,"Alta Verapaz",16,"Cahabón",12,3090,380,,,,,,,,,,,,,,,,,,,,,,,,,,,,,,,,0,,,
19978,"Alta Verapaz",16,"Cahabón",12,3090,380,,,,,,,,,,,,,,,,,,,,,,,,,,,,,,,,0,,,
19979,"Alta Verapaz",16,"Cahabón",12,3091,235,,,,,,,,,,,,,,,,,,,,,,,,,,,,,,,,0,,,
19980,"Alta Verapaz",16,"Cahabón",12,3091,234,,,,,,,,,,,,,,,,,,,,,,,,,,,,,,,,0,,,
19981,"Alta Verapaz",16,"Cahabón",12,3092,315,1,4,10,2,0,1,5,0,0,0,5,0,1,0,3,0,0,0,32,0,1,33,0,33,--,315,282,32,33,33,Algún campo sin dato,1,a55ba2254d5629338d01518da7971f7241646bc6bcbbff53f58a4674f931ed0b,25/06/2023 21:30:16,ESCANER