﻿TIPO_DE_ELECCIÓN:,CORPORACIÓN MUNICIPAL
26 junio 2023 03:36 (UTC -6)
ACTAS_ESPERADAS,ACTAS_CAPTURADAS,PORCENTAJE_ACTAS_CAPTURADAS,ACTAS_CONTABILIZADAS,PORCENTAJE_ACTAS_CONTABILIZADAS,ACTAS_NO_CONTABILIZADAS,LISTA_NOMINAL_ACTAS_CONTABILIZADAS,VOTOS_EMITIDOS_CONTABILIZADAS,PORCENTAJE_PARTICIPACIÓN_CIUDADANA
53,53,100.0000,53,100.0000,0,20428,12618,61.7681

MESA,DEPARTAMENTO,ID_DEPARTAMENTO,MUNICIPIO,ID_MUNICIPIO,CENTRO_DE_VOTACIÓN,PADRÓN,AZUL,CAMBIO,VALOR,CABAL,VAMOS,VICTORIA,SEMILLA,PPN,CCM,WINAQ,P A N,BIEN,UNE,UR,PHG,VÁLIDOS,NULOS,BLANCO,EMITIDOS,INVÁLIDOS,TOTAL,IMPUGNACIONES,PAPELETAS-RECIBIDAS,PAPELETAS-NO-USADAS,VALIDOS_CALCULADO,EMITIDOS_CALCULADO,TOTAL_CALCULADO,OBSERVACIONES,CONTABILIZADA,CÓDIGO_INTEGRIDAD,FECHA_HORA_PUBLICACIÓN,DIGITALIZACIÓN
23449,"Jalapa",21,"Monjas",6,3687,400,14,5,27,44,84,4,12,0,35,5,1,7,11,1,3,253,18,4,275,0,275,--,400,125,253,275,275,Algún campo sin dato,1,f1f69042a8a7a620e59697f6b92af5af2bb68af4d6b9dd5705c9f24d6ddc29cb,26/06/2023 02:31:06,ESCANER
23450,"Jalapa",21,"Monjas",6,3687,400,7,7,28,48,62,5,14,0,42,3,0,6,10,0,0,232,14,6,252,0,252,--,400,148,232,252,252,Algún campo sin dato,1,e68b2e06db270f7fd3d27ec05bd7e9ec2fe531722240dea2ea8966bf7394a13f,25/06/2023 23:00:34,ESCANER
23451,"Jalapa",21,"Monjas",6,3687,400,17,5,28,57,75,3,5,1,47,0,0,5,10,0,0,253,18,4,275,0,275,--,400,125,253,275,275,Algún campo sin dato,1,c2e9e60fb4fbfa19f2678b2efc6338f8edcdb420cca2e73646ebeb62e943d202,26/06/2023 03:08:00,ESCANER
23452,"Jalapa",21,"Monjas",6,3687,400,15,6,35,29,54,4,12,1,52,3,0,3,7,0,3,224,9,2,235,0,235,--,400,165,224,235,235,Algún campo sin dato,1,5ee455b368cc8694c0a4516b464a8dc3f1a0ccaba1cbbe751a25159e1f7b0df0,25/06/2023 23:13:51,ESCANER
23453,"Jalapa",21,"Monjas",6,3687,400,15,10,26,47,60,3,13,1,49,3,1,6,9,2,1,246,13,2,261,0,261,--,400,139,246,261,261,Algún campo sin dato,1,b17fd2011538165f280a37d05a8f7600b72da6b8a16909f57a6325d5084f27c5,26/06/2023 01:04:07,ESCANER
23454,"Jalapa",21,"Monjas",6,3687,400,12,7,24,38,66,8,9,0,57,0,2,9,9,2,1,244,7,5,256,0,256,--,400,144,244,256,256,Algún campo sin dato,1,c79dab8c11a495992b95a6ec3d90c2ce2d1436ed0f1f825b28555503171ef801,26/06/2023 01:53:44,ESCANER
23455,"Jalapa",21,"Monjas",6,3687,400,13,5,44,46,57,2,11,0,35,4,1,1,14,1,1,235,4,2,241,0,241,--,400,159,235,241,241,Algún campo sin dato,1,481710acb68d055118a8e9fb612cb5c57e5a34fe8c94fc02884d9a7b854bf3ce,26/06/2023 00:22:08,ESCANER
23456,"Jalapa",21,"Monjas",6,3687,210,6,2,24,16,47,2,10,1,14,1,0,1,4,0,1,129,3,0,132,0,132,--,209,77,129,132,132,Algún campo sin dato,1,48ade7436cb9e57ed7e4fba30818ab083755a969f256007066b4caca5eecc400,25/06/2023 23:06:24,ESCANER
23457,"Jalapa",21,"Monjas",6,3687,210,6,1,19,21,26,4,4,1,22,1,0,2,7,0,2,116,0,0,116,0,116,--,210,94,116,116,116,Algún campo sin dato,1,370fb6c4d4364cb10998d8ab4bb710529d6e59ddb8cb8bc37299d279d7f0f1e6,25/06/2023 22:31:28,ESCANER
23458,"Jalapa",21,"Monjas",6,3688,400,14,2,40,28,71,11,8,2,52,1,3,8,16,0,3,259,17,9,285,0,285,--,400,115,259,285,285,Algún campo sin dato,1,cfb6ef02358cf1ef1c603218ec4285d7f61f50a0c2ccea00d6166cd1a1246884,26/06/2023 01:36:32,ESCANER
23459,"Jalapa",21,"Monjas",6,3688,400,13,5,46,33,53,9,9,0,63,0,0,13,9,3,2,258,20,6,284,0,284,--,400,116,258,284,284,Algún campo sin dato,1,1f213e3809c6fdddff0b9274ef783291b3f01b3f9a63cef6dac2495f37a3cbb2,26/06/2023 02:17:21,ESCANER
23460,"Jalapa",21,"Monjas",6,3688,400,10,4,40,59,48,8,11,3,62,1,1,9,8,2,1,267,19,4,290,0,290,--,400,110,267,290,290,Algún campo sin dato,1,1f7948e505fddaa4d8bdf98d4c38e6bd31cce54384b5ed65cec6b4220038cf18,26/06/2023 00:44:44,ESCANER
23461,"Jalapa",21,"Monjas",6,3688,400,9,8,40,43,63,11,7,2,51,0,2,7,10,3,4,260,18,10,288,0,288,--,400,112,260,288,288,Algún campo sin dato,1,444a194709555f7df9c18cbf72674f8fe0da2dce34a175076b17c3ccabe09542,26/06/2023 00:35:44,ESCANER
23462,"Jalapa",21,"Monjas",6,3688,400,3,5,48,34,75,4,5,0,52,1,2,12,11,0,1,253,8,3,264,0,264,--,400,136,253,264,264,Algún campo sin dato,1,ae193871dda6d38c40e47830263da6d4c0ea6d707c108212fd381fb72d6dcc3a,26/06/2023 01:41:23,ESCANER
23463,"Jalapa",21,"Monjas",6,3688,400,5,2,57,44,62,3,6,1,57,1,0,8,12,3,0,261,15,1,277,0,277,--,400,123,261,277,277,Algún campo sin dato,1,97ec7913bd14e242ee15a4d43dd7bf21f66c4d689b47a09caa7c1894fc30557c,26/06/2023 00:53:10,ESCANER
23464,"Jalapa",21,"Monjas",6,3688,400,9,6,45,37,66,9,4,1,45,2,1,8,12,1,3,249,16,3,249,0,268,--,400,132,249,268,268,Sumas Asentadas sin cuadrar,1,16cde388b3da1d47115ea1e6901b9f9a93d5f5ab38c583ca328120f2c207a7be,26/06/2023 02:16:15,ESCANER
23465,"Jalapa",21,"Monjas",6,3688,400,6,10,43,29,74,10,3,1,56,1,3,7,16,3,2,264,10,4,278,0,278,--,400,122,264,278,278,Algún campo sin dato,1,dedd94748508ddb9972d9e918b7761af9d3041acbc72dd33d3e627c9b43adaea,26/06/2023 01:59:53,ESCANER
23466,"Jalapa",21,"Monjas",6,3688,400,5,7,40,52,73,12,4,0,54,0,0,8,13,0,4,272,13,7,292,0,292,--,400,108,272,292,292,Algún campo sin dato,1,2853be17324126d6f601cc52c3d773c12151f68c577f2eaa2790b383acf076cd,26/06/2023 00:31:27,ESCANER
23467,"Jalapa",21,"Monjas",6,3688,400,11,6,42,23,56,4,3,2,53,3,1,13,8,0,3,228,12,5,245,0,245,--,400,155,228,245,245,Algún campo sin dato,1,dbadafb5a5370a5285ef99eb695ff7989441ad62f5ecb9bf42c24071f462f9a5,26/06/2023 01:15:47,ESCANER
23468,"Jalapa",21,"Monjas",6,3688,400,3,2,60,42,52,4,11,0,55,0,0,3,9,3,4,248,9,1,258,0,258,1,400,142,248,258,258,,1,71754eaf5b97e1ce430a81ffa153948d5ac0e341e5621e70f94176c6363391f9,26/06/2023 01:29:42,ESCANER
23469,"Jalapa",21,"Monjas",6,3688,400,3,2,73,28,49,12,6,0,50,1,0,10,11,2,4,251,6,5,262,0,262,1,400,137,251,262,262,,1,733e7d4385c1232d33c99aba19059ac4c21ab643c4db3f08a8ed0cc48ad05002,26/06/2023 02:09:32,ESCANER
23470,"Jalapa",21,"Monjas",6,3688,232,2,5,42,21,41,7,2,0,32,1,0,3,8,1,2,167,0,0,167,0,167,--,232,65,167,167,167,Algún campo sin dato,1,ca263e6f8a7ad09b386516e178c08d05965b7afd7981de14581d017cc4a5aaa7,25/06/2023 23:47:00,ESCANER
23471,"Jalapa",21,"Monjas",6,3688,231,4,2,28,18,30,3,1,0,28,1,0,1,4,1,2,123,3,0,126,0,126,--,231,105,123,126,126,Algún campo sin dato,1,342b9362ef6ea35493683aedbf29dde4ca0c570692bf92dd2f7caa196b062870,25/06/2023 23:21:18,ESCANER
23472,"Jalapa",21,"Monjas",6,3689,400,11,4,43,37,52,6,10,0,47,2,0,8,11,0,1,232,21,6,259,0,259,--,400,141,232,259,259,Algún campo sin dato,1,d84d02171ffb3a902b8d50423a1fbab4db35629af4dc8df598bba38134b4d4ab,26/06/2023 00:20:45,ESCANER
23473,"Jalapa",21,"Monjas",6,3689,400,19,5,51,58,39,6,11,4,54,1,0,1,10,4,0,263,10,0,273,0,273,--,400,127,263,273,273,Algún campo sin dato,1,f96a64fe2cebb2d7c234a0f2313940da02f47e6604723bab785d09bd702e4bfd,25/06/2023 23:47:47,ESCANER
23474,"Jalapa",21,"Monjas",6,3689,400,16,3,43,56,52,13,5,2,58,2,2,3,15,5,0,275,21,5,301,0,301,--,400,99,275,301,301,Algún campo sin dato,1,fba22b53e9bbfccd10f8d0c570400d15a74aa210eb76dbb9bf0f0e348171feb6,26/06/2023 00:39:54,ESCANER
23475,"Jalapa",21,"Monjas",6,3689,400,15,3,37,54,52,5,7,3,65,0,0,10,13,1,0,265,12,5,282,0,282,1,400,118,265,282,282,,1,0e9698e763c6cbdebe054d821ff6fb32d6854847209ded3bbee6f68b6ab5aca8,26/06/2023 00:36:40,ESCANER
23476,"Jalapa",21,"Monjas",6,3689,400,3,3,31,57,74,10,11,4,51,2,0,3,14,0,2,265,12,6,283,0,283,--,400,117,265,283,283,Algún campo sin dato,1,2f36d768c43f0378de1b418389b7f4b61a7ffe1966f7dd694823690de659220e,26/06/2023 01:44:47,ESCANER
23477,"Jalapa",21,"Monjas",6,3689,400,6,1,44,45,47,7,9,1,46,0,0,7,7,1,1,222,16,2,240,0,240,--,400,160,222,240,240,Algún campo sin dato,1,4d3a75d962acc939b33e2562a95a502aa30c1b1221c4b49415237451ad035cfc,25/06/2023 23:20:33,ESCANER
23478,"Jalapa",21,"Monjas",6,3689,400,6,1,35,43,43,7,8,1,53,0,1,7,17,0,3,225,8,6,239,0,239,--,400,161,225,239,239,Algún campo sin dato,1,b9dfe092d160dcd551d30b4e89d01924ac87bd27b82e11ea47778041aa4686a9,25/06/2023 23:41:32,ESCANER
23479,"Jalapa",21,"Monjas",6,3689,400,6,4,29,60,54,12,4,2,69,0,1,6,17,1,1,266,9,7,282,0,282,--,397,115,266,282,282,Algún campo sin dato,1,6c84d5cff646e1d5cc25cfb0c97cd4a1826bc2cb44430b03cacf1f34b6be0dad,26/06/2023 01:13:42,ESCANER
23480,"Jalapa",21,"Monjas",6,3689,400,5,3,30,76,47,7,9,5,55,1,0,7,16,4,2,267,14,5,286,0,286,--,400,114,267,286,286,Algún campo sin dato,1,82b7198c5f69b0883622cd8783759b67ae81178e8f8c330c8d24b897da80c179,26/06/2023 02:00:37,ESCANER
23481,"Jalapa",21,"Monjas",6,3689,400,15,2,32,69,53,7,11,4,38,2,1,6,17,0,3,260,10,7,277,0,277,--,400,123,260,277,277,Algún campo sin dato,1,2a7384aaa61998886e9e83c240bea43a7ca01439eb49d0c16b87628e3059ce7f,26/06/2023 01:27:23,ESCANER
23482,"Jalapa",21,"Monjas",6,3689,400,12,2,36,51,46,11,5,2,49,0,0,7,6,1,0,228,14,8,250,0,250,--,400,150,228,250,250,Algún campo sin dato,1,63315cfbfa3950862f150967dea33ecdda904deb0bd15991abdac39409b85437,26/06/2023 01:58:48,ESCANER
23483,"Jalapa",21,"Monjas",6,3689,400,8,5,34,64,54,11,11,3,37,1,1,4,16,0,5,254,5,0,259,0,259,--,400,141,254,259,259,Algún campo sin dato,1,3955641f554aa913784d7292924525e7847079d5681b86199ee1414aaaa58ac2,25/06/2023 23:54:04,ESCANER
23484,"Jalapa",21,"Monjas",6,3689,400,2,2,70,48,42,7,9,3,41,4,1,4,9,1,1,244,4,2,250,0,250,--,400,150,244,250,250,Algún campo sin dato,1,e69a1b11b2e17748b2494ac58a96c5ef0383a9baff5fff19ce58382f3105ce43,26/06/2023 00:55:00,ESCANER
23485,"Jalapa",21,"Monjas",6,3689,400,9,4,64,58,42,5,7,3,46,0,0,4,16,0,1,259,4,0,263,0,263,--,400,137,259,263,263,Algún campo sin dato,1,4c297fdccbb67550a7de0c543b2e8c23bf0bb7d09c99b7076d0e65cc4ab65b35,26/06/2023 01:16:23,ESCANER
23486,"Jalapa",21,"Monjas",6,3689,220,4,2,32,27,20,4,8,0,22,0,0,4,6,1,1,131,2,1,134,0,134,--,220,86,131,134,134,Algún campo sin dato,1,4ab1deec7921734315ba896632b21ca35b2e8a96b76194beecf80a95a573481b,25/06/2023 21:35:17,ESCANER
23487,"Jalapa",21,"Monjas",6,3689,219,5,1,13,19,14,3,5,1,30,0,0,4,5,0,2,102,7,4,113,0,113,0,219,106,102,113,113,,1,2cced9db864956a083f63efbc26d56c609cd57c09eee72ce6221ecf9bbfb04f5,25/06/2023 20:44:50,ESCANER
23488,"Jalapa",21,"Monjas",6,3690,400,6,6,25,34,85,11,5,5,32,0,1,17,4,0,3,234,20,9,263,0,263,--,400,137,234,263,263,Algún campo sin dato,1,b3c77262d5549265553549c836bf092bae32ce24c00f50e6ecd09bef165e4ec2,26/06/2023 00:57:21,ESCANER
23489,"Jalapa",21,"Monjas",6,3690,400,4,7,35,34,108,8,4,2,37,1,0,9,4,2,2,257,14,5,276,0,276,--,396,120,257,276,276,Algún campo sin dato,1,2023368c9eb86248bd96fe00a72d3954a19942a873dfba2f8ffdc980ceb1c58e,26/06/2023 01:17:45,ESCANER
23490,"Jalapa",21,"Monjas",6,3690,400,5,6,31,34,97,9,6,1,34,1,1,12,9,1,0,247,11,6,264,0,264,1,400,136,247,264,264,,1,bc15c4360c09a308603f7e5fc395258fe46b9d0c24ece32f0f45aea695a3d74f,26/06/2023 03:02:48,ESCANER
23491,"Jalapa",21,"Monjas",6,3690,400,5,5,30,39,82,18,13,5,24,0,1,22,7,1,2,254,16,10,280,0,280,--,400,120,254,280,280,Algún campo sin dato,1,d0bdfc58292638b33bd38ca3ed6372e6ce1a2c14bf1b505181bc13938c9f94ff,26/06/2023 01:08:28,ESCANER
23492,"Jalapa",21,"Monjas",6,3690,400,2,2,43,21,68,5,15,2,23,0,1,7,1,2,0,192,13,4,209,0,209,--,400,191,192,209,209,Algún campo sin dato,1,5d9884184f83c24fc22830f21848de145cc7517233aede51fafd1d54dc7ef17b,26/06/2023 00:55:56,ESCANER
23493,"Jalapa",21,"Monjas",6,3690,400,6,3,34,35,80,6,3,3,33,0,0,10,4,0,1,218,19,3,240,0,240,--,--,--,218,240,240,Algún campo sin dato,1,849f1353d3407e482d9cc2ef0635358ab9a35b48ee746ef9fb7f7a26dac0d17b,25/06/2023 23:33:02,ESCANER
23494,"Jalapa",21,"Monjas",6,3690,400,2,6,33,31,79,11,4,1,37,1,0,25,9,1,4,244,11,3,258,0,258,--,400,142,244,258,258,Algún campo sin dato,1,0155a4104940704a65228bb8d779246f02ac89c133d627884f75fc4f1f7eb631,26/06/2023 02:04:39,ESCANER
23495,"Jalapa",21,"Monjas",6,3690,400,7,4,28,47,80,11,5,3,35,1,1,8,4,1,0,235,9,3,247,0,247,--,400,150,235,247,247,Algún campo sin dato,1,a75ed13daa8cb1d663db63e48a5ea0711ae9c814e13f4af6a5129a62d37ea3e6,26/06/2023 00:26:51,ESCANER
23496,"Jalapa",21,"Monjas",6,3690,400,7,7,49,23,97,6,11,3,35,1,0,10,9,1,1,260,7,1,268,0,268,--,400,132,260,268,268,Algún campo sin dato,1,e0fe258fc5dd8d12093da2594624c5b746fbc4458d0e6abb79955287ba6d020d,26/06/2023 00:11:03,ESCANER
23497,"Jalapa",21,"Monjas",6,3690,346,2,3,43,24,79,6,12,2,25,0,0,7,7,0,2,212,5,0,217,0,217,--,346,129,212,217,217,Algún campo sin dato,1,57958754190fcb0d4bbbb86212ba6441df7c899f5fae6cc71d9d582fc53d2b8f,26/06/2023 00:35:47,ESCANER
23498,"Jalapa",21,"Monjas",6,3690,345,0,2,28,12,77,8,0,1,17,2,1,8,1,0,1,158,5,0,163,0,163,--,345,182,158,163,163,Algún campo sin dato,1,e84fe9f33fb651bee9295d93e7350e479a7e9d06fbabb3f1a50a1eaa0f3cacd0,25/06/2023 23:58:11,ESCANER
23499,"Jalapa",21,"Monjas",6,3691,600,6,7,11,26,37,7,11,1,40,1,2,11,13,0,1,174,8,6,188,0,188,--,600,412,174,188,188,Algún campo sin dato,1,ae10bf91ce7eaaefa28f80127f94bd913f0e2b0ce067e1225402ebe423822c0b,26/06/2023 02:23:01,ESCANER
23500,"Jalapa",21,"Monjas",6,3691,508,4,1,6,11,21,2,1,0,22,2,0,5,4,1,0,80,4,8,92,0,92,--,508,416,80,92,92,Algún campo sin dato,1,d3eda5185a7c579b82741d3812e2625aaf872592c551d1354062d677b1ff0e09,26/06/2023 00:37:50,ESCANER
23501,"Jalapa",21,"Monjas",6,3691,507,3,4,3,4,10,0,0,0,9,0,0,0,1,0,0,34,1,0,35,0,35,--,507,472,34,35,35,Algún campo sin dato,1,03a5efe81f154c9f43fab1e7fe9a42fe1ff75184622b8a6d95c953a753f72515,25/06/2023 22:32:52,ESCANER