﻿TIPO_DE_ELECCIÓN:,CORPORACIÓN MUNICIPAL
26 junio 2023 03:36 (UTC -6)
ACTAS_ESPERADAS,ACTAS_CAPTURADAS,PORCENTAJE_ACTAS_CAPTURADAS,ACTAS_CONTABILIZADAS,PORCENTAJE_ACTAS_CONTABILIZADAS,ACTAS_NO_CONTABILIZADAS,LISTA_NOMINAL_ACTAS_CONTABILIZADAS,VOTOS_EMITIDOS_CONTABILIZADAS,PORCENTAJE_PARTICIPACIÓN_CIUDADANA
303,148,48.8448,148,48.8448,0,57372,32779,57.1341

MESA,DEPARTAMENTO,ID_DEPARTAMENTO,MUNICIPIO,ID_MUNICIPIO,CENTRO_DE_VOTACIÓN,PADRÓN,TODOS,VALOR UNIONISTA,VICTORIA,VAMOS,UR,PHG,MLP,PODEMOS,MI FAMILIA,PPN,CREO,URNG-MAIZ WINAQ,CABAL,UNE,BIEN,ELEFANTE,SBX,AZUL,PX,FCN-NACION,PR,VIVA,SEMILLA,CAMBIO,VOS,VÁLIDOS,NULOS,BLANCO,EMITIDOS,INVÁLIDOS,TOTAL,IMPUGNACIONES,PAPELETAS-RECIBIDAS,PAPELETAS-NO-USADAS,VALIDOS_CALCULADO,EMITIDOS_CALCULADO,TOTAL_CALCULADO,OBSERVACIONES,CONTABILIZADA,CÓDIGO_INTEGRIDAD,FECHA_HORA_PUBLICACIÓN,DIGITALIZACIÓN
10407,"Quetzaltenango",9,"Quetzaltenango",1,1373,400,,,,,,,,,,,,,,,,,,,,,,,,,,,,,,,,,,,,,,,0,,,
10408,"Quetzaltenango",9,"Quetzaltenango",1,1373,400,2,25,8,17,5,68,6,0,10,3,10,0,7,8,5,1,29,1,19,5,4,2,10,1,12,258,14,1,273,0,273,--,401,128,258,273,273,Algún campo sin dato,1,fb532c12360e95c1637efe369aba79cc821d9e806a3a01d73ddcf75397fa5bf9,26/06/2023 02:57:02,ESCANER
10409,"Quetzaltenango",9,"Quetzaltenango",1,1373,400,6,36,11,12,4,77,2,0,4,5,11,4,5,12,2,0,35,5,10,7,5,3,11,0,9,276,8,1,--,0,285,0,398,112,276,285,285,Algún campo sin dato,1,cd221885471cbc86e0e9c1b65fab57826d5b8bc8a1c34ba9800ba46542230214,26/06/2023 03:10:34,ESCANER
10410,"Quetzaltenango",9,"Quetzaltenango",1,1373,400,10,27,13,13,5,80,15,1,4,1,5,6,5,6,4,1,25,3,16,3,3,5,13,--,7,271,19,2,292,0,292,--,400,108,271,292,292,Algún campo sin dato,1,50ef574580c786a80e09310a72a092ecae9f857f01d0b2647cd42b5daa2e8b6a,26/06/2023 03:13:10,ESCANER
10411,"Quetzaltenango",9,"Quetzaltenango",1,1373,400,5,31,10,7,3,69,14,0,10,7,10,2,6,8,2,2,40,4,15,2,3,4,9,2,4,269,14,3,286,0,286,--,400,114,269,286,286,Algún campo sin dato,1,857b7d5a129d4c513694a2c73498fcfb4988a3fe630ef04a706b23e18dbfb7b0,26/06/2023 02:55:37,ESCANER
10412,"Quetzaltenango",9,"Quetzaltenango",1,1373,400,6,28,4,11,3,85,5,0,16,5,8,2,8,13,5,0,30,1,13,1,3,2,9,1,7,266,19,2,287,0,287,--,400,113,266,287,287,Algún campo sin dato,1,e014c337e0d94bec7bdfd80c9ab75fb0f89f6ac882e20ac3f2dc49578f10c480,26/06/2023 02:21:31,ESCANER
10413,"Quetzaltenango",9,"Quetzaltenango",1,1374,400,,,,,,,,,,,,,,,,,,,,,,,,,,,,,,,,,,,,,,,0,,,
10414,"Quetzaltenango",9,"Quetzaltenango",1,1374,400,,,,,,,,,,,,,,,,,,,,,,,,,,,,,,,,,,,,,,,0,,,
10415,"Quetzaltenango",9,"Quetzaltenango",1,1374,400,,,,,,,,,,,,,,,,,,,,,,,,,,,,,,,,,,,,,,,0,,,
10416,"Quetzaltenango",9,"Quetzaltenango",1,1374,400,,,,,,,,,,,,,,,,,,,,,,,,,,,,,,,,,,,,,,,0,,,
10417,"Quetzaltenango",9,"Quetzaltenango",1,1374,400,6,36,7,13,3,65,7,0,8,6,11,5,5,7,10,1,31,2,16,1,1,1,12,3,4,272,11,0,272,0,272,--,400,128,261,272,272,Sumas Asentadas sin cuadrar,1,9a5c07e4aa9d0227ba7a4c335774a6153fc57e9ddf4f36c08f37e0282e13b162,26/06/2023 02:43:35,ESCANER
10418,"Quetzaltenango",9,"Quetzaltenango",1,1374,400,11,22,8,10,2,77,7,0,11,2,13,3,4,6,5,2,26,3,15,4,3,1,15,1,3,254,8,2,264,0,264,--,400,136,254,264,264,Algún campo sin dato,1,721898f8f30aae7393daeb2f6b4f2fa9b0c2d23fea44cd6388588198951ed3a3,26/06/2023 01:12:31,ESCANER
10419,"Quetzaltenango",9,"Quetzaltenango",1,1374,400,5,26,13,9,3,77,15,1,8,2,11,4,2,11,2,1,30,5,21,1,4,3,8,3,2,277,8,4,289,0,289,--,400,111,267,279,279,Sumas Asentadas sin cuadrar,1,d41106c05f8922e92b0bffb5c2d02bf3151b7b7ee162a868a590168005117cdd,26/06/2023 02:31:10,ESCANER
10420,"Quetzaltenango",9,"Quetzaltenango",1,1374,400,5,28,5,7,5,68,10,0,11,3,8,3,6,14,6,2,40,2,10,4,1,3,11,3,6,261,15,2,278,0,278,--,400,122,261,278,278,Algún campo sin dato,1,06b1e5fde5f61e517ddeced9dd18802ac5449792d4bbe83945bbe89dbc5e02b0,26/06/2023 02:56:58,ESCANER
10421,"Quetzaltenango",9,"Quetzaltenango",1,1374,400,8,32,9,12,1,68,11,0,12,4,18,4,4,4,2,2,31,3,14,5,3,4,9,3,3,266,11,2,279,0,279,--,400,121,266,279,279,Algún campo sin dato,1,07b730c5f18a927e67e5b06a150c6350aa6d247172aed7f2181c6d7d72cd75f8,26/06/2023 02:11:56,ESCANER
10422,"Quetzaltenango",9,"Quetzaltenango",1,1374,400,,,,,,,,,,,,,,,,,,,,,,,,,,,,,,,,,,,,,,,0,,,
10423,"Quetzaltenango",9,"Quetzaltenango",1,1374,400,10,25,10,8,1,71,14,1,8,1,8,5,8,7,5,2,40,4,10,3,4,4,11,3,4,269,13,0,284,0,284,--,400,116,267,280,280,Sumas Asentadas sin cuadrar,1,69195fc865f347bcc49960e399496711b1511586af46f345b1df74534080b316,26/06/2023 03:35:06,ESCANER
10424,"Quetzaltenango",9,"Quetzaltenango",1,1374,400,,,,,,,,,,,,,,,,,,,,,,,,,,,,,,,,,,,,,,,0,,,
10425,"Quetzaltenango",9,"Quetzaltenango",1,1375,400,4,23,6,11,2,75,10,2,13,2,10,3,11,5,9,4,36,1,17,0,7,5,8,6,2,272,13,1,286,0,286,--,400,114,272,286,286,Algún campo sin dato,1,58d0290ec3ef605bd2ac7aa164d2598c59add81c5c54346a45cf0e86059e70f5,26/06/2023 02:05:57,ESCANER
10426,"Quetzaltenango",9,"Quetzaltenango",1,1375,400,7,29,6,12,2,72,5,0,10,1,14,5,6,17,2,3,32,6,11,4,3,3,6,4,4,259,8,1,268,0,268,--,400,132,264,273,273,Sumas Asentadas sin cuadrar,1,b4f593073fe3200db5433522c1c97642832d0b7a782e23c1eb324b27312d81f4,26/06/2023 02:27:52,ESCANER
10427,"Quetzaltenango",9,"Quetzaltenango",1,1375,400,8,35,3,7,3,60,4,0,4,5,3,2,4,5,7,0,62,0,15,1,4,3,11,2,10,258,1,4,263,0,263,--,--,--,258,263,263,Algún campo sin dato,1,3906889620703d9fd38c3a28705140eaed162c37bd92ad585618966d684a9e32,26/06/2023 03:33:59,ESCANER
10428,"Quetzaltenango",9,"Quetzaltenango",1,1375,400,3,18,5,9,4,67,2,0,9,6,7,4,4,2,5,0,62,3,15,1,5,3,9,2,2,247,4,0,251,0,251,--,400,149,247,251,251,Algún campo sin dato,1,1f296f4ba7808cd1126a1123ce9e8ee5d3f486a1f2cb12a1b70a7d878ae0ee6b,26/06/2023 01:31:35,ESCANER
10429,"Quetzaltenango",9,"Quetzaltenango",1,1375,400,4,22,1,8,3,58,10,0,11,2,5,5,9,2,2,1,48,1,16,2,6,3,9,2,9,239,7,0,246,0,246,--,400,154,239,246,246,Algún campo sin dato,1,b4c86504214e13e68fd6a9c6309ef62544a2ab76046246cb269707ff70280fc5,26/06/2023 03:06:58,ESCANER
10430,"Quetzaltenango",9,"Quetzaltenango",1,1375,400,5,27,12,8,3,66,3,0,7,5,9,7,2,7,6,6,38,1,13,3,4,1,12,2,4,251,8,2,261,0,261,--,400,139,251,261,261,Algún campo sin dato,1,f83fe7472d60a2beaedb4919304b1e54ba14dd00ba0a23cb3a031803f704dd87,26/06/2023 01:43:32,ESCANER
10431,"Quetzaltenango",9,"Quetzaltenango",1,1376,400,,,,,,,,,,,,,,,,,,,,,,,,,,,,,,,,,,,,,,,0,,,
10432,"Quetzaltenango",9,"Quetzaltenango",1,1376,400,,,,,,,,,,,,,,,,,,,,,,,,,,,,,,,,,,,,,,,0,,,
10433,"Quetzaltenango",9,"Quetzaltenango",1,1376,400,,,,,,,,,,,,,,,,,,,,,,,,,,,,,,,,,,,,,,,0,,,
10434,"Quetzaltenango",9,"Quetzaltenango",1,1376,400,,,,,,,,,,,,,,,,,,,,,,,,,,,,,,,,,,,,,,,0,,,
10435,"Quetzaltenango",9,"Quetzaltenango",1,1376,400,,,,,,,,,,,,,,,,,,,,,,,,,,,,,,,,,,,,,,,0,,,
10436,"Quetzaltenango",9,"Quetzaltenango",1,1376,400,,,,,,,,,,,,,,,,,,,,,,,,,,,,,,,,,,,,,,,0,,,
10437,"Quetzaltenango",9,"Quetzaltenango",1,1377,400,4,23,7,9,1,60,13,3,11,3,8,7,9,10,7,0,40,1,22,2,5,2,6,1,3,257,6,2,265,0,265,11,401,136,257,265,265,,1,b924c5803e2f0f4c7983c15708b8d8bf3b5fb7ecc7744c2c92b13f5cc3b57843,26/06/2023 03:27:28,ESCANER
10438,"Quetzaltenango",9,"Quetzaltenango",1,1377,400,,,,,,,,,,,,,,,,,,,,,,,,,,,,,,,,,,,,,,,0,,,
10439,"Quetzaltenango",9,"Quetzaltenango",1,1377,400,,,,,,,,,,,,,,,,,,,,,,,,,,,,,,,,,,,,,,,0,,,
10440,"Quetzaltenango",9,"Quetzaltenango",1,1377,400,,,,,,,,,,,,,,,,,,,,,,,,,,,,,,,,,,,,,,,0,,,
10441,"Quetzaltenango",9,"Quetzaltenango",1,1377,400,,,,,,,,,,,,,,,,,,,,,,,,,,,,,,,,,,,,,,,0,,,
10442,"Quetzaltenango",9,"Quetzaltenango",1,1377,400,,,,,,,,,,,,,,,,,,,,,,,,,,,,,,,,,,,,,,,0,,,
10443,"Quetzaltenango",9,"Quetzaltenango",1,1378,400,9,18,2,17,3,86,6,0,8,1,12,10,2,9,3,0,46,4,13,2,1,0,11,6,5,274,8,5,287,0,287,--,400,113,274,287,287,Algún campo sin dato,1,1984f23f4c57e9917692d5954f8c6dd85e49d86a347f353661c5da205f47ebbf,26/06/2023 00:46:30,ESCANER
10444,"Quetzaltenango",9,"Quetzaltenango",1,1378,400,9,30,9,12,3,64,9,2,12,1,15,3,3,8,3,5,45,1,13,3,1,1,11,4,5,272,4,1,277,0,277,--,400,123,272,277,277,Algún campo sin dato,1,fb69f77aacb095851b9706b220988f1ab84476fc6cce7b4271e3543cd6187d84,26/06/2023 03:08:54,ESCANER
10445,"Quetzaltenango",9,"Quetzaltenango",1,1378,400,10,29,5,11,0,75,13,0,11,3,11,4,4,9,4,4,40,0,21,0,2,5,8,3,4,281,10,2,293,1,294,--,--,--,276,288,289,Sumas Asentadas sin cuadrar,1,1f03a1c6186d62d54c43555a59018ec0e1c1b4f4adde257a28582bf1cb3b84a6,26/06/2023 03:25:09,ESCANER
10446,"Quetzaltenango",9,"Quetzaltenango",1,1378,400,2,30,3,8,1,80,4,0,6,3,11,7,6,13,8,1,43,3,21,1,3,2,11,3,5,277,7,3,287,0,287,--,400,113,275,285,285,Sumas Asentadas sin cuadrar,1,5bb301bcff757413a699eeb68b0dc27242d383e2302c3db624ae8cb33b6f92ce,26/06/2023 01:51:17,ESCANER
10447,"Quetzaltenango",9,"Quetzaltenango",1,1378,400,,,,,,,,,,,,,,,,,,,,,,,,,,,,,,,,,,,,,,,0,,,
10448,"Quetzaltenango",9,"Quetzaltenango",1,1378,400,11,33,7,10,3,66,6,2,9,6,10,3,3,7,8,3,36,4,17,1,3,2,11,2,4,267,9,0,276,--,276,--,400,124,267,276,276,Algún campo sin dato,1,b592f3ac1b55fcfe6b7021c1e112431cbb9d9ad16f7ce6e5a98f2b4b8c8492a7,26/06/2023 01:38:40,ESCANER
10449,"Quetzaltenango",9,"Quetzaltenango",1,1379,400,5,24,7,12,1,89,12,1,6,--,20,--,1,9,8,3,33,2,18,3,2,--,7,4,4,271,12,--,283,--,283,--,400,117,271,283,283,Algún campo sin dato,1,02e6e0ee69b11b99893458c455662291488ab64c5cccc5f21ebccf0e7c45882d,26/06/2023 02:53:46,ESCANER
10450,"Quetzaltenango",9,"Quetzaltenango",1,1379,400,,,,,,,,,,,,,,,,,,,,,,,,,,,,,,,,,,,,,,,0,,,
10451,"Quetzaltenango",9,"Quetzaltenango",1,1379,400,5,35,10,8,3,70,7,2,6,5,11,3,3,7,6,4,40,1,9,2,3,2,7,6,7,262,9,2,273,0,273,1,400,126,262,273,273,,1,0bcf044c8b94f6866d9ebb054c358469ae67d9016d70ec13ea65d8eb55bc084b,26/06/2023 02:07:49,ESCANER
10452,"Quetzaltenango",9,"Quetzaltenango",1,1379,400,5,26,7,15,5,57,6,0,9,5,11,4,3,6,8,2,30,3,14,2,2,2,4,4,5,235,7,5,247,0,247,--,400,153,235,247,247,Algún campo sin dato,1,2c15582490b41146f32e328c969ffc8fd91bc2d504e752fb1ead2e587dc51f05,26/06/2023 02:54:37,ESCANER
10453,"Quetzaltenango",9,"Quetzaltenango",1,1379,400,7,31,8,7,0,76,8,0,7,2,9,4,3,5,4,1,25,4,15,3,2,1,6,4,3,235,12,0,247,0,247,--,400,153,235,247,247,Algún campo sin dato,1,737383ee23c0f81068e6afb7061606180bfd733795df1652edb3937e043b15ac,26/06/2023 00:54:32,ESCANER
10454,"Quetzaltenango",9,"Quetzaltenango",1,1379,400,7,32,9,2,0,59,16,0,5,12,8,4,3,12,4,5,31,2,12,7,2,1,10,4,3,250,11,1,262,0,262,--,400,138,250,262,262,Algún campo sin dato,1,c72e1dddf187885fee518aaaa3b510ac3567266a6ccb37705029d800863c14c3,26/06/2023 03:30:54,ESCANER
10455,"Quetzaltenango",9,"Quetzaltenango",1,1379,400,7,26,8,5,1,64,6,1,4,4,11,4,1,3,2,2,32,2,9,1,7,2,8,3,8,221,8,2,231,0,231,--,400,169,221,231,231,Algún campo sin dato,1,749740bff41ef35d0695f938c75bbfb369d59b894598d1df943472efe6f5fdca,26/06/2023 03:16:28,ESCANER
10456,"Quetzaltenango",9,"Quetzaltenango",1,1379,400,6,28,5,9,0,43,7,0,9,5,14,4,2,8,3,2,50,1,21,1,3,1,8,4,8,242,6,2,250,0,--,--,--,--,242,250,250,Algún campo sin dato,1,29aebee1241afc2288226a0e93add828d0d7fce1c30866933be95184cdce0f00,26/06/2023 02:56:01,ESCANER
10457,"Quetzaltenango",9,"Quetzaltenango",1,1379,400,7,19,3,23,0,61,2,0,12,6,14,2,6,7,6,2,49,0,14,0,2,4,11,1,8,259,12,0,271,0,271,--,400,129,259,271,271,Algún campo sin dato,1,72585599fcc77a10e698b9cfd48f67e296a6529538ea81b2e6cb4042e916e3f0,26/06/2023 03:00:29,ESCANER
10458,"Quetzaltenango",9,"Quetzaltenango",1,1379,400,6,28,5,7,2,64,3,0,5,2,10,1,4,5,5,0,60,1,14,4,3,1,17,6,5,258,8,0,266,0,266,--,400,134,258,266,266,Algún campo sin dato,1,40b4b2a292b76998ee0a5bca06a99235749b209211632641f8b61f7269003b15,26/06/2023 03:07:46,ESCANER
10459,"Quetzaltenango",9,"Quetzaltenango",1,1379,400,,,,,,,,,,,,,,,,,,,,,,,,,,,,,,,,,,,,,,,0,,,
10460,"Quetzaltenango",9,"Quetzaltenango",1,1379,400,6,37,6,7,3,42,4,0,8,4,6,2,7,1,7,0,47,3,7,3,3,0,15,3,2,232,8,1,232,0,232,--,--,--,223,232,232,Sumas Asentadas sin cuadrar,1,ee1dfba3e85b280669d7b21a73313d9258c5459143889d0fb1a8ebe3ae5be7a0,26/06/2023 01:14:03,ESCANER
10461,"Quetzaltenango",9,"Quetzaltenango",1,1380,400,8,21,4,5,2,49,6,0,5,1,5,1,3,3,3,3,78,1,7,4,1,0,24,1,13,248,4,0,252,0,252,--,400,148,248,252,252,Algún campo sin dato,1,ecfaa1ffbc31c046b4656decccb1b1f05bab3f5879c00830bd9ed2ea681db2c8,26/06/2023 01:47:21,ESCANER
10462,"Quetzaltenango",9,"Quetzaltenango",1,1380,400,8,16,5,7,3,64,7,0,11,4,10,6,3,6,4,0,75,3,7,2,5,0,15,8,2,271,5,0,276,0,276,--,400,124,271,276,276,Algún campo sin dato,1,80103f61c489832a6301598c8e221d6b8d9ddddd60d61da5f542d1345392a2a8,26/06/2023 03:09:41,ESCANER
10463,"Quetzaltenango",9,"Quetzaltenango",1,1380,400,5,28,3,4,1,61,5,1,6,1,7,3,6,4,1,2,54,1,14,2,1,3,27,4,5,249,4,0,253,0,253,--,--,--,249,253,253,Algún campo sin dato,1,3d7f6f5ddc105ff321bd28cb65dc07f96f0dd71feccaee80ff8a927702d082ba,26/06/2023 01:41:24,ESCANER
10464,"Quetzaltenango",9,"Quetzaltenango",1,1380,400,4,20,2,5,3,45,5,0,8,5,12,4,0,5,2,0,61,1,6,0,1,1,19,2,3,214,5,0,219,0,219,--,400,181,214,219,219,Algún campo sin dato,1,d9a3fb0d0e1b6a049d4ba6256a6ed910bc496dfe191535ad7ad3ad2a2a2cf968,26/06/2023 02:52:39,ESCANER
10465,"Quetzaltenango",9,"Quetzaltenango",1,1380,400,6,14,3,10,4,52,6,0,5,3,8,4,6,5,5,0,82,1,11,1,0,1,25,2,9,263,9,1,273,0,273,--,400,127,263,273,273,Algún campo sin dato,1,8eea91fb7873603aa163cb63937506f4da77ad59f5a9e4d451ca8d78f4253bd7,26/06/2023 02:39:38,ESCANER
10466,"Quetzaltenango",9,"Quetzaltenango",1,1380,400,4,25,5,8,1,49,5,1,19,4,5,4,4,3,0,1,58,1,16,1,5,2,17,6,1,246,0,0,246,0,246,400,4,154,245,245,245,Sumas Asentadas sin cuadrar,1,9168c52ec660088946058f1d211f7efed705de9d6f97c97a75b5ff6d8bd929d5,26/06/2023 01:40:20,ESCANER
10467,"Quetzaltenango",9,"Quetzaltenango",1,1381,400,2,18,5,11,2,36,2,0,5,2,4,2,4,4,2,1,54,1,21,4,2,1,22,1,3,209,5,0,214,0,214,--,400,186,209,214,214,Algún campo sin dato,1,4cddda099db203fb177d34f71964c8a058e56549c267b1ebac1cf642ec0dedf9,26/06/2023 02:27:56,ESCANER
10468,"Quetzaltenango",9,"Quetzaltenango",1,1381,400,,,,,,,,,,,,,,,,,,,,,,,,,,,,,,,,,,,,,,,0,,,
10469,"Quetzaltenango",9,"Quetzaltenango",1,1381,376,,,,,,,,,,,,,,,,,,,,,,,,,,,,,,,,,,,,,,,0,,,
10470,"Quetzaltenango",9,"Quetzaltenango",1,1381,376,,,,,,,,,,,,,,,,,,,,,,,,,,,,,,,,,,,,,,,0,,,
10471,"Quetzaltenango",9,"Quetzaltenango",1,1382,255,2,22,1,6,0,15,1,0,2,1,5,35,3,2,2,0,8,1,3,0,2,2,4,1,3,121,6,6,133,0,133,--,255,122,121,133,133,Algún campo sin dato,1,de32f61b2e0c5141de4eee65a3df554de193542e1480e68be743ca7aa0dbc597,26/06/2023 02:48:18,ESCANER
10472,"Quetzaltenango",9,"Quetzaltenango",1,1382,254,0,8,1,6,2,26,0,0,4,4,1,27,2,3,3,0,13,0,9,2,1,0,7,0,3,122,4,0,126,0,126,--,254,128,122,126,126,Algún campo sin dato,1,cdd6ae2f950be6af3d627262937c40f621354dd75f64f8b9b8a80519b06b96c8,26/06/2023 03:07:58,ESCANER
10473,"Quetzaltenango",9,"Quetzaltenango",1,1383,400,,,,,,,,,,,,,,,,,,,,,,,,,,,,,,,,,,,,,,,0,,,
10474,"Quetzaltenango",9,"Quetzaltenango",1,1383,400,,,,,,,,,,,,,,,,,,,,,,,,,,,,,,,,,,,,,,,0,,,
10475,"Quetzaltenango",9,"Quetzaltenango",1,1383,400,,,,,,,,,,,,,,,,,,,,,,,,,,,,,,,,,,,,,,,0,,,
10476,"Quetzaltenango",9,"Quetzaltenango",1,1383,400,,,,,,,,,,,,,,,,,,,,,,,,,,,,,,,,,,,,,,,0,,,
10477,"Quetzaltenango",9,"Quetzaltenango",1,1383,400,,,,,,,,,,,,,,,,,,,,,,,,,,,,,,,,,,,,,,,0,,,
10478,"Quetzaltenango",9,"Quetzaltenango",1,1383,400,,,,,,,,,,,,,,,,,,,,,,,,,,,,,,,,,,,,,,,0,,,
10479,"Quetzaltenango",9,"Quetzaltenango",1,1384,400,,,,,,,,,,,,,,,,,,,,,,,,,,,,,,,,,,,,,,,0,,,
10480,"Quetzaltenango",9,"Quetzaltenango",1,1384,400,,,,,,,,,,,,,,,,,,,,,,,,,,,,,,,,,,,,,,,0,,,
10481,"Quetzaltenango",9,"Quetzaltenango",1,1384,400,,,,,,,,,,,,,,,,,,,,,,,,,,,,,,,,,,,,,,,0,,,
10482,"Quetzaltenango",9,"Quetzaltenango",1,1384,400,,,,,,,,,,,,,,,,,,,,,,,,,,,,,,,,,,,,,,,0,,,
10483,"Quetzaltenango",9,"Quetzaltenango",1,1384,400,,,,,,,,,,,,,,,,,,,,,,,,,,,,,,,,,,,,,,,0,,,
10484,"Quetzaltenango",9,"Quetzaltenango",1,1384,400,,,,,,,,,,,,,,,,,,,,,,,,,,,,,,,,,,,,,,,0,,,
10485,"Quetzaltenango",9,"Quetzaltenango",1,1384,400,,,,,,,,,,,,,,,,,,,,,,,,,,,,,,,,,,,,,,,0,,,
10486,"Quetzaltenango",9,"Quetzaltenango",1,1385,400,4,24,7,14,3,46,4,0,5,7,7,4,6,6,0,2,26,6,6,1,3,4,9,4,2,200,13,7,220,0,220,--,400,180,200,220,220,Algún campo sin dato,1,c1d471a5eb1de00c9b8d6afccc85378177caa59556725dd57e13dfb02b161350,26/06/2023 03:31:59,ESCANER
10487,"Quetzaltenango",9,"Quetzaltenango",1,1385,400,,,,,,,,,,,,,,,,,,,,,,,,,,,,,,,,,,,,,,,0,,,
10488,"Quetzaltenango",9,"Quetzaltenango",1,1385,400,1,23,5,8,3,48,5,0,5,7,4,0,4,8,3,0,46,2,8,1,1,1,21,2,6,193,6,1,220,0,220,--,400,180,212,219,219,Sumas Asentadas sin cuadrar,1,9b801266b35531e465544c4b2486efb74543fb8549f078ab27f915a5abe777c9,26/06/2023 01:13:03,ESCANER
10489,"Quetzaltenango",9,"Quetzaltenango",1,1385,400,,,,,,,,,,,,,,,,,,,,,,,,,,,,,,,,,,,,,,,0,,,
10490,"Quetzaltenango",9,"Quetzaltenango",1,1385,400,6,20,5,5,0,38,0,1,5,6,4,0,3,6,3,0,40,0,9,3,1,0,24,2,3,184,5,1,190,0,190,--,400,210,184,190,190,Algún campo sin dato,1,b5bb5ddb1d87aaca006d616ca398c7de432d14f15d8b8bf5f09c8be50040f7c8,26/06/2023 01:25:36,ESCANER
10491,"Quetzaltenango",9,"Quetzaltenango",1,1385,293,,,,,,,,,,,,,,,,,,,,,,,,,,,,,,,,,,,,,,,0,,,
10492,"Quetzaltenango",9,"Quetzaltenango",1,1385,292,1,14,4,3,0,23,5,1,2,4,5,3,2,7,1,2,19,2,11,2,3,0,9,1,3,127,3,0,130,0,130,--,--,--,127,130,130,Algún campo sin dato,1,833e8d7df00390b782bafc361d2ddfee9acb68d595eeda15eb969b28c4eb827e,26/06/2023 02:33:55,ESCANER
10493,"Quetzaltenango",9,"Quetzaltenango",1,1386,400,8,16,5,11,3,81,9,1,10,3,17,8,4,11,2,2,53,4,15,3,1,2,13,5,5,292,9,0,301,0,301,--,400,99,292,301,301,Algún campo sin dato,1,9eaa37eda477b75579dc11607b86791aed4cac11febf6ac08024106eb22366d7,26/06/2023 01:45:33,ESCANER
10494,"Quetzaltenango",9,"Quetzaltenango",1,1386,213,2,20,2,4,2,50,5,0,1,1,10,1,1,5,1,0,15,0,13,4,2,2,4,1,3,152,3,0,155,0,155,--,212,57,149,152,152,Sumas Asentadas sin cuadrar,1,3036e8fea1b0c4baaf33a6b081fcf9e2ce8a8bf34ae8ac7fc1b41a0f275a2660,26/06/2023 02:18:49,ESCANER
10495,"Quetzaltenango",9,"Quetzaltenango",1,1386,212,3,15,1,2,0,43,4,0,3,0,7,2,1,1,1,1,22,1,5,1,1,2,5,0,4,125,7,0,132,0,132,--,209,77,125,132,132,Algún campo sin dato,1,afd09f9365cfb71b2cace1c5cc004d8d62b0b7c8feccde331a525d0db4e0bd73,26/06/2023 02:27:06,ESCANER
10496,"Quetzaltenango",9,"Quetzaltenango",1,1387,400,,,,,,,,,,,,,,,,,,,,,,,,,,,,,,,,,,,,,,,0,,,
10497,"Quetzaltenango",9,"Quetzaltenango",1,1387,400,,,,,,,,,,,,,,,,,,,,,,,,,,,,,,,,,,,,,,,0,,,
10498,"Quetzaltenango",9,"Quetzaltenango",1,1387,400,10,23,6,13,5,66,5,2,10,3,12,7,5,12,0,1,36,2,3,1,2,1,6,2,6,262,13,1,262,0,262,--,400,138,239,253,253,Sumas Asentadas sin cuadrar,1,4d6721cf4aafadb3ba96676296dfa37904ecde1f1d9262ca99f765397928d8d8,26/06/2023 02:59:00,ESCANER
10499,"Quetzaltenango",9,"Quetzaltenango",1,1387,400,,,,,,,,,,,,,,,,,,,,,,,,,,,,,,,,,,,,,,,0,,,
10500,"Quetzaltenango",9,"Quetzaltenango",1,1387,400,,,,,,,,,,,,,,,,,,,,,,,,,,,,,,,,,,,,,,,0,,,
10501,"Quetzaltenango",9,"Quetzaltenango",1,1387,400,,,,,,,,,,,,,,,,,,,,,,,,,,,,,,,,,,,,,,,0,,,
10502,"Quetzaltenango",9,"Quetzaltenango",1,1387,400,,,,,,,,,,,,,,,,,,,,,,,,,,,,,,,,,,,,,,,0,,,
10503,"Quetzaltenango",9,"Quetzaltenango",1,1387,400,,,,,,,,,,,,,,,,,,,,,,,,,,,,,,,,,,,,,,,0,,,
10504,"Quetzaltenango",9,"Quetzaltenango",1,1387,400,,,,,,,,,,,,,,,,,,,,,,,,,,,,,,,,,,,,,,,0,,,
10505,"Quetzaltenango",9,"Quetzaltenango",1,1387,400,,,,,,,,,,,,,,,,,,,,,,,,,,,,,,,,,,,,,,,0,,,
10506,"Quetzaltenango",9,"Quetzaltenango",1,1387,400,,,,,,,,,,,,,,,,,,,,,,,,,,,,,,,,,,,,,,,0,,,
10507,"Quetzaltenango",9,"Quetzaltenango",1,1387,400,7,41,1,9,3,56,6,0,6,3,10,6,4,10,6,3,57,3,12,2,1,1,9,1,5,262,11,0,273,0,273,--,399,126,262,273,273,Algún campo sin dato,1,beb607ea90bdf4fa4aee3956a8ddc9a3d3ef553a228766653188c299600821c6,26/06/2023 02:44:40,ESCANER
10508,"Quetzaltenango",9,"Quetzaltenango",1,1388,400,5,15,2,9,2,87,10,0,8,9,9,2,4,9,5,0,44,1,7,1,2,5,12,2,1,251,5,5,261,0,261,--,400,139,251,261,261,Algún campo sin dato,1,8549ae92cda01bd1b1ec25e38f68269d15404bfa72eac313a80b54afd645aceb,26/06/2023 02:29:46,ESCANER
10509,"Quetzaltenango",9,"Quetzaltenango",1,1388,400,,,,,,,,,,,,,,,,,,,,,,,,,,,,,,,,,,,,,,,0,,,
10510,"Quetzaltenango",9,"Quetzaltenango",1,1388,400,9,18,2,11,2,75,13,--,3,2,9,3,5,10,4,--,37,3,12,4,1,3,13,--,6,245,12,0,257,0,257,--,400,143,245,257,257,Algún campo sin dato,1,4f3d85caa1c63b27483478172060a6076dffc293d91590c0d4a69fe342da079b,26/06/2023 01:48:05,ESCANER
10511,"Quetzaltenango",9,"Quetzaltenango",1,1388,400,11,28,1,13,5,75,5,1,3,4,20,3,6,6,4,2,43,2,7,4,1,5,10,3,4,266,12,1,279,0,279,--,400,121,266,279,279,Algún campo sin dato,1,be5261d03cf8424f66cf6bf44296e17038cd4e6f25819a76be2439ad50c24642,26/06/2023 03:17:19,ESCANER
10512,"Quetzaltenango",9,"Quetzaltenango",1,1388,400,9,32,4,15,2,77,6,0,3,1,14,2,5,5,3,2,55,5,12,2,0,6,10,0,6,276,12,1,289,0,289,--,400,111,276,289,289,Algún campo sin dato,1,c3fb7b588bc3e8f01ab387b1481cd4e774522c58734beea2c82224fbc062fd67,26/06/2023 02:18:31,ESCANER
10513,"Quetzaltenango",9,"Quetzaltenango",1,1388,400,6,23,2,14,2,68,9,0,11,4,19,4,4,10,2,0,57,1,18,3,1,3,7,0,5,272,5,1,278,0,278,--,400,122,273,279,279,Sumas Asentadas sin cuadrar,1,74f7c10b9347887c3a13661b0b69776ef33957042c53938dae8c7fe150fb2667,26/06/2023 03:08:38,ESCANER
10514,"Quetzaltenango",9,"Quetzaltenango",1,1389,400,,,,,,,,,,,,,,,,,,,,,,,,,,,,,,,,,,,,,,,0,,,
10515,"Quetzaltenango",9,"Quetzaltenango",1,1389,400,,,,,,,,,,,,,,,,,,,,,,,,,,,,,,,,,,,,,,,0,,,
10516,"Quetzaltenango",9,"Quetzaltenango",1,1389,400,,,,,,,,,,,,,,,,,,,,,,,,,,,,,,,,,,,,,,,0,,,
10517,"Quetzaltenango",9,"Quetzaltenango",1,1389,400,,,,,,,,,,,,,,,,,,,,,,,,,,,,,,,,,,,,,,,0,,,
10518,"Quetzaltenango",9,"Quetzaltenango",1,1389,400,,,,,,,,,,,,,,,,,,,,,,,,,,,,,,,,,,,,,,,0,,,
10519,"Quetzaltenango",9,"Quetzaltenango",1,1389,400,,,,,,,,,,,,,,,,,,,,,,,,,,,,,,,,,,,,,,,0,,,
10520,"Quetzaltenango",9,"Quetzaltenango",1,1389,400,,,,,,,,,,,,,,,,,,,,,,,,,,,,,,,,,,,,,,,0,,,
10521,"Quetzaltenango",9,"Quetzaltenango",1,1389,400,,,,,,,,,,,,,,,,,,,,,,,,,,,,,,,,,,,,,,,0,,,
10522,"Quetzaltenango",9,"Quetzaltenango",1,1390,400,8,29,3,6,1,49,5,0,2,1,5,0,2,13,2,1,86,2,10,0,1,1,20,2,2,251,3,0,254,0,254,--,400,146,251,254,254,Algún campo sin dato,1,bd2286a76c121050d44ed76e873311a13165bcd40808b2df7b399585ac6b77c2,26/06/2023 02:56:07,ESCANER
10523,"Quetzaltenango",9,"Quetzaltenango",1,1390,228,4,18,2,4,1,29,5,3,1,3,4,2,1,8,1,0,29,0,6,1,2,2,14,0,6,146,4,0,150,0,150,--,228,78,146,150,150,Algún campo sin dato,1,85e7c97284ccce23c3c287a10addcb7a83b9ed06e9bb35e54ec50c8cc131ce22,26/06/2023 03:12:00,ESCANER
10524,"Quetzaltenango",9,"Quetzaltenango",1,1390,228,3,9,1,2,1,20,1,0,2,1,2,2,1,6,2,0,24,0,3,1,0,0,7,2,0,90,4,0,94,0,94,--,228,134,90,94,94,Algún campo sin dato,1,b65123b31d22c57c749e826a40512792a12e548f2b4f8b7e2de1f4c485504fc4,26/06/2023 03:24:25,ESCANER
10525,"Quetzaltenango",9,"Quetzaltenango",1,1391,400,10,22,7,18,0,86,8,0,6,4,13,2,3,4,3,1,56,1,12,4,2,2,13,4,2,283,23,0,306,0,306,--,400,94,283,306,306,Algún campo sin dato,1,b107bdaa6b37f9af33e6c5698890b28c6e7e7fec0386102ae07d469b0cd3794c,26/06/2023 02:36:54,ESCANER
10526,"Quetzaltenango",9,"Quetzaltenango",1,1391,275,7,16,2,7,0,63,4,0,6,1,8,0,3,4,5,2,36,1,8,1,2,0,9,5,6,196,6,0,202,0,202,--,275,73,196,202,202,Algún campo sin dato,1,e769883834a3c2e672c7b5eeb593bfb6fb81aa0a62e19afb798b9689687dfbe7,26/06/2023 00:50:17,ESCANER
10527,"Quetzaltenango",9,"Quetzaltenango",1,1391,275,6,15,3,7,1,49,5,0,5,0,8,0,1,4,0,1,68,1,7,2,0,1,17,2,2,205,8,0,213,0,213,--,275,62,205,213,213,Algún campo sin dato,1,a1006a23f0c627834ba34dec87a18bdd9b2c950da3cec2f22e3707b0d047eca5,26/06/2023 01:30:44,ESCANER
10528,"Quetzaltenango",9,"Quetzaltenango",1,1392,400,,,,,,,,,,,,,,,,,,,,,,,,,,,,,,,,,,,,,,,0,,,
10529,"Quetzaltenango",9,"Quetzaltenango",1,1392,400,7,44,10,8,2,61,9,0,9,3,5,5,5,13,4,4,34,1,32,0,5,5,10,5,4,285,15,0,300,0,300,--,400,100,285,300,300,Algún campo sin dato,1,dc7649fb167f025b33637cec8eef9146c537584bf4fca9279c4d0aa8764c5534,26/06/2023 02:50:50,ESCANER
10530,"Quetzaltenango",9,"Quetzaltenango",1,1392,400,5,26,8,10,2,56,10,1,14,3,7,6,6,11,7,3,42,1,28,2,2,3,11,3,6,272,9,2,283,0,283,--,400,117,273,284,284,Sumas Asentadas sin cuadrar,1,15ca7ce528bb2231326be559305c37f8d4691884da91328ceee5c4a2ce1a29aa,26/06/2023 03:01:56,ESCANER
10531,"Quetzaltenango",9,"Quetzaltenango",1,1392,400,,,,,,,,,,,,,,,,,,,,,,,,,,,,,,,,,,,,,,,0,,,
10532,"Quetzaltenango",9,"Quetzaltenango",1,1392,400,,,,,,,,,,,,,,,,,,,,,,,,,,,,,,,,,,,,,,,0,,,
10533,"Quetzaltenango",9,"Quetzaltenango",1,1392,258,5,15,3,3,0,29,6,0,5,4,4,2,0,8,4,2,35,1,19,2,1,1,14,1,3,167,4,0,171,0,171,--,258,87,167,171,171,Algún campo sin dato,1,585520e8f455164c38715c7fa04acbeb8f3b90969d6b6ebc8fc12184dcf5c868,26/06/2023 03:19:51,ESCANER
10534,"Quetzaltenango",9,"Quetzaltenango",1,1392,258,4,18,1,5,0,26,5,0,11,3,2,3,5,7,1,1,25,1,22,0,1,1,13,1,3,159,4,0,163,0,163,--,258,95,159,163,163,Algún campo sin dato,1,59486995c40f89065648324b4d5491cd718347ab895c3c9462f43bbced3c6906,26/06/2023 03:09:18,ESCANER
10535,"Quetzaltenango",9,"Quetzaltenango",1,1393,400,,,,,,,,,,,,,,,,,,,,,,,,,,,,,,,,,,,,,,,0,,,
10536,"Quetzaltenango",9,"Quetzaltenango",1,1393,400,,,,,,,,,,,,,,,,,,,,,,,,,,,,,,,,,,,,,,,0,,,
10537,"Quetzaltenango",9,"Quetzaltenango",1,1393,400,,,,,,,,,,,,,,,,,,,,,,,,,,,,,,,,,,,,,,,0,,,
10538,"Quetzaltenango",9,"Quetzaltenango",1,1393,400,,,,,,,,,,,,,,,,,,,,,,,,,,,,,,,,,,,,,,,0,,,
10539,"Quetzaltenango",9,"Quetzaltenango",1,1393,400,,,,,,,,,,,,,,,,,,,,,,,,,,,,,,,,,,,,,,,0,,,
10540,"Quetzaltenango",9,"Quetzaltenango",1,1393,400,,,,,,,,,,,,,,,,,,,,,,,,,,,,,,,,,,,,,,,0,,,
10541,"Quetzaltenango",9,"Quetzaltenango",1,1393,400,,,,,,,,,,,,,,,,,,,,,,,,,,,,,,,,,,,,,,,0,,,
10542,"Quetzaltenango",9,"Quetzaltenango",1,1393,400,,,,,,,,,,,,,,,,,,,,,,,,,,,,,,,,,,,,,,,0,,,
10543,"Quetzaltenango",9,"Quetzaltenango",1,1394,400,8,22,3,12,1,43,8,2,8,1,9,2,11,4,4,4,38,3,9,1,0,4,7,2,3,220,5,2,225,0,225,--,400,175,209,216,216,Sumas Asentadas sin cuadrar,1,b8d844667299e8cf4c4b36b491a9d0ece25fee16e51f9108705c5adf727454e1,26/06/2023 03:13:35,ESCANER
10544,"Quetzaltenango",9,"Quetzaltenango",1,1394,400,,,,,,,,,,,,,,,,,,,,,,,,,,,,,,,,,,,,,,,0,,,
10545,"Quetzaltenango",9,"Quetzaltenango",1,1394,400,3,28,5,11,2,58,5,1,17,7,7,0,4,11,6,3,29,3,10,2,1,5,14,3,3,238,4,2,244,0,244,--,400,156,238,244,244,Algún campo sin dato,1,b3ced565e3bfae5ce3fff8c888f341f8bb5a76a3a26e9a1c78657837691953ed,26/06/2023 03:33:07,ESCANER
10546,"Quetzaltenango",9,"Quetzaltenango",1,1394,400,,,,,,,,,,,,,,,,,,,,,,,,,,,,,,,,,,,,,,,0,,,
10547,"Quetzaltenango",9,"Quetzaltenango",1,1395,400,,,,,,,,,,,,,,,,,,,,,,,,,,,,,,,,,,,,,,,0,,,
10548,"Quetzaltenango",9,"Quetzaltenango",1,1395,400,6,28,7,12,1,70,11,0,8,1,8,1,7,9,5,2,27,3,16,3,4,2,4,0,9,244,13,0,257,0,257,--,400,143,244,257,257,Algún campo sin dato,1,d5d9fd4a77a4631f0222122fe86c7233ff168e49b9781449ec55ee7a739c1b38,26/06/2023 02:49:51,ESCANER
10549,"Quetzaltenango",9,"Quetzaltenango",1,1395,400,,,,,,,,,,,,,,,,,,,,,,,,,,,,,,,,,,,,,,,0,,,
10550,"Quetzaltenango",9,"Quetzaltenango",1,1395,400,7,27,3,8,2,58,3,1,6,2,11,0,4,12,2,5,38,3,19,2,2,4,10,2,2,233,9,3,245,--,245,--,399,154,233,245,245,Algún campo sin dato,1,f0a07adcf1d1373aa98f9d5d3e968c60045a2d01c08fc16035433bf0a266b44c,26/06/2023 03:23:42,ESCANER
10551,"Quetzaltenango",9,"Quetzaltenango",1,1395,400,,,,,,,,,,,,,,,,,,,,,,,,,,,,,,,,,,,,,,,0,,,
10552,"Quetzaltenango",9,"Quetzaltenango",1,1395,400,,,,,,,,,,,,,,,,,,,,,,,,,,,,,,,,,,,,,,,0,,,
10553,"Quetzaltenango",9,"Quetzaltenango",1,1395,400,,,,,,,,,,,,,,,,,,,,,,,,,,,,,,,,,,,,,,,0,,,
10554,"Quetzaltenango",9,"Quetzaltenango",1,1395,400,,,,,,,,,,,,,,,,,,,,,,,,,,,,,,,,,,,,,,,0,,,
10555,"Quetzaltenango",9,"Quetzaltenango",1,1395,400,1,22,7,15,1,48,8,1,6,3,8,2,4,8,1,3,45,1,15,0,0,4,21,1,7,232,4,0,236,0,236,--,400,164,232,236,236,Algún campo sin dato,1,8df679492586612d38b7e09018930bce3958dc534d86d88dab2d0cd82f9fc5aa,26/06/2023 03:30:13,ESCANER
10556,"Quetzaltenango",9,"Quetzaltenango",1,1395,400,9,19,3,6,2,55,10,1,4,0,3,4,0,5,4,1,46,5,12,0,3,2,15,2,7,218,7,0,225,0,225,--,400,175,218,225,225,Algún campo sin dato,1,9beb700222064f8eb33825749844e4c5c51e7cb43cb0b2c59b7160ec13851eab,26/06/2023 03:34:51,ESCANER
10557,"Quetzaltenango",9,"Quetzaltenango",1,1395,261,,,,,,,,,,,,,,,,,,,,,,,,,,,,,,,,,,,,,,,0,,,
10558,"Quetzaltenango",9,"Quetzaltenango",1,1395,261,1,12,0,5,0,28,1,1,1,1,5,6,2,2,1,3,24,2,7,1,0,2,9,1,2,107,13,0,120,0,120,--,261,141,117,130,130,Sumas Asentadas sin cuadrar,1,322c889bfecb14f319cfe8086feda11aec6013fec86faf737f9e3e2032b68414,26/06/2023 03:14:54,ESCANER
10559,"Quetzaltenango",9,"Quetzaltenango",1,1396,400,7,27,7,20,3,59,8,1,4,5,6,1,9,6,1,0,35,2,18,7,3,7,7,5,8,244,9,0,253,0,253,--,400,147,256,265,265,Sumas Asentadas sin cuadrar,1,0629df59cc752ae22bac6b76be88d82620b136382d278a3b070cf46a1dc50dab,26/06/2023 02:31:17,MOVIL
10560,"Quetzaltenango",9,"Quetzaltenango",1,1396,400,4,29,6,10,5,77,10,0,7,7,4,2,3,8,3,4,29,3,4,6,1,2,7,2,6,239,17,2,258,0,258,--,400,142,239,258,258,Algún campo sin dato,1,a3624e8e58ac627da86e8407f81ed7270d6849cfe9a009bc9674b42b484344a8,26/06/2023 03:08:44,MOVIL
10561,"Quetzaltenango",9,"Quetzaltenango",1,1396,400,,,,,,,,,,,,,,,,,,,,,,,,,,,,,,,,,,,,,,,0,,,
10562,"Quetzaltenango",9,"Quetzaltenango",1,1396,400,,,,,,,,,,,,,,,,,,,,,,,,,,,,,,,,,,,,,,,0,,,
10563,"Quetzaltenango",9,"Quetzaltenango",1,1396,400,,,,,,,,,,,,,,,,,,,,,,,,,,,,,,,,,,,,,,,0,,,
10564,"Quetzaltenango",9,"Quetzaltenango",1,1396,400,,,,,,,,,,,,,,,,,,,,,,,,,,,,,,,,,,,,,,,0,,,
10565,"Quetzaltenango",9,"Quetzaltenango",1,1396,400,,,,,,,,,,,,,,,,,,,,,,,,,,,,,,,,,,,,,,,0,,,
10566,"Quetzaltenango",9,"Quetzaltenango",1,1396,400,,,,,,,,,,,,,,,,,,,,,,,,,,,,,,,,,,,,,,,0,,,
10567,"Quetzaltenango",9,"Quetzaltenango",1,1396,400,,,,,,,,,,,,,,,,,,,,,,,,,,,,,,,,,,,,,,,0,,,
10568,"Quetzaltenango",9,"Quetzaltenango",1,1396,400,,,,,,,,,,,,,,,,,,,,,,,,,,,,,,,,,,,,,,,0,,,
10569,"Quetzaltenango",9,"Quetzaltenango",1,1396,400,,,,,,,,,,,,,,,,,,,,,,,,,,,,,,,,,,,,,,,0,,,
10570,"Quetzaltenango",9,"Quetzaltenango",1,1396,400,,,,,,,,,,,,,,,,,,,,,,,,,,,,,,,,,,,,,,,0,,,
10571,"Quetzaltenango",9,"Quetzaltenango",1,1397,400,5,22,2,7,1,64,5,0,3,2,6,2,4,8,2,2,40,1,6,1,1,4,10,1,17,216,11,3,230,0,230,--,400,170,216,230,230,Algún campo sin dato,1,203bd66cbe03ebacb16b3d78f229067f0fa31a08c19ebb89fdc2f62d834ae2aa,26/06/2023 03:01:11,ESCANER
10572,"Quetzaltenango",9,"Quetzaltenango",1,1397,400,6,27,0,13,0,55,3,0,4,3,9,2,5,2,1,2,30,1,12,2,2,3,8,1,3,194,9,0,203,0,203,--,400,197,194,203,203,Algún campo sin dato,1,0d13aabe309a056edde544e6a70c34062833d21d10e6c2195e5887a55022259d,26/06/2023 02:26:24,MOVIL
10573,"Quetzaltenango",9,"Quetzaltenango",1,1397,400,3,35,2,10,1,44,4,0,3,3,7,3,3,5,4,1,67,0,3,1,0,3,16,3,3,224,2,0,226,0,226,--,400,174,224,226,226,Algún campo sin dato,1,404c666d6b46424d1ab9c878f3bc04e34c57fe519024c69ff39490cd276ae337,26/06/2023 03:08:54,ESCANER
10574,"Quetzaltenango",9,"Quetzaltenango",1,1397,400,10,22,2,11,3,43,7,0,13,1,4,1,3,6,1,2,47,0,5,0,0,0,17,0,4,202,2,0,204,0,204,--,400,196,202,204,204,Algún campo sin dato,1,f2bf0319870fbd445ac2c6d7d0022c918968709fcb031850c0b6055a7a70f881,26/06/2023 03:11:41,ESCANER
10575,"Quetzaltenango",9,"Quetzaltenango",1,1397,287,5,10,0,6,0,39,6,1,0,4,1,1,1,3,2,0,44,0,4,2,2,0,15,1,2,149,4,0,153,0,153,--,286,133,149,153,153,Algún campo sin dato,1,afb5db73eca3daa4e5630ffb348b4f01ec81287e906cc0750c5edfbc78a31474,26/06/2023 03:21:41,ESCANER
10576,"Quetzaltenango",9,"Quetzaltenango",1,1397,287,0,15,1,8,1,25,4,1,2,2,3,1,3,1,0,2,26,2,12,2,0,0,9,0,0,120,2,0,122,0,122,--,287,165,120,122,122,Algún campo sin dato,1,583dacd6409678c5e326b4c195fd4d138a360c4480b7d67f5b6c9ad5e244fd37,26/06/2023 03:23:15,ESCANER
10577,"Quetzaltenango",9,"Quetzaltenango",1,1398,400,8,26,5,13,3,81,16,0,8,5,5,3,6,9,5,2,37,1,12,2,2,3,9,2,6,269,20,0,289,0,289,--,400,111,269,289,289,Algún campo sin dato,1,725004e28e21836bc6867956691b6e598fb7fdd8d5becbca8690da276f74dfec,26/06/2023 02:35:50,ESCANER
10578,"Quetzaltenango",9,"Quetzaltenango",1,1398,400,8,28,3,20,0,64,7,0,7,4,14,2,7,13,7,5,37,0,12,1,1,4,22,6,6,278,9,0,287,0,287,--,400,113,278,287,287,Algún campo sin dato,1,58dbe7939e334d592b5e0000458382cbad4a6c797c2fc9d0da158d3ffe16e28e,26/06/2023 01:40:09,ESCANER
10579,"Quetzaltenango",9,"Quetzaltenango",1,1398,400,6,22,2,16,1,76,5,0,11,5,10,3,4,18,8,0,39,5,7,4,2,5,12,1,9,271,21,7,299,101,400,--,400,101,271,299,400,Algún campo sin dato,1,1bc10fad0b1cdd40c93061c9f1ea13afa1216b4c09cc740458890855b1f353da,26/06/2023 02:53:25,ESCANER
10580,"Quetzaltenango",9,"Quetzaltenango",1,1398,400,8,17,3,17,1,74,12,0,9,3,18,3,3,15,5,4,33,0,11,2,1,1,16,2,5,262,13,2,277,0,277,--,--,--,263,278,278,Sumas Asentadas sin cuadrar,1,4538c9a89cc7d6c8e50acd5b291ca100445a9f5adcb01f6ba3b0a43d52169fbb,26/06/2023 02:59:25,ESCANER
10581,"Quetzaltenango",9,"Quetzaltenango",1,1398,400,5,26,6,18,0,60,11,0,6,2,10,2,3,11,5,3,58,2,14,1,2,4,16,6,7,278,17,0,295,0,295,--,400,105,278,295,295,Algún campo sin dato,1,20b60bd3c3365242b9bb5700bd672e15fa9e8c9659c6220b637e6bca31af3349,26/06/2023 03:20:26,ESCANER
10582,"Quetzaltenango",9,"Quetzaltenango",1,1398,400,9,22,6,13,1,65,5,0,8,2,6,3,0,12,0,0,64,2,10,5,2,4,12,1,5,257,11,0,268,0,268,--,400,132,257,268,268,Algún campo sin dato,1,f46af79fadeb4f364007d73ee58b477c05617d2def15baa89971c95d6a8eb06f,26/06/2023 01:57:02,ESCANER
10583,"Quetzaltenango",9,"Quetzaltenango",1,1398,400,6,20,4,18,2,72,6,0,13,1,5,3,7,9,3,1,50,3,9,5,4,3,11,5,7,267,15,1,283,0,283,--,400,117,267,283,283,Algún campo sin dato,1,913260024d0ed1a46d7ff5fa9f7bc73db38c2752d09dc306e26b097bc28f6787,26/06/2023 02:20:02,ESCANER
10584,"Quetzaltenango",9,"Quetzaltenango",1,1398,400,11,26,4,8,3,65,11,0,6,5,8,3,5,10,2,4,46,6,9,4,3,0,14,2,5,260,15,1,276,0,276,--,400,124,260,276,276,Algún campo sin dato,1,46ccd1d56924e6ecb34432ff1428b5d1f41c3aa9efac8abd9ffe9e5ce97a5a61,26/06/2023 03:13:14,ESCANER
10585,"Quetzaltenango",9,"Quetzaltenango",1,1398,400,6,28,3,22,2,69,9,2,8,3,10,6,5,12,4,1,32,2,11,2,1,2,15,5,7,267,20,4,291,0,291,--,400,109,267,291,291,Algún campo sin dato,1,db7553f36a27832ac4029dbfb5bb5d1a5839c811a8bc5a3458876e6f0ceee0f1,26/06/2023 03:08:49,ESCANER
10586,"Quetzaltenango",9,"Quetzaltenango",1,1399,400,5,27,2,19,0,64,10,1,6,4,19,1,3,15,3,3,43,0,13,3,2,2,10,1,10,280,11,3,280,0,280,--,400,240,266,280,280,Sumas Asentadas sin cuadrar,1,7fd76e388b28099e831cef8fa757ccba26dd83ae280dadbdc050d9c0459f4a98,26/06/2023 01:53:33,ESCANER
10587,"Quetzaltenango",9,"Quetzaltenango",1,1399,400,,,,,,,,,,,,,,,,,,,,,,,,,,,,,,,,,,,,,,,0,,,
10588,"Quetzaltenango",9,"Quetzaltenango",1,1399,400,6,30,3,4,0,74,7,0,4,4,11,1,5,9,7,2,41,3,14,4,3,8,8,3,5,256,13,1,270,0,270,--,400,130,256,270,270,Algún campo sin dato,1,7c76bbfea64d1fab887c7906caa94e2ff56738658a0e0c9eeb61f2fce4ee9f86,26/06/2023 02:35:46,ESCANER
10589,"Quetzaltenango",9,"Quetzaltenango",1,1399,400,11,20,1,8,3,65,3,0,4,5,7,4,3,11,4,0,72,3,4,3,3,2,14,3,5,258,6,0,264,0,264,--,400,136,258,264,264,Algún campo sin dato,1,b8724a59c9ab8ee0460194abdd2e2d7f9c30d1a9134763e372b7cc0ddf6fa700,26/06/2023 01:11:58,ESCANER
10590,"Quetzaltenango",9,"Quetzaltenango",1,1400,400,5,23,2,11,2,52,6,0,4,1,4,0,3,8,2,1,80,1,9,3,2,4,26,3,7,259,4,1,264,0,264,--,400,136,259,264,264,Algún campo sin dato,1,b88cd697e7e727ab05d8f7ebb8995ed085131b5412a87d842d4275a400ceff88,26/06/2023 03:15:31,ESCANER
10591,"Quetzaltenango",9,"Quetzaltenango",1,1400,400,6,19,4,13,3,48,5,0,3,1,13,6,0,7,2,0,73,0,4,1,3,4,38,3,5,261,5,2,268,0,268,--,400,132,261,268,268,Algún campo sin dato,1,37d75d5048e5d5f20bb5db57d3bde41b339ee90bde0622201ea3cd5323de7e38,26/06/2023 03:26:32,ESCANER
10592,"Quetzaltenango",9,"Quetzaltenango",1,1400,295,4,7,4,11,3,38,2,0,3,0,5,0,3,9,1,0,73,1,9,2,3,3,19,1,9,210,2,0,212,0,212,--,295,83,210,212,212,Algún campo sin dato,1,53fb6d80a23ebb9914dd5aaa36249a5301e82582949cc1bc4f99788f8b6b5e5c,26/06/2023 03:35:05,ESCANER
10593,"Quetzaltenango",9,"Quetzaltenango",1,1400,294,,,,,,,,,,,,,,,,,,,,,,,,,,,,,,,,,,,,,,,0,,,
10594,"Quetzaltenango",9,"Quetzaltenango",1,1401,400,,,,,,,,,,,,,,,,,,,,,,,,,,,,,,,,,,,,,,,0,,,
10595,"Quetzaltenango",9,"Quetzaltenango",1,1401,400,,,,,,,,,,,,,,,,,,,,,,,,,,,,,,,,,,,,,,,0,,,
10596,"Quetzaltenango",9,"Quetzaltenango",1,1401,400,,,,,,,,,,,,,,,,,,,,,,,,,,,,,,,,,,,,,,,0,,,
10597,"Quetzaltenango",9,"Quetzaltenango",1,1401,400,,,,,,,,,,,,,,,,,,,,,,,,,,,,,,,,,,,,,,,0,,,
10598,"Quetzaltenango",9,"Quetzaltenango",1,1401,400,,,,,,,,,,,,,,,,,,,,,,,,,,,,,,,,,,,,,,,0,,,
10599,"Quetzaltenango",9,"Quetzaltenango",1,1401,400,,,,,,,,,,,,,,,,,,,,,,,,,,,,,,,,,,,,,,,0,,,
10600,"Quetzaltenango",9,"Quetzaltenango",1,1401,400,,,,,,,,,,,,,,,,,,,,,,,,,,,,,,,,,,,,,,,0,,,
10601,"Quetzaltenango",9,"Quetzaltenango",1,1401,400,,,,,,,,,,,,,,,,,,,,,,,,,,,,,,,,,,,,,,,0,,,
10602,"Quetzaltenango",9,"Quetzaltenango",1,1402,400,,,,,,,,,,,,,,,,,,,,,,,,,,,,,,,,,,,,,,,0,,,
10603,"Quetzaltenango",9,"Quetzaltenango",1,1402,400,,,,,,,,,,,,,,,,,,,,,,,,,,,,,,,,,,,,,,,0,,,
10604,"Quetzaltenango",9,"Quetzaltenango",1,1402,400,,,,,,,,,,,,,,,,,,,,,,,,,,,,,,,,,,,,,,,0,,,
10605,"Quetzaltenango",9,"Quetzaltenango",1,1402,400,,,,,,,,,,,,,,,,,,,,,,,,,,,,,,,,,,,,,,,0,,,
10606,"Quetzaltenango",9,"Quetzaltenango",1,1402,400,,,,,,,,,,,,,,,,,,,,,,,,,,,,,,,,,,,,,,,0,,,
10607,"Quetzaltenango",9,"Quetzaltenango",1,1402,400,,,,,,,,,,,,,,,,,,,,,,,,,,,,,,,,,,,,,,,0,,,
10608,"Quetzaltenango",9,"Quetzaltenango",1,1402,400,,,,,,,,,,,,,,,,,,,,,,,,,,,,,,,,,,,,,,,0,,,
10609,"Quetzaltenango",9,"Quetzaltenango",1,1402,400,,,,,,,,,,,,,,,,,,,,,,,,,,,,,,,,,,,,,,,0,,,
10610,"Quetzaltenango",9,"Quetzaltenango",1,1402,400,,,,,,,,,,,,,,,,,,,,,,,,,,,,,,,,,,,,,,,0,,,
10611,"Quetzaltenango",9,"Quetzaltenango",1,1403,400,5,30,3,11,0,49,0,0,7,5,10,2,5,12,4,0,56,1,8,2,1,3,15,4,4,237,7,1,245,0,245,--,400,155,237,245,245,Algún campo sin dato,1,9b943c4385f6be108c776a0394c10ea0c0698db6fdc041d3bfd4d63c3b93128e,26/06/2023 02:56:35,ESCANER
10612,"Quetzaltenango",9,"Quetzaltenango",1,1403,400,8,25,1,10,0,33,3,2,4,2,13,2,1,12,2,1,58,2,10,2,1,2,22,2,5,223,14,1,238,0,238,--,400,162,223,238,238,Algún campo sin dato,1,efd0727502e1d5cb3de1f447d0e058bff1b5a60fd37a845d8ba622fa3059dd8a,26/06/2023 03:07:11,ESCANER
10613,"Quetzaltenango",9,"Quetzaltenango",1,1403,400,6,13,2,8,0,56,2,0,4,3,11,1,4,9,1,5,70,1,8,4,1,2,20,1,5,237,9,0,246,0,246,--,400,154,237,246,246,Algún campo sin dato,1,b542567bf397c13acc854f336fa3ca5cb20ad91faa03789e0835d66e7c57adee,26/06/2023 03:16:56,ESCANER
10614,"Quetzaltenango",9,"Quetzaltenango",1,1403,400,4,21,3,10,1,47,9,1,2,2,7,3,4,7,0,2,55,3,10,1,2,1,25,1,5,226,9,0,235,0,235,--,399,165,226,235,235,Algún campo sin dato,1,d8656f8f85424ba25cac0c25a38c254b2824b1539901a2eabaef0a29b9d814f3,26/06/2023 03:23:43,ESCANER
10615,"Quetzaltenango",9,"Quetzaltenango",1,1403,278,,,,,,,,,,,,,,,,,,,,,,,,,,,,,,,,,,,,,,,0,,,
10616,"Quetzaltenango",9,"Quetzaltenango",1,1403,278,,,,,,,,,,,,,,,,,,,,,,,,,,,,,,,,,,,,,,,0,,,
10617,"Quetzaltenango",9,"Quetzaltenango",1,1404,400,,,,,,,,,,,,,,,,,,,,,,,,,,,,,,,,,,,,,,,0,,,
10618,"Quetzaltenango",9,"Quetzaltenango",1,1404,400,,,,,,,,,,,,,,,,,,,,,,,,,,,,,,,,,,,,,,,0,,,
10619,"Quetzaltenango",9,"Quetzaltenango",1,1404,221,,,,,,,,,,,,,,,,,,,,,,,,,,,,,,,,,,,,,,,0,,,
10620,"Quetzaltenango",9,"Quetzaltenango",1,1404,221,,,,,,,,,,,,,,,,,,,,,,,,,,,,,,,,,,,,,,,0,,,
10621,"Quetzaltenango",9,"Quetzaltenango",1,1405,400,2,22,3,8,2,99,6,2,5,9,8,4,8,7,9,3,18,1,4,5,7,3,11,3,9,258,13,8,279,0,279,--,400,121,258,279,279,Algún campo sin dato,1,3ecb8e6d9bf8be890207939f0f2a543a0891959953fe0c71be3330a90c927a02,26/06/2023 03:29:11,ESCANER
10622,"Quetzaltenango",9,"Quetzaltenango",1,1405,400,,,,,,,,,,,,,,,,,,,,,,,,,,,,,,,,,,,,,,,0,,,
10623,"Quetzaltenango",9,"Quetzaltenango",1,1405,400,,,,,,,,,,,,,,,,,,,,,,,,,,,,,,,,,,,,,,,0,,,
10624,"Quetzaltenango",9,"Quetzaltenango",1,1405,400,,,,,,,,,,,,,,,,,,,,,,,,,,,,,,,,,,,,,,,0,,,
10625,"Quetzaltenango",9,"Quetzaltenango",1,1405,400,,,,,,,,,,,,,,,,,,,,,,,,,,,,,,,,,,,,,,,0,,,
10626,"Quetzaltenango",9,"Quetzaltenango",1,1405,400,,,,,,,,,,,,,,,,,,,,,,,,,,,,,,,,,,,,,,,0,,,
10627,"Quetzaltenango",9,"Quetzaltenango",1,1405,400,,,,,,,,,,,,,,,,,,,,,,,,,,,,,,,,,,,,,,,0,,,
10628,"Quetzaltenango",9,"Quetzaltenango",1,1405,400,,,,,,,,,,,,,,,,,,,,,,,,,,,,,,,,,,,,,,,0,,,
10629,"Quetzaltenango",9,"Quetzaltenango",1,1405,400,,,,,,,,,,,,,,,,,,,,,,,,,,,,,,,,,,,,,,,0,,,
10630,"Quetzaltenango",9,"Quetzaltenango",1,1405,400,,,,,,,,,,,,,,,,,,,,,,,,,,,,,,,,,,,,,,,0,,,
10631,"Quetzaltenango",9,"Quetzaltenango",1,1406,400,,,,,,,,,,,,,,,,,,,,,,,,,,,,,,,,,,,,,,,0,,,
10632,"Quetzaltenango",9,"Quetzaltenango",1,1406,400,,,,,,,,,,,,,,,,,,,,,,,,,,,,,,,,,,,,,,,0,,,
10633,"Quetzaltenango",9,"Quetzaltenango",1,1406,400,,,,,,,,,,,,,,,,,,,,,,,,,,,,,,,,,,,,,,,0,,,
10634,"Quetzaltenango",9,"Quetzaltenango",1,1406,400,,,,,,,,,,,,,,,,,,,,,,,,,,,,,,,,,,,,,,,0,,,
10635,"Quetzaltenango",9,"Quetzaltenango",1,1406,400,,,,,,,,,,,,,,,,,,,,,,,,,,,,,,,,,,,,,,,0,,,
10636,"Quetzaltenango",9,"Quetzaltenango",1,1407,400,,,,,,,,,,,,,,,,,,,,,,,,,,,,,,,,,,,,,,,0,,,
10637,"Quetzaltenango",9,"Quetzaltenango",1,1407,400,3,19,0,3,0,49,2,0,4,1,2,4,4,7,4,1,39,2,7,4,2,1,18,2,8,186,5,2,193,0,193,--,400,207,186,193,193,Algún campo sin dato,1,adc9da425fb853923006297064b8d42a23d16b811bd8965a4394beb4c5d9a8e0,26/06/2023 03:07:05,ESCANER
10638,"Quetzaltenango",9,"Quetzaltenango",1,1407,400,1,20,4,5,0,55,3,0,3,4,2,10,6,6,2,5,47,1,0,5,4,0,20,1,8,210,4,0,214,1,215,--,400,185,212,216,217,Sumas Asentadas sin cuadrar,1,04864f467ad171a42be340ebc4d9a71a8e2263a4a6e57b59169692c099c9924a,26/06/2023 03:19:36,ESCANER
10639,"Quetzaltenango",9,"Quetzaltenango",1,1407,201,2,8,2,4,1,34,7,0,0,1,1,2,3,5,1,1,11,0,3,2,3,0,8,2,1,102,6,0,108,0,108,--,201,93,102,108,108,Algún campo sin dato,1,45eff0e93ce645bb45a8d939ce982e821dc2b6108ac86199c8973dfdb73b66b9,26/06/2023 03:26:44,ESCANER
10640,"Quetzaltenango",9,"Quetzaltenango",1,1407,200,2,6,1,5,0,21,1,0,4,3,5,2,1,6,3,0,11,0,2,1,2,0,7,1,1,88,3,0,88,0,88,--,200,112,85,88,88,Sumas Asentadas sin cuadrar,1,fcef5b5dd595f33946eef6e9471f31033b2bfc5186a4d312f78f35b16dc83df8,26/06/2023 03:32:53,ESCANER
10641,"Quetzaltenango",9,"Quetzaltenango",1,1408,400,5,20,7,7,2,67,2,1,5,1,9,4,6,11,1,2,26,4,9,2,0,7,11,3,1,213,19,3,235,0,235,--,400,165,213,235,235,Algún campo sin dato,1,1227692f1a7ec1e898f0e88cf7f3c7fec413282470da253a71f9c69f071e9c22,26/06/2023 00:30:38,ESCANER
10642,"Quetzaltenango",9,"Quetzaltenango",1,1408,400,5,23,6,13,5,47,4,1,2,3,5,1,7,9,2,4,22,2,10,1,2,5,10,2,5,196,13,2,211,0,211,--,400,189,196,211,211,Algún campo sin dato,1,f6eca86e38e97990c640b9c79a0b5b76964914874ecf53012f8384ce7dc1d21c,26/06/2023 01:22:05,ESCANER
10643,"Quetzaltenango",9,"Quetzaltenango",1,1408,400,3,28,5,16,1,53,6,0,7,4,10,1,8,13,1,1,24,5,8,1,2,3,7,0,6,229,12,4,229,0,229,--,400,171,213,229,229,Sumas Asentadas sin cuadrar,1,b05b5b6c69ace805594ed42967498d7ec448262150a015be6f9f8bb03d32ac38,26/06/2023 01:34:58,ESCANER
10644,"Quetzaltenango",9,"Quetzaltenango",1,1408,344,3,20,2,14,1,39,4,0,4,9,5,4,6,13,2,2,26,3,16,5,1,1,9,1,3,193,8,1,202,0,202,--,344,142,193,202,202,Algún campo sin dato,1,df84efb9e5ef97d48959eca73baf3583e003556ea28508c3723b319d6087a454,26/06/2023 01:52:20,ESCANER
10645,"Quetzaltenango",9,"Quetzaltenango",1,1408,343,4,27,4,5,0,29,6,0,5,2,4,4,3,4,0,3,26,1,4,2,0,1,28,1,1,163,3,1,168,0,168,--,343,175,164,168,168,Sumas Asentadas sin cuadrar,1,91796e0dee66729c8f0f2377ce9f25c1524c9c094bf1a96f473ffae19454f0df,26/06/2023 00:39:16,ESCANER
10646,"Quetzaltenango",9,"Quetzaltenango",1,1409,334,,,,,,,,,,,,,,,,,,,,,,,,,,,,,,,,,,,,,,,0,,,
10647,"Quetzaltenango",9,"Quetzaltenango",1,1409,334,5,18,4,6,0,58,11,0,8,3,6,3,8,4,5,3,40,0,4,2,1,2,11,4,4,210,15,0,225,0,225,--,334,109,210,225,225,Algún campo sin dato,1,6337ed26f1e4b9e631d4d5c85f4743629f2e5d1455322b0e22bbd107e757e2a6,26/06/2023 03:22:24,ESCANER
10648,"Quetzaltenango",9,"Quetzaltenango",1,1410,400,2,16,4,6,2,65,2,0,5,5,12,3,37,6,2,1,26,1,12,4,3,1,12,2,4,233,20,2,255,0,255,--,0,0,233,255,255,Algún campo sin dato,1,1fc650a10b796df1b716a412409de2bfde4e503b556be0f5e51f1a93ca850918,26/06/2023 03:21:39,ESCANER
10649,"Quetzaltenango",9,"Quetzaltenango",1,1410,400,4,22,4,8,1,51,5,1,5,2,9,4,23,6,4,1,38,1,6,9,3,4,13,4,1,225,22,3,254,0,254,--,400,146,229,254,254,Sumas Asentadas sin cuadrar,1,582e33fe2058cd9d29d52e88487ba0510abc32e558d34b7892e4b3a553cdfa59,26/06/2023 03:28:50,ESCANER
10650,"Quetzaltenango",9,"Quetzaltenango",1,1410,400,,,,,,,,,,,,,,,,,,,,,,,,,,,,,,,,,,,,,,,0,,,
10651,"Quetzaltenango",9,"Quetzaltenango",1,1410,400,,,,,,,,,,,,,,,,,,,,,,,,,,,,,,,,,,,,,,,0,,,
10652,"Quetzaltenango",9,"Quetzaltenango",1,1410,400,,,,,,,,,,,,,,,,,,,,,,,,,,,,,,,,,,,,,,,0,,,
10653,"Quetzaltenango",9,"Quetzaltenango",1,1411,400,13,15,3,11,1,57,3,1,3,6,11,3,18,7,0,5,41,2,15,9,7,5,7,1,5,249,11,1,261,0,261,--,400,139,249,261,261,Algún campo sin dato,1,8000c7705ae6af6636d62dc7ef8af4c683af5d6d413db2cb69eead8e82c32536,26/06/2023 02:56:31,ESCANER
10654,"Quetzaltenango",9,"Quetzaltenango",1,1411,400,6,20,5,11,0,56,0,1,1,2,5,5,12,8,2,1,33,4,9,8,3,4,7,2,3,208,10,5,223,0,223,--,400,177,208,223,223,Algún campo sin dato,1,45720e44e1ed22876fc3d9f459101b3ce337f011923b6ed51a768daa869531e6,26/06/2023 02:15:38,ESCANER
10655,"Quetzaltenango",9,"Quetzaltenango",1,1411,353,3,16,1,4,1,34,5,0,2,4,3,4,17,0,1,1,42,1,12,7,1,0,5,1,7,172,3,0,175,0,175,--,353,178,172,175,175,Algún campo sin dato,1,debccb1d60e46410ba32960567004ae85f9ba238c634f8a8055aa665876f480e,26/06/2023 02:41:26,ESCANER
10656,"Quetzaltenango",9,"Quetzaltenango",1,1411,353,1,14,1,3,1,28,0,0,2,3,1,3,11,1,0,0,50,0,6,4,0,2,7,2,3,143,6,0,149,0,149,--,353,204,143,149,149,Algún campo sin dato,1,3498d92a605b92f490a196b843fc8dc1df9e99677349061f8199ef72965aafea,26/06/2023 02:26:01,ESCANER
10657,"Quetzaltenango",9,"Quetzaltenango",1,1412,380,1,19,2,4,2,8,3,0,2,0,1,1,6,24,0,0,2,0,7,1,0,3,3,0,6,95,46,12,153,0,153,0,380,227,95,153,153,,1,4667c662bec83e799093ac4533225f6ef9eb2cc8710cd2826d2edd98df75c52b,26/06/2023 01:33:13,ESCANER
10658,"Quetzaltenango",9,"Quetzaltenango",1,1412,380,0,18,3,5,1,19,2,0,0,4,4,3,1,31,0,1,4,4,5,1,0,2,7,1,4,120,19,7,146,0,146,--,380,234,120,146,146,Algún campo sin dato,1,fbe88d6c72820a4a7b929ce07533fd4d04b0d6a5f993820cd1e7ec187b6d3ffb,26/06/2023 02:48:23,ESCANER
10659,"Quetzaltenango",9,"Quetzaltenango",1,1412,380,2,25,1,2,0,13,3,0,2,2,2,5,6,34,2,3,4,4,6,0,0,7,4,1,1,129,29,5,163,0,163,--,380,217,129,163,163,Algún campo sin dato,1,49be4caf7cab3556abe2193401bd0f774c32ea0ae11977091689e74f21182504,26/06/2023 00:48:43,ESCANER
10660,"Quetzaltenango",9,"Quetzaltenango",1,1412,380,2,23,3,4,1,12,1,2,1,2,2,1,8,41,0,2,3,1,8,0,2,5,9,0,3,136,21,12,169,0,169,--,--,--,136,169,169,Algún campo sin dato,1,8a4edb2ff31a9332968647949930c94faa581df81796283029d04a443d7fefa5,26/06/2023 02:48:39,ESCANER
10661,"Quetzaltenango",9,"Quetzaltenango",1,1412,380,2,31,1,3,1,7,1,0,1,3,1,2,3,37,1,2,6,3,7,0,0,5,7,1,4,129,23,5,157,0,157,--,380,223,129,157,157,Algún campo sin dato,1,fe50bfa17de5a3ea78347a3f20e975ac75106e6934ff694e8e0d753d774c7ab0,26/06/2023 02:19:19,ESCANER
10662,"Quetzaltenango",9,"Quetzaltenango",1,1412,380,2,30,3,3,0,15,1,0,0,3,1,2,2,25,0,1,4,1,3,0,1,3,4,0,5,109,13,11,133,0,133,--,380,247,109,133,133,Algún campo sin dato,1,a70ac69a8bce85495d4c4b521ddb14ec09fe90aaaf63031c56131b916a00ee93,25/06/2023 22:57:31,ESCANER
10663,"Quetzaltenango",9,"Quetzaltenango",1,1412,380,1,30,0,3,0,14,1,1,2,2,1,2,3,19,1,0,4,4,6,2,0,5,4,0,5,110,11,5,126,0,126,--,380,254,110,126,126,Algún campo sin dato,1,1a31d3caf27be2381aa5423e002d2d90dbe10f2d562c27c3227b9c4762d857c0,26/06/2023 00:51:52,ESCANER
10664,"Quetzaltenango",9,"Quetzaltenango",1,1412,380,0,30,2,0,1,10,2,1,4,5,4,4,1,30,0,2,0,0,2,1,0,2,7,0,1,109,20,5,134,0,134,--,380,246,109,134,134,Algún campo sin dato,1,d31192046fe78fac09afb33e698769ec0adb537891faee8d0ec7cbd0b2574f8c,26/06/2023 01:04:02,ESCANER
10665,"Quetzaltenango",9,"Quetzaltenango",1,1412,380,0,24,0,4,0,6,4,0,0,4,2,0,0,20,0,0,4,2,7,0,1,3,8,0,2,91,9,2,102,0,102,--,380,278,91,102,102,Algún campo sin dato,1,731174876aada007ec935bdb3bcbe7abcd01d312f218bfcfae5a13183b32349d,26/06/2023 02:40:02,ESCANER
10666,"Quetzaltenango",9,"Quetzaltenango",1,1412,380,1,24,2,6,1,3,2,0,0,4,2,4,3,20,2,0,6,2,8,0,0,4,7,1,2,104,13,5,122,0,122,--,0,0,104,122,122,Algún campo sin dato,1,ad856be6695d94adee898cbaf0d66d2167e041e5d528e7d62f7a1b7b16572305,26/06/2023 02:38:16,ESCANER
10667,"Quetzaltenango",9,"Quetzaltenango",1,1412,380,,,,,,,,,,,,,,,,,,,,,,,,,,,,,,,,,,,,,,,0,,,
10668,"Quetzaltenango",9,"Quetzaltenango",1,1412,260,1,15,0,1,0,6,4,1,2,1,1,3,2,5,0,1,4,1,2,0,0,1,9,0,1,61,1,1,63,0,61,--,260,197,61,63,63,Sumas Asentadas sin cuadrar,1,4bdec6b587a632f708e2eee1eecd881b2ea77c3baeb7cb485d90131a1a6e91e3,26/06/2023 00:41:49,ESCANER
10669,"Quetzaltenango",9,"Quetzaltenango",1,1412,259,3,14,1,1,0,0,6,1,0,0,0,0,0,10,0,0,3,0,3,1,0,5,3,0,2,53,4,1,58,0,58,--,259,201,53,58,58,Algún campo sin dato,1,2189fd55e65996087a333c204816d31b04d8251ae684098de792fbaac8123baa,26/06/2023 00:37:30,ESCANER
10670,"Quetzaltenango",9,"Quetzaltenango",1,1413,380,,,,,,,,,,,,,,,,,,,,,,,,,,,,,,,,,,,,,,,0,,,
10671,"Quetzaltenango",9,"Quetzaltenango",1,1413,380,,,,,,,,,,,,,,,,,,,,,,,,,,,,,,,,,,,,,,,0,,,
10672,"Quetzaltenango",9,"Quetzaltenango",1,1413,380,,,,,,,,,,,,,,,,,,,,,,,,,,,,,,,,,,,,,,,0,,,
10673,"Quetzaltenango",9,"Quetzaltenango",1,1413,380,,,,,,,,,,,,,,,,,,,,,,,,,,,,,,,,,,,,,,,0,,,
10674,"Quetzaltenango",9,"Quetzaltenango",1,1413,380,,,,,,,,,,,,,,,,,,,,,,,,,,,,,,,,,,,,,,,0,,,
10675,"Quetzaltenango",9,"Quetzaltenango",1,1413,380,,,,,,,,,,,,,,,,,,,,,,,,,,,,,,,,,,,,,,,0,,,
10676,"Quetzaltenango",9,"Quetzaltenango",1,1413,350,,,,,,,,,,,,,,,,,,,,,,,,,,,,,,,,,,,,,,,0,,,
10677,"Quetzaltenango",9,"Quetzaltenango",1,1413,349,,,,,,,,,,,,,,,,,,,,,,,,,,,,,,,,,,,,,,,0,,,
10678,"Quetzaltenango",9,"Quetzaltenango",1,1414,380,2,68,0,16,1,20,4,1,2,6,1,4,4,37,2,1,6,1,1,0,1,1,6,0,6,191,16,3,210,0,210,--,380,170,191,210,210,Algún campo sin dato,1,3ffda56f84069e5b6556bfe9a5f8749db16bf301f4072ef3b13d209f0e53f7d1,26/06/2023 03:22:00,ESCANER
10679,"Quetzaltenango",9,"Quetzaltenango",1,1414,380,0,47,1,13,0,25,1,1,1,2,5,4,5,29,1,1,7,4,2,3,6,5,7,0,4,174,17,6,0,0,197,--,--,--,174,197,197,Algún campo sin dato,1,ef042e37f2973e6e8e0441a625e719321d5c1d1105430e3324b60afce30bbca1,26/06/2023 03:20:19,ESCANER
10680,"Quetzaltenango",9,"Quetzaltenango",1,1414,380,1,54,4,4,0,19,7,2,3,1,3,2,3,28,1,0,5,4,2,0,1,3,9,0,2,158,5,11,174,14,188,--,377,189,158,174,188,Algún campo sin dato,1,ac91ac5a8c6b5fbbae7f147fe94d886d09f5b5c5fdd5fc9e1966adbb8e285ed4,26/06/2023 03:01:15,ESCANER
10681,"Quetzaltenango",9,"Quetzaltenango",1,1414,380,0,47,1,6,0,15,3,0,4,1,2,3,10,26,0,0,3,0,0,0,1,5,3,0,4,137,9,2,148,3,151,--,379,228,134,145,148,Sumas Asentadas sin cuadrar,1,41f662785fff6123b7c4ea0fc509c01e2ff94669e8ea0e0630365c41815c2849,26/06/2023 01:11:51,ESCANER
10682,"Quetzaltenango",9,"Quetzaltenango",1,1414,380,2,64,1,11,1,27,1,1,4,1,3,0,7,21,0,2,4,3,3,0,1,3,6,0,2,170,19,6,195,2,197,--,380,183,168,193,195,Sumas Asentadas sin cuadrar,1,e6be58ad3279dadb37a7dfcb609bdbc3a2db0a27219b7dd1f97d1c86da28edce,26/06/2023 03:16:06,ESCANER
10683,"Quetzaltenango",9,"Quetzaltenango",1,1414,380,0,51,1,9,0,21,2,0,3,3,1,5,2,27,0,1,3,3,2,1,1,2,5,0,4,147,10,1,158,0,158,--,380,222,147,158,158,Algún campo sin dato,1,3b61e56f443e549e5bae690091b31c21de9d92db8f6b818834252eddfb9d5936,26/06/2023 02:51:02,ESCANER
10684,"Quetzaltenango",9,"Quetzaltenango",1,1414,380,5,55,2,10,1,25,2,0,0,2,0,2,0,20,2,0,6,0,1,0,1,3,9,1,2,149,7,1,157,0,157,--,380,223,149,157,157,Algún campo sin dato,1,47c16b56a94e8619a5c60684715c8b389e729333f4945bc1389cb42bd1b8adab,26/06/2023 01:36:00,ESCANER
10685,"Quetzaltenango",9,"Quetzaltenango",1,1414,246,1,26,1,4,1,20,1,0,1,2,1,4,2,8,1,0,8,0,0,0,1,1,4,0,3,90,1,0,91,0,91,--,243,152,90,91,91,Algún campo sin dato,1,78867ad7c86e1f44c6ec48b7ffa10c61dac10c2375c58f26ea32a58718d67fb7,26/06/2023 01:36:10,ESCANER
10686,"Quetzaltenango",9,"Quetzaltenango",1,1414,246,0,25,0,3,0,20,1,1,2,0,1,2,5,7,0,0,11,0,0,0,0,4,8,0,6,96,2,0,98,0,98,--,246,148,96,98,98,Algún campo sin dato,1,df590d112b16dece3db08cb0212783c5e9affc3ee8dc9fe0c1bf05d070c841fd,26/06/2023 02:21:17,ESCANER
10687,"Quetzaltenango",9,"Quetzaltenango",1,1415,600,,,,,,,,,,,,,,,,,,,,,,,,,,,,,,,,,,,,,,,0,,,
10688,"Quetzaltenango",9,"Quetzaltenango",1,1415,600,,,,,,,,,,,,,,,,,,,,,,,,,,,,,,,,,,,,,,,0,,,
10689,"Quetzaltenango",9,"Quetzaltenango",1,1415,600,,,,,,,,,,,,,,,,,,,,,,,,,,,,,,,,,,,,,,,0,,,
10690,"Quetzaltenango",9,"Quetzaltenango",1,1415,600,,,,,,,,,,,,,,,,,,,,,,,,,,,,,,,,,,,,,,,0,,,
10691,"Quetzaltenango",9,"Quetzaltenango",1,1415,600,,,,,,,,,,,,,,,,,,,,,,,,,,,,,,,,,,,,,,,0,,,
10692,"Quetzaltenango",9,"Quetzaltenango",1,1415,600,,,,,,,,,,,,,,,,,,,,,,,,,,,,,,,,,,,,,,,0,,,
10693,"Quetzaltenango",9,"Quetzaltenango",1,1415,600,,,,,,,,,,,,,,,,,,,,,,,,,,,,,,,,,,,,,,,0,,,
10694,"Quetzaltenango",9,"Quetzaltenango",1,1415,600,,,,,,,,,,,,,,,,,,,,,,,,,,,,,,,,,,,,,,,0,,,
10695,"Quetzaltenango",9,"Quetzaltenango",1,1416,600,6,26,5,12,2,69,6,0,6,2,7,3,1,13,10,0,8,2,12,3,4,4,11,0,5,217,20,6,243,0,243,--,600,357,217,243,243,Algún campo sin dato,1,47b14eaad84bff3ccfcf2ea7c1b5a9463c2d2eeffa7e7138417a6c23e8a177e1,26/06/2023 02:36:58,ESCANER
10696,"Quetzaltenango",9,"Quetzaltenango",1,1416,600,,,,,,,,,,,,,,,,,,,,,,,,,,,,,,,,,,,,,,,0,,,
10697,"Quetzaltenango",9,"Quetzaltenango",1,1416,600,2,25,6,16,2,97,7,0,6,5,8,5,4,8,7,2,26,2,21,5,4,5,11,5,10,289,16,4,309,0,309,--,600,291,289,309,309,Algún campo sin dato,1,2c237e18dd1ed2cb128f4ddec7237b25dfe2a96b9d835461626f8de0fbc62ffd,26/06/2023 03:04:59,ESCANER
10698,"Quetzaltenango",9,"Quetzaltenango",1,1416,600,,,,,,,,,,,,,,,,,,,,,,,,,,,,,,,,,,,,,,,0,,,
10699,"Quetzaltenango",9,"Quetzaltenango",1,1416,600,,,,,,,,,,,,,,,,,,,,,,,,,,,,,,,,,,,,,,,0,,,
10700,"Quetzaltenango",9,"Quetzaltenango",1,1416,600,,,,,,,,,,,,,,,,,,,,,,,,,,,,,,,,,,,,,,,0,,,
10701,"Quetzaltenango",9,"Quetzaltenango",1,1416,600,4,30,6,15,1,67,4,0,8,3,10,3,7,11,2,3,21,4,16,1,3,5,9,3,2,238,18,6,262,0,262,--,603,341,238,262,262,Algún campo sin dato,1,28f864520f1afee13ced84c91e2605daa74cdb448cb956d7d459b6798d0fac80,26/06/2023 03:16:38,ESCANER
10702,"Quetzaltenango",9,"Quetzaltenango",1,1416,600,10,25,2,10,0,73,4,1,6,10,8,3,6,11,3,2,21,4,14,5,2,4,10,3,2,239,18,4,261,0,261,--,600,339,239,261,261,Algún campo sin dato,1,a874f71b353ae29a20929b14634d09d97da0eba8628656aa8f2e624de573f1d6,26/06/2023 03:25:00,ESCANER
10703,"Quetzaltenango",9,"Quetzaltenango",1,1417,600,6,19,10,7,3,65,4,0,15,3,9,4,5,18,3,4,23,0,11,2,1,3,9,3,5,232,10,4,246,0,246,--,601,355,232,246,246,Algún campo sin dato,1,39e26dc8726aae32a80b32d85a0a264e902077c35423bf6b1311814519784305,26/06/2023 02:41:11,ESCANER
10704,"Quetzaltenango",9,"Quetzaltenango",1,1417,600,9,22,4,11,2,53,5,0,9,5,7,5,7,13,1,1,21,3,13,0,1,4,8,1,6,211,12,3,226,0,226,--,600,374,211,226,226,Algún campo sin dato,1,7b777455cf478336aa13f92c4025b3ea4ae0862e8bc92e6b5be3389eba5f3083,26/06/2023 03:11:53,ESCANER
10705,"Quetzaltenango",9,"Quetzaltenango",1,1417,600,,,,,,,,,,,,,,,,,,,,,,,,,,,,,,,,,,,,,,,0,,,
10706,"Quetzaltenango",9,"Quetzaltenango",1,1417,600,0,14,7,4,2,30,1,0,3,2,5,2,3,5,2,4,4,3,3,1,2,3,6,1,6,113,15,0,128,0,128,--,600,472,113,128,128,Algún campo sin dato,1,3ce75d8ff9fe39e14442d54f8e2922284c7d7e9d227f13291bf0325733ec46aa,26/06/2023 01:49:56,ESCANER
10707,"Quetzaltenango",9,"Quetzaltenango",1,1417,600,0,8,1,2,1,13,0,0,3,0,2,5,0,4,0,0,4,1,4,0,2,0,0,0,0,50,11,2,63,--,--,--,600,537,50,63,63,Algún campo sin dato,1,e02058ec576898382cc933627f694545d60a40d8254d02c588263c427ca86292,26/06/2023 01:05:29,ESCANER
10708,"Quetzaltenango",9,"Quetzaltenango",1,1417,548,--,4,--,--,--,9,--,--,3,--,1,--,--,2,1,2,5,--,3,--,--,--,--,--,1,31,4,0,35,--,35,--,549,514,31,35,35,Algún campo sin dato,1,15c9f5f7257a9b42bc5a8bb4d5556e82b3bc4435c4b7a96e5557f92663565c33,25/06/2023 22:31:05,ESCANER
10709,"Quetzaltenango",9,"Quetzaltenango",1,1417,547,2,5,1,1,0,5,1,0,0,1,1,2,0,2,1,1,1,0,1,0,0,0,0,0,1,26,0,0,26,0,26,--,547,521,26,26,26,Algún campo sin dato,1,6e58dbd676b79abe7e58a890efb9e0a2577c83e0e5d09b6c5ad2564542744d77,25/06/2023 22:32:58,ESCANER