﻿TIPO_DE_ELECCIÓN:,CORPORACIÓN MUNICIPAL
26 junio 2023 03:36 (UTC -6)
ACTAS_ESPERADAS,ACTAS_CAPTURADAS,PORCENTAJE_ACTAS_CAPTURADAS,ACTAS_CONTABILIZADAS,PORCENTAJE_ACTAS_CONTABILIZADAS,ACTAS_NO_CONTABILIZADAS,LISTA_NOMINAL_ACTAS_CONTABILIZADAS,VOTOS_EMITIDOS_CONTABILIZADAS,PORCENTAJE_PARTICIPACIÓN_CIUDADANA
48,46,95.8333,46,95.8333,0,17192,11352,66.0307

MESA,DEPARTAMENTO,ID_DEPARTAMENTO,MUNICIPIO,ID_MUNICIPIO,CENTRO_DE_VOTACIÓN,PADRÓN,MLP,VICTORIA,VAMOS,UNE,PIN,VIVA,PPN,CREO,UR,TODOS,CABAL,CAMBIO,VALOR UNIONISTA,VÁLIDOS,NULOS,BLANCO,EMITIDOS,INVÁLIDOS,TOTAL,IMPUGNACIONES,PAPELETAS-RECIBIDAS,PAPELETAS-NO-USADAS,VALIDOS_CALCULADO,EMITIDOS_CALCULADO,TOTAL_CALCULADO,OBSERVACIONES,CONTABILIZADA,CÓDIGO_INTEGRIDAD,FECHA_HORA_PUBLICACIÓN,DIGITALIZACIÓN
11337,"Quetzaltenango",9,"El Palmar",19,1522,400,3,94,88,21,1,2,11,5,1,2,1,0,44,273,11,4,288,0,288,--,400,112,273,288,288,Algún campo sin dato,1,acb2d7832402d50236f0dfad9907ae198ca7ed6bee648ddd5ad75ee934d9cbc4,26/06/2023 02:08:22,ESCANER
11338,"Quetzaltenango",9,"El Palmar",19,1522,400,2,121,69,12,3,3,14,5,1,0,0,0,30,260,9,3,272,0,272,--,400,128,260,272,272,Algún campo sin dato,1,0089e36dda1a081b7760dd9d5241d8eec92258b87cec21d845a5a66ab9773d8c,26/06/2023 02:39:12,ESCANER
11339,"Quetzaltenango",9,"El Palmar",19,1522,400,3,117,83,17,1,0,8,4,1,0,0,0,44,278,16,4,298,0,298,--,400,102,278,298,298,Algún campo sin dato,1,9179782c00953ef6358d8b6baf68bb5398193a2737bf4f7b56bc0eaef229c276,25/06/2023 23:20:18,ESCANER
11340,"Quetzaltenango",9,"El Palmar",19,1522,400,6,123,87,10,5,2,9,3,2,1,0,0,40,288,9,13,310,0,310,--,400,90,288,310,310,Algún campo sin dato,1,aa1d83f7ab2be33ad089d31ae9315c23032036c16a4b8f455dbca3d89c6d157d,26/06/2023 02:20:44,ESCANER
11341,"Quetzaltenango",9,"El Palmar",19,1522,400,8,114,96,39,0,0,11,2,2,1,1,0,23,297,11,4,312,0,312,--,400,88,297,312,312,Algún campo sin dato,1,a9adaee52c470978a71f937856238b85caeb67d891a54829ea92e93741fae06d,26/06/2023 01:06:50,ESCANER
11342,"Quetzaltenango",9,"El Palmar",19,1522,400,2,78,110,18,1,4,25,3,0,1,0,0,50,292,17,3,312,0,312,--,400,88,292,312,312,Algún campo sin dato,1,c3693a8d0f2ce1b10f96fbde18afdbc2c2ebc44f5d5f971e9d4035a0d9fc7721,26/06/2023 03:09:42,ESCANER
11343,"Quetzaltenango",9,"El Palmar",19,1522,400,4,116,103,19,2,2,5,7,0,2,0,0,39,299,15,0,314,0,314,--,400,86,299,314,314,Algún campo sin dato,1,95b909ded54cd8f7ff11ab6df7d689ae9afb7b856121075d3af988d6af0a10b2,26/06/2023 03:03:57,ESCANER
11344,"Quetzaltenango",9,"El Palmar",19,1522,400,5,124,71,22,3,2,14,1,0,1,1,0,34,278,16,2,296,0,296,--,400,104,278,296,296,Algún campo sin dato,1,cf358280c1653f1b95aab233695bafdec65ecad28ee499651f6cb7ae9ed99948,26/06/2023 01:47:35,ESCANER
11345,"Quetzaltenango",9,"El Palmar",19,1522,400,1,112,74,11,2,--,9,3,--,--,--,--,42,254,3,1,258,--,258,--,400,142,254,258,258,Algún campo sin dato,1,171d6e0020465e00f68a70ea61c08db7f1a62cddad697776cb2a5178364d5a78,26/06/2023 01:00:19,ESCANER
11346,"Quetzaltenango",9,"El Palmar",19,1522,400,1,102,83,24,3,2,17,4,0,0,1,0,36,273,8,6,287,0,287,--,400,113,273,287,287,Algún campo sin dato,1,0f829dc9daca083d9f7e13f33fd5398f87aff378bef980c4af76c91d2ec82f1d,26/06/2023 00:02:17,ESCANER
11347,"Quetzaltenango",9,"El Palmar",19,1522,400,0,131,86,15,5,2,7,4,0,2,0,0,25,277,9,4,290,0,290,--,400,110,277,290,290,Algún campo sin dato,1,cab133a1d310af42c3c24d048fd07953060da3764001bc49e11787075cfbdff8,26/06/2023 00:29:44,ESCANER
11348,"Quetzaltenango",9,"El Palmar",19,1522,400,1,100,88,11,4,1,6,4,0,1,0,0,39,255,11,4,270,0,270,--,400,130,255,270,270,Algún campo sin dato,1,ee23418df754fd27621e65068bc64684c14909d2f7083a0b5e88f1ab43a487e8,26/06/2023 01:54:13,ESCANER
11349,"Quetzaltenango",9,"El Palmar",19,1522,400,4,98,75,8,3,0,10,3,1,0,1,0,62,265,4,6,275,0,275,--,--,--,265,275,275,Algún campo sin dato,1,6e5e6ea7fca67143f2c7d4e81b638aea3cf90b5e691501bceb6e131480ba2394,26/06/2023 02:40:55,ESCANER
11350,"Quetzaltenango",9,"El Palmar",19,1522,400,2,109,88,22,1,1,11,2,0,0,0,0,41,277,6,3,286,--,286,--,400,114,277,286,286,Algún campo sin dato,1,22e42093300c52f9476efbb2e0d647e7f56b26c30f92e7ddecda12554b72ad7a,26/06/2023 02:45:59,ESCANER
11351,"Quetzaltenango",9,"El Palmar",19,1522,400,1,125,79,13,2,0,14,5,1,1,0,0,31,272,4,2,278,0,278,--,400,122,272,278,278,Algún campo sin dato,1,ca42027b6918ad97aa39ddcf28a5d3e885a8fede2d2508ab3a10a2ca45a95187,26/06/2023 03:05:38,ESCANER
11352,"Quetzaltenango",9,"El Palmar",19,1522,400,--,125,74,12,2,1,13,5,--,--,--,--,37,269,4,--,273,--,273,--,400,127,269,273,273,Algún campo sin dato,1,7a330b0e585854985e8a7efc5c145e4aef4415e62af0188e09982e11fc43b75e,26/06/2023 01:21:35,ESCANER
11353,"Quetzaltenango",9,"El Palmar",19,1523,400,4,86,86,9,3,1,19,4,0,1,0,0,43,256,8,0,264,0,264,--,400,136,256,264,264,Algún campo sin dato,1,3aa9e03385dc14db851e4f3735b45670d7c2762de15fce573fd4d5e4e8a7b4f8,26/06/2023 00:39:28,ESCANER
11354,"Quetzaltenango",9,"El Palmar",19,1523,400,2,123,72,14,3,1,19,4,1,2,0,0,45,286,1,1,288,0,288,--,404,116,286,288,288,Algún campo sin dato,1,2e9dd7430526f6cbd98a5026c0526c54d642f33fff955b8dffd8b29845b8cfe7,26/06/2023 00:51:49,ESCANER
11355,"Quetzaltenango",9,"El Palmar",19,1523,287,2,73,61,15,0,0,11,2,0,2,0,0,31,197,2,1,200,0,200,--,287,87,197,200,200,Algún campo sin dato,1,4a2c4130d6d67985ccb6c626d805c7c8665f7a24500c13ab4ea8cea99aea1bc5,26/06/2023 00:28:20,ESCANER
11356,"Quetzaltenango",9,"El Palmar",19,1523,287,3,73,43,4,1,0,7,7,1,0,0,0,23,162,6,2,170,0,170,--,287,117,162,170,170,Algún campo sin dato,1,4147ffcb56eac848f2c910fa2ac01f6729a118b41be200b8393f48b9972d8a18,25/06/2023 23:13:18,ESCANER
11357,"Quetzaltenango",9,"El Palmar",19,1524,380,1,40,49,10,2,5,56,1,1,2,0,0,35,202,22,20,244,0,244,--,380,136,202,244,244,Algún campo sin dato,1,4af03caa71daff2a6d05c8991da8d3f226708d27ece7567c0bd270cbe9629c5a,26/06/2023 00:36:08,ESCANER
11358,"Quetzaltenango",9,"El Palmar",19,1524,380,1,52,44,21,2,1,55,4,3,1,0,0,26,210,22,7,239,0,239,--,380,141,210,239,239,Algún campo sin dato,1,da1c53a815eeafada8f6afc2fea3d421d53d08d38d6700470ab3e1cbb0a92461,25/06/2023 23:29:59,ESCANER
11359,"Quetzaltenango",9,"El Palmar",19,1524,380,0,52,51,12,1,6,43,1,3,2,0,0,30,201,13,6,220,0,220,--,380,160,201,220,220,Algún campo sin dato,1,7b57886fe3cda09340137de82fa4dd25f6c02b558a675513712eb2a4f2431388,25/06/2023 23:16:13,ESCANER
11360,"Quetzaltenango",9,"El Palmar",19,1524,317,--,23,33,10,4,--,37,--,1,--,1,--,18,127,9,8,144,--,144,--,317,173,127,144,144,Algún campo sin dato,1,9f66bab6252cf01fc751bb9eaa21c218f83396e2a50cc8700dd2ea8dfa8c4116,26/06/2023 00:24:14,ESCANER
11361,"Quetzaltenango",9,"El Palmar",19,1524,316,--,30,37,6,1,5,35,3,--,2,--,--,22,141,6,2,149,--,149,--,314,165,141,149,149,Algún campo sin dato,1,03258e62cc30fca02dda4e11c0dd84626e3d9d0045065a80653525fdd282cdf8,25/06/2023 23:47:49,ESCANER
11362,"Quetzaltenango",9,"El Palmar",19,1525,380,4,84,80,12,1,2,17,2,0,1,1,0,67,271,14,5,290,0,290,--,380,90,271,290,290,Algún campo sin dato,1,a0fffc550beaf0c64a8d6e4d3f66689e401bc57051f8e369fe41bc10d65875bc,26/06/2023 02:13:15,ESCANER
11363,"Quetzaltenango",9,"El Palmar",19,1525,380,1,96,89,16,0,3,17,1,4,0,1,0,66,294,11,5,310,0,310,--,380,70,294,310,310,Algún campo sin dato,1,9dffe39a58417adb65d17fb4c7cf6ae8a24a1e6e6b375b97790a437017851ea3,26/06/2023 02:57:23,ESCANER
11364,"Quetzaltenango",9,"El Palmar",19,1525,380,5,91,74,18,0,4,16,5,2,0,0,1,57,273,18,5,296,0,296,--,380,84,273,296,296,Algún campo sin dato,1,ef3e82020e08c4de09c5d7018e03aafb9c5cc7119f71dbbed88663b0d271d6d4,26/06/2023 01:31:15,ESCANER
11365,"Quetzaltenango",9,"El Palmar",19,1525,380,1,77,69,14,0,5,22,2,5,1,1,0,71,268,16,5,289,0,289,--,380,91,268,289,289,Algún campo sin dato,1,2a1c0a90fac41328c0a6c408135ccbd48fc0d794f14b3909d48bc482ca474006,26/06/2023 02:14:13,ESCANER
11366,"Quetzaltenango",9,"El Palmar",19,1525,380,3,95,64,11,0,2,18,1,2,0,1,0,62,259,10,3,272,0,272,--,380,108,259,272,272,Algún campo sin dato,1,67617c44230251c62f21d85afb3e3d399082b9ece88e18b2292d7829f13c2fbe,25/06/2023 23:27:25,ESCANER
11367,"Quetzaltenango",9,"El Palmar",19,1525,380,3,87,69,12,0,3,13,5,0,0,1,1,62,256,6,8,270,0,270,--,377,107,256,270,270,Algún campo sin dato,1,2111b892368e3a3bf8365d630138010462d12fb9ccd7425cd95aff3205d37963,26/06/2023 00:41:43,ESCANER
11368,"Quetzaltenango",9,"El Palmar",19,1525,380,3,76,83,11,0,2,12,5,3,2,2,0,69,268,14,8,290,0,290,--,380,90,268,290,290,Algún campo sin dato,1,0ceff6295922c6505ac4ab2b5b4aa641d66598cd86ccce976966f6a21b6058c4,26/06/2023 00:18:04,ESCANER
11369,"Quetzaltenango",9,"El Palmar",19,1525,380,1,90,85,11,--,1,14,2,--,--,1,--,62,267,4,2,273,--,273,--,380,107,267,273,273,Algún campo sin dato,1,cc9b5c8a042cd861579c472f931ba202559e2b34388c6a4661dba2d491b782f5,26/06/2023 02:39:06,ESCANER
11370,"Quetzaltenango",9,"El Palmar",19,1525,352,2,90,55,11,0,1,14,3,5,0,0,0,57,238,3,1,242,0,242,--,352,110,238,242,242,Algún campo sin dato,1,274fc6d755bd9ccc7fa956c075f3fb18d2b3671745c9f384575b6aebaab86a4f,26/06/2023 00:08:58,ESCANER
11371,"Quetzaltenango",9,"El Palmar",19,1525,351,2,79,69,3,--,--,10,3,2,--,1,--,63,232,3,--,235,--,235,--,351,116,232,235,235,Algún campo sin dato,1,b589b923c0ab81688fff6d269011b2b9c27becf3dc45df220c3c9d6d117a17ec,25/06/2023 23:33:30,ESCANER
11372,"Quetzaltenango",9,"El Palmar",19,1526,380,,,,,,,,,,,,,,,,,,,,,,,,,,,0,,,
11373,"Quetzaltenango",9,"El Palmar",19,1526,380,4,107,57,17,3,2,7,2,1,0,1,0,29,230,22,6,258,0,258,--,380,122,230,258,258,Algún campo sin dato,1,fd3efeb570eee80eb04e8f91d8f9f1261fb9da399bf7bbebe52c648c4bbe4235,26/06/2023 02:20:10,ESCANER
11374,"Quetzaltenango",9,"El Palmar",19,1526,380,,,,,,,,,,,,,,,,,,,,,,,,,,,0,,,
11375,"Quetzaltenango",9,"El Palmar",19,1526,380,2,112,28,24,1,3,7,9,0,2,0,0,37,225,27,10,262,0,262,--,380,118,225,262,262,Algún campo sin dato,1,7bd51d23799af2be65ad25296d7a6b7bf40c785aa18b7da89873c927153888c2,26/06/2023 02:05:48,ESCANER
11376,"Quetzaltenango",9,"El Palmar",19,1526,380,1,100,48,11,4,4,7,2,0,0,0,0,24,201,9,10,220,0,220,--,380,160,201,220,220,Algún campo sin dato,1,e85567273b6ba0ddda9d20bd6fde7378cd9dd2e72b0c17c7f3dc423fdde8ecbb,26/06/2023 00:30:20,ESCANER
11377,"Quetzaltenango",9,"El Palmar",19,1526,380,6,114,52,5,6,2,4,0,0,0,1,0,27,217,12,5,234,0,234,--,380,146,217,234,234,Algún campo sin dato,1,2223cf98b3e956011a994bf940ac549fed5a4967312ce3d00b5b531c68f73944,26/06/2023 01:47:20,ESCANER
11378,"Quetzaltenango",9,"El Palmar",19,1526,380,7,113,44,9,2,3,6,0,0,0,0,0,34,218,7,3,228,0,228,--,380,152,218,228,228,Algún campo sin dato,1,4a7851a476e7b5752edc2b9e9f9b412ad58fdf4e2234764aadac86268a77c19d,26/06/2023 01:12:33,ESCANER
11379,"Quetzaltenango",9,"El Palmar",19,1526,380,4,110,52,5,0,2,3,1,0,0,1,0,25,203,10,5,218,1,219,--,380,162,203,218,219,Algún campo sin dato,1,53f5225800f1b698879f2614e0565f888921e64743db6921ae7b1d1beb080b7d,26/06/2023 01:36:50,ESCANER
11380,"Quetzaltenango",9,"El Palmar",19,1526,380,5,107,32,4,10,2,5,3,--,--,--,--,44,212,5,1,218,--,218,--,380,162,212,218,218,Algún campo sin dato,1,b6653e5d81b8757d3b98234106ba1385a940a73de315313c7ab4110ae9bf6b7d,26/06/2023 02:14:48,ESCANER
11381,"Quetzaltenango",9,"El Palmar",19,1526,216,2,68,25,5,3,0,4,0,0,0,0,0,18,125,1,0,126,0,126,--,216,90,125,126,126,Algún campo sin dato,1,a70532e8f2bc3f7ef51c0cca2ae80860b229d2022721c032eb95fe0ee9d4455a,26/06/2023 01:20:47,ESCANER
11382,"Quetzaltenango",9,"El Palmar",19,1526,216,2,39,25,3,3,1,1,3,0,0,0,0,16,93,4,4,101,0,101,--,216,115,93,101,101,Algún campo sin dato,1,928f8e49c89c579e3163d3149ee35a611295816b1474b9a89afa3e40615e510e,26/06/2023 00:01:31,ESCANER
11383,"Quetzaltenango",9,"El Palmar",19,1527,405,1,44,24,5,1,1,6,1,0,1,0,0,21,105,4,2,111,0,111,--,405,294,105,111,111,Algún campo sin dato,1,a4d738659fb3b437e87de853f12ebeac80b5bcb7461aa7ad94d6622c6362f374,25/06/2023 23:21:15,ESCANER
11384,"Quetzaltenango",9,"El Palmar",19,1527,405,0,24,25,3,1,1,2,2,0,0,1,0,8,67,3,2,72,0,72,--,405,333,67,72,72,Algún campo sin dato,1,88cb7a903460df03f688334146bc5873f039e666256ec314a67e7d1b522eb243,25/06/2023 23:47:30,ESCANER