﻿TIPO_DE_ELECCIÓN:,CORPORACIÓN MUNICIPAL
26 junio 2023 03:36 (UTC -6)
ACTAS_ESPERADAS,ACTAS_CAPTURADAS,PORCENTAJE_ACTAS_CAPTURADAS,ACTAS_CONTABILIZADAS,PORCENTAJE_ACTAS_CONTABILIZADAS,ACTAS_NO_CONTABILIZADAS,LISTA_NOMINAL_ACTAS_CONTABILIZADAS,VOTOS_EMITIDOS_CONTABILIZADAS,PORCENTAJE_PARTICIPACIÓN_CIUDADANA
50,50,100.0000,50,100.0000,0,19655,11531,58.6670

MESA,DEPARTAMENTO,ID_DEPARTAMENTO,MUNICIPIO,ID_MUNICIPIO,CENTRO_DE_VOTACIÓN,PADRÓN,MLP,TODOS,UNE,VAMOS,PODEMOS,VIVA,URNG-MAIZ SEMILLA,VÁLIDOS,NULOS,BLANCO,EMITIDOS,INVÁLIDOS,TOTAL,IMPUGNACIONES,PAPELETAS-RECIBIDAS,PAPELETAS-NO-USADAS,VALIDOS_CALCULADO,EMITIDOS_CALCULADO,TOTAL_CALCULADO,OBSERVACIONES,CONTABILIZADA,CÓDIGO_INTEGRIDAD,FECHA_HORA_PUBLICACIÓN,DIGITALIZACIÓN
11847,"Suchitepéquez",10,"Cuyotenango",2,1594,400,2,2,123,102,5,7,9,250,11,3,264,0,264,--,400,136,250,264,264,Algún campo sin dato,1,1a1abdd01fec800b1a6cb88e38df4af54ad3f70529760e8a3ab3994f09b9a411,26/06/2023 00:39:28,ESCANER
11848,"Suchitepéquez",10,"Cuyotenango",2,1594,400,1,4,106,107,4,8,5,235,13,9,257,0,257,9,397,140,235,257,257,,1,db10a18910360c5b5d04e3811300e5717763919da3f78f85a02bd4ef905c085c,26/06/2023 02:48:03,ESCANER
11849,"Suchitepéquez",10,"Cuyotenango",2,1594,400,2,3,121,122,6,11,8,273,9,3,285,0,285,2,400,115,273,285,285,,1,93dfd31a9d30475e27e7f8b1390b2b9b3c390fe23d16449c5edc942ee525d300,26/06/2023 01:28:12,ESCANER
11850,"Suchitepéquez",10,"Cuyotenango",2,1594,400,2,4,129,115,5,10,6,271,10,3,284,116,400,--,--,--,271,284,400,Algún campo sin dato,1,e1d4d8d662beac63bc836b1fecf8953b600cd26fa8a2677f289f1ae9e98331e6,26/06/2023 02:31:58,ESCANER
11851,"Suchitepéquez",10,"Cuyotenango",2,1594,400,2,3,131,123,4,8,7,278,14,1,293,0,293,--,400,107,278,293,293,Algún campo sin dato,1,20e3d097326c11e64c020c97eb52bf2de8e916881bca3466813e61f46e6e6dec,26/06/2023 00:56:54,ESCANER
11852,"Suchitepéquez",10,"Cuyotenango",2,1594,400,4,4,126,133,4,7,3,281,15,2,298,0,298,1,399,99,281,298,298,,1,9bdf166a359178e3c9fcc20d78ad304fe874a41e2465650b9cf7fcfdcc52b211,26/06/2023 01:32:45,ESCANER
11853,"Suchitepéquez",10,"Cuyotenango",2,1594,400,2,8,141,103,5,6,5,270,18,1,289,0,289,1,400,111,270,289,289,,1,27a86125fb6fbf4ebfd97bd82c2d249d89c66c81607d16fb012b1481285083a2,26/06/2023 00:45:55,ESCANER
11854,"Suchitepéquez",10,"Cuyotenango",2,1594,400,0,4,118,127,2,13,9,273,17,4,294,0,294,2,294,103,273,294,294,,1,bbf8aa711b86e9daad7b10baacdcc400c5281148fb884231be8a4ad1241526db,26/06/2023 01:52:30,ESCANER
11855,"Suchitepéquez",10,"Cuyotenango",2,1594,400,1,2,153,96,4,5,5,266,7,2,275,0,275,2,400,120,266,275,275,,1,0cd32c12a53e085c4d6944afead5b9e1fccfaae22ce6babca18f0108610a0e7b,26/06/2023 01:21:27,ESCANER
11856,"Suchitepéquez",10,"Cuyotenango",2,1595,400,1,1,115,119,4,3,3,257,10,1,257,0,257,--,400,140,246,257,257,Sumas Asentadas sin cuadrar,1,128fcbab091a9550589c753fed55ede58e4cd3ab26a2d601e9d9a598da9a0c24,26/06/2023 01:44:25,ESCANER
11857,"Suchitepéquez",10,"Cuyotenango",2,1595,400,0,1,141,92,3,9,6,252,11,2,265,0,265,--,397,132,252,265,265,Algún campo sin dato,1,d21adf8abfe4334a9e4519d6efb7f5fc6f667cb7a5b2e01fc65deb1fa0514f2d,25/06/2023 23:54:09,ESCANER
11858,"Suchitepéquez",10,"Cuyotenango",2,1595,400,0,3,114,109,3,6,5,240,12,2,254,0,254,--,400,143,240,254,254,Algún campo sin dato,1,ad897bd274d046929f125e895a27c16c21f13e976bd6750d5eb7db49c88812bf,26/06/2023 00:47:28,ESCANER
11859,"Suchitepéquez",10,"Cuyotenango",2,1595,400,0,4,97,117,2,8,4,232,10,2,244,0,244,--,400,156,232,244,244,Algún campo sin dato,1,5fa7f3307a49bf41f7d0b600c60dc416878da951c0313738d2a796fe4cc77f26,26/06/2023 00:12:24,ESCANER
11860,"Suchitepéquez",10,"Cuyotenango",2,1595,400,1,1,114,108,2,13,7,246,10,2,258,0,258,--,397,139,246,258,258,Algún campo sin dato,1,65748c61dd0a7f381c771b1909c7a190fc7a43dff532117765e6a9eaad6e6be2,26/06/2023 00:03:51,ESCANER
11861,"Suchitepéquez",10,"Cuyotenango",2,1595,400,0,5,106,99,3,9,6,228,11,1,240,0,240,1,400,159,228,240,240,,1,a868eae2e65d6aadc432e282b49c50fcb796d630d4d06907daf78f669117e555,26/06/2023 01:41:37,ESCANER
11862,"Suchitepéquez",10,"Cuyotenango",2,1595,400,2,5,103,86,4,9,8,217,11,4,232,0,232,--,400,168,217,232,232,Algún campo sin dato,1,e9148c9c72a5973f5483acd0b2d64463f8524bc3e4f266d86a7da7ee9e19aa20,26/06/2023 00:19:23,ESCANER
11863,"Suchitepéquez",10,"Cuyotenango",2,1595,400,4,3,119,91,0,5,9,231,3,0,234,0,234,--,400,166,231,234,234,Algún campo sin dato,1,1adc77787721759947adf7d46e813bffe1816a533d565b036fc8463c10063565,26/06/2023 00:23:34,ESCANER
11864,"Suchitepéquez",10,"Cuyotenango",2,1595,400,2,3,95,138,4,5,8,255,3,1,259,1,260,--,397,137,255,259,260,Algún campo sin dato,1,d071adad5e7fc2132acc33916c9e3c11694a39cf2ba79b466e909e14a233ef33,26/06/2023 01:16:02,ESCANER
11865,"Suchitepéquez",10,"Cuyotenango",2,1596,400,2,1,100,95,0,5,5,208,3,1,212,0,212,--,400,188,208,212,212,Algún campo sin dato,1,a96d227540f3928060f01df993e01abf2aff6d24c216a16f5c4e8bef52b5e92d,25/06/2023 23:42:34,ESCANER
11866,"Suchitepéquez",10,"Cuyotenango",2,1596,306,5,2,91,85,0,3,5,191,4,0,195,0,195,2,306,109,191,195,195,,1,9fa52fba895f6cc01742bf02eab09343943005483af4c699c2df3151a4307394,26/06/2023 00:23:03,ESCANER
11867,"Suchitepéquez",10,"Cuyotenango",2,1596,306,2,2,71,73,3,0,3,154,4,0,158,0,158,--,306,148,154,158,158,Algún campo sin dato,1,ff0eb1f429e26b95127546ddc5b0ebe85ee70cc5c742ed3835f788e30afbf5e7,25/06/2023 23:22:01,ESCANER
11868,"Suchitepéquez",10,"Cuyotenango",2,1597,400,1,3,106,99,3,9,10,231,24,3,258,0,258,--,400,142,231,258,258,Algún campo sin dato,1,85eac494c58f21a890977df4148f0703df26b19f8f0e61440442df89966794f4,26/06/2023 01:09:33,ESCANER
11869,"Suchitepéquez",10,"Cuyotenango",2,1597,400,0,2,118,107,1,8,6,242,23,3,268,0,268,--,400,132,242,268,268,Algún campo sin dato,1,8b869a516f333464681724983a1ac17f5bcbd97232fd25dc4ec06964e7a189fc,26/06/2023 01:23:44,ESCANER
11870,"Suchitepéquez",10,"Cuyotenango",2,1597,400,0,5,110,112,4,13,12,256,17,9,282,0,282,--,400,118,256,282,282,Algún campo sin dato,1,51060421a5deb8eb9c8deaf96bc470afb331b4de1c9e91f711b007e2cb61839c,25/06/2023 23:36:39,ESCANER
11871,"Suchitepéquez",10,"Cuyotenango",2,1597,400,0,5,105,116,4,9,12,251,23,3,277,1,278,1,400,122,251,277,278,,1,81bd2de990135bfd6859352c3135641025693a329124c232131b3c411fabf48a,26/06/2023 01:16:12,ESCANER
11872,"Suchitepéquez",10,"Cuyotenango",2,1597,400,3,5,94,133,0,9,8,252,20,5,277,0,277,--,400,123,252,277,277,Algún campo sin dato,1,ca9470e6b10511e68374166f8c1f7273ba93a9ef4ac370196e212846c7477413,25/06/2023 23:44:02,ESCANER
11873,"Suchitepéquez",10,"Cuyotenango",2,1597,400,1,7,130,105,6,7,7,263,24,7,294,0,294,--,400,106,263,294,294,Algún campo sin dato,1,c781586670aa8e15cc42f03d8fbd680c91972cb5cb426c7277d932355877685c,26/06/2023 00:09:39,ESCANER
11874,"Suchitepéquez",10,"Cuyotenango",2,1598,400,1,3,119,115,6,6,3,253,20,2,275,0,275,1,400,124,253,275,275,,1,2a3e829d1c497d78c2bed393ae6cbac23c60e2191ab2ac8da179257eed26eed9,26/06/2023 01:24:25,ESCANER
11875,"Suchitepéquez",10,"Cuyotenango",2,1598,400,0,4,118,126,5,8,6,267,8,4,279,0,279,--,397,118,267,279,279,Algún campo sin dato,1,ae8af9e44f2d8ffa13d772831cdd3352b68b1c24f93f400f4168600399401a93,26/06/2023 02:58:13,ESCANER
11876,"Suchitepéquez",10,"Cuyotenango",2,1598,400,2,3,100,103,3,7,6,224,22,1,247,0,247,1,400,153,224,247,247,,1,237b0f7dbcedb785f1908072356832098d77ff5a25ce72043e301b19614eac7f,26/06/2023 00:46:07,ESCANER
11877,"Suchitepéquez",10,"Cuyotenango",2,1598,400,1,5,142,107,5,4,6,270,22,4,296,0,296,--,400,104,270,296,296,Algún campo sin dato,1,06ba4114b82727ab06d8b230c8427540b88bbcd04fedf7e8649bd196ef1356d2,25/06/2023 23:47:35,ESCANER
11878,"Suchitepéquez",10,"Cuyotenango",2,1598,400,2,7,102,95,4,8,6,224,7,1,232,0,232,--,400,168,224,232,232,Algún campo sin dato,1,b810f3b35c27a215ba0d3d9dd10eced34d7441f216775b931e9cbb8d40847e2a,26/06/2023 01:33:23,ESCANER
11879,"Suchitepéquez",10,"Cuyotenango",2,1598,400,0,3,117,103,3,5,7,238,6,2,246,0,246,--,397,150,238,246,246,Algún campo sin dato,1,9898c51ae9e41dea4c6a19814a57f2ba2cdf839c285a75f23983e1dfad841a7d,26/06/2023 00:24:34,ESCANER
11880,"Suchitepéquez",10,"Cuyotenango",2,1598,400,0,3,118,99,4,0,0,224,23,4,251,0,251,1,396,133,224,251,251,,1,2d8354f1790293dbce7ddab3262a0f7e165d94932e5679e24eda2b103c237077,26/06/2023 02:07:09,ESCANER
11881,"Suchitepéquez",10,"Cuyotenango",2,1598,400,1,2,88,120,6,10,13,240,11,3,254,146,400,--,400,143,240,254,400,Algún campo sin dato,1,552d966f4ed5e27831e149d46a68178b30d27b533c1923bdb34cbf9e01431412,26/06/2023 02:18:19,ESCANER
11882,"Suchitepéquez",10,"Cuyotenango",2,1598,400,0,4,97,93,4,13,8,219,13,7,239,0,239,--,400,161,219,239,239,Algún campo sin dato,1,3aefd755310689e3b22d98ff7f36876b1f8ea0450e2c9dc6f905aa388e1fbe6c,25/06/2023 23:25:27,ESCANER
11883,"Suchitepéquez",10,"Cuyotenango",2,1598,400,0,4,135,77,2,11,2,231,17,5,253,0,253,1,400,146,231,253,253,,1,c47f91644b3b0038cb1bbd66d8f351dbfe2d9bbd54ac776b092646441c2a6bf5,25/06/2023 22:53:23,ESCANER
11884,"Suchitepéquez",10,"Cuyotenango",2,1599,400,2,3,95,107,4,8,12,231,11,6,248,0,248,--,400,152,231,248,248,Algún campo sin dato,1,08668b3e081beed739c2f85e10dc3ac6b73825447324a6e60f2058bd54259a54,26/06/2023 00:55:32,ESCANER
11885,"Suchitepéquez",10,"Cuyotenango",2,1599,400,0,1,98,84,1,6,6,196,13,1,210,0,210,--,397,187,196,210,210,Algún campo sin dato,1,584a6804448ea46dc0077dc8f71888c3a5d9e93d54a12a083a92e474af54abba,25/06/2023 23:09:11,ESCANER
11886,"Suchitepéquez",10,"Cuyotenango",2,1599,400,0,1,96,93,3,2,6,201,7,6,214,0,214,1,400,185,201,214,214,,1,9c8992107e5add965086ae08bce5dd3ebbc508e949c83f503619cf8c1276df90,25/06/2023 23:59:21,ESCANER
11887,"Suchitepéquez",10,"Cuyotenango",2,1599,400,0,3,92,89,6,4,15,209,0,0,209,0,209,--,399,190,209,209,209,Algún campo sin dato,1,584dfde53e8407cefb8e783704fd5a8e335de4c2adcf1f8b05c6395da5aae893,25/06/2023 23:21:52,ESCANER
11888,"Suchitepéquez",10,"Cuyotenango",2,1599,400,1,1,95,123,3,4,3,230,4,1,235,0,235,--,400,165,230,235,235,Algún campo sin dato,1,392e6222ad5374f710e3f61a73a194411392284dc1831feeebf0548d8ea1a464,26/06/2023 00:06:10,ESCANER
11889,"Suchitepéquez",10,"Cuyotenango",2,1599,400,1,1,95,100,4,5,4,210,4,0,214,0,214,--,400,183,210,214,214,Algún campo sin dato,1,96520e18e464cf39bc967382a105a032617cb24ac98f24d789ad0e9cf7f5e30a,26/06/2023 00:28:42,ESCANER
11890,"Suchitepéquez",10,"Cuyotenango",2,1599,400,3,0,85,64,4,5,6,167,3,1,171,0,171,--,400,229,167,171,171,Algún campo sin dato,1,c4abc1ca71c004b728d513cb51ce113e12a5119a5faee7242b3cc6d2b9b21764,25/06/2023 23:14:16,ESCANER
11891,"Suchitepéquez",10,"Cuyotenango",2,1599,213,0,1,59,56,1,4,6,127,2,0,129,0,129,--,213,84,127,129,129,Algún campo sin dato,1,3ed61deb6d733f90e4fb2cf2ba754712d04e6c57b6823d383afccde6a312e057,25/06/2023 23:53:40,ESCANER
11892,"Suchitepéquez",10,"Cuyotenango",2,1599,213,1,1,32,44,4,3,4,89,4,3,96,0,96,--,213,117,89,96,96,Algún campo sin dato,1,9d56f67d0742b73f34b0810b3ca98da4c654ecae2a576a64b45fca3d31694c57,25/06/2023 22:49:12,ESCANER
11893,"Suchitepéquez",10,"Cuyotenango",2,1600,600,2,2,38,45,3,7,7,104,11,0,115,0,115,--,600,485,104,115,115,Algún campo sin dato,1,66bb9328f4e81b9c80231fc2cf33031a5dcaf9fee142b76e17de833260ab2693,25/06/2023 23:54:13,ESCANER
11894,"Suchitepéquez",10,"Cuyotenango",2,1600,600,1,2,28,36,0,5,2,74,9,2,85,0,85,--,598,513,74,85,85,Algún campo sin dato,1,793f9035195d5ae71e9a109d62d0affd80bc8166817981073f3f6c304c0ec681,25/06/2023 22:52:33,ESCANER
11895,"Suchitepéquez",10,"Cuyotenango",2,1600,309,0,0,3,13,1,0,1,18,1,0,19,0,19,--,309,290,18,19,19,Algún campo sin dato,1,5ee2a4b564bf3f0d8d17c07d8f38f0c783fc3294ea911b79123a0fd4fe3340b7,25/06/2023 20:36:20,ESCANER
11896,"Suchitepéquez",10,"Cuyotenango",2,1600,308,0,0,2,7,1,0,1,11,0,0,11,0,11,--,308,297,11,11,11,Algún campo sin dato,1,b7184aa258102ee4e90ecc602d576db6bd965090c0c1054bcaf5e9d579413674,25/06/2023 20:35:44,ESCANER