﻿TIPO_DE_ELECCIÓN:,CORPORACIÓN MUNICIPAL
26 junio 2023 03:36 (UTC -6)
ACTAS_ESPERADAS,ACTAS_CAPTURADAS,PORCENTAJE_ACTAS_CAPTURADAS,ACTAS_CONTABILIZADAS,PORCENTAJE_ACTAS_CONTABILIZADAS,ACTAS_NO_CONTABILIZADAS,LISTA_NOMINAL_ACTAS_CONTABILIZADAS,VOTOS_EMITIDOS_CONTABILIZADAS,PORCENTAJE_PARTICIPACIÓN_CIUDADANA
13,0,0.0000,0,0.0000,0,0,0,--.----

MESA,DEPARTAMENTO,ID_DEPARTAMENTO,MUNICIPIO,ID_MUNICIPIO,CENTRO_DE_VOTACIÓN,PADRÓN,TODOS,VAMOS,U R N G - MAIZ,UNE,VICTORIA,VALOR UNIONISTA,VÁLIDOS,NULOS,BLANCO,EMITIDOS,INVÁLIDOS,TOTAL,IMPUGNACIONES,PAPELETAS-RECIBIDAS,PAPELETAS-NO-USADAS,VALIDOS_CALCULADO,EMITIDOS_CALCULADO,TOTAL_CALCULADO,OBSERVACIONES,CONTABILIZADA,CÓDIGO_INTEGRIDAD,FECHA_HORA_PUBLICACIÓN,DIGITALIZACIÓN
11324,"Quetzaltenango",9,"San Francisco La Unión",18,1519,400,,,,,,,,,,,,,,,,,,,,0,,,
11325,"Quetzaltenango",9,"San Francisco La Unión",18,1519,400,,,,,,,,,,,,,,,,,,,,0,,,
11326,"Quetzaltenango",9,"San Francisco La Unión",18,1519,400,,,,,,,,,,,,,,,,,,,,0,,,
11327,"Quetzaltenango",9,"San Francisco La Unión",18,1519,400,,,,,,,,,,,,,,,,,,,,0,,,
11328,"Quetzaltenango",9,"San Francisco La Unión",18,1519,400,,,,,,,,,,,,,,,,,,,,0,,,
11329,"Quetzaltenango",9,"San Francisco La Unión",18,1519,400,,,,,,,,,,,,,,,,,,,,0,,,
11330,"Quetzaltenango",9,"San Francisco La Unión",18,1519,400,,,,,,,,,,,,,,,,,,,,0,,,
11331,"Quetzaltenango",9,"San Francisco La Unión",18,1520,400,,,,,,,,,,,,,,,,,,,,0,,,
11332,"Quetzaltenango",9,"San Francisco La Unión",18,1520,400,,,,,,,,,,,,,,,,,,,,0,,,
11333,"Quetzaltenango",9,"San Francisco La Unión",18,1520,400,,,,,,,,,,,,,,,,,,,,0,,,
11334,"Quetzaltenango",9,"San Francisco La Unión",18,1520,262,,,,,,,,,,,,,,,,,,,,0,,,
11335,"Quetzaltenango",9,"San Francisco La Unión",18,1520,261,,,,,,,,,,,,,,,,,,,,0,,,
11336,"Quetzaltenango",9,"San Francisco La Unión",18,1521,258,,,,,,,,,,,,,,,,,,,,0,,,