﻿TIPO_DE_ELECCIÓN:,CORPORACIÓN MUNICIPAL
26 junio 2023 03:36 (UTC -6)
ACTAS_ESPERADAS,ACTAS_CAPTURADAS,PORCENTAJE_ACTAS_CAPTURADAS,ACTAS_CONTABILIZADAS,PORCENTAJE_ACTAS_CONTABILIZADAS,ACTAS_NO_CONTABILIZADAS,LISTA_NOMINAL_ACTAS_CONTABILIZADAS,VOTOS_EMITIDOS_CONTABILIZADAS,PORCENTAJE_PARTICIPACIÓN_CIUDADANA
57,57,100.0000,57,100.0000,0,22037,11358,51.5405

MESA,DEPARTAMENTO,ID_DEPARTAMENTO,MUNICIPIO,ID_MUNICIPIO,CENTRO_DE_VOTACIÓN,PADRÓN,CCC,UNE,MLP,VIVA,FCN-NACION,PODEMOS,BIEN,VOS,VÁLIDOS,NULOS,BLANCO,EMITIDOS,INVÁLIDOS,TOTAL,IMPUGNACIONES,PAPELETAS-RECIBIDAS,PAPELETAS-NO-USADAS,VALIDOS_CALCULADO,EMITIDOS_CALCULADO,TOTAL_CALCULADO,OBSERVACIONES,CONTABILIZADA,CÓDIGO_INTEGRIDAD,FECHA_HORA_PUBLICACIÓN,DIGITALIZACIÓN
14282,"San Marcos",12,"Ayutla",17,2002,400,82,92,2,4,3,2,3,1,189,12,4,205,0,205,--,400,195,189,205,205,Algún campo sin dato,1,f0633d6cf379bbc9781990904211cb72209708ac5aeb2c604fabc86f7f330957,25/06/2023 22:58:53,ESCANER
14283,"San Marcos",12,"Ayutla",17,2002,400,106,82,4,1,2,3,3,0,201,14,3,218,0,218,--,400,182,201,218,218,Algún campo sin dato,1,ab377904d7087f665e194a58361ef8da5e3e11737f6e68a0ce5b30b16e226fad,26/06/2023 01:37:10,ESCANER
14284,"San Marcos",12,"Ayutla",17,2002,400,110,82,5,1,6,2,8,1,215,13,3,231,0,231,--,400,196,215,231,231,Algún campo sin dato,1,22edb9b7f5ce049607ea11f1ec9e087fb581a67c0662d797929eec7a1ce3da50,26/06/2023 01:44:15,ESCANER
14285,"San Marcos",12,"Ayutla",17,2002,400,89,99,3,4,7,5,5,0,212,8,1,212,0,221,--,--,--,212,221,221,Sumas Asentadas sin cuadrar,1,1825a4d05398aa5bdb6ed231b271583fa56e075a89a659950dd4fc839ebb206f,26/06/2023 00:53:39,MOVIL
14286,"San Marcos",12,"Ayutla",17,2002,400,100,99,3,2,6,6,4,1,221,7,2,230,0,230,--,400,170,221,230,230,Algún campo sin dato,1,669ee9a8cfe85d531b923579719f7fdb049a9438397bb9ed246eca7ce6ef40c5,26/06/2023 01:54:25,ESCANER
14287,"San Marcos",12,"Ayutla",17,2002,400,119,96,1,1,2,2,7,1,229,12,3,244,0,244,--,400,156,229,244,244,Algún campo sin dato,1,3c890cabe86ffeffac6f96fbe707ce2a3f45f6b2be95d3d8cac99b1cf8c8aeed,26/06/2023 01:31:28,ESCANER
14288,"San Marcos",12,"Ayutla",17,2002,400,104,124,1,0,3,6,3,2,243,11,0,254,0,254,0,400,143,243,254,254,,1,8f35d9e59a46f90c766803ac2e4903d8b941d1e9f6ab8068e29cc62ac534fb43,26/06/2023 01:05:36,ESCANER
14289,"San Marcos",12,"Ayutla",17,2003,400,95,118,4,0,8,4,7,3,239,14,3,256,0,256,0,400,144,239,256,256,,1,d9cdfc76aef9bf5c105538f8ece03a5aceb4c78d47ac9637784b3babd3769f52,26/06/2023 01:04:36,ESCANER
14290,"San Marcos",12,"Ayutla",17,2003,400,99,87,4,0,5,0,4,0,199,8,1,208,0,208,0,400,192,199,208,208,,1,5cb623b4200ecd9c42264a504c6b732bb922eed92d6ea1c6cdca9d5f4cab846e,25/06/2023 23:35:34,ESCANER
14291,"San Marcos",12,"Ayutla",17,2003,400,97,75,1,2,3,0,3,1,182,4,0,186,0,186,--,400,214,182,186,186,Algún campo sin dato,1,97e24f200dce2c79058e2f055cb4a01df9b8fc3a9869892e2ca9365eef1cab7b,25/06/2023 22:13:05,ESCANER
14292,"San Marcos",12,"Ayutla",17,2003,400,83,89,2,2,2,1,3,0,182,16,3,201,0,201,--,400,199,182,201,201,Algún campo sin dato,1,a30140dc1d9d683e18d6d25aaf9ebe1367dd74b9e6a7f06c1543d1465a7dbc58,26/06/2023 01:23:53,ESCANER
14293,"San Marcos",12,"Ayutla",17,2003,400,84,72,5,1,6,3,5,0,176,9,1,186,0,186,--,400,214,176,186,186,Algún campo sin dato,1,cebc4f9ed55c8a659a39df63bae473c226d595c2af9db03371e82cf0f17a0188,25/06/2023 22:05:18,ESCANER
14294,"San Marcos",12,"Ayutla",17,2003,400,99,59,8,1,7,2,4,2,182,5,1,188,0,188,0,400,212,182,188,188,,1,8372a859c7b8b5c3ae7b10e9ca64b31352ba7e8a7b76d2dde5a45cc15d3afe4a,25/06/2023 23:08:01,ESCANER
14295,"San Marcos",12,"Ayutla",17,2003,400,103,83,3,2,4,2,3,0,200,9,1,210,0,210,--,400,190,200,210,210,Algún campo sin dato,1,abfb70efddb6a86fafd19f8ebcefc99b4464964a4176653781ccd090f042f32a,25/06/2023 23:24:43,ESCANER
14296,"San Marcos",12,"Ayutla",17,2004,400,109,73,1,1,9,3,2,3,201,10,1,212,0,212,--,400,188,201,212,212,Algún campo sin dato,1,c03648d5b687e97aa0c171bd7c94cb5c74941c60603c57d891a20781ba70fde0,26/06/2023 00:42:26,ESCANER
14297,"San Marcos",12,"Ayutla",17,2004,400,100,81,1,0,8,0,5,0,195,13,1,209,0,209,--,400,191,195,209,209,Algún campo sin dato,1,d7dc85616c14e2fc4a23648ff2109a562c4a4eaf74ee613574e369af94d5f9af,26/06/2023 00:23:16,ESCANER
14298,"San Marcos",12,"Ayutla",17,2004,400,100,72,4,3,3,8,6,1,197,12,0,209,0,209,0,400,209,197,209,209,,1,19d97283eebf18586c891634902d2e597d21ae714b2f7210fd7d25aa35022842,25/06/2023 23:40:07,ESCANER
14299,"San Marcos",12,"Ayutla",17,2004,400,85,72,3,2,5,1,2,0,170,9,0,179,0,179,--,400,221,170,179,179,Algún campo sin dato,1,1970e439b7f7c046732a41cdaa8e280c7e64afa6f53ba6f43da2a54ddf599903,26/06/2023 00:43:30,ESCANER
14300,"San Marcos",12,"Ayutla",17,2004,400,103,63,0,0,6,1,1,1,175,6,1,182,0,182,0,400,218,175,182,182,,1,5f7ee2a00f7effc5ecac0817b453583094b0c873053e4ecbf5972a07b75d73eb,26/06/2023 00:38:14,ESCANER
14301,"San Marcos",12,"Ayutla",17,2005,400,108,63,6,3,3,1,1,2,187,2,1,190,0,190,--,400,210,187,190,190,Algún campo sin dato,1,fd1d64701bbbf0990823ec471144743d01b83025756e212a6bf795b7422d3ca9,25/06/2023 23:12:08,ESCANER
14302,"San Marcos",12,"Ayutla",17,2005,400,119,48,2,0,3,2,5,2,181,4,0,185,0,185,0,400,215,181,185,185,,1,11bd0549529e9f93b4e038419b41ee654cce5b22d285c77c89efeb8e2b34c71f,26/06/2023 00:27:52,ESCANER
14303,"San Marcos",12,"Ayutla",17,2005,400,125,65,3,0,4,1,1,0,199,5,1,205,0,205,0,400,195,199,205,205,,1,98536151e3d0e504bbbd7ded76939e7f8ba80189bfb300ebee71fc459b66fb3a,25/06/2023 23:21:51,ESCANER
14304,"San Marcos",12,"Ayutla",17,2005,400,100,39,3,1,6,2,4,0,155,3,0,158,0,158,--,400,242,155,158,158,Algún campo sin dato,1,c95d02c9236750af1ea09b7c24866ba2272ffa125e794abd3ad4239894be79e3,25/06/2023 23:32:09,ESCANER
14305,"San Marcos",12,"Ayutla",17,2005,283,67,28,4,0,5,1,2,0,107,4,2,113,0,113,0,283,170,107,113,113,,1,6d3209f8e5f67c2d6d5d5ea664b76734cbaefd03914e27f10d0ea9d34783c0fa,25/06/2023 23:55:22,ESCANER
14306,"San Marcos",12,"Ayutla",17,2005,282,29,27,2,0,4,1,1,1,65,5,2,72,0,72,0,282,210,65,72,72,,1,7d77e556b7d87ff9dbbad616df9a322dcb82043d1d2745cf63dc13fbc17ab7e1,25/06/2023 23:30:14,ESCANER
14307,"San Marcos",12,"Ayutla",17,2006,380,82,102,2,3,8,0,10,0,234,21,6,234,0,207,--,--,--,207,234,234,Sumas Asentadas sin cuadrar,1,4e64b9e87b1196ae364fcbbceb6c3fc5f958ae5e8d4df15be276fb6fcdf8e886,26/06/2023 01:22:44,ESCANER
14308,"San Marcos",12,"Ayutla",17,2006,380,83,141,2,3,10,3,4,1,247,14,1,262,0,262,0,380,118,247,262,262,,1,a8cc0def3ae0a33b4c43ce79b33f329b2e2f044a076b9dc625f54da9399c5068,26/06/2023 01:06:50,ESCANER
14309,"San Marcos",12,"Ayutla",17,2006,380,81,133,2,4,4,1,3,1,229,14,5,248,0,248,0,380,132,229,248,248,,1,1a4972e7626762d5a6e3f2a7eb2c79f548a93622a17dbbc350589c3aaaf16969,26/06/2023 01:14:02,ESCANER
14310,"San Marcos",12,"Ayutla",17,2006,380,98,130,4,2,5,2,8,2,251,13,5,269,0,269,0,380,111,251,269,269,,1,55e32f07ead44bf3648d1135e6d9c9786a6683d31b396e2129f4a2a0f918c7d7,26/06/2023 01:06:11,ESCANER
14311,"San Marcos",12,"Ayutla",17,2006,380,88,119,1,3,9,4,5,0,244,10,5,244,--,244,--,380,136,229,244,244,Sumas Asentadas sin cuadrar,1,41299032f53f9334b58163e2bb08082b88f3dcc9563f4be4d73fcb4bb061a73d,25/06/2023 23:24:26,ESCANER
14312,"San Marcos",12,"Ayutla",17,2006,380,78,117,0,1,7,2,10,1,216,6,0,222,0,222,0,377,155,216,222,222,,1,40d7e16c159c471a336ee6fe75235251c99a455d9f2e45e17b01cbaf5066a9fb,25/06/2023 23:33:58,ESCANER
14313,"San Marcos",12,"Ayutla",17,2006,380,67,115,3,1,4,1,12,1,204,11,3,218,0,218,0,377,159,204,218,218,,1,e142b2d2242452af6e723ab5bb01c528e24fefbb54959c3db67adae82125ddcb,26/06/2023 01:09:14,ESCANER
14314,"San Marcos",12,"Ayutla",17,2006,380,89,123,2,2,5,0,6,2,229,10,2,241,0,241,--,380,139,229,241,241,Algún campo sin dato,1,b4d6b21d637631709fa135c6966a12b6c27221275c983ef2d5f8857003a9a1a8,26/06/2023 00:31:54,ESCANER
14315,"San Marcos",12,"Ayutla",17,2006,380,62,128,3,4,7,1,2,0,207,13,2,222,0,222,0,380,158,207,222,222,,1,6037b290c07ec33263e855020fb1e74dacba09627802f75aaf69410e77fb8377,25/06/2023 23:17:12,ESCANER
14316,"San Marcos",12,"Ayutla",17,2006,380,67,107,3,2,5,0,5,1,190,20,5,215,1,216,0,380,164,190,215,216,,1,7699a4933567e417ade68e82570d56fec1b50c3d8e5b33623f5cc1d4bcf1ced0,26/06/2023 01:05:31,ESCANER
14317,"San Marcos",12,"Ayutla",17,2007,380,63,91,1,1,2,1,4,0,163,9,0,172,0,172,0,377,205,163,172,172,,1,f6632a0083a458de70a4693be96c431de9a58ab3a810cf77e85a71e3a69b7b2d,25/06/2023 23:27:09,ESCANER
14318,"San Marcos",12,"Ayutla",17,2007,380,88,100,1,3,3,0,7,1,203,4,0,207,0,207,0,380,173,203,207,207,,1,536371c1db7e7926ecd09d2a2d39bd9882ba4841a0e81425eeddf54fe6f07465,25/06/2023 23:11:56,ESCANER
14319,"San Marcos",12,"Ayutla",17,2007,247,70,48,2,2,4,0,2,0,128,4,0,132,0,132,--,244,112,128,132,132,Algún campo sin dato,1,eb5edaf54e5bf43c46403ff5cd81eb635ae929b2999cb2981e95a4b41c7b2d2f,25/06/2023 21:49:51,ESCANER
14320,"San Marcos",12,"Ayutla",17,2007,246,44,52,2,2,2,1,0,0,103,2,3,108,0,108,--,246,138,103,108,108,Algún campo sin dato,1,e99636afdb23bb16fa382f342c99a83bc131323368672e92cba84dea6d4606c7,25/06/2023 22:41:55,ESCANER
14321,"San Marcos",12,"Ayutla",17,2008,380,137,50,3,1,5,1,5,1,203,23,1,227,0,227,--,380,153,203,227,227,Algún campo sin dato,1,791aa2317263a9a2d9031bd2f9c85c1549f26115a87f4cfbad6e18ed13b4737e,25/06/2023 23:45:35,ESCANER
14322,"San Marcos",12,"Ayutla",17,2008,380,162,57,0,2,4,0,4,1,230,15,0,245,1,246,1,380,133,230,245,246,,1,196789817c23a92bc9b617edf65eca30f6c4d02905d5565daf19e0935ac4d95f,25/06/2023 23:55:39,ESCANER
14323,"San Marcos",12,"Ayutla",17,2008,380,142,58,3,3,3,0,0,0,209,14,2,225,0,225,0,377,152,209,225,225,,1,992fa02f361dc28d9b5d4ec5fa0b352cba0ea511af386d6ae7200625d442b673,26/06/2023 00:38:15,ESCANER
14324,"San Marcos",12,"Ayutla",17,2008,380,123,20,4,2,2,0,1,2,184,8,3,195,0,195,--,380,185,154,165,165,Sumas Asentadas sin cuadrar,1,6421f82449d5f136bc76b8947b32b8af3dd2176cd2689dfbc6377773b8bfe111,26/06/2023 01:07:41,ESCANER
14325,"San Marcos",12,"Ayutla",17,2008,380,141,57,2,1,2,2,0,0,205,11,3,219,0,219,0,380,161,205,219,219,,1,52a9d965db9f0043e090abac4b800e5e8a2e1505e99b99e679feaf9f7a805bd6,26/06/2023 01:27:35,ESCANER
14326,"San Marcos",12,"Ayutla",17,2008,370,137,24,2,0,4,0,2,0,169,1,0,170,0,170,--,366,196,169,170,170,Algún campo sin dato,1,94ffceb7158aeaf28dc326bb835f4a1ca8f633bfce3aadbcf808d7b7027482f2,26/06/2023 01:29:55,ESCANER
14327,"San Marcos",12,"Ayutla",17,2008,369,124,28,1,0,1,0,1,1,156,2,2,160,2,162,--,369,207,156,160,162,Algún campo sin dato,1,999bb7a89bedcfc36cd46935598aea51f23fb3d6562dea1c60ba9de5a6cd2ad0,26/06/2023 01:33:57,ESCANER
14328,"San Marcos",12,"Ayutla",17,2009,380,94,85,0,0,2,3,3,0,187,3,1,191,16,207,--,380,173,187,191,207,Algún campo sin dato,1,1c6ab51300950a4ac96c0c0928a08a1b65693a00231244439438d82ec1003343,26/06/2023 01:28:03,ESCANER
14329,"San Marcos",12,"Ayutla",17,2009,380,109,91,3,2,0,1,13,2,221,18,1,240,0,240,--,380,140,221,240,240,Algún campo sin dato,1,20632c4ffed0e558864b097c0d73d3e0a418803f487017eab5c47ddb31eda38d,25/06/2023 23:37:33,ESCANER
14330,"San Marcos",12,"Ayutla",17,2009,380,110,86,7,1,3,0,3,4,214,12,1,227,0,227,--,380,153,214,227,227,Algún campo sin dato,1,4a234c85af23a6d1de9f2921d3be9373ac881930aaaf96d494edf56b61bb5f76,26/06/2023 00:43:04,ESCANER
14331,"San Marcos",12,"Ayutla",17,2009,380,111,69,1,0,1,1,3,0,186,13,1,200,0,200,--,380,180,186,200,200,Algún campo sin dato,1,11e58d44f03fe47e3f697beb9826bf522612d01e9714898a1760c25572ac63fe,26/06/2023 00:03:01,ESCANER
14332,"San Marcos",12,"Ayutla",17,2009,380,118,64,7,2,4,2,9,3,209,11,1,221,0,221,--,380,159,209,221,221,Algún campo sin dato,1,5bbdb0e3b237455b1a7d29b3aaee50153eb8b2dc0f5460bef6d3e01afbe2bbf9,26/06/2023 01:23:46,ESCANER
14333,"San Marcos",12,"Ayutla",17,2009,380,108,67,4,0,3,0,5,1,188,8,1,197,0,197,0,380,183,188,197,197,,1,6eecf40d1e288f71119bfcc25dc6e4ee9a3df85b821c0bbdc5bcc6004045443d,25/06/2023 23:15:04,ESCANER
14334,"San Marcos",12,"Ayutla",17,2009,329,108,57,1,0,2,0,7,2,179,2,0,179,0,179,--,--,--,177,179,179,Sumas Asentadas sin cuadrar,1,d657f4ba3a39ff9eabd2340cc24dd1e608c7102e0231f687164f7716921fbfa0,26/06/2023 01:28:27,ESCANER
14335,"San Marcos",12,"Ayutla",17,2009,328,90,26,3,2,0,0,8,0,129,1,0,130,0,130,--,328,198,129,130,130,Algún campo sin dato,1,203da1b6f142d38aeaa9b5099a999d8185f8949b7e02f0d2c64e8bc7b68bce4c,25/06/2023 23:40:40,ESCANER
14336,"San Marcos",12,"Ayutla",17,2010,600,74,81,3,0,0,3,6,1,168,15,3,186,0,186,0,600,414,168,186,186,,1,588841dbf1097d30a2b76cf32b70729bc7d2b653871c86aafb875a8a9ffae0a1,25/06/2023 23:39:14,ESCANER
14337,"San Marcos",12,"Ayutla",17,2010,522,59,85,3,3,3,2,5,1,161,7,7,175,0,175,--,522,347,161,175,175,Algún campo sin dato,1,3e3c128d9fd3f3df71cdeba8497ed181577a335fba55e74de82e1caeaa43e2be,25/06/2023 22:23:01,ESCANER
14338,"San Marcos",12,"Ayutla",17,2010,521,18,22,1,3,4,0,2,2,52,2,1,55,0,55,--,521,466,52,55,55,Algún campo sin dato,1,2cd35d4bb96f369172c77e0d65a233c2df68b1d15dc3c0d63a64ac14b5429c62,25/06/2023 21:26:05,ESCANER