﻿TIPO_DE_ELECCIÓN:,CORPORACIÓN MUNICIPAL
26 junio 2023 03:36 (UTC -6)
ACTAS_ESPERADAS,ACTAS_CAPTURADAS,PORCENTAJE_ACTAS_CAPTURADAS,ACTAS_CONTABILIZADAS,PORCENTAJE_ACTAS_CONTABILIZADAS,ACTAS_NO_CONTABILIZADAS,LISTA_NOMINAL_ACTAS_CONTABILIZADAS,VOTOS_EMITIDOS_CONTABILIZADAS,PORCENTAJE_PARTICIPACIÓN_CIUDADANA
146,145,99.3150,145,99.3150,0,56048,35039,62.5160

MESA,DEPARTAMENTO,ID_DEPARTAMENTO,MUNICIPIO,ID_MUNICIPIO,CENTRO_DE_VOTACIÓN,PADRÓN,CABAL,VALOR,UNE,VAMOS,MLP,BIEN,SEMILLA,PPN,AZUL,WINAQ,CAMBIO,UR,PIN,TODOS,VIVA,VÁLIDOS,NULOS,BLANCO,EMITIDOS,INVÁLIDOS,TOTAL,IMPUGNACIONES,PAPELETAS-RECIBIDAS,PAPELETAS-NO-USADAS,VALIDOS_CALCULADO,EMITIDOS_CALCULADO,TOTAL_CALCULADO,OBSERVACIONES,CONTABILIZADA,CÓDIGO_INTEGRIDAD,FECHA_HORA_PUBLICACIÓN,DIGITALIZACIÓN
12593,"Retalhuleu",11,"Retalhuleu",1,1722,400,15,93,6,16,5,103,1,1,2,1,0,0,0,0,4,247,23,1,271,0,271,--,400,129,247,271,271,Algún campo sin dato,1,54cf6fa30999217eb3cd39a5aae614f0beca0d08a7168044552511b17675bd56,26/06/2023 01:53:34,ESCANER
12594,"Retalhuleu",11,"Retalhuleu",1,1722,400,16,94,8,18,5,132,3,3,0,0,0,0,0,0,2,281,21,1,303,0,303,--,400,97,281,303,303,Algún campo sin dato,1,052a912d4f43d36e99d9787198d726ca6a3952a9543d8b37ff0c062c017f5d49,26/06/2023 01:40:29,ESCANER
12595,"Retalhuleu",11,"Retalhuleu",1,1722,400,12,92,3,18,8,117,3,0,2,1,0,1,1,1,2,261,17,3,281,0,281,--,400,119,261,281,281,Algún campo sin dato,1,84b5f180525811f2321d110be3ba205f63e307eb4616d5037d56b3e569f876ec,26/06/2023 01:19:02,ESCANER
12596,"Retalhuleu",11,"Retalhuleu",1,1722,400,18,67,8,24,4,127,8,1,2,0,0,1,2,0,4,266,15,2,283,0,283,--,400,117,266,283,283,Algún campo sin dato,1,9d01f9aa4bd7e03bae3b57d43c073242f01ee5fe75941bd55d2cf234ec42787c,26/06/2023 02:12:31,ESCANER
12597,"Retalhuleu",11,"Retalhuleu",1,1722,400,16,88,4,18,1,124,4,2,2,2,0,1,0,1,3,266,19,4,289,1,290,1,400,110,266,289,290,,1,43695b29c07cd95c20c47447f7aaa1cd5e88a86a988e9914aff80c0f9e99a5ea,26/06/2023 01:05:31,ESCANER
12598,"Retalhuleu",11,"Retalhuleu",1,1722,400,14,95,6,23,1,133,6,3,1,2,0,0,0,3,5,292,9,--,301,16,317,1,--,--,292,301,317,Algún campo sin dato,1,ed931556a36cc30e3be180e8b6ef9fde3afabfc730882258a3ee1e9cd04e4afa,26/06/2023 02:36:17,ESCANER
12599,"Retalhuleu",11,"Retalhuleu",1,1722,400,14,84,6,17,1,153,4,2,1,1,0,1,1,0,2,287,6,0,293,0,293,--,400,107,287,293,293,Algún campo sin dato,1,0d762627672757d4d70027d9857910eddd312002c506f8b8e5c28cd533071386,26/06/2023 01:14:57,ESCANER
12600,"Retalhuleu",11,"Retalhuleu",1,1722,400,16,91,4,15,4,134,2,3,2,0,0,0,0,2,6,279,17,1,297,0,297,--,396,99,279,297,297,Algún campo sin dato,1,811924f92d0a18f2f166ab5490adb6749744937ad8e60646043671b944f20ff4,26/06/2023 02:38:35,ESCANER
12601,"Retalhuleu",11,"Retalhuleu",1,1722,400,14,105,9,18,2,122,4,1,2,2,1,1,0,0,1,282,19,1,302,0,302,--,400,98,282,302,302,Algún campo sin dato,1,ce0c91112773f4b7cae69ea7597014db36a42b6997183461e9bd19188412c7e2,26/06/2023 02:23:50,ESCANER
12602,"Retalhuleu",11,"Retalhuleu",1,1722,400,17,92,1,15,5,97,3,1,0,0,0,0,0,0,4,235,7,0,242,1,243,--,400,157,235,242,243,Algún campo sin dato,1,1efadac0d6293f141620c70b9c296e8a49df64c1d6e8c7f57dee24481ca6dfec,25/06/2023 23:41:33,ESCANER
12603,"Retalhuleu",11,"Retalhuleu",1,1722,400,10,97,6,28,6,93,3,2,1,1,0,2,0,0,4,253,16,3,272,0,272,--,400,126,253,272,272,Algún campo sin dato,1,995cc500e8de9ad33a23e90115876998dac2be58c5c3383f82c27f83b56d76cc,26/06/2023 03:05:58,ESCANER
12604,"Retalhuleu",11,"Retalhuleu",1,1723,400,10,87,4,20,3,123,2,3,2,1,0,0,1,3,1,260,15,1,276,0,276,--,400,124,260,276,276,Algún campo sin dato,1,a6de4c6f59757adff57c0192e81314cca7090f7d26cd9ac6be84f2f52dd0316b,25/06/2023 23:38:56,ESCANER
12605,"Retalhuleu",11,"Retalhuleu",1,1723,400,8,87,2,13,2,121,6,4,1,1,0,0,1,0,2,248,12,1,261,0,261,--,400,139,248,261,261,Algún campo sin dato,1,2676fa6219084dae891282cdb1ef0f028d4b0a45220ffa7c72ccffb7999a8106,26/06/2023 03:31:10,ESCANER
12606,"Retalhuleu",11,"Retalhuleu",1,1723,400,11,72,5,18,2,137,5,1,1,0,1,1,0,0,2,256,18,1,275,0,275,--,400,125,256,275,275,Algún campo sin dato,1,a98c38684cbc045ce36cef4e7c42f72c3918699786cf80ae89dca836b08d7fda,26/06/2023 01:40:32,ESCANER
12607,"Retalhuleu",11,"Retalhuleu",1,1723,400,15,89,4,13,1,122,6,2,2,0,0,0,3,0,4,261,12,0,273,0,273,--,400,127,261,273,273,Algún campo sin dato,1,b3c1ab3fa5a051efbe53161d26b46bdd6a3e5a3b528b6db646e00998ff22f1ae,26/06/2023 00:38:39,ESCANER
12608,"Retalhuleu",11,"Retalhuleu",1,1723,400,8,80,5,14,1,114,4,2,0,0,0,1,1,1,2,233,11,5,253,0,253,4,400,147,233,249,249,Sumas Asentadas sin cuadrar,1,f57adb6fce3191da482f0dc5347edebd1427bc6e1cc8b4230449eb1b463cc37e,26/06/2023 02:45:09,ESCANER
12609,"Retalhuleu",11,"Retalhuleu",1,1723,400,15,80,3,20,4,106,3,2,1,1,0,1,1,0,2,239,13,2,254,1,255,5,400,145,239,254,255,,1,179c7229859f02139cb0ca0b9cecea99f08e86511c4282ee44dce78cc1709910,26/06/2023 01:21:51,ESCANER
12610,"Retalhuleu",11,"Retalhuleu",1,1723,400,15,71,3,22,5,98,6,5,0,2,0,1,0,0,1,229,8,2,239,0,239,--,392,153,229,239,239,Algún campo sin dato,1,406dfc50def88237004fcd9d51b5c4011cd55042dcb885acb2e49557e1244250,25/06/2023 23:04:01,ESCANER
12611,"Retalhuleu",11,"Retalhuleu",1,1723,400,9,85,2,17,3,90,6,1,0,0,1,0,1,1,0,216,5,1,222,0,222,--,399,177,216,222,222,Algún campo sin dato,1,8e1503b3947901a7d7c6b2b45699c242dfea400c02f0e19dbcda628314603009,25/06/2023 22:56:48,ESCANER
12612,"Retalhuleu",11,"Retalhuleu",1,1723,400,12,94,2,15,3,130,5,1,2,1,0,1,0,0,1,267,5,0,272,0,272,--,400,128,267,272,272,Algún campo sin dato,1,eae54d3ace7cd4a6bcbe60c9bacd6d5106563aca1c256d6f9607d66fea65558e,25/06/2023 23:49:18,ESCANER
12613,"Retalhuleu",11,"Retalhuleu",1,1723,358,8,106,1,11,1,80,5,2,0,1,0,0,0,0,2,217,4,0,221,0,221,--,358,137,217,221,221,Algún campo sin dato,1,af69985602a83eeeb511d776632baa5d56450d7486626e1e96ab8f3ce9642243,25/06/2023 23:57:07,ESCANER
12614,"Retalhuleu",11,"Retalhuleu",1,1723,358,11,63,2,12,--,67,3,--,--,1,--,--,--,--,--,159,4,--,163,--,163,--,358,195,159,163,163,Algún campo sin dato,1,b3df4ad279c1543d81f7af57c03fc96d0a63e6ba4a7b9ad7086e51472de79a58,26/06/2023 00:33:31,ESCANER
12615,"Retalhuleu",11,"Retalhuleu",1,1724,400,10,87,4,13,1,128,2,0,5,0,0,1,0,1,5,257,15,1,273,0,273,--,400,127,257,273,273,Algún campo sin dato,1,d73b0f151a4548e79407cbdd578fa508885f896d9adef847802d437eb5cfbdf3,26/06/2023 00:16:10,ESCANER
12616,"Retalhuleu",11,"Retalhuleu",1,1724,400,14,97,4,15,0,133,5,3,0,4,0,0,1,1,3,280,13,0,293,0,293,--,400,107,280,293,293,Algún campo sin dato,1,70ddaf59e4dc31232cde343134d4d85d2ad140221cd2c11ec0e05ca9d6194689,26/06/2023 00:34:47,ESCANER
12617,"Retalhuleu",11,"Retalhuleu",1,1724,400,9,66,11,8,2,135,5,2,1,3,0,1,4,1,3,251,18,0,269,0,269,--,400,131,251,269,269,Algún campo sin dato,1,71b1d45e1cf80c15ceea546e339239e12957d668096b99b73f936b8d84e0797a,26/06/2023 02:19:51,ESCANER
12618,"Retalhuleu",11,"Retalhuleu",1,1724,400,13,68,4,10,1,130,1,3,0,1,0,3,1,0,1,236,6,1,243,0,243,1,400,156,236,243,243,,1,44d134eb2aa63e513661217af8b4ceae5edc576ef8b2a36f41b538d63615bbd3,26/06/2023 01:12:17,ESCANER
12619,"Retalhuleu",11,"Retalhuleu",1,1724,400,10,66,7,10,0,130,4,1,3,1,0,0,1,0,2,235,14,0,249,0,249,--,400,151,235,249,249,Algún campo sin dato,1,adee736b3aa2b3f7ccbdb09ede48059f70df69c375675e6d19396eb1e9c68e4c,26/06/2023 00:02:33,ESCANER
12620,"Retalhuleu",11,"Retalhuleu",1,1724,400,7,65,7,12,2,115,5,2,0,1,1,2,0,0,0,219,9,0,228,0,228,--,397,169,219,228,228,Algún campo sin dato,1,1fb2bf21bea070db34a53c3c249527d9b1a5da90186556edf9f85dec963dbac9,26/06/2023 02:08:52,ESCANER
12621,"Retalhuleu",11,"Retalhuleu",1,1724,323,8,48,2,5,0,102,4,3,2,0,0,1,0,1,0,176,5,0,181,0,181,1,323,141,176,181,181,,1,d86a7eeeea20f86d6038f822ccad5c21f5d559410001b4eb443152dc1a507ff4,25/06/2023 23:46:08,ESCANER
12622,"Retalhuleu",11,"Retalhuleu",1,1724,323,4,64,0,14,0,64,3,1,0,3,0,1,0,0,0,154,7,1,162,0,162,--,320,158,154,162,162,Algún campo sin dato,1,803de9d6880a93f2320cedde4e6d12eea636f5f6cf138875cf0eab35d4b27a49,26/06/2023 00:24:19,ESCANER
12623,"Retalhuleu",11,"Retalhuleu",1,1725,400,19,103,3,35,2,88,2,2,0,1,0,1,1,1,6,264,20,0,284,1,285,--,400,115,264,284,285,Algún campo sin dato,1,51b8fd176e1d0192ce3ef791b58bf68e0d447e97f7386109b1c6602d654f891d,26/06/2023 03:16:10,ESCANER
12624,"Retalhuleu",11,"Retalhuleu",1,1725,400,14,123,6,31,2,82,3,4,1,1,0,0,0,1,6,274,21,5,300,0,300,--,396,96,274,300,300,Algún campo sin dato,1,70937d3ccf355c953459cd37db2ba233b8239600172ca49cc3555792916aa384,26/06/2023 02:21:09,ESCANER
12625,"Retalhuleu",11,"Retalhuleu",1,1725,400,17,94,5,36,1,81,8,3,0,1,0,1,0,0,4,251,38,3,292,0,292,--,400,108,251,292,292,Algún campo sin dato,1,516bc313db57dec56bf0d47735d0594711b64159edf30a3979b6cd372f7a3293,26/06/2023 02:08:39,ESCANER
12626,"Retalhuleu",11,"Retalhuleu",1,1725,400,18,104,4,36,1,92,2,2,2,0,1,0,1,0,1,264,16,4,284,0,284,--,400,116,264,284,284,Algún campo sin dato,1,3a15dec67e11992226cc5b39cf7d7c7ccdc941ab94b08dcfcb7b3fea4cf075e3,26/06/2023 01:23:26,ESCANER
12627,"Retalhuleu",11,"Retalhuleu",1,1725,400,14,109,2,39,2,86,4,1,0,0,0,0,0,0,5,262,9,3,274,0,274,1,400,125,262,274,274,,1,e18d08f27184dd0ef6ba14be56027ae1b19ea381763ffbf3704ce92d8632bea8,26/06/2023 00:40:10,ESCANER
12628,"Retalhuleu",11,"Retalhuleu",1,1725,400,9,102,6,23,0,85,1,1,0,0,0,0,0,0,5,232,14,1,247,0,247,--,400,153,232,247,247,Algún campo sin dato,1,e75dda07f56de0ee1c84c9b43f2b8fd092278b614eda9684933e8d8576b9f20e,26/06/2023 00:50:46,ESCANER
12629,"Retalhuleu",11,"Retalhuleu",1,1725,400,13,91,9,34,2,101,3,3,1,0,0,1,0,0,3,261,0,2,263,0,263,16,400,121,261,263,263,,1,4be3154683cd1bc7f20f5e86c214683df6718312abf15661b2211d20965839a6,26/06/2023 01:48:56,ESCANER
12630,"Retalhuleu",11,"Retalhuleu",1,1725,400,9,117,1,22,1,105,3,3,0,0,0,0,0,0,3,264,23,2,289,0,289,--,400,111,264,289,289,Algún campo sin dato,1,4754f10b979a006aac009918ab50e76fae904d613756298222620a223a62c280,26/06/2023 01:12:30,ESCANER
12631,"Retalhuleu",11,"Retalhuleu",1,1726,400,15,121,3,24,2,89,5,8,1,0,0,1,0,1,0,270,22,5,297,0,297,--,400,103,270,297,297,Algún campo sin dato,1,3473dfe8ca263d6748d289533a7ff3c5355f900f41796f8bd1882a6d5bcfdc6b,25/06/2023 23:15:39,ESCANER
12632,"Retalhuleu",11,"Retalhuleu",1,1726,400,12,109,4,33,2,73,2,1,0,0,0,0,0,0,0,236,10,0,246,0,246,--,400,154,236,246,246,Algún campo sin dato,1,c3c471dc7b1bc457f44727954981736edef8797699b245ac9f576b5e859888c9,26/06/2023 00:19:46,ESCANER
12633,"Retalhuleu",11,"Retalhuleu",1,1726,400,9,110,1,16,2,85,4,1,0,0,0,0,1,1,1,231,2,0,233,2,235,--,400,165,231,233,235,Algún campo sin dato,1,fd02792235ea5a7e03246145b15b12fa436e93fe96827a04898e62e723924da6,26/06/2023 00:15:57,ESCANER
12634,"Retalhuleu",11,"Retalhuleu",1,1726,373,11,123,3,20,2,66,2,2,0,0,2,0,0,0,2,233,7,0,240,0,240,--,373,133,233,240,240,Algún campo sin dato,1,a07ffc24014aa2bd5816010b0f165f3fa0b97a1833da636dbb8233613ecd6710,26/06/2023 01:24:07,ESCANER
12635,"Retalhuleu",11,"Retalhuleu",1,1726,372,7,93,1,12,2,67,1,1,0,0,0,1,0,0,1,186,6,2,194,0,194,--,372,178,186,194,194,Algún campo sin dato,1,a12b172257056183c50d406262e946235e88cf0b1569b08d8d4da4197e26553c,25/06/2023 23:11:01,ESCANER
12636,"Retalhuleu",11,"Retalhuleu",1,1727,400,29,86,1,33,0,95,5,1,1,1,0,0,1,1,6,260,19,4,283,0,283,--,400,117,260,283,283,Algún campo sin dato,1,70c89fbc17240791eb1e4923338acede3ed5843139189a48e1edd5fd79797072,26/06/2023 03:31:51,ESCANER
12637,"Retalhuleu",11,"Retalhuleu",1,1727,400,17,100,3,36,4,101,4,3,1,0,1,1,0,0,4,275,13,2,290,0,290,--,400,110,275,290,290,Algún campo sin dato,1,7017c2acb0e5a4ffc1187fb0d7ff456f3f7473316f3c546d654f3c538160e4f3,26/06/2023 00:36:51,ESCANER
12638,"Retalhuleu",11,"Retalhuleu",1,1727,400,19,92,6,32,3,111,6,3,2,0,0,1,0,0,4,279,16,1,296,0,296,--,400,104,279,296,296,Algún campo sin dato,1,72697493a6aa0c2cc6762b9be360380ba44ba760dd2381c4f6704e9f3c95a903,26/06/2023 00:55:58,ESCANER
12639,"Retalhuleu",11,"Retalhuleu",1,1727,400,20,78,3,30,2,116,6,1,2,1,0,1,0,2,5,267,18,8,293,0,293,--,400,107,267,293,293,Algún campo sin dato,1,6e2f95017a6e0c81b3f41a975fa9ca7a7549a8b33d65817631f7cc8b56a0d659,25/06/2023 23:07:43,ESCANER
12640,"Retalhuleu",11,"Retalhuleu",1,1727,400,27,89,3,28,1,115,3,2,3,2,0,0,0,0,3,276,22,2,300,0,300,--,400,100,276,300,300,Algún campo sin dato,1,59470791a44015d536370d812ba3eb670c2e68ec68da09d93129b1acbe0dcfa6,26/06/2023 01:37:50,ESCANER
12641,"Retalhuleu",11,"Retalhuleu",1,1727,400,20,102,4,21,3,119,2,0,2,1,0,0,0,0,2,276,12,3,291,0,291,--,400,109,276,291,291,Algún campo sin dato,1,e44f6409bdada92168ebf976a8f00184b9caa1ef8f07bbc0bdd428888d91c1e3,25/06/2023 23:41:41,ESCANER
12642,"Retalhuleu",11,"Retalhuleu",1,1727,400,8,94,3,27,4,118,7,4,1,1,0,0,1,1,3,272,15,0,287,0,287,--,400,113,272,287,287,Algún campo sin dato,1,c120fe419e8273150079e4b0306e425ef6bb7155a4512092c18d9180b98522b4,26/06/2023 01:56:38,ESCANER
12643,"Retalhuleu",11,"Retalhuleu",1,1727,400,26,86,3,32,3,105,5,2,3,1,1,0,0,1,4,272,22,1,295,0,295,--,397,102,272,295,295,Algún campo sin dato,1,e85d44d15b63e29267be465e0660a1ee8a25f23791be3d8bf87481a4b5d1fe65,26/06/2023 02:14:21,ESCANER
12644,"Retalhuleu",11,"Retalhuleu",1,1727,400,,,,,,,,,,,,,,,,,,,,,,,,,,,,,0,,,
12645,"Retalhuleu",11,"Retalhuleu",1,1727,400,26,105,5,26,3,112,3,2,2,0,1,2,0,1,4,292,13,1,306,0,306,--,400,94,292,306,306,Algún campo sin dato,1,3f80f90281dbdb8279bd8a6ea799b9edc9101c47fda53e83586486956a5fd8a0,26/06/2023 00:20:52,ESCANER
12646,"Retalhuleu",11,"Retalhuleu",1,1727,400,11,90,6,22,2,112,3,1,1,0,0,0,0,1,0,249,10,2,261,0,261,--,400,139,249,261,261,Algún campo sin dato,1,2a4902a6b943be44211371db84ceb03a5efc26e624ea9463014aaef2f424e608,26/06/2023 00:12:53,ESCANER
12647,"Retalhuleu",11,"Retalhuleu",1,1727,400,19,85,2,24,1,108,11,0,1,1,0,0,0,1,3,256,11,0,267,0,267,--,400,133,256,267,267,Algún campo sin dato,1,37e8e30f90c29508f694ccd8c31624901da094ac4e4e7c31aec1e465cb1da262,26/06/2023 02:22:32,ESCANER
12648,"Retalhuleu",11,"Retalhuleu",1,1727,400,27,89,0,27,1,94,2,1,3,1,0,0,0,0,5,250,15,3,268,0,268,--,400,132,250,268,268,Algún campo sin dato,1,772ea3fe0925b65edfbc27aec115b9d777c181553a891fa02ad33aba591a984e,26/06/2023 01:00:28,ESCANER
12649,"Retalhuleu",11,"Retalhuleu",1,1727,400,24,90,5,19,1,103,4,2,1,0,0,0,0,0,1,250,18,1,269,0,269,--,400,131,250,269,269,Algún campo sin dato,1,356df0cbb8adc4b50c878a40604700a79718758dd7380b2a3b4412378155d95d,25/06/2023 23:23:54,ESCANER
12650,"Retalhuleu",11,"Retalhuleu",1,1728,400,26,83,5,29,0,115,4,7,0,0,0,1,0,1,3,274,7,1,282,0,282,--,400,118,274,282,282,Algún campo sin dato,1,a41c3a772926a3cadd0278ec7f94daf6db95746bc54c124a59aa4a5ad6691c19,26/06/2023 02:52:16,ESCANER
12651,"Retalhuleu",11,"Retalhuleu",1,1728,400,25,78,4,16,0,104,3,1,1,2,0,1,0,0,6,241,13,1,255,0,255,--,400,145,241,255,255,Algún campo sin dato,1,7a2e0f29323db3f0501720d3bd5fa2f9e937672e7ab9974eddc374097b5bd2f0,26/06/2023 01:51:25,ESCANER
12652,"Retalhuleu",11,"Retalhuleu",1,1728,400,26,72,2,21,2,125,3,0,3,0,0,0,0,0,6,260,18,1,279,0,279,--,398,118,260,279,279,Algún campo sin dato,1,a4e6c8fb190b9a6c42139ab05c6add31cf004da423b9524e8b1a831fb8463f83,26/06/2023 02:35:07,ESCANER
12653,"Retalhuleu",11,"Retalhuleu",1,1728,400,26,89,4,30,0,91,5,0,2,1,0,0,0,1,1,250,18,3,271,0,271,--,400,129,250,271,271,Algún campo sin dato,1,2ed40fcee3e30e5399d03d18538c1c249f750edea212959d52a8bc5a099ba378,25/06/2023 23:49:49,ESCANER
12654,"Retalhuleu",11,"Retalhuleu",1,1728,400,15,95,2,22,0,93,5,1,0,2,0,0,0,1,6,242,17,4,263,0,263,--,400,137,242,263,263,Algún campo sin dato,1,3bcd658dda27bbf7e475d96d14c5721e3632e481e77c89cad83189190b9318b4,26/06/2023 00:33:48,ESCANER
12655,"Retalhuleu",11,"Retalhuleu",1,1728,400,22,82,2,26,0,88,3,5,0,0,1,0,1,0,1,231,15,4,250,0,250,--,400,150,231,250,250,Algún campo sin dato,1,4ed7bf459fb491d56fcae28202fd89252731f7d03582edbec5afe6e4625d2542,26/06/2023 01:57:34,ESCANER
12656,"Retalhuleu",11,"Retalhuleu",1,1728,400,22,89,3,23,1,83,3,3,1,1,0,0,2,0,2,233,7,0,240,0,240,--,400,160,233,240,240,Algún campo sin dato,1,27eb34d5433135c3e48c492fcb2f51983adfba16aa7dc161271319d212df1ac2,26/06/2023 03:00:45,ESCANER
12657,"Retalhuleu",11,"Retalhuleu",1,1728,400,24,79,2,34,0,90,4,2,0,1,0,1,0,1,3,241,7,0,248,0,248,--,413,165,241,248,248,Algún campo sin dato,1,b750a95a2b6459d4c035734434d91f8e2002815aa33c67bcf76141cd8f28ee99,26/06/2023 03:08:53,ESCANER
12658,"Retalhuleu",11,"Retalhuleu",1,1728,400,23,66,4,23,2,105,6,2,0,1,0,0,1,2,0,235,0,0,235,4,239,--,400,161,235,235,239,Algún campo sin dato,1,fbd6d301511db44b70dc19182c8237835e9240cdb455bc5ecf8d0d2e796f202f,26/06/2023 00:40:51,ESCANER
12659,"Retalhuleu",11,"Retalhuleu",1,1728,400,24,88,2,19,3,118,4,4,0,0,1,1,0,1,0,265,7,0,272,0,272,--,400,128,265,272,272,Algún campo sin dato,1,feb2a2cf33618a024fed96d95693b46093d142f6b1011362782ed4db1150398c,26/06/2023 02:09:26,ESCANER
12660,"Retalhuleu",11,"Retalhuleu",1,1728,400,14,102,1,22,1,119,3,0,0,0,0,0,1,0,1,264,3,0,267,0,267,--,400,133,264,267,267,Algún campo sin dato,1,bdcaa666ee2bed9379631bf1746d9f342521e9a8fe9d3328f56572aa65a2393b,26/06/2023 02:22:29,ESCANER
12661,"Retalhuleu",11,"Retalhuleu",1,1728,400,16,103,1,17,2,99,2,0,1,0,0,0,1,0,1,243,1,2,246,0,246,--,400,154,243,246,246,Algún campo sin dato,1,4dac2559a4453cdbcacaec62967db8d9c29152906aa28df78815ffe9c14d44ec,26/06/2023 00:53:51,ESCANER
12662,"Retalhuleu",11,"Retalhuleu",1,1728,281,13,44,0,17,1,63,4,1,1,0,0,0,0,1,0,145,4,1,150,0,150,--,278,128,145,150,150,Algún campo sin dato,1,0b520d701f82325feefa43d622cd82ea3ed940538b35b670e3ef21a3f063a3ad,25/06/2023 23:07:26,ESCANER
12663,"Retalhuleu",11,"Retalhuleu",1,1728,281,12,56,2,16,0,40,3,1,0,0,1,1,0,0,1,133,7,2,142,0,142,--,281,139,133,142,142,Algún campo sin dato,1,8f3bde111279075803d5ec8f02a9b7331097bc8fcc7b89eb850dc338942a78bb,25/06/2023 23:56:46,ESCANER
12664,"Retalhuleu",11,"Retalhuleu",1,1729,400,11,113,8,15,2,103,6,2,0,0,0,--,1,--,4,265,11,2,278,0,278,--,400,122,265,278,278,Algún campo sin dato,1,c6b3f651eb74c4a17f49c3826d1ae7946d1ae0d03f0ec99123204cabe8c5ad87,26/06/2023 02:01:44,ESCANER
12665,"Retalhuleu",11,"Retalhuleu",1,1729,400,12,106,5,24,1,110,10,3,0,1,0,0,2,0,8,282,12,3,297,0,297,--,400,103,282,297,297,Algún campo sin dato,1,d70e42c034dfe4158d07a9da56240ad9e94a55b480d5980ecede8b1ef0cd9a83,26/06/2023 01:35:33,ESCANER
12666,"Retalhuleu",11,"Retalhuleu",1,1729,400,11,109,2,16,1,140,6,2,1,0,0,0,1,0,10,299,18,0,317,0,317,--,400,83,299,317,317,Algún campo sin dato,1,165884aba1afb4aced8ae023eccedfd4440e681fc66824670776194a00f559e5,26/06/2023 02:22:00,ESCANER
12667,"Retalhuleu",11,"Retalhuleu",1,1729,400,16,101,5,15,0,100,7,2,0,0,0,1,2,0,2,251,11,0,262,0,262,--,400,135,251,262,262,Algún campo sin dato,1,0413cc4fcfc623e207b9532454efc3422418ec0ce42b417af57e1f46e0e521c3,26/06/2023 01:55:26,ESCANER
12668,"Retalhuleu",11,"Retalhuleu",1,1729,400,15,112,6,13,3,98,7,0,0,0,0,1,2,0,6,263,12,3,278,0,278,--,400,122,263,278,278,Algún campo sin dato,1,9b2b722b54536c8ef8a59a0f352890d06ede9ec8596a86cfba94524263db8c0b,25/06/2023 23:10:21,ESCANER
12669,"Retalhuleu",11,"Retalhuleu",1,1729,400,16,94,3,15,1,101,1,2,0,0,0,1,0,0,2,236,13,1,250,0,250,--,400,150,236,250,250,Algún campo sin dato,1,e65c319de0ad351da1f57b7b80a6d3cb762f203829b9ea2ef821c2820985ec33,26/06/2023 01:27:11,ESCANER
12670,"Retalhuleu",11,"Retalhuleu",1,1729,400,4,107,1,8,0,105,6,0,0,0,0,4,2,0,1,238,4,0,242,0,242,--,390,148,238,242,242,Algún campo sin dato,1,afe49918c9b56073c8ffea75398b1b87ed5625886af7d733c5e25708e220c325,26/06/2023 02:08:00,ESCANER
12671,"Retalhuleu",11,"Retalhuleu",1,1729,349,11,108,1,19,2,91,8,1,0,0,0,1,1,0,2,245,3,0,248,0,248,--,349,101,245,248,248,Algún campo sin dato,1,60ca4faf8887aea6f0cd60aea01373deaa0e2ae7ebecec6590ee8e896bf34a4b,26/06/2023 00:49:55,ESCANER
12672,"Retalhuleu",11,"Retalhuleu",1,1729,349,9,98,3,7,2,67,3,1,0,2,0,0,1,0,1,194,6,0,200,0,200,--,349,149,194,200,200,Algún campo sin dato,1,37421acab62bf9571f245bff48359bb7b50b4ee5192a8c866c0825ee483633ab,26/06/2023 00:07:12,ESCANER
12673,"Retalhuleu",11,"Retalhuleu",1,1730,400,13,96,8,24,0,97,3,4,0,2,0,1,2,0,2,252,19,1,272,0,272,--,400,128,252,272,272,Algún campo sin dato,1,40bdbdf03d4f3b4643631f2852120b4d60dff2b4e3f94586972ac8ab7aa48050,26/06/2023 02:05:46,ESCANER
12674,"Retalhuleu",11,"Retalhuleu",1,1730,400,18,98,3,20,0,121,5,7,1,0,0,2,1,0,5,281,18,2,301,0,301,--,400,99,281,301,301,Algún campo sin dato,1,aac2efe77546680ab72e8c627ce0bce46db5eec82bef31f8c069e5d0d4568de0,26/06/2023 00:51:25,ESCANER
12675,"Retalhuleu",11,"Retalhuleu",1,1730,400,13,98,6,16,0,116,1,5,1,2,0,1,1,0,3,263,23,2,288,0,288,--,400,112,263,288,288,Algún campo sin dato,1,c9cbf74bbc193cd056a050971200bae5787f70b2191a6758c252caa45d4b1daf,25/06/2023 23:46:42,ESCANER
12676,"Retalhuleu",11,"Retalhuleu",1,1730,400,19,87,5,14,0,150,4,6,1,0,0,0,3,1,7,297,11,2,310,1,311,--,400,89,297,310,311,Algún campo sin dato,1,40be3992adae3127bce6988479f13f59e1ad49d74b518c8e5f86459716d45ac1,26/06/2023 02:10:36,ESCANER
12677,"Retalhuleu",11,"Retalhuleu",1,1731,400,23,82,5,28,0,106,5,8,1,2,1,0,1,0,4,266,8,2,276,0,276,--,400,124,266,276,276,Algún campo sin dato,1,b3cd74303c398d938cc17b29d9c65e22755bac310a889b80876de599faeb5137,26/06/2023 00:46:31,ESCANER
12678,"Retalhuleu",11,"Retalhuleu",1,1731,400,10,90,5,20,2,105,4,8,3,1,0,0,2,0,2,252,7,2,261,0,261,--,400,139,252,261,261,Algún campo sin dato,1,380a4da15f64def53b9f162b45dcafe1fb662de3d228f88de02622f0f53656e4,25/06/2023 23:34:53,ESCANER
12679,"Retalhuleu",11,"Retalhuleu",1,1731,400,20,83,3,26,1,120,5,11,0,2,1,2,1,0,5,280,13,1,294,0,294,--,400,106,280,294,294,Algún campo sin dato,1,4135a4b7ef6cfc34d7e06a430ab672d6732d3afa3efe468722f0126a132221f6,26/06/2023 00:41:47,ESCANER
12680,"Retalhuleu",11,"Retalhuleu",1,1731,400,16,89,8,23,0,98,1,11,2,0,0,0,2,0,4,254,20,2,276,0,276,--,400,124,254,276,276,Algún campo sin dato,1,53cfe8fd7308b031767966e37de2676362a3886006de0af31c26717a77ef4287,26/06/2023 01:36:55,ESCANER
12681,"Retalhuleu",11,"Retalhuleu",1,1731,400,16,103,5,28,0,108,2,5,0,1,0,2,1,0,2,273,10,0,283,0,283,--,400,117,273,283,283,Algún campo sin dato,1,3da7d89b8eef5c1696a9ddd503fd7c69eeba7be4143e2526c71fb67cc7ac126f,25/06/2023 22:55:23,ESCANER
12682,"Retalhuleu",11,"Retalhuleu",1,1731,400,12,100,5,19,2,93,3,11,1,0,0,1,0,0,4,251,6,2,259,0,259,--,400,141,251,259,259,Algún campo sin dato,1,c4d4e1234cb43657d2d8de255d1fd6c1ff48a04020f3ad4f5409bd7e0331eaab,26/06/2023 01:38:50,ESCANER
12683,"Retalhuleu",11,"Retalhuleu",1,1731,400,9,95,6,20,0,117,8,4,0,1,0,3,1,0,1,265,6,1,272,0,272,1,400,127,265,272,272,,1,784a16368d37170009ed1721e881a1c45f5c6355d4cb8798ba07f9c0f75fd23e,25/06/2023 23:27:19,ESCANER
12684,"Retalhuleu",11,"Retalhuleu",1,1731,400,10,85,4,15,0,134,3,7,0,0,0,3,0,0,1,262,5,1,268,0,268,--,400,132,262,268,268,Algún campo sin dato,1,ef3fe4f14a3ba859ed48cd291a0aea5cb53f99a04653eaa8dafd53d10a7aa43d,26/06/2023 01:06:25,ESCANER
12685,"Retalhuleu",11,"Retalhuleu",1,1731,262,10,76,4,18,0,63,3,3,0,0,0,0,0,0,0,177,4,0,181,0,181,--,262,81,177,181,181,Algún campo sin dato,1,ba7e66c7a1da354863f3c8004ebe38ed375bd46d461e3fd5e60f8b2e153567ad,25/06/2023 21:50:52,ESCANER
12686,"Retalhuleu",11,"Retalhuleu",1,1731,262,4,54,0,10,0,67,0,3,0,0,0,0,0,0,0,138,4,1,143,0,143,--,262,119,138,143,143,Algún campo sin dato,1,ea03fc9e22efaf669fb91c117621212a99ff742c0794e4b7b921317461188aba,25/06/2023 22:13:09,ESCANER
12687,"Retalhuleu",11,"Retalhuleu",1,1732,380,6,94,9,24,4,58,0,1,0,0,0,0,0,0,4,200,34,2,236,0,236,--,380,144,200,236,236,Algún campo sin dato,1,50ad766f85b6caf8d27503c82a4af4ecaa263f9b5b35aff9c6013f8f9d12ebc7,26/06/2023 00:10:19,ESCANER
12688,"Retalhuleu",11,"Retalhuleu",1,1732,380,6,87,5,25,0,71,1,2,1,2,0,0,0,1,2,203,22,4,229,0,229,--,380,151,203,229,229,Algún campo sin dato,1,6d2b3fcc26f9c1970e71d6f332b42923ff9e52cfbdd22a6b375a0b01044fd598,26/06/2023 00:38:56,ESCANER
12689,"Retalhuleu",11,"Retalhuleu",1,1732,380,8,85,6,28,0,76,1,0,0,0,0,0,0,0,3,207,27,8,242,0,242,--,377,135,207,242,242,Algún campo sin dato,1,79367eb6d089a3e09ffa5be1a6712392a8b1fb5ef4d58701e8d973c06f1524b7,26/06/2023 02:25:04,ESCANER
12690,"Retalhuleu",11,"Retalhuleu",1,1732,380,5,100,5,24,1,61,1,0,2,0,0,0,0,1,1,201,30,8,239,0,239,--,377,138,201,239,239,Algún campo sin dato,1,0a13b3f3d6ad3c4440c0557eb33d4fb4adcb33f9cc451480d3578f446c7a2d97,26/06/2023 01:21:22,ESCANER
12691,"Retalhuleu",11,"Retalhuleu",1,1732,380,12,66,6,28,3,99,1,0,0,1,0,0,0,1,5,222,30,4,256,0,256,--,375,119,222,256,256,Algún campo sin dato,1,49f5b05b466ed057ad456d6e1bab37f2d39e9e2507d3335c798ceac30f76fb75,26/06/2023 01:44:49,ESCANER
12692,"Retalhuleu",11,"Retalhuleu",1,1732,380,7,88,6,31,2,82,3,1,0,0,0,0,0,0,3,223,22,4,249,0,249,--,377,128,223,249,249,Algún campo sin dato,1,acf26cdd180709ce81371f6fc4aac4ae7f6f5f27fcd43749982d37379342bd5b,25/06/2023 23:22:03,ESCANER
12693,"Retalhuleu",11,"Retalhuleu",1,1732,380,13,95,7,21,3,54,0,0,0,0,0,1,0,0,1,195,9,1,205,0,205,--,372,167,195,205,205,Algún campo sin dato,1,db93c306af762c7f40176d8b1d6d068d66ca603e2ad9cb3de90310e69eadba46,26/06/2023 00:46:19,ESCANER
12694,"Retalhuleu",11,"Retalhuleu",1,1732,380,13,90,10,22,4,75,2,1,1,0,0,1,1,0,4,224,31,4,259,0,259,--,380,121,224,259,259,Algún campo sin dato,1,9756a6e1f03a873d5647793d82b84b77389a5e1dee1ae1395a953f87de35a976,26/06/2023 02:10:03,ESCANER
12695,"Retalhuleu",11,"Retalhuleu",1,1732,380,13,93,9,31,0,69,1,1,1,0,0,0,0,0,7,225,31,2,258,0,258,--,380,122,225,258,258,Algún campo sin dato,1,6e04c630408bdc3d3f6f7b0fa904c07eb28521aea1aa3ed83b7f2b3d650b38a2,26/06/2023 01:10:37,ESCANER
12696,"Retalhuleu",11,"Retalhuleu",1,1732,380,5,90,6,31,3,89,0,0,1,0,1,0,0,0,7,233,17,4,254,0,254,--,380,126,233,254,254,Algún campo sin dato,1,1ee0df22fe358260eb11d26fef3418547ec543ef1c7b135af60db8bc4fbd3ed9,26/06/2023 01:29:16,ESCANER
12697,"Retalhuleu",11,"Retalhuleu",1,1732,380,7,95,5,27,1,69,0,0,0,2,0,0,0,0,3,209,16,7,232,0,232,--,380,148,209,232,232,Algún campo sin dato,1,25801dfe69574e12aeb10a2d0729012bfc3217471b9e048e17c988601cd46ed5,26/06/2023 02:32:44,ESCANER
12698,"Retalhuleu",11,"Retalhuleu",1,1732,380,11,73,4,17,2,95,0,2,0,0,0,0,0,1,1,206,12,5,223,0,223,--,377,154,206,223,223,Algún campo sin dato,1,260773fcf1c04d8286bed1079cfdb33e0e1ea938e04c39b429dd29e6e42fe669,25/06/2023 23:48:30,ESCANER
12699,"Retalhuleu",11,"Retalhuleu",1,1733,380,11,79,1,25,1,68,1,1,1,1,0,0,0,1,7,197,19,5,221,0,221,--,380,159,197,221,221,Algún campo sin dato,1,c7435e2889efd09ea7d2c08cd261a4cfa65508616b95508af776c22931e9ab90,26/06/2023 01:16:40,ESCANER
12700,"Retalhuleu",11,"Retalhuleu",1,1733,380,6,100,10,30,1,88,0,0,2,0,0,0,0,0,4,241,21,9,271,0,271,--,380,109,241,271,271,Algún campo sin dato,1,e683959f5b964c6bcadf08954ed899ab869b6399776f53df050bedda1edbd4ea,26/06/2023 00:04:31,ESCANER
12701,"Retalhuleu",11,"Retalhuleu",1,1733,380,18,88,8,30,2,68,0,0,0,0,0,0,0,0,3,217,23,12,252,0,252,--,380,128,217,252,252,Algún campo sin dato,1,df0fbcd92bc024b40788d171350d3ec46a9477aa8e2643d54e680b02087c4775,25/06/2023 23:30:52,ESCANER
12702,"Retalhuleu",11,"Retalhuleu",1,1733,380,11,71,8,34,4,79,0,0,0,1,0,0,0,1,3,212,33,7,252,0,252,--,380,128,212,252,252,Algún campo sin dato,1,c20eaf2f5216f0f9e5ee8ccf1c9e4e8b87f8738d765eec2dfa8e3ded131b08e6,26/06/2023 00:22:37,ESCANER
12703,"Retalhuleu",11,"Retalhuleu",1,1733,380,5,83,9,21,2,65,0,0,1,0,0,0,0,3,2,191,28,8,227,0,227,--,380,153,191,227,227,Algún campo sin dato,1,ac0e62780fb27064f9112bd6254ad5b44b71ff7421f69d39bc61e60b364e989b,26/06/2023 01:38:20,ESCANER
12704,"Retalhuleu",11,"Retalhuleu",1,1733,380,9,88,8,16,2,69,1,0,1,0,1,0,0,0,7,202,23,5,230,0,230,2,380,150,202,230,230,,1,6e465980dbff9429a2035cb0b2d81f22ecd760db964b063dde705266363a377b,26/06/2023 01:27:28,ESCANER
12705,"Retalhuleu",11,"Retalhuleu",1,1733,380,3,88,4,14,2,66,3,0,0,1,0,1,0,0,3,185,6,2,193,0,193,--,381,188,185,193,193,Algún campo sin dato,1,a1e9c009db7d7012d0e9a3e19e06bfcb18ff272399b23ae10ec7adc7532c9190,26/06/2023 00:55:30,ESCANER
12706,"Retalhuleu",11,"Retalhuleu",1,1733,380,6,119,1,13,0,48,0,1,0,0,0,0,0,0,2,190,9,1,200,0,200,--,380,180,190,200,200,Algún campo sin dato,1,8f1a25c77b23e33f0285e7fd2aeef225bfc74df3e2a91f15d4b1d07fd04e7797,25/06/2023 23:54:25,ESCANER
12707,"Retalhuleu",11,"Retalhuleu",1,1733,380,11,92,2,22,1,69,1,0,0,0,0,0,1,0,3,202,11,3,216,0,216,--,380,164,202,216,216,Algún campo sin dato,1,58710bb1cc7ddbc26f0736c32e2d034025361015b21dc5f72ca535c1b084017e,26/06/2023 00:48:37,ESCANER
12708,"Retalhuleu",11,"Retalhuleu",1,1733,380,12,102,6,20,1,66,0,0,0,0,1,1,0,0,1,210,7,2,219,0,219,--,380,161,210,219,219,Algún campo sin dato,1,0f84032e67510195b5a816a0c3c76f54492a6e00d0e329e0bfd49c29370a2d96,25/06/2023 22:55:34,ESCANER
12709,"Retalhuleu",11,"Retalhuleu",1,1733,380,8,115,1,10,0,50,0,0,0,0,0,0,0,0,3,187,5,1,193,0,193,--,380,187,187,193,193,Algún campo sin dato,1,20b968ad978d3d195f5a6ca794522d182047e91980bc3206297cc137cae1c0bc,25/06/2023 23:24:53,ESCANER
12710,"Retalhuleu",11,"Retalhuleu",1,1733,218,2,49,4,11,0,34,1,1,0,0,0,0,0,0,5,107,5,2,114,0,114,--,218,104,107,114,114,Algún campo sin dato,1,52cfdd1001b9dfd59139769e060b65afdb2edafae75030d60e1fd21d40480b68,25/06/2023 23:44:50,ESCANER
12711,"Retalhuleu",11,"Retalhuleu",1,1733,217,1,46,5,9,0,26,0,0,0,1,0,0,0,0,0,88,8,3,99,0,99,3,217,118,88,99,99,,1,6de552585bba5b2e6aa5c730dfaedca4d75e75fad66b81c39289c7a1b9ad3a58,25/06/2023 22:07:07,ESCANER
12712,"Retalhuleu",11,"Retalhuleu",1,1734,380,31,82,6,34,18,88,0,0,0,0,0,1,0,0,5,265,19,3,287,0,287,1,378,90,265,287,287,,1,49aeea06e79f3f03d5b3c063a5cefc49808d2b0cd073ccabec99a0e18f3f824c,26/06/2023 01:06:32,ESCANER
12713,"Retalhuleu",11,"Retalhuleu",1,1734,380,22,67,6,39,16,90,0,2,0,0,0,0,0,1,10,253,31,4,288,0,288,--,380,92,253,288,288,Algún campo sin dato,1,9ef9d6dd1b78ff5aa9afc44c759091665659006d0e84e7af018bb058c233196e,26/06/2023 01:13:10,ESCANER
12714,"Retalhuleu",11,"Retalhuleu",1,1734,380,20,93,5,34,18,70,3,0,0,0,1,1,0,0,5,250,20,5,275,2,277,--,380,103,250,275,277,Algún campo sin dato,1,895233ad1e0087e43fb85248ad20e378c5df448d5910822c4a13887bf57ea1fe,26/06/2023 02:20:08,ESCANER
12715,"Retalhuleu",11,"Retalhuleu",1,1734,380,23,87,1,29,12,83,1,2,0,0,1,1,0,0,7,247,18,3,268,1,269,1,380,111,247,268,269,,1,e990db00dcb561640be2e20c874ea75bbfa3a2c94badadcf74ecf0a12285bc27,26/06/2023 01:02:49,ESCANER
12716,"Retalhuleu",11,"Retalhuleu",1,1734,380,22,88,4,20,7,68,0,0,0,0,0,0,0,0,9,218,12,4,234,0,234,--,380,146,218,234,234,Algún campo sin dato,1,a0f0cf9040b1fde8097b63bdcf1afc0a90b1af203087140632612580b65468ab,25/06/2023 23:27:04,ESCANER
12717,"Retalhuleu",11,"Retalhuleu",1,1734,380,19,75,2,24,9,71,0,1,1,1,0,0,0,1,7,211,14,2,227,0,227,--,380,153,211,227,227,Algún campo sin dato,1,72483e465d341d6c78e8fec6ebef9ab3d1b6169d67133d332fa298895f1d0994,26/06/2023 00:01:45,ESCANER
12718,"Retalhuleu",11,"Retalhuleu",1,1734,380,32,83,0,19,11,67,0,1,0,0,1,0,0,0,6,220,4,2,226,0,226,--,380,154,220,226,226,Algún campo sin dato,1,674673ee9be98129d5f24358a513293a034a893f7c29b921be1f3dddef1743a6,25/06/2023 23:46:43,ESCANER
12719,"Retalhuleu",11,"Retalhuleu",1,1734,209,10,67,2,16,6,32,0,1,0,0,0,2,0,0,2,138,3,0,141,0,141,--,209,68,138,141,141,Algún campo sin dato,1,87544d92c318f5fca675e39595824c2b24363348a057719e6ebf4663c9de692e,25/06/2023 22:42:22,ESCANER
12720,"Retalhuleu",11,"Retalhuleu",1,1734,209,8,56,1,8,2,22,2,1,0,0,0,0,0,0,3,103,4,1,108,0,108,--,209,101,103,108,108,Algún campo sin dato,1,601f43449188c35b072f582fa63b2486b701403f5abd1cae13a91078406414e2,25/06/2023 22:22:30,ESCANER
12721,"Retalhuleu",11,"Retalhuleu",1,1735,380,7,68,4,63,10,59,0,1,0,0,0,0,0,0,6,218,35,2,255,0,255,--,380,125,218,255,255,Algún campo sin dato,1,23507f6bf1026325f3866acfaba03e30f002392de37e6009e44442329ea9d9f8,25/06/2023 22:28:04,ESCANER
12722,"Retalhuleu",11,"Retalhuleu",1,1735,380,12,72,1,84,11,44,2,1,0,0,0,0,0,1,9,237,18,6,261,0,261,--,380,119,237,261,261,Algún campo sin dato,1,e5fd791224a8adfec0f91e6b45e02f679b40d51e716cc6e3b256e715c4b1f462,26/06/2023 00:04:56,ESCANER
12723,"Retalhuleu",11,"Retalhuleu",1,1735,233,6,49,4,41,6,30,1,2,0,1,0,0,0,0,0,140,12,1,153,0,153,--,230,77,140,153,153,Algún campo sin dato,1,289c2f46473e23e84c2fd068ae90682e9ed1aa8e6558b0840065eae6c75a5152,25/06/2023 21:08:16,ESCANER
12724,"Retalhuleu",11,"Retalhuleu",1,1735,232,8,49,2,37,7,29,1,0,0,1,0,1,0,0,4,139,4,1,144,0,144,--,229,85,139,144,144,Algún campo sin dato,1,1cc24607a4f156daa3e768eb99a3b7f28c68da10c16e62e602a8a33bf7ae9393,25/06/2023 21:06:28,ESCANER
12725,"Retalhuleu",11,"Retalhuleu",1,1736,380,5,83,1,42,1,84,1,0,0,2,0,0,0,1,5,225,30,4,259,0,259,1,380,120,225,259,259,,1,6ecf891dd96f14c763946dc530e54965dada0616b8ce760bd2492f3104fea32c,26/06/2023 00:06:59,ESCANER
12726,"Retalhuleu",11,"Retalhuleu",1,1736,380,20,55,3,25,2,68,3,4,2,1,0,0,0,0,5,188,31,5,224,0,224,--,380,156,188,224,224,Algún campo sin dato,1,9c58e58d85872925a0b79dcd98d0a9c11e8caefca5c478966356d8fab4cfd55d,25/06/2023 23:58:20,ESCANER
12727,"Retalhuleu",11,"Retalhuleu",1,1736,380,5,61,3,34,0,66,0,0,0,2,0,0,0,0,4,175,23,1,199,0,199,1,380,181,175,199,199,,1,1b56d9c0f508b036e8ed00891259fb0494e8a4dff7ece3d7cb3ca63e13a1e8ac,25/06/2023 23:34:42,ESCANER
12728,"Retalhuleu",11,"Retalhuleu",1,1736,380,14,42,3,37,1,74,0,3,0,0,1,0,0,0,8,183,25,3,211,0,211,--,412,201,183,211,211,Algún campo sin dato,1,878a3360d22387e3f6a0ddd94550f073e9a09351985f40409218b10836363ee6,25/06/2023 22:57:26,ESCANER
12729,"Retalhuleu",11,"Retalhuleu",1,1736,231,6,36,0,17,0,44,1,0,0,3,0,0,0,0,3,110,7,3,120,0,120,--,228,108,110,120,120,Algún campo sin dato,1,90b94b412303bcac06f6ad5c914a46f1cabbe691077f59ce5e12326fb2c2564e,25/06/2023 22:51:14,ESCANER
12730,"Retalhuleu",11,"Retalhuleu",1,1736,231,8,38,2,29,1,35,0,0,0,0,0,0,0,0,6,119,7,2,128,0,128,1,231,102,119,128,128,,1,cbe519a9ab6ba606ba3d388659bc105dce574e6177fa94a5bed66fba4f5e078a,25/06/2023 22:29:36,ESCANER
12731,"Retalhuleu",11,"Retalhuleu",1,1737,600,12,42,4,21,0,86,4,2,0,1,0,0,0,0,1,173,12,3,188,0,188,--,600,412,173,188,188,Algún campo sin dato,1,17f01eb31e174065f3aa24a6ce2efd1a52440b6c4b97a662cdde237ed6ac8095,26/06/2023 01:42:53,ESCANER
12732,"Retalhuleu",11,"Retalhuleu",1,1737,600,13,66,12,23,4,82,2,3,0,0,0,1,1,0,0,207,8,5,220,0,220,1,600,379,207,220,220,,1,b8b31e9571acc12007562e8549152bd7e79ce51379011dc877ff3a8b6d64c99d,25/06/2023 23:45:02,ESCANER
12733,"Retalhuleu",11,"Retalhuleu",1,1737,600,8,55,2,17,3,97,4,4,1,0,1,2,0,0,4,198,14,1,213,0,213,--,600,387,198,213,213,Algún campo sin dato,1,810a0f543ff31a628592a8f8880e598870a8fd677fa76db3a2a3f01601c5d237,26/06/2023 01:34:04,ESCANER
12734,"Retalhuleu",11,"Retalhuleu",1,1737,600,15,59,4,16,1,91,3,3,0,2,0,0,0,0,1,195,10,2,207,0,207,--,600,393,195,207,207,Algún campo sin dato,1,5534ecc224abac02eebc878e3b2171c4e355c7b287645bd7f531b47271aefd77,25/06/2023 23:43:29,ESCANER
12735,"Retalhuleu",11,"Retalhuleu",1,1737,600,8,57,2,10,0,65,1,5,0,1,0,0,0,2,1,152,16,3,171,3,174,--,600,414,152,171,174,Algún campo sin dato,1,8202342db5e97114b0eeef39afa926b36ebc6dff2511f05b6b35f9927aae0552,25/06/2023 23:36:54,ESCANER
12736,"Retalhuleu",11,"Retalhuleu",1,1737,600,5,24,2,6,0,26,1,0,1,0,0,1,0,0,2,68,2,0,70,0,70,--,600,530,68,70,70,Algún campo sin dato,1,1c393f2d03c72af1f254c992add5c8885bf7af42e486488d5a197cd53b305e73,25/06/2023 23:56:52,ESCANER
12737,"Retalhuleu",11,"Retalhuleu",1,1737,349,1,11,2,3,1,11,1,1,0,0,0,0,0,0,0,31,2,0,33,0,33,0,349,316,31,33,33,,1,d76d57cff740efe1bfbbda2a8d382aebb616ef146eece49173bb75ec719ea97a,25/06/2023 22:25:00,ESCANER
12738,"Retalhuleu",11,"Retalhuleu",1,1737,348,2,6,0,2,0,6,0,1,0,0,0,0,0,0,0,17,0,1,18,0,18,--,348,330,17,18,18,Algún campo sin dato,1,af5926730b4da7803c245152d204df784613aa37c6ff691d494a6e4714ba2eb1,25/06/2023 20:30:37,ESCANER