﻿TIPO_DE_ELECCIÓN:,CORPORACIÓN MUNICIPAL
26 junio 2023 03:36 (UTC -6)
ACTAS_ESPERADAS,ACTAS_CAPTURADAS,PORCENTAJE_ACTAS_CAPTURADAS,ACTAS_CONTABILIZADAS,PORCENTAJE_ACTAS_CONTABILIZADAS,ACTAS_NO_CONTABILIZADAS,LISTA_NOMINAL_ACTAS_CONTABILIZADAS,VOTOS_EMITIDOS_CONTABILIZADAS,PORCENTAJE_PARTICIPACIÓN_CIUDADANA
157,118,75.1592,118,75.1592,0,44772,22698,50.6968

MESA,DEPARTAMENTO,ID_DEPARTAMENTO,MUNICIPIO,ID_MUNICIPIO,CENTRO_DE_VOTACIÓN,PADRÓN,PHG,CABAL,PODEMOS,CREO,VIVA,UNE,AZUL,VAMOS,MLP,TODOS,PPN,U R N G - MAIZ,FCN-NACION,WINAQ,PR,PIN,SEMILLA,VALOR,PODER,VICTORIA,VÁLIDOS,NULOS,BLANCO,EMITIDOS,INVÁLIDOS,TOTAL,IMPUGNACIONES,PAPELETAS-RECIBIDAS,PAPELETAS-NO-USADAS,VALIDOS_CALCULADO,EMITIDOS_CALCULADO,TOTAL_CALCULADO,OBSERVACIONES,CONTABILIZADA,CÓDIGO_INTEGRIDAD,FECHA_HORA_PUBLICACIÓN,DIGITALIZACIÓN
14070,"San Marcos",12,"Malacatán",15,1981,400,,,,,,,,,,,,,,,,,,,,,,,,,,,,,,,,,,0,,,
14071,"San Marcos",12,"Malacatán",15,1981,400,20,40,4,48,5,6,2,19,1,4,42,4,3,2,1,0,0,11,2,1,215,25,1,241,0,241,--,397,156,215,241,241,Algún campo sin dato,1,4217069b04db6802ad777b033632ba4c6fc9d7598c0b605095135e07181ede9c,26/06/2023 00:12:59,ESCANER
14072,"San Marcos",12,"Malacatán",15,1981,400,,,,,,,,,,,,,,,,,,,,,,,,,,,,,,,,,,0,,,
14073,"San Marcos",12,"Malacatán",15,1981,400,22,38,13,75,5,9,2,26,1,2,36,1,1,3,1,0,0,14,2,0,251,25,8,284,0,284,--,400,116,251,284,284,Algún campo sin dato,1,b7f099029173ab26dbdc3e6f97bba88f9281caaa0fa8997264dadb2e876ea3d2,26/06/2023 01:16:15,ESCANER
14074,"San Marcos",12,"Malacatán",15,1981,400,,,,,,,,,,,,,,,,,,,,,,,,,,,,,,,,,,0,,,
14075,"San Marcos",12,"Malacatán",15,1981,400,15,31,10,76,4,15,3,18,0,2,34,6,2,5,2,1,1,10,2,0,237,5,0,242,6,248,--,400,152,237,242,248,Algún campo sin dato,1,01d3d93f76dff96819d8d7e8100672db7ef30cc528eeb9c2d7d798375daa48bc,26/06/2023 01:22:25,ESCANER
14076,"San Marcos",12,"Malacatán",15,1981,400,27,37,6,61,2,3,1,20,1,1,54,3,5,7,1,0,3,10,5,0,247,17,5,269,1,270,--,400,130,247,269,270,Algún campo sin dato,1,c21c6162a755e3adf9d2f10773a620da00835c27f627df6b46ec6a9d7ccc81a7,26/06/2023 03:04:56,ESCANER
14077,"San Marcos",12,"Malacatán",15,1981,400,12,39,5,47,3,10,0,16,0,2,42,3,4,2,2,1,1,5,2,2,198,11,2,211,0,211,--,404,193,198,211,211,Algún campo sin dato,1,4578d1dd51397ff65406554423946055f4f941b6cd81d98014693d1ced81a243,26/06/2023 00:43:34,ESCANER
14078,"San Marcos",12,"Malacatán",15,1981,400,,,,,,,,,,,,,,,,,,,,,,,,,,,,,,,,,,0,,,
14079,"San Marcos",12,"Malacatán",15,1981,400,12,42,6,73,4,5,1,21,3,4,42,6,5,2,1,0,3,9,0,1,240,8,3,251,0,251,--,400,149,240,251,251,Algún campo sin dato,1,61f164a5d9693100fede2cda9584d33df6fc26ea0ee8e7b53c4793d656635521,26/06/2023 03:34:07,ESCANER
14080,"San Marcos",12,"Malacatán",15,1982,400,14,40,9,63,8,6,2,16,1,3,37,9,5,2,0,1,4,8,2,1,231,7,1,239,0,239,--,400,161,231,239,239,Algún campo sin dato,1,4eebb34c6bbb2f93b1144f7acb2b398b03eb1606fec70f29f4eaa9ca106f4443,26/06/2023 03:35:54,ESCANER
14081,"San Marcos",12,"Malacatán",15,1982,400,17,43,8,52,8,2,1,18,0,2,42,6,5,0,2,0,1,13,0,1,221,18,3,242,0,242,--,400,158,221,242,242,Algún campo sin dato,1,23679e2c1375a6aeb3e1ad9ad188e7ad8167b919b671d2e8675d471994c39031,25/06/2023 23:54:58,ESCANER
14082,"San Marcos",12,"Malacatán",15,1982,400,16,44,8,56,7,1,1,21,2,3,45,5,5,1,0,0,2,9,2,2,230,5,2,237,0,237,--,--,--,230,237,237,Algún campo sin dato,1,9f852773a8e44cc18458a73eed7a3cce332016a8ba0d80d57e259cf251c5698c,26/06/2023 03:11:37,ESCANER
14083,"San Marcos",12,"Malacatán",15,1982,400,21,34,8,70,2,3,1,23,1,4,37,5,2,2,1,0,1,7,0,2,224,13,4,241,0,241,--,400,159,224,241,241,Algún campo sin dato,1,dc9fbb8ca68341c78351d7d28adbc5fecd5b38a0bdc57f3fc46ac569ff22ee53,26/06/2023 01:04:19,ESCANER
14084,"San Marcos",12,"Malacatán",15,1982,400,15,36,5,63,5,5,1,21,0,1,43,5,4,0,3,1,1,4,3,0,216,12,2,230,0,230,--,400,170,216,230,230,Algún campo sin dato,1,43f65d9fca22a37d7f6c6881c9b382088bed034a67cd75a4a37202da49956dd0,26/06/2023 02:36:43,ESCANER
14085,"San Marcos",12,"Malacatán",15,1982,400,25,24,6,62,2,5,0,15,1,3,34,4,2,2,2,0,3,5,0,1,196,17,0,213,0,213,--,400,187,196,213,213,Algún campo sin dato,1,24ec5cfb4804c4e2c22963bedf96984335c5cd6237f875f94e1612ab45b9a438,26/06/2023 00:09:05,ESCANER
14086,"San Marcos",12,"Malacatán",15,1982,400,,,,,,,,,,,,,,,,,,,,,,,,,,,,,,,,,,0,,,
14087,"San Marcos",12,"Malacatán",15,1982,400,20,16,3,80,2,4,0,26,0,1,37,2,4,1,0,0,0,7,0,1,204,5,0,209,0,209,0,396,187,204,209,209,,1,14d39de9284ea727fdd3e520f007139b8b6a2c6a2f782741e3481d7d81f5bb3c,25/06/2023 23:43:52,ESCANER
14088,"San Marcos",12,"Malacatán",15,1982,335,8,17,6,50,1,1,0,15,1,1,28,4,2,3,2,1,3,5,2,1,151,6,4,161,0,161,0,335,174,151,161,161,,1,0c0a9b74eb7ace7142da1dff6420112abb929437f63b65097be21c534989bcee,25/06/2023 23:29:20,ESCANER
14089,"San Marcos",12,"Malacatán",15,1982,334,9,13,6,30,2,4,1,21,0,1,19,1,1,1,1,2,1,2,0,0,115,8,6,129,0,129,--,334,205,115,129,129,Algún campo sin dato,1,9ae3b013d9a40f6d2bccbd814d0905a64ae3b8834d9c09120ee2d469db80a586,26/06/2023 00:38:05,ESCANER
14090,"San Marcos",12,"Malacatán",15,1983,400,14,7,11,84,2,6,1,40,2,1,30,10,0,2,0,0,0,8,3,3,224,33,3,260,0,260,--,399,140,224,260,260,Algún campo sin dato,1,43a1b17d598cc41e55fb67cd10c64bdca8300d1bc8f1017708e3ab2141e9ec59,26/06/2023 02:58:58,ESCANER
14091,"San Marcos",12,"Malacatán",15,1983,400,17,27,22,77,1,3,1,31,0,1,45,5,0,1,0,0,1,6,3,1,242,20,3,265,--,265,--,400,135,242,265,265,Algún campo sin dato,1,e5fd7f7321666f9c74ec16960cb8306d9d8dba5873f59a7321a0d7f63466c7a7,26/06/2023 01:24:01,ESCANER
14092,"San Marcos",12,"Malacatán",15,1983,400,13,27,15,72,0,3,2,22,2,0,42,13,1,2,0,0,0,3,1,1,219,29,1,249,0,249,--,396,147,219,249,249,Algún campo sin dato,1,caf601a782e2d7ebc69a51640792ac1d58e2b86f15c3104934a17df45b2b2d4d,26/06/2023 01:01:55,ESCANER
14093,"San Marcos",12,"Malacatán",15,1983,400,,,,,,,,,,,,,,,,,,,,,,,,,,,,,,,,,,0,,,
14094,"San Marcos",12,"Malacatán",15,1983,400,16,21,16,90,5,4,3,29,1,0,34,7,2,1,0,1,1,3,1,5,240,26,1,267,0,267,--,400,133,240,267,267,Algún campo sin dato,1,ef1b005d9ba32e53469d9a161d70c5a2ea94e65035081dd03a621de6cd7106f5,26/06/2023 01:42:02,ESCANER
14095,"San Marcos",12,"Malacatán",15,1983,400,,,,,,,,,,,,,,,,,,,,,,,,,,,,,,,,,,0,,,
14096,"San Marcos",12,"Malacatán",15,1983,400,17,24,10,107,2,2,2,30,1,0,38,8,0,0,0,0,0,5,1,1,248,25,2,275,0,275,--,400,125,248,275,275,Algún campo sin dato,1,9cc141969facc117190724ea362498694fc77037288cc93bb2874c451584c198,26/06/2023 03:11:37,ESCANER
14097,"San Marcos",12,"Malacatán",15,1983,400,13,18,5,91,1,8,0,44,1,0,38,18,0,0,0,1,0,6,1,2,247,25,5,277,0,277,--,400,123,247,277,277,Algún campo sin dato,1,18d52af7d3d09e756125fe97c7d7125e54b38bee752375018d5efc05ab8f2061,26/06/2023 03:14:52,ESCANER
14098,"San Marcos",12,"Malacatán",15,1984,400,19,23,9,84,3,5,0,32,0,1,29,11,3,3,0,0,2,8,0,0,232,20,2,254,0,254,--,396,142,232,254,254,Algún campo sin dato,1,d9d681c7bcf989caac7ebb1031fc335ea7a5abd590587f62eaf3389cb3db8b3b,25/06/2023 23:50:40,ESCANER
14099,"San Marcos",12,"Malacatán",15,1984,400,27,23,9,65,1,3,0,36,1,1,53,7,3,3,0,1,0,2,0,1,236,24,7,267,0,267,--,400,133,236,267,267,Algún campo sin dato,1,f9c7f1f5850c0f0e579c615fe75b38448e3cb8b33d4f9f11f90d838114e58f7a,26/06/2023 02:13:16,ESCANER
14100,"San Marcos",12,"Malacatán",15,1984,400,23,31,9,80,6,4,0,47,0,2,40,6,3,2,0,1,1,9,2,0,266,14,2,282,0,282,--,400,115,266,282,282,Algún campo sin dato,1,992586e7360988f279ccaa4dfa4ac764a506a7960d2a6cf9a3fe11b0ecaa4a5f,26/06/2023 01:49:13,ESCANER
14101,"San Marcos",12,"Malacatán",15,1984,400,11,36,8,72,5,7,2,35,0,1,40,6,1,1,0,1,0,10,1,2,239,7,0,246,11,257,--,396,139,239,246,257,Algún campo sin dato,1,149676440e518aed6c449675897ebce2b2a5104bcdb8ef510979121181b4f99d,26/06/2023 02:47:48,ESCANER
14102,"San Marcos",12,"Malacatán",15,1984,400,19,21,14,78,2,2,2,21,0,3,25,9,0,2,0,0,4,3,0,0,205,6,0,211,0,211,--,399,188,205,211,211,Algún campo sin dato,1,5bc553c5796f2d6fefd3069a4a141aa41add49ad2fbfb608edacbd1d87e70be3,26/06/2023 03:00:36,ESCANER
14103,"San Marcos",12,"Malacatán",15,1984,400,15,19,12,59,0,3,2,27,0,0,38,6,1,4,0,1,0,4,4,1,196,12,4,212,0,212,--,395,183,196,212,212,Algún campo sin dato,1,a81ff6b9a1bd3645318b2a305ee654bb805780eda1f19b388b41ee52960e0619,26/06/2023 00:57:58,ESCANER
14104,"San Marcos",12,"Malacatán",15,1984,400,18,23,11,65,4,4,4,29,1,2,36,5,3,1,2,0,0,4,1,2,215,24,3,242,0,242,--,399,157,215,242,242,Algún campo sin dato,1,b7d066a67bfba594ca5c7d8c1c71afc4fc6bceb4e64b1bbdc0b25dc3fcb30e0d,26/06/2023 01:24:32,ESCANER
14105,"San Marcos",12,"Malacatán",15,1984,400,23,22,14,62,0,3,2,32,2,1,38,3,1,1,0,2,1,5,2,3,217,9,1,227,1,228,1,400,172,217,227,228,,1,6d9f9dc21f20cedc199129efa26be63db12393a4d0cc8e2546406b8874afcd5f,26/06/2023 02:16:41,ESCANER
14106,"San Marcos",12,"Malacatán",15,1984,400,24,29,10,73,3,4,2,22,2,3,50,5,2,1,1,0,0,8,0,2,241,8,6,255,0,255,--,400,145,241,255,255,Algún campo sin dato,1,d2679ae362fbad9e9195504b0fe34ac1428cdd1139f227c782b620c0b8916c2c,26/06/2023 02:06:32,ESCANER
14107,"San Marcos",12,"Malacatán",15,1984,400,22,38,13,69,2,7,0,22,4,1,28,6,2,2,0,0,2,2,0,0,220,7,5,232,0,232,--,--,--,220,232,232,Algún campo sin dato,1,af2dfc5076e4a8fa353bc5ceb4b5a2e8de82ff2333ec84505a03056dab0fedac,26/06/2023 03:10:38,ESCANER
14108,"San Marcos",12,"Malacatán",15,1984,400,19,39,15,65,3,2,0,24,1,1,26,7,0,1,0,1,4,6,2,0,216,17,3,236,0,236,--,400,164,216,236,236,Algún campo sin dato,1,ca64576d8b1e209c1dbd2ab0e10d189ee2dcf562f05b7d07277a9e143506fae4,26/06/2023 03:29:07,ESCANER
14109,"San Marcos",12,"Malacatán",15,1984,400,,,,,,,,,,,,,,,,,,,,,,,,,,,,,,,,,,0,,,
14110,"San Marcos",12,"Malacatán",15,1984,400,18,24,19,72,5,5,1,27,1,3,50,3,3,1,1,0,1,8,1,0,243,20,8,271,0,271,--,404,133,243,271,271,Algún campo sin dato,1,cca211c70dbb31f57980c91b694c215d76f4dee0e91f379ee712785e9f32bfe2,26/06/2023 03:19:23,ESCANER
14111,"San Marcos",12,"Malacatán",15,1984,400,,,,,,,,,,,,,,,,,,,,,,,,,,,,,,,,,,0,,,
14112,"San Marcos",12,"Malacatán",15,1984,400,13,19,22,77,2,3,3,25,1,1,36,7,1,3,0,0,0,3,4,0,220,25,6,251,0,251,0,396,145,220,251,251,,1,f8d9f7b4fb7612d34af98cf9a3814ef506594fe24e95addcab75af1fc4d11972,26/06/2023 03:02:46,ESCANER
14113,"San Marcos",12,"Malacatán",15,1985,400,18,28,8,70,3,5,1,28,0,3,31,8,4,5,1,0,4,8,1,2,228,13,4,245,--,245,--,399,154,228,245,245,Algún campo sin dato,1,43f87aa40c6581c92e55c91a81d957718b5b0c2c232faf0db28156b9f061b5c0,26/06/2023 03:34:16,ESCANER
14114,"San Marcos",12,"Malacatán",15,1985,400,15,25,14,79,3,7,2,23,1,1,30,7,0,1,1,0,2,7,2,0,220,11,2,233,0,233,--,400,167,220,233,233,Algún campo sin dato,1,f39d053937c49054bc4451d99755dd10784463bbd7c7b1d9c0b450ecef49019e,26/06/2023 02:42:47,ESCANER
14115,"San Marcos",12,"Malacatán",15,1985,400,,,,,,,,,,,,,,,,,,,,,,,,,,,,,,,,,,0,,,
14116,"San Marcos",12,"Malacatán",15,1985,400,21,33,10,60,3,7,0,22,0,5,45,8,3,0,1,0,3,4,1,1,227,11,2,240,0,240,--,400,160,227,240,240,Algún campo sin dato,1,b689671e6e0192f0b5ba142e7a6b5c0eb5a3e13afb29fc0bbfcf37205a61abd7,26/06/2023 03:10:41,ESCANER
14117,"San Marcos",12,"Malacatán",15,1985,400,,,,,,,,,,,,,,,,,,,,,,,,,,,,,,,,,,0,,,
14118,"San Marcos",12,"Malacatán",15,1985,400,9,22,8,66,4,6,0,28,1,4,28,7,2,2,0,0,2,3,0,1,193,16,1,210,0,210,0,416,206,193,210,210,,1,8bd88f300d21b41ea97843f896d01c8483d1710a0ee72c2c33e53f13700d96d7,26/06/2023 01:26:21,ESCANER
14119,"San Marcos",12,"Malacatán",15,1985,400,24,26,9,67,4,4,1,34,0,2,32,1,1,0,1,0,0,9,4,2,221,3,13,237,0,237,0,399,162,221,237,237,,1,e2f87895e83095bb3b4aa9cb397344160b7b44f96184590d53d981e8f0309fca,26/06/2023 01:13:19,ESCANER
14120,"San Marcos",12,"Malacatán",15,1985,400,12,17,7,92,0,1,1,30,2,3,32,3,2,1,0,1,1,9,2,2,218,7,1,226,0,226,--,400,174,218,226,226,Algún campo sin dato,1,c0218887a2ac5f119a1a3b8da364d51d14d471c02eebbfeb9dbfbbb1c7090566,26/06/2023 00:04:00,ESCANER
14121,"San Marcos",12,"Malacatán",15,1985,400,10,27,11,83,2,4,0,36,0,3,30,7,5,2,0,0,3,4,0,0,227,3,0,230,0,230,0,404,174,227,230,230,,1,46ef82076ea6d265fffbab5e1f6030dac8a3f55f87f98d1a3cb7fd280368caad,26/06/2023 02:47:21,ESCANER
14122,"San Marcos",12,"Malacatán",15,1985,400,14,15,21,75,1,2,0,22,0,0,40,6,1,2,0,0,2,7,0,0,208,5,3,216,0,216,0,400,184,208,216,216,,1,81c6d48966feca1b33cdcf1de064a662734b0eff17f724f0b293023616fdc6c2,26/06/2023 00:36:12,ESCANER
14123,"San Marcos",12,"Malacatán",15,1985,400,14,17,16,85,1,2,0,22,1,1,20,4,1,0,0,0,0,5,1,1,191,5,1,197,0,197,0,400,203,191,197,197,,1,aef2d6f3980e94f9a7795ca6d28bca0e6c671cbcd872e761dd20d7abb6929d70,26/06/2023 02:53:54,ESCANER
14124,"San Marcos",12,"Malacatán",15,1985,400,18,22,11,61,3,2,0,27,2,0,21,5,0,4,0,0,1,3,3,0,183,11,0,194,0,194,--,400,206,183,194,194,Algún campo sin dato,1,9308fb7ae5b55b77526fc153d2dea17cd0db7af71af4b285f2c01061032d467e,26/06/2023 03:04:07,ESCANER
14125,"San Marcos",12,"Malacatán",15,1985,400,14,14,8,74,3,6,2,20,1,0,34,2,1,0,0,0,0,3,2,2,186,16,0,202,0,202,0,380,178,186,202,202,,1,500f86d5bad9d897e0ad1ac24c8bf7b259c10d54d70b57e7f7fb0fc10e3dccff,25/06/2023 23:54:55,ESCANER
14126,"San Marcos",12,"Malacatán",15,1985,242,6,9,12,35,2,0,1,14,0,0,19,2,1,1,0,0,2,1,1,0,106,12,7,125,0,125,--,242,117,106,125,125,Algún campo sin dato,1,fb372f9401fa1d4bf4faad9b4372ba553fb3ab8b6ab152d7e53095bdc7c516c2,26/06/2023 00:09:40,ESCANER
14127,"San Marcos",12,"Malacatán",15,1985,241,7,4,4,22,1,0,1,11,0,0,21,0,2,0,1,0,1,1,1,0,77,13,2,92,0,92,--,238,146,77,92,92,Algún campo sin dato,1,b3bb6cd80d88dcfb5436acb27b4e6df84ab0a1a5159054d2f839513294dbc27d,25/06/2023 23:01:28,ESCANER
14128,"San Marcos",12,"Malacatán",15,1986,380,11,5,30,38,2,3,2,2,6,1,42,2,2,1,2,0,1,0,1,0,151,17,8,176,0,176,--,380,204,151,176,176,Algún campo sin dato,1,bf57b17d530edd5396fce2132fb8f5e31f37473fcb0e175004b3bf3457512b52,26/06/2023 03:08:40,ESCANER
14129,"San Marcos",12,"Malacatán",15,1986,380,15,5,16,40,1,2,1,5,11,1,33,2,0,1,0,2,0,0,0,0,135,0,6,141,21,162,--,380,218,135,141,162,Algún campo sin dato,1,61883d84cd5316d79e2dc14c6a539b9df147336a81147076d663228edfc5b61a,26/06/2023 03:01:59,ESCANER
14130,"San Marcos",12,"Malacatán",15,1986,380,6,5,15,40,3,1,2,3,3,1,55,2,3,0,1,1,0,2,1,0,144,14,12,170,0,170,--,380,210,144,170,170,Algún campo sin dato,1,809a8e3a4cdfcd61f49a241361152eec84e000e475e79911be9d5ffa162a58b5,26/06/2023 01:32:55,ESCANER
14131,"San Marcos",12,"Malacatán",15,1986,380,7,3,13,36,2,4,2,3,4,2,55,1,3,1,2,0,0,2,1,0,141,13,5,159,0,159,0,380,221,141,159,159,,1,9c673a59e808ac1f8e3cf393239ef448c06f89ce9bcaee5a801d45b94625a26c,25/06/2023 23:36:07,ESCANER
14132,"San Marcos",12,"Malacatán",15,1986,380,9,1,7,34,1,2,0,4,5,0,42,1,0,1,3,2,0,0,0,0,110,2,4,116,9,125,--,--,--,112,118,127,Sumas Asentadas sin cuadrar,1,03b4137378695d6756a11eae6c80b6a3e7721c0116caaa36a0ba3ef480fb3f61,26/06/2023 02:15:50,ESCANER
14133,"San Marcos",12,"Malacatán",15,1986,380,17,3,18,32,0,3,2,1,8,2,31,6,0,1,0,0,0,2,1,0,127,15,2,144,0,144,--,380,236,127,144,144,Algún campo sin dato,1,8c9dcb69cd1c6d8d2650af5250c2e839786617730d7d9dec607ca320a0fe0c3c,26/06/2023 02:35:12,ESCANER
14134,"San Marcos",12,"Malacatán",15,1986,380,10,1,10,44,0,1,0,8,17,2,48,2,1,0,1,1,0,0,0,0,146,22,3,171,0,171,--,380,209,146,171,171,Algún campo sin dato,1,2c8bdbe93f97125f42063cc546a71b9e139e830248097ecb4ba89c89c0ca93ac,26/06/2023 03:28:31,ESCANER
14135,"San Marcos",12,"Malacatán",15,1986,380,5,1,14,31,1,2,1,5,3,2,46,0,1,1,1,0,1,0,0,0,115,19,5,139,0,139,--,380,241,115,139,139,Algún campo sin dato,1,1f925980f2f5a11f3022eabc976771741d87c9a2ef0d272044dc6503d39b407e,26/06/2023 02:49:51,ESCANER
14136,"San Marcos",12,"Malacatán",15,1986,380,6,3,13,41,1,3,2,2,8,3,30,1,1,0,3,0,0,0,0,0,117,21,3,141,0,141,--,380,239,117,141,141,Algún campo sin dato,1,9345bc1144856b9cadf9e191115de0054758993d51d6d271166a3c1d7dafc11a,26/06/2023 01:59:45,ESCANER
14137,"San Marcos",12,"Malacatán",15,1986,380,16,2,16,37,2,3,0,3,4,1,33,0,1,0,0,0,0,0,1,0,120,6,4,130,0,130,1,380,249,119,129,129,Sumas Asentadas sin cuadrar,1,70d43fee4f30ce8e087d3908d85ec53df260bc00b73d76a85f6f14a11425a786,26/06/2023 02:14:56,ESCANER
14138,"San Marcos",12,"Malacatán",15,1986,380,,,,,,,,,,,,,,,,,,,,,,,,,,,,,,,,,,0,,,
14139,"San Marcos",12,"Malacatán",15,1986,199,8,0,5,17,0,2,0,4,3,3,17,0,0,0,1,0,0,0,1,0,61,12,2,75,0,75,--,199,124,61,75,75,Algún campo sin dato,1,b7fe62c3fd8e7c39d906d72fbf584dab1c614319bc27572f3af5bde80e03216b,26/06/2023 03:13:05,ESCANER
14140,"San Marcos",12,"Malacatán",15,1986,199,5,0,7,16,0,3,0,4,1,0,16,0,0,0,0,0,0,0,0,0,52,7,1,60,0,60,--,199,139,52,60,60,Algún campo sin dato,1,dd80838f11189c39f9ef4ddd4e12af32605f1308d2874f98ce6025c28b21e204,25/06/2023 23:23:40,ESCANER
14141,"San Marcos",12,"Malacatán",15,1987,380,17,7,9,48,1,12,2,26,0,4,23,6,1,4,5,2,0,5,1,1,174,37,5,216,0,216,0,376,160,174,216,216,,1,6ceb12d03fbcfac74ec8050d30988e96601977876e004c4b7d017a4520362e3d,26/06/2023 03:00:20,ESCANER
14142,"San Marcos",12,"Malacatán",15,1987,380,,,,,,,,,,,,,,,,,,,,,,,,,,,,,,,,,,0,,,
14143,"San Marcos",12,"Malacatán",15,1987,380,,,,,,,,,,,,,,,,,,,,,,,,,,,,,,,,,,0,,,
14144,"San Marcos",12,"Malacatán",15,1987,380,,,,,,,,,,,,,,,,,,,,,,,,,,,,,,,,,,0,,,
14145,"San Marcos",12,"Malacatán",15,1987,380,22,10,18,59,2,5,2,26,1,4,29,3,1,0,2,0,2,4,3,1,194,31,11,236,0,236,0,400,164,194,236,236,,1,2079c1eb87bd52993b8c129f4b545379921f994da0c8a62fa7803a20cd1db205,26/06/2023 03:06:33,ESCANER
14146,"San Marcos",12,"Malacatán",15,1987,380,23,3,9,32,4,12,0,14,1,2,56,2,1,2,0,0,1,2,0,1,186,16,5,186,0,186,0,380,194,165,186,186,Sumas Asentadas sin cuadrar,1,3d49b432c1fa8aabd2adbd6cdb1834d58210012563bbb5914b0ce03f7c0b450a,26/06/2023 03:15:47,ESCANER
14147,"San Marcos",12,"Malacatán",15,1987,380,35,5,12,32,1,3,2,17,1,3,17,1,0,3,1,3,0,1,2,0,139,17,6,162,0,162,0,380,218,139,162,162,,1,ee00ff7d7932b12f78d14a17c2ba266a09824144481dd4224f79522b709df88d,26/06/2023 01:25:10,ESCANER
14148,"San Marcos",12,"Malacatán",15,1987,380,21,5,8,42,2,14,1,15,0,2,30,5,1,1,4,0,2,3,0,2,158,21,6,185,0,185,--,376,191,158,185,185,Algún campo sin dato,1,a4ae025c69487548936fdffbf12a5e4b27c80c76e78045440d146962b05ede37,26/06/2023 02:33:51,ESCANER
14149,"San Marcos",12,"Malacatán",15,1987,380,21,11,13,41,0,9,0,35,0,2,28,1,1,0,1,0,3,7,1,2,176,10,2,188,0,188,--,380,192,176,188,188,Algún campo sin dato,1,528e035a71200e8756b1d7bd1c2bad7a3af176bb76c9b076cc74f6f7c7942018,26/06/2023 03:33:04,ESCANER
14150,"San Marcos",12,"Malacatán",15,1987,380,,,,,,,,,,,,,,,,,,,,,,,,,,,,,,,,,,0,,,
14151,"San Marcos",12,"Malacatán",15,1987,380,,,,,,,,,,,,,,,,,,,,,,,,,,,,,,,,,,0,,,
14152,"San Marcos",12,"Malacatán",15,1987,380,24,7,13,37,1,8,0,26,1,4,24,1,1,1,9,1,1,2,1,0,178,15,1,178,0,178,--,380,202,162,178,178,Sumas Asentadas sin cuadrar,1,d238d259933aa085973032612d95f4bec61efedcef0ab925029ef6d6ba576d1e,26/06/2023 03:22:20,ESCANER
14153,"San Marcos",12,"Malacatán",15,1987,380,,,,,,,,,,,,,,,,,,,,,,,,,,,,,,,,,,0,,,
14154,"San Marcos",12,"Malacatán",15,1987,380,,,,,,,,,,,,,,,,,,,,,,,,,,,,,,,,,,0,,,
14155,"San Marcos",12,"Malacatán",15,1987,380,19,3,7,45,1,2,0,16,1,6,24,0,0,0,4,0,0,1,0,0,129,8,6,143,0,143,--,380,234,129,143,143,Algún campo sin dato,1,c69b93f9d7dc184d65b978129608e7789a121d5f41b874f3082c952654b543e5,26/06/2023 03:31:08,ESCANER
14156,"San Marcos",12,"Malacatán",15,1987,217,,,,,,,,,,,,,,,,,,,,,,,,,,,,,,,,,,0,,,
14157,"San Marcos",12,"Malacatán",15,1987,216,13,0,5,12,0,5,1,4,0,3,14,0,0,0,0,1,0,2,0,0,60,11,3,74,0,74,--,216,142,60,74,74,Algún campo sin dato,1,612479a631911fead34c99ed86f3cbeaf904fd08011caf91d27ccec1117a74a6,26/06/2023 01:59:34,ESCANER
14158,"San Marcos",12,"Malacatán",15,1988,380,,,,,,,,,,,,,,,,,,,,,,,,,,,,,,,,,,0,,,
14159,"San Marcos",12,"Malacatán",15,1988,380,16,1,14,43,0,8,1,44,0,1,34,3,1,2,3,6,2,3,0,1,183,31,8,222,0,222,--,380,158,183,222,222,Algún campo sin dato,1,a62dd479ac9039da04c3ee291c744bb7137cae58391e123ac4f4f193cb536c17,26/06/2023 03:18:26,ESCANER
14160,"San Marcos",12,"Malacatán",15,1988,380,,,,,,,,,,,,,,,,,,,,,,,,,,,,,,,,,,0,,,
14161,"San Marcos",12,"Malacatán",15,1988,380,22,5,17,49,2,5,3,20,1,5,50,3,1,3,1,6,0,1,1,2,197,27,4,228,2,230,--,--,--,197,228,230,Algún campo sin dato,1,7e4b5989fadc3712c9f21071fe37f24a11df1a0dbdf9fe622348e440ed7bb86f,26/06/2023 02:14:13,ESCANER
14162,"San Marcos",12,"Malacatán",15,1988,380,5,1,7,63,9,3,5,14,0,2,33,2,1,1,1,2,1,3,0,0,153,15,2,170,0,170,0,380,210,153,170,170,,1,5c98cded0190f6e41bbfd323c7061353cd963a539bd18ae1fc95282bcff9f7da,25/06/2023 23:34:28,ESCANER
14163,"San Marcos",12,"Malacatán",15,1988,380,22,5,14,51,0,8,2,24,0,4,15,1,0,1,1,1,0,4,1,3,157,30,5,192,0,192,--,180,188,157,192,192,Algún campo sin dato,1,7ece33d956ff5973c01b42746ff72ebbe5d5fbd9f940cf897f449eb24329fcee,26/06/2023 02:48:23,ESCANER
14164,"San Marcos",12,"Malacatán",15,1988,380,23,1,15,44,3,13,1,24,1,2,15,3,2,3,3,4,0,0,1,2,160,25,4,189,0,189,--,380,191,160,189,189,Algún campo sin dato,1,af0d9162cff476f64a70b1b88e20fa868f8faf1692949ad8c03d4353f21f127d,26/06/2023 00:56:12,ESCANER
14165,"San Marcos",12,"Malacatán",15,1988,380,,,,,,,,,,,,,,,,,,,,,,,,,,,,,,,,,,0,,,
14166,"San Marcos",12,"Malacatán",15,1988,380,17,1,13,54,2,11,3,32,1,7,33,4,2,2,0,10,0,4,0,0,196,22,5,223,0,223,0,380,157,196,223,223,,1,7e07b2978556dcf60877e0b1ad6fc5dbf97b83a57d5c9c6a910a0ed2e55bbd3a,26/06/2023 02:35:09,ESCANER
14167,"San Marcos",12,"Malacatán",15,1988,380,,,,,,,,,,,,,,,,,,,,,,,,,,,,,,,,,,0,,,
14168,"San Marcos",12,"Malacatán",15,1988,380,14,1,9,60,5,6,2,21,1,2,24,1,3,1,0,4,0,1,0,3,158,30,6,194,0,194,--,380,186,158,194,194,Algún campo sin dato,1,41344b4a02a96d7b7b3288ba1c8a45c1de39f6cd3250e977ed8ba8f586ba7341,26/06/2023 01:53:03,ESCANER
14169,"San Marcos",12,"Malacatán",15,1988,380,26,3,7,63,1,10,1,23,1,6,30,1,3,0,1,7,0,0,1,0,184,12,2,198,0,198,0,380,182,184,198,198,,1,0f40c568bc9cde486f067aca82fb814d52663e48590b0fdf37e22f9642519f36,26/06/2023 01:13:26,ESCANER
14170,"San Marcos",12,"Malacatán",15,1988,380,16,2,14,43,4,10,1,31,0,4,25,2,0,1,1,9,0,0,0,0,163,13,7,183,0,183,--,380,194,163,183,183,Algún campo sin dato,1,39b4bd0a16b74d2ca1c3c9e409b97bdfabc2c000b157ff4f800672f17483a47a,26/06/2023 00:12:03,ESCANER
14171,"San Marcos",12,"Malacatán",15,1988,380,,,,,,,,,,,,,,,,,,,,,,,,,,,,,,,,,,0,,,
14172,"San Marcos",12,"Malacatán",15,1988,380,30,3,12,57,1,4,0,33,0,5,31,0,0,0,0,13,0,1,0,0,190,4,1,195,0,195,--,380,185,190,195,195,Algún campo sin dato,1,5bb674e101da591381f1ceb528e2767d7acfa6b4258f4b1940622fe1a8901cd6,26/06/2023 02:14:20,ESCANER
14173,"San Marcos",12,"Malacatán",15,1988,380,,,,,,,,,,,,,,,,,,,,,,,,,,,,,,,,,,0,,,
14174,"San Marcos",12,"Malacatán",15,1988,236,9,0,1,18,0,3,1,24,0,7,27,0,0,1,0,5,0,0,0,2,98,11,7,116,0,116,--,232,116,98,116,116,Algún campo sin dato,1,a6947978c505a50d3868b8eefc084080cf28466f121673b23aa7804975dfd44e,25/06/2023 23:49:08,ESCANER
14175,"San Marcos",12,"Malacatán",15,1988,235,,,,,,,,,,,,,,,,,,,,,,,,,,,,,,,,,,0,,,
14176,"San Marcos",12,"Malacatán",15,1989,380,8,3,46,59,0,3,2,30,1,1,19,2,0,1,1,0,1,1,1,0,179,20,9,208,0,208,0,--,--,179,208,208,Algún campo sin dato,1,7a71f5fad9d7a69bb86d3ba8ccc9e4e00c08449217b4f602e78b637c87226d3f,26/06/2023 03:24:17,ESCANER
14177,"San Marcos",12,"Malacatán",15,1989,380,3,0,41,50,1,4,1,21,0,2,19,3,0,2,0,0,0,1,3,0,151,24,4,179,0,179,--,380,201,151,179,179,Algún campo sin dato,1,5c3ccb0873c904a51b3c2cc2dff72d789a77c994a0ede83ac69b4b519486ab57,26/06/2023 03:27:14,ESCANER
14178,"San Marcos",12,"Malacatán",15,1989,380,9,1,36,54,0,4,1,14,1,1,32,0,0,2,0,0,0,0,0,0,155,15,1,171,0,171,0,376,205,155,171,171,,1,6fe972f0a6e2b5ca52a95f9b0fb50e996cc0d48351220fd56da125c4177bdf4f,26/06/2023 03:22:12,ESCANER
14179,"San Marcos",12,"Malacatán",15,1989,380,14,1,33,47,0,1,3,20,0,3,29,3,1,0,0,0,0,1,0,0,156,15,3,174,0,174,--,380,206,156,174,174,Algún campo sin dato,1,e52e385f94737d26fd88d223963e4620c1dac4fb63295628fa3a28b1e3b31aa9,26/06/2023 03:24:48,ESCANER
14180,"San Marcos",12,"Malacatán",15,1989,380,,,,,,,,,,,,,,,,,,,,,,,,,,,,,,,,,,0,,,
14181,"San Marcos",12,"Malacatán",15,1989,380,,,,,,,,,,,,,,,,,,,,,,,,,,,,,,,,,,0,,,
14182,"San Marcos",12,"Malacatán",15,1989,214,,,,,,,,,,,,,,,,,,,,,,,,,,,,,,,,,,0,,,
14183,"San Marcos",12,"Malacatán",15,1989,213,,,,,,,,,,,,,,,,,,,,,,,,,,,,,,,,,,0,,,
14184,"San Marcos",12,"Malacatán",15,1990,380,9,10,8,74,2,3,4,18,4,1,45,3,1,2,0,0,0,1,0,2,187,24,8,219,0,219,0,380,161,187,219,219,,1,03893e75065f9fbf31864a22caa9bf3fd13aa02a442f7040428bab61faf456f3,26/06/2023 01:40:38,ESCANER
14185,"San Marcos",12,"Malacatán",15,1990,380,13,5,9,62,6,3,5,15,2,1,58,3,0,2,0,0,1,4,1,0,190,22,5,217,0,217,--,380,163,190,217,217,Algún campo sin dato,1,f3da78c2f62cf6fbe3e16bb888a78731a5b300eabee3c38818b836b8f29f2e4e,26/06/2023 01:26:47,ESCANER
14186,"San Marcos",12,"Malacatán",15,1990,380,21,3,15,61,1,1,5,14,6,1,62,3,0,1,0,0,0,1,0,0,195,30,7,232,0,232,0,380,148,195,232,232,,1,e3c0cfde785ba9f6c0c2fd8e18c0001a83d76f3880992036f0deaafca6db551e,26/06/2023 02:44:38,ESCANER
14187,"San Marcos",12,"Malacatán",15,1990,380,18,7,9,47,0,1,2,25,7,1,60,6,0,2,1,0,0,1,0,0,187,20,6,213,0,213,--,380,167,187,213,213,Algún campo sin dato,1,fb88efc2f75b3b0b60d97afbd17803cfc28f236d2f1f53471ba76128ff5f5251,26/06/2023 02:07:29,ESCANER
14188,"San Marcos",12,"Malacatán",15,1990,380,,,,,,,,,,,,,,,,,,,,,,,,,,,,,,,,,,0,,,
14189,"San Marcos",12,"Malacatán",15,1990,380,12,8,7,42,2,0,1,14,0,1,41,3,0,0,0,0,2,4,0,0,137,20,1,158,1,159,--,391,232,137,158,159,Algún campo sin dato,1,1c87752aa27a75f793d2c13f147b668af2bcab0564ea66e98cb992100a526c55,26/06/2023 02:43:56,ESCANER
14190,"San Marcos",12,"Malacatán",15,1990,380,,,,,,,,,,,,,,,,,,,,,,,,,,,,,,,,,,0,,,
14191,"San Marcos",12,"Malacatán",15,1990,380,16,10,11,41,2,2,5,22,3,1,37,5,1,0,0,0,0,0,0,0,156,16,5,177,0,177,--,380,203,156,177,177,Algún campo sin dato,1,dd6c5f83fd0d6fb626d9f296415456528d1445bc2d483d42ccd28a9ab13a58e5,26/06/2023 00:00:02,ESCANER
14192,"San Marcos",12,"Malacatán",15,1990,380,,,,,,,,,,,,,,,,,,,,,,,,,,,,,,,,,,0,,,
14193,"San Marcos",12,"Malacatán",15,1990,380,,,,,,,,,,,,,,,,,,,,,,,,,,,,,,,,,,0,,,
14194,"San Marcos",12,"Malacatán",15,1990,380,11,5,8,51,2,7,3,19,5,1,32,3,0,2,0,0,0,0,0,1,150,19,7,176,0,176,--,373,197,150,176,176,Algún campo sin dato,1,74f075ef45d53f5dc0b4aead1cef774d6acc8396e1c7a7ad266b2a7bfd5fc29c,26/06/2023 03:22:15,ESCANER
14195,"San Marcos",12,"Malacatán",15,1990,380,4,5,7,68,0,8,3,25,5,1,34,1,0,3,0,0,1,0,0,1,166,12,2,180,0,180,0,380,200,166,180,180,,1,0161c39c35241e610f53481ac19a7917716b4e5e1848b1657a2ac5d189adea7b,26/06/2023 01:36:37,ESCANER
14196,"San Marcos",12,"Malacatán",15,1990,380,18,9,16,51,2,2,2,24,7,2,32,0,0,4,0,0,2,2,1,1,175,7,2,184,0,184,--,380,196,175,184,184,Algún campo sin dato,1,d191a91c46d88a6d874d7ba960ca68461bc513484c0980a905c6975ed0a1a507,26/06/2023 01:58:34,ESCANER
14197,"San Marcos",12,"Malacatán",15,1990,380,,,,,,,,,,,,,,,,,,,,,,,,,,,,,,,,,,0,,,
14198,"San Marcos",12,"Malacatán",15,1990,305,11,3,5,40,1,1,3,22,3,2,35,0,1,0,0,0,0,1,1,0,129,7,1,137,0,137,--,305,168,129,137,137,Algún campo sin dato,1,75deea328eefa18dac5ab3ad36e5b5b64200f039e18b3fc046f24cf73fb555f0,25/06/2023 23:55:36,ESCANER
14199,"San Marcos",12,"Malacatán",15,1990,305,3,7,4,33,2,1,9,15,3,2,22,2,0,0,0,1,0,3,0,0,107,9,5,121,0,121,--,309,188,107,121,121,Algún campo sin dato,1,d80e84987ba5359d5a3b5acccd46662709916f1ed3099fd7ebe60e960d37628a,26/06/2023 03:05:49,ESCANER
14200,"San Marcos",12,"Malacatán",15,1991,380,36,7,10,52,0,7,3,10,1,1,45,0,1,0,0,1,1,1,0,0,176,16,8,200,0,200,--,380,--,176,200,200,Algún campo sin dato,1,231ce8ec25bb953f71315e89cff17080d4a17338b93ffba12cd288d20365406f,26/06/2023 03:18:41,ESCANER
14201,"San Marcos",12,"Malacatán",15,1991,380,26,4,9,49,1,4,6,10,2,3,50,1,1,0,1,1,1,2,1,0,172,19,7,198,0,198,--,380,182,172,198,198,Algún campo sin dato,1,d6d088755651108300ff835b3bac3ef7638f615788db9f9dec126f400e241da3,26/06/2023 00:05:30,ESCANER
14202,"San Marcos",12,"Malacatán",15,1991,380,41,1,5,46,0,2,1,7,1,0,61,1,2,0,0,0,0,2,0,3,173,25,0,198,0,198,--,380,182,173,198,198,Algún campo sin dato,1,5e06b00fc86669f7deb993d13d1b6997254b2fdee0746815798aee72e9014bd8,25/06/2023 23:35:43,ESCANER
14203,"San Marcos",12,"Malacatán",15,1991,380,29,8,9,47,2,5,4,11,1,1,55,1,0,0,0,1,1,3,2,4,184,31,8,223,0,223,--,380,157,184,223,223,Algún campo sin dato,1,38e94b81211a88ceb8ce52957f0829bf6b60efe7b549ad876548146b85f95da7,26/06/2023 01:30:26,ESCANER
14204,"San Marcos",12,"Malacatán",15,1991,380,46,5,6,47,1,5,5,12,0,2,37,1,1,0,0,0,2,2,0,1,173,15,3,191,0,191,--,380,189,173,191,191,Algún campo sin dato,1,f8caecda01e86464f619b6a3013e9ac24189918214fa1c6efc7f7796afa9fb9f,26/06/2023 00:14:22,ESCANER
14205,"San Marcos",12,"Malacatán",15,1991,380,,,,,,,,,,,,,,,,,,,,,,,,,,,,,,,,,,0,,,
14206,"San Marcos",12,"Malacatán",15,1991,380,38,8,7,67,1,4,2,5,2,5,34,1,1,1,0,0,0,4,2,2,184,14,2,200,0,200,--,376,176,184,200,200,Algún campo sin dato,1,17e85ab398d0571852315885da9bdd58258fa6af0bb60c36d6d0816a9a47339b,26/06/2023 02:35:30,ESCANER
14207,"San Marcos",12,"Malacatán",15,1992,380,28,15,3,39,0,4,7,11,0,0,62,0,2,0,0,0,0,3,1,0,175,18,3,196,0,196,0,380,184,175,196,196,,1,2ede6707bc8cd8d2c29c18101c24f059f3756fea650cdbcd3b2956bf35f3ec56,26/06/2023 02:10:53,ESCANER
14208,"San Marcos",12,"Malacatán",15,1992,380,43,4,9,46,2,1,3,8,0,2,39,3,2,1,1,1,0,3,0,0,169,16,12,197,0,197,0,376,179,168,196,196,Sumas Asentadas sin cuadrar,1,22dcc9ff48b101e3d241485756481ce1668218eadbedd9d3e97ebac007d07214,26/06/2023 02:57:40,ESCANER
14209,"San Marcos",12,"Malacatán",15,1992,380,26,5,14,40,1,6,4,9,2,2,48,1,0,1,0,0,0,1,0,0,160,15,5,180,0,180,--,377,197,160,180,180,Algún campo sin dato,1,0d66791d36036f7f7d5a79aab76356e3fe79062a9e428ef4ab9d13ac7d50be65,26/06/2023 02:52:57,ESCANER
14210,"San Marcos",12,"Malacatán",15,1992,380,26,5,5,52,1,1,4,6,5,1,38,1,1,0,0,0,0,1,0,0,147,17,5,169,0,169,--,380,211,147,169,169,Algún campo sin dato,1,06a3b2607db911441bd08a869e9beb573ba5754706caa5b1a14fb155e0b8e48a,26/06/2023 00:05:00,ESCANER
14211,"San Marcos",12,"Malacatán",15,1992,380,28,9,4,38,1,4,2,6,0,2,46,1,1,0,1,1,2,4,0,1,151,15,1,167,0,167,0,380,213,151,167,167,,1,70487b6fe96700d17a4c8ee6b9a6df16d26ef0551bc2533ab42c079e8efb4f2e,25/06/2023 23:57:04,ESCANER
14212,"San Marcos",12,"Malacatán",15,1992,380,46,11,1,55,0,3,3,9,0,0,48,0,1,1,0,0,1,4,0,0,183,3,3,189,0,189,--,380,191,183,189,189,Algún campo sin dato,1,8822b44b8e9ade9d9d88cb79097f94b1f28586dc911fba54d1856afcd8d919c1,26/06/2023 02:00:32,ESCANER
14213,"San Marcos",12,"Malacatán",15,1992,245,14,5,2,26,0,1,2,8,2,1,24,2,1,2,0,0,0,3,0,0,93,6,2,101,0,101,--,249,148,93,101,101,Algún campo sin dato,1,ee9a6c8183b4e441975b63063d53168951c2f72b184f7944f9815519b8502f3d,26/06/2023 01:34:53,ESCANER
14214,"San Marcos",12,"Malacatán",15,1992,244,19,3,1,14,0,1,4,3,0,1,20,2,0,0,0,1,0,2,1,0,72,9,6,87,0,87,--,240,153,72,87,87,Algún campo sin dato,1,f1c75e8723ba8041c916f161148b465f465d3db6be3354ae2bc4c1ca572e7b18,26/06/2023 01:23:02,ESCANER
14215,"San Marcos",12,"Malacatán",15,1993,380,9,9,5,100,4,5,3,39,0,5,12,0,1,2,1,2,1,29,5,1,233,23,1,257,0,257,--,--,--,233,257,257,Algún campo sin dato,1,5637df9f1d0b1c53cc7924dbac34df6abc1aeb252c4d3f2b02a6bccb1e987d92,26/06/2023 03:13:43,ESCANER
14216,"San Marcos",12,"Malacatán",15,1993,380,,,,,,,,,,,,,,,,,,,,,,,,,,,,,,,,,,0,,,
14217,"San Marcos",12,"Malacatán",15,1993,380,20,10,6,90,4,4,2,40,1,1,18,1,1,3,1,1,1,29,3,0,236,21,2,259,0,259,--,380,121,236,259,259,Algún campo sin dato,1,f5314244276a86d4248e2ab0189337170e54038e5fe2b258bdd4ddc90fff6303,26/06/2023 01:46:37,ESCANER
14218,"San Marcos",12,"Malacatán",15,1993,214,18,5,0,48,0,1,0,13,0,0,7,0,1,1,0,0,0,17,5,--,116,3,0,119,0,119,--,214,95,116,119,119,Algún campo sin dato,1,5d8d33075fc0f58f2956e29198db09c407cd650eba2c219ff532bdec2e6851b6,26/06/2023 01:33:14,ESCANER
14219,"San Marcos",12,"Malacatán",15,1993,213,11,6,3,53,1,1,2,21,0,2,10,0,1,1,1,0,0,14,0,0,127,2,2,131,0,131,0,217,86,127,131,131,,1,55abee55aa6445581723929bb26f2313e078e4b24c716db48ea73b726dd97ed2,25/06/2023 23:45:54,ESCANER
14220,"San Marcos",12,"Malacatán",15,1994,600,13,17,10,38,2,2,1,8,0,3,28,3,2,2,1,0,2,6,2,1,141,13,4,158,0,158,1,600,441,141,158,158,,1,66a0d446e4754867226d45ae9b358ec28253bb32b7c7b734ba1c9a165526a7ab,26/06/2023 02:02:11,ESCANER
14221,"San Marcos",12,"Malacatán",15,1994,600,9,26,8,31,0,3,1,7,1,1,26,2,4,4,1,0,0,6,1,2,133,13,1,147,0,147,--,600,453,133,147,147,Algún campo sin dato,1,b1608bbb36487b3e7dea68c45f5f10a31bd23a2b75f81e39877fe0e98a3a889f,26/06/2023 00:57:30,ESCANER
14222,"San Marcos",12,"Malacatán",15,1994,600,,,,,,,,,,,,,,,,,,,,,,,,,,,,,,,,,,0,,,
14223,"San Marcos",12,"Malacatán",15,1994,600,14,15,8,26,6,4,3,5,1,4,23,4,2,3,1,0,0,5,2,0,126,6,2,134,0,134,1,600,465,126,134,134,,1,ad8227a79108974b7ab6e975efe797fadc8a5a63ed24c75a9c059d572ccef792,26/06/2023 01:27:49,ESCANER
14224,"San Marcos",12,"Malacatán",15,1994,600,5,5,6,14,1,1,2,6,0,0,16,4,3,1,0,1,0,6,0,0,71,8,3,82,0,82,--,600,518,71,82,82,Algún campo sin dato,1,37b34f61a6bfa2b0496849e3fa68cd5eb31815a7855451141beb6075a448d063,25/06/2023 23:49:32,ESCANER
14225,"San Marcos",12,"Malacatán",15,1994,372,1,2,4,6,1,0,0,2,0,0,6,0,1,0,0,1,0,0,0,0,24,0,2,26,0,26,0,368,342,24,26,26,,1,7f57226b0d14919ffab2211f44f1f4a98f0c07748c78de4f444a983646d4e40a,25/06/2023 23:33:23,ESCANER
14226,"San Marcos",12,"Malacatán",15,1994,372,1,5,1,3,0,0,0,3,0,1,1,1,1,0,0,0,0,0,0,0,17,1,0,18,0,18,--,372,354,17,18,18,Algún campo sin dato,1,e748e123819e190e65f49ff24d8957287b9c8043e345592cd61347f2b1e3f999,25/06/2023 22:14:51,ESCANER