﻿TIPO_DE_ELECCIÓN:,CORPORACIÓN MUNICIPAL
26 junio 2023 03:36 (UTC -6)
ACTAS_ESPERADAS,ACTAS_CAPTURADAS,PORCENTAJE_ACTAS_CAPTURADAS,ACTAS_CONTABILIZADAS,PORCENTAJE_ACTAS_CONTABILIZADAS,ACTAS_NO_CONTABILIZADAS,LISTA_NOMINAL_ACTAS_CONTABILIZADAS,VOTOS_EMITIDOS_CONTABILIZADAS,PORCENTAJE_PARTICIPACIÓN_CIUDADANA
61,58,95.0819,58,95.0819,0,22010,13332,60.5724

MESA,DEPARTAMENTO,ID_DEPARTAMENTO,MUNICIPIO,ID_MUNICIPIO,CENTRO_DE_VOTACIÓN,PADRÓN,CABAL,MLP,VALOR,VAMOS,VIVA,BIEN,CC EL CAMINO,TODOS,AZUL,UNE,VÁLIDOS,NULOS,BLANCO,EMITIDOS,INVÁLIDOS,TOTAL,IMPUGNACIONES,PAPELETAS-RECIBIDAS,PAPELETAS-NO-USADAS,VALIDOS_CALCULADO,EMITIDOS_CALCULADO,TOTAL_CALCULADO,OBSERVACIONES,CONTABILIZADA,CÓDIGO_INTEGRIDAD,FECHA_HORA_PUBLICACIÓN,DIGITALIZACIÓN
13070,"Retalhuleu",11,"El Asintal",9,1784,400,,,,,,,,,,,,,,,,,,,,,,,,0,,,
13071,"Retalhuleu",11,"El Asintal",9,1784,400,7,17,49,80,16,21,4,0,0,63,257,13,7,277,0,277,1,400,123,257,277,277,,1,3efa017b66c560a346974a60e5cad720e49f8329f376c6a5e16848579deab5c2,26/06/2023 00:34:04,ESCANER
13072,"Retalhuleu",11,"El Asintal",9,1784,400,13,21,49,76,12,19,6,1,0,57,254,30,7,291,0,291,--,400,109,254,291,291,Algún campo sin dato,1,183d821b6918bcea4edab4460a1fc6a1e3cd859313a9132b1fc3a3b02226884c,26/06/2023 02:00:37,ESCANER
13073,"Retalhuleu",11,"El Asintal",9,1784,400,,,,,,,,,,,,,,,,,,,,,,,,0,,,
13074,"Retalhuleu",11,"El Asintal",9,1784,400,,,,,,,,,,,,,,,,,,,,,,,,0,,,
13075,"Retalhuleu",11,"El Asintal",9,1784,400,11,9,42,67,14,23,5,0,1,78,250,13,1,264,0,264,--,400,136,250,264,264,Algún campo sin dato,1,7979b1d572ccfbcbad1ed2632a2fa963e945a8df387fa98bcbcc13b0179e4f96,26/06/2023 01:58:02,ESCANER
13076,"Retalhuleu",11,"El Asintal",9,1784,400,9,15,52,83,6,33,9,0,0,63,270,25,4,299,0,299,--,400,101,270,299,299,Algún campo sin dato,1,42cf7e2d725f7989cf5818778614c6003504e9e41c2b639711dd2bb0b4ebca49,26/06/2023 03:30:46,ESCANER
13077,"Retalhuleu",11,"El Asintal",9,1784,400,5,17,56,73,13,26,7,1,1,66,265,17,5,287,0,287,--,400,113,265,287,287,Algún campo sin dato,1,db47fda7793a7fb5e888d914575c6ea30bc3ebd0ccd35e8caf72cf2b2824fddf,26/06/2023 01:12:22,ESCANER
13078,"Retalhuleu",11,"El Asintal",9,1784,400,10,14,52,70,10,27,12,0,1,56,252,21,4,277,0,277,--,400,123,252,277,277,Algún campo sin dato,1,01f746a0773a8b45b562bae705df244ca3d668cf1580b477f11c22741070a91f,26/06/2023 02:10:06,ESCANER
13079,"Retalhuleu",11,"El Asintal",9,1784,400,3,14,48,66,6,25,6,1,0,47,216,14,2,232,0,232,--,400,168,216,232,232,Algún campo sin dato,1,03cd5164ccbc3eaa7e75e81c8cfeb65479219a367c16078390e7f3c7d5f17785,26/06/2023 02:01:46,ESCANER
13080,"Retalhuleu",11,"El Asintal",9,1784,400,5,16,44,53,15,23,4,0,0,57,217,4,5,226,0,226,--,400,174,217,226,226,Algún campo sin dato,1,e61ea84913b0023b12a8f78381fb07c46765973ba5d5f423cfc2fab761842fe7,25/06/2023 23:17:58,ESCANER
13081,"Retalhuleu",11,"El Asintal",9,1784,400,4,17,46,63,18,28,3,0,1,45,225,16,1,242,0,242,--,400,158,225,242,242,Algún campo sin dato,1,0fe690ec3f2e03e184401a077fd44bbe2157450be115668e476d7fa8644f6dd1,26/06/2023 01:05:43,ESCANER
13082,"Retalhuleu",11,"El Asintal",9,1784,400,8,6,46,76,4,12,7,2,1,57,219,19,3,241,0,241,--,400,159,219,241,241,Algún campo sin dato,1,fed6b5768c2022287ce6881eb4d5bcfcf3cbf6f9afce351f5389af44c8e75015,26/06/2023 02:54:57,ESCANER
13083,"Retalhuleu",11,"El Asintal",9,1784,400,9,9,50,68,9,18,4,1,3,51,222,10,2,234,0,234,--,400,166,222,234,234,Algún campo sin dato,1,d176eccea0550177eb30c43d92545e9d2062930a3f13a789e96f35a33f3286dd,26/06/2023 02:17:04,ESCANER
13084,"Retalhuleu",11,"El Asintal",9,1784,400,4,7,73,72,9,18,5,0,1,47,236,7,3,246,0,246,--,400,154,236,246,246,Algún campo sin dato,1,0f10841dd025ec6c125c7b22d42db10d9e7b4210a63acc82d2c8ebd19c705ecc,26/06/2023 00:16:18,ESCANER
13085,"Retalhuleu",11,"El Asintal",9,1785,400,10,12,44,72,14,29,7,0,0,58,246,16,1,263,0,263,--,400,137,246,263,263,Algún campo sin dato,1,9d185552684663ffbf2947230afc113d1f73520e662a46ea647bdfac6620498b,26/06/2023 02:07:16,ESCANER
13086,"Retalhuleu",11,"El Asintal",9,1785,400,7,18,44,69,11,14,12,0,0,56,231,9,2,242,0,242,--,400,158,231,242,242,Algún campo sin dato,1,d7e9d798a2b54de237b32816eb8d7d80bf2dce0b4129f143e4857013fa22e6ae,26/06/2023 01:17:44,ESCANER
13087,"Retalhuleu",11,"El Asintal",9,1785,400,6,9,45,78,5,26,4,0,0,47,220,13,4,237,0,237,--,400,163,220,237,237,Algún campo sin dato,1,063f257466ec1a3a52fbd3134a58043707515ab3d74fbeaeca62c64f7ab59a2d,26/06/2023 01:14:01,ESCANER
13088,"Retalhuleu",11,"El Asintal",9,1785,400,12,11,40,64,12,27,2,1,0,52,221,12,2,235,0,235,--,400,165,221,235,235,Algún campo sin dato,1,1ffcfaff218253b579be4a3f3f2f4598aa25d1d86ee6f9cd3cef1dd56592fdeb,26/06/2023 01:55:31,ESCANER
13089,"Retalhuleu",11,"El Asintal",9,1785,400,6,12,35,90,7,24,6,1,0,45,226,6,4,236,2,238,2,400,162,226,236,238,,1,5f9099f0998a33835898f4af09587b225cb6209b590f0c6abda0f4ad4eee6b08,26/06/2023 01:07:08,ESCANER
13090,"Retalhuleu",11,"El Asintal",9,1785,400,9,13,50,64,14,16,6,1,--,53,226,8,0,234,0,234,--,400,166,226,234,234,Algún campo sin dato,1,6341b8fdae9cff40e7a24a5a3d0167a37c2589febeaf61ddb9235d13624b3179,26/06/2023 00:21:12,ESCANER
13091,"Retalhuleu",11,"El Asintal",9,1785,400,5,9,54,65,13,21,8,0,0,44,219,8,2,229,0,229,--,400,171,219,229,229,Algún campo sin dato,1,1a75012c1da505357f5452a069f02162464a25e4f59aa45858f1fa916cca8d34,25/06/2023 23:19:11,ESCANER
13092,"Retalhuleu",11,"El Asintal",9,1785,400,10,10,55,55,12,25,4,1,0,60,232,3,1,236,0,236,--,400,164,232,236,236,Algún campo sin dato,1,d3fb659f09a1f85c725fc1faca2d4a267749d9c0b1a32bc746e84cc9bbe5afa3,25/06/2023 22:27:50,ESCANER
13093,"Retalhuleu",11,"El Asintal",9,1785,400,8,12,52,59,16,17,6,0,0,53,223,5,1,229,0,229,--,399,170,223,229,229,Algún campo sin dato,1,a9314850039d3e536dc5ec52afb35263a50232f3c37f37e88b1515737b44c314,26/06/2023 01:38:57,ESCANER
13094,"Retalhuleu",11,"El Asintal",9,1785,392,9,12,45,69,10,16,1,1,0,53,216,4,1,221,0,221,--,391,170,216,221,221,Algún campo sin dato,1,273e26a550e6987021ae028f58989c7d271c10a2dae9552678abdb7c05d530c9,26/06/2023 01:52:06,ESCANER
13095,"Retalhuleu",11,"El Asintal",9,1785,391,3,9,22,62,10,24,4,1,0,56,191,5,1,197,0,197,--,391,194,191,197,197,Algún campo sin dato,1,263dfcf3e55f3532691347024ebeb18ef6c82bf35826475a70c5f5f38624a76a,26/06/2023 00:44:27,ESCANER
13096,"Retalhuleu",11,"El Asintal",9,1786,380,2,32,15,37,7,97,28,0,1,28,247,13,4,264,0,264,--,383,119,247,264,264,Algún campo sin dato,1,7c4f422a1cf6bfd2f5dc4381f97cd8ea7220cc180593d5b909defe8ff37bde43,26/06/2023 02:12:44,ESCANER
13097,"Retalhuleu",11,"El Asintal",9,1786,380,7,46,5,24,2,96,38,0,1,38,257,17,6,280,1,281,--,380,99,257,280,281,Algún campo sin dato,1,e85d10bcdb532286c88daef69b9095b0563d9aa7e8e6288c82da735b858fa02b,26/06/2023 01:31:01,ESCANER
13098,"Retalhuleu",11,"El Asintal",9,1786,380,3,41,11,44,3,99,34,0,1,36,272,13,2,287,0,287,--,380,93,272,287,287,Algún campo sin dato,1,ebff6534a4ba41b70f39293b42c6bf52aafc0e24ec4cbb8b0ee10873f8c24468,26/06/2023 01:03:19,ESCANER
13099,"Retalhuleu",11,"El Asintal",9,1786,380,3,42,10,33,3,93,62,0,1,28,275,16,8,299,0,299,--,380,81,275,299,299,Algún campo sin dato,1,66dfaf7f33c7ce6d79d8ad17f198d29a251c19a19f611df47cce0ff173445400,25/06/2023 23:31:21,ESCANER
13100,"Retalhuleu",11,"El Asintal",9,1786,380,6,32,7,48,3,87,46,0,1,41,271,14,5,290,0,290,--,380,90,271,290,290,Algún campo sin dato,1,38421de5b42f2e3cf2f468afffdd2e2b9fb241cae88747325eaee5340102f5dc,26/06/2023 01:53:15,ESCANER
13101,"Retalhuleu",11,"El Asintal",9,1786,380,6,31,9,20,4,63,37,0,0,20,190,3,3,196,0,196,--,380,184,190,196,196,Algún campo sin dato,1,1579a2d41b6a52346dea0596c4101b68238c90d1fc2cef8b4b4eb8b59807adf3,25/06/2023 23:48:15,ESCANER
13102,"Retalhuleu",11,"El Asintal",9,1786,380,5,26,12,46,3,67,35,0,0,30,224,9,5,238,0,238,--,380,142,224,238,238,Algún campo sin dato,1,bf6c348e4b5bd27aaecb96960bc41afecc821d59712b367c6ae60273ad0c4944,26/06/2023 01:08:33,ESCANER
13103,"Retalhuleu",11,"El Asintal",9,1786,380,3,34,10,48,5,71,37,0,1,35,244,12,6,262,0,262,--,380,118,244,262,262,Algún campo sin dato,1,9a85ef8eaf53b78306b01a0425d30de82cfa6afae581bd3d03fe7bbec0e786bf,26/06/2023 01:12:35,ESCANER
13104,"Retalhuleu",11,"El Asintal",9,1786,380,3,29,12,41,1,82,41,0,0,24,233,10,3,246,0,246,--,380,134,233,246,246,Algún campo sin dato,1,8a63398bfe8fd86808c1ce1a74859ba79adfe84a55ab145effa163bf1499280a,26/06/2023 01:30:25,ESCANER
13105,"Retalhuleu",11,"El Asintal",9,1786,380,6,23,5,25,5,74,37,0,0,31,206,7,0,213,0,213,--,380,164,206,213,213,Algún campo sin dato,1,5df28ef9f7f38babd4f2ce9d19052db48c3f14930b2aeed3296215956169f475,26/06/2023 00:33:58,ESCANER
13106,"Retalhuleu",11,"El Asintal",9,1786,380,6,28,8,20,5,53,53,0,0,24,197,0,1,198,0,198,--,380,182,197,198,198,Algún campo sin dato,1,c64415dfa745bcfc968b0a30c82f06be08bb4f9b1b4c4c851f2f9acbd67d3810,25/06/2023 23:10:46,ESCANER
13107,"Retalhuleu",11,"El Asintal",9,1786,321,1,25,5,31,4,57,33,0,0,18,174,0,0,174,0,174,--,318,144,174,174,174,Algún campo sin dato,1,30ce84e046d86738207215ee7bf756e0c7e8db6c8f11e126c5198967743b0dff,25/06/2023 23:16:54,ESCANER
13108,"Retalhuleu",11,"El Asintal",9,1786,321,4,12,4,26,4,48,39,0,0,24,161,5,1,167,0,167,1,321,154,161,167,167,,1,5d295dca6832e4470d111b507d0054e8c6fb228c27e7f6dd9d89a6e2389a14f9,26/06/2023 00:55:04,ESCANER
13109,"Retalhuleu",11,"El Asintal",9,1787,380,9,16,13,47,2,41,71,0,5,35,239,32,5,276,0,276,--,380,104,239,276,276,Algún campo sin dato,1,2859a4da9c2e900d0b7e6be4396cef60e82a8533207c67fcfce69ef4c3a7a6cd,25/06/2023 23:49:35,ESCANER
13110,"Retalhuleu",11,"El Asintal",9,1787,380,5,15,16,29,5,60,50,0,4,43,227,26,4,257,0,257,--,380,123,227,257,257,Algún campo sin dato,1,dd6dec478b0525bbdcf6810cb4b2c22a4be5804dd5b608a90f6b97d5fac37864,26/06/2023 00:03:40,ESCANER
13111,"Retalhuleu",11,"El Asintal",9,1787,380,2,13,11,42,2,59,86,0,3,42,260,23,0,283,0,283,--,380,97,260,283,283,Algún campo sin dato,1,7585c0e2690012529556d95026b4aa26eb4d3391350324cbf66ab4aa3f911fc0,26/06/2023 00:48:11,ESCANER
13112,"Retalhuleu",11,"El Asintal",9,1787,380,12,14,4,57,7,55,74,1,4,46,274,24,2,300,0,300,--,380,80,274,300,300,Algún campo sin dato,1,bd08790bdc9219d55beebab04054a950fbef97ac1dc309ea90d4a7b74cc64e8d,26/06/2023 01:39:38,ESCANER
13113,"Retalhuleu",11,"El Asintal",9,1787,380,3,14,13,23,0,51,55,0,4,33,196,9,1,206,0,206,--,380,174,196,206,206,Algún campo sin dato,1,fa81075a2fd1b09ac2c4495b314b8f71de1c6a1f7aa8caf3cc56e6b20d47a81d,26/06/2023 01:20:42,ESCANER
13114,"Retalhuleu",11,"El Asintal",9,1787,380,9,13,11,29,5,40,55,0,3,42,207,17,3,227,1,228,1,380,152,207,227,228,,1,cb0bc9968c01e5a017c260a82d1cdc03d705acb4d2dc792b43c3c689a9ebcb0b,26/06/2023 02:15:41,ESCANER
13115,"Retalhuleu",11,"El Asintal",9,1787,380,1,15,9,37,4,48,64,0,6,32,216,21,6,243,0,243,--,380,137,216,243,243,Algún campo sin dato,1,109509b52a9d62f70bf24b3e2f09d1040a4dbce9b233c90d2bc68304697febed,26/06/2023 01:55:59,ESCANER
13116,"Retalhuleu",11,"El Asintal",9,1787,380,3,13,13,26,2,44,66,0,2,34,203,17,6,226,0,226,--,380,154,203,226,226,Algún campo sin dato,1,eb13838be3ad07682635460759be109b5159aa8e45214d6c2b8e820fc14f9788,26/06/2023 01:12:49,ESCANER
13117,"Retalhuleu",11,"El Asintal",9,1787,380,6,9,11,24,4,39,61,0,1,35,190,7,2,199,0,199,--,380,181,190,199,199,Algún campo sin dato,1,d860400d9c3fa9e2c71245ccb01d579ade35ccd2428f1bad63731e257ab290f1,26/06/2023 00:30:00,ESCANER
13118,"Retalhuleu",11,"El Asintal",9,1787,380,4,15,11,30,2,42,55,0,3,37,199,5,1,205,0,205,--,380,175,199,205,205,Algún campo sin dato,1,e179277ceca1ca223d5b0384b27f1739f8cdcf91d949b9f9500b55da65f54bb1,26/06/2023 01:02:32,ESCANER
13119,"Retalhuleu",11,"El Asintal",9,1787,207,2,3,2,12,2,32,31,0,1,15,100,3,1,104,0,104,--,207,103,100,104,104,Algún campo sin dato,1,b4b6161262e334810d95630b2ee7285995db3f28f063407938a3f704409d9c56,25/06/2023 23:26:38,ESCANER
13120,"Retalhuleu",11,"El Asintal",9,1787,207,1,3,3,20,0,17,26,1,1,19,91,6,4,101,0,101,--,207,106,91,101,101,Algún campo sin dato,1,17c0aa83b7c7d77487da82bb15b475f4ae69ba0e75ecb3c004810531d3c9dd69,26/06/2023 01:33:59,ESCANER
13121,"Retalhuleu",11,"El Asintal",9,1788,380,1,33,14,18,5,8,118,0,2,35,234,22,6,262,0,262,--,377,115,234,262,262,Algún campo sin dato,1,03008a0a7fdadc93bec4885f7e04c4146a949e1865255ca403f210776803d90b,26/06/2023 00:52:39,ESCANER
13122,"Retalhuleu",11,"El Asintal",9,1788,380,4,52,7,24,1,10,135,1,2,27,263,15,2,280,0,280,--,377,97,263,280,280,Algún campo sin dato,1,ecf3332bc74148215f383c7e5344e68fdecfaa277b7991ead1b29d01c68422f0,26/06/2023 00:32:24,ESCANER
13123,"Retalhuleu",11,"El Asintal",9,1788,380,3,40,8,33,2,7,116,1,2,31,243,17,2,262,0,262,--,380,118,243,262,262,Algún campo sin dato,1,5c685892ee510ce2b7fc992321bd16cce3c1ec49aaee814e15ddfafb6cf079b1,26/06/2023 01:33:43,ESCANER
13124,"Retalhuleu",11,"El Asintal",9,1788,380,1,29,9,31,2,11,91,1,0,22,197,12,1,210,0,210,--,380,170,197,210,210,Algún campo sin dato,1,ab69439f59033866fbaf7d4fc688c8c52e7b7b23a1be702188c1fab7278a6dce,26/06/2023 00:42:30,ESCANER
13125,"Retalhuleu",11,"El Asintal",9,1788,380,2,29,9,24,4,12,101,0,0,25,206,26,5,237,0,237,--,380,143,206,237,237,Algún campo sin dato,1,c69d8577eabb590b84eea139c97e5d7cfd70d41a7d78ce7a661629947b9c5945,26/06/2023 01:23:13,ESCANER
13126,"Retalhuleu",11,"El Asintal",9,1788,380,1,24,8,35,2,6,101,2,5,23,207,7,2,216,0,216,--,380,164,207,216,216,Algún campo sin dato,1,58f7ffffaa55e7167039502cf2fa3eb05e9f1b5ae1910140279aa4e9cf7d0e56,26/06/2023 01:50:52,ESCANER
13127,"Retalhuleu",11,"El Asintal",9,1788,297,1,22,5,14,0,6,82,1,0,20,151,3,0,154,2,156,--,297,141,151,154,156,Algún campo sin dato,1,f476ea486bd66f8b07853487fcb81ad148ba6ae5f83466831e757f87e0cc108a,26/06/2023 00:48:06,ESCANER
13128,"Retalhuleu",11,"El Asintal",9,1788,296,2,9,6,18,2,1,54,1,0,20,113,6,0,119,0,119,--,300,181,113,119,119,Algún campo sin dato,1,5282b4084cbcd364c6529b7d3afb78508910bf69b9e0f0da7908a6a031fb20d9,26/06/2023 01:37:24,ESCANER
13129,"Retalhuleu",11,"El Asintal",9,1789,459,7,6,15,14,4,20,21,1,1,16,105,12,5,122,0,122,--,459,337,105,122,122,Algún campo sin dato,1,0308c4d422656fa5fce2dd7366d5dc93750077133cc73082a371ccec7653727b,26/06/2023 01:02:52,ESCANER
13130,"Retalhuleu",11,"El Asintal",9,1789,459,3,1,7,8,2,6,13,0,0,10,50,3,1,54,0,54,--,459,405,50,54,54,Algún campo sin dato,1,c79bb34cc3a34827ccfeb4901bca499affb98b8282ea70ed4b88425306cf7c6e,26/06/2023 00:28:43,ESCANER