﻿TIPO_DE_ELECCIÓN:,CORPORACIÓN MUNICIPAL
26 junio 2023 03:36 (UTC -6)
ACTAS_ESPERADAS,ACTAS_CAPTURADAS,PORCENTAJE_ACTAS_CAPTURADAS,ACTAS_CONTABILIZADAS,PORCENTAJE_ACTAS_CONTABILIZADAS,ACTAS_NO_CONTABILIZADAS,LISTA_NOMINAL_ACTAS_CONTABILIZADAS,VOTOS_EMITIDOS_CONTABILIZADAS,PORCENTAJE_PARTICIPACIÓN_CIUDADANA
210,176,83.8095,174,82.8571,2,67308,38366,57.0006

MESA,DEPARTAMENTO,ID_DEPARTAMENTO,MUNICIPIO,ID_MUNICIPIO,CENTRO_DE_VOTACIÓN,PADRÓN,VAMOS,BIEN,PHG,UNE,PPN,AZUL,VOS,UR,CABAL,CAMBIO,U R N G - MAIZ,TODOS,FCN-NACION,VICTORIA,P A N,CREO,VIVA,UNIONISTA,ELEFANTE,VALOR,VÁLIDOS,NULOS,BLANCO,EMITIDOS,INVÁLIDOS,TOTAL,IMPUGNACIONES,PAPELETAS-RECIBIDAS,PAPELETAS-NO-USADAS,VALIDOS_CALCULADO,EMITIDOS_CALCULADO,TOTAL_CALCULADO,OBSERVACIONES,CONTABILIZADA,CÓDIGO_INTEGRIDAD,FECHA_HORA_PUBLICACIÓN,DIGITALIZACIÓN
2423,"Guatemala",1,"Chinautla",6,213,400,25,16,58,43,4,0,22,0,7,3,13,4,2,3,2,8,10,2,5,11,238,13,3,254,0,254,--,400,146,238,254,254,Algún campo sin dato,1,0ea03e73c29abc7ed521331a8503a1ec5c150ea5ad7abe0ef6dd3e5c517a54d2,26/06/2023 01:03:51,ESCANER
2424,"Guatemala",1,"Chinautla",6,213,400,15,28,66,26,2,2,21,1,5,1,13,4,6,4,2,6,9,3,9,9,232,19,2,253,0,253,--,400,147,232,253,253,Algún campo sin dato,1,ad87688ce6480f2fe51174618faa0edcb6ce4e573ced7f32d651f6b511b3a0fc,25/06/2023 23:56:35,ESCANER
2425,"Guatemala",1,"Chinautla",6,213,400,,,,,,,,,,,,,,,,,,,,,,,,,,,,,,,,,,0,,,
2426,"Guatemala",1,"Chinautla",6,213,400,15,20,75,37,6,0,19,2,8,6,9,2,3,2,2,6,5,3,5,10,235,16,1,252,0,252,--,393,141,235,252,252,Algún campo sin dato,1,6b7d4c1bbd9cf76c29e71364542dec5eee32203ffc7dbc6a9f0c13b5c610051f,25/06/2023 23:55:11,ESCANER
2427,"Guatemala",1,"Chinautla",6,213,400,22,20,70,30,0,5,23,2,7,2,12,1,2,5,4,5,4,3,0,9,226,11,0,237,0,237,--,400,163,226,237,237,Algún campo sin dato,1,c8fb4c80db5f93d4b9ae5588916a5213a1ced5b512d6271f33fee0f5156b0f43,26/06/2023 01:41:31,ESCANER
2428,"Guatemala",1,"Chinautla",6,213,400,21,27,79,27,3,0,21,1,2,6,3,1,1,2,1,8,3,3,6,9,224,17,0,241,0,241,--,400,159,224,241,241,Algún campo sin dato,1,a022f39a6368809ba4b024abdd92ae11167d7acd863ad12354ddb8d42a429e0b,26/06/2023 00:15:01,ESCANER
2429,"Guatemala",1,"Chinautla",6,213,400,16,26,83,26,1,3,19,0,1,8,7,3,3,4,3,4,7,3,8,14,239,16,0,255,0,255,--,400,145,239,255,255,Algún campo sin dato,1,3531e072fb8bcda5a6032c2c51e7b7c73bbdde7cda6fd0524fbe1063c14215f2,26/06/2023 00:37:50,ESCANER
2430,"Guatemala",1,"Chinautla",6,214,400,--,--,--,--,--,--,--,--,--,--,--,--,--,--,--,--,--,--,--,--,--,--,--,--,--,--,--,--,--,,,,Suma Excede Padrón,0,f8ab25886470620225a0e1338e2150e8734ba23b66021eaa4bcdc390bbfbeced,26/06/2023 02:56:26,ESCANER
2431,"Guatemala",1,"Chinautla",6,214,400,23,19,76,33,2,2,12,3,2,2,3,5,3,7,2,8,6,4,7,13,232,19,0,251,0,251,0,399,148,232,251,251,,1,0a19f2ce7e02d114a87dd120b11ae6ccb9b39d71565a3bae8cae8ff0980a7bcb,26/06/2023 01:05:47,ESCANER
2432,"Guatemala",1,"Chinautla",6,214,400,19,11,85,27,4,2,11,3,1,4,8,1,2,3,2,11,4,1,6,10,215,11,4,230,0,230,--,400,170,215,230,230,Algún campo sin dato,1,0e3a4571f55c60ab9e0e0a0a3d2423471ba32d366015b958893aa68340cfaecd,26/06/2023 00:05:59,ESCANER
2433,"Guatemala",1,"Chinautla",6,214,400,17,12,55,33,2,1,22,2,0,1,10,1,0,0,1,2,3,1,7,12,182,23,4,209,0,209,--,400,191,182,209,209,Algún campo sin dato,1,dfdd52b93ee5a349b4f7a01198b0e1310e7b9d95da6e29a4d055c11764e61dda,26/06/2023 02:15:21,MOVIL
2434,"Guatemala",1,"Chinautla",6,214,400,96,32,59,31,6,1,21,1,2,3,6,2,1,3,2,5,5,2,2,11,211,13,2,226,0,226,--,297,171,291,306,306,Sumas Asentadas sin cuadrar,1,e474e1d3603a9804e6e006f88dafaac4c04ebd9086a2135ceed9f32d2d238d40,26/06/2023 03:08:09,ESCANER
2435,"Guatemala",1,"Chinautla",6,214,400,22,27,73,55,2,1,33,2,2,2,11,2,3,3,2,1,6,1,5,3,256,9,0,265,0,265,--,400,131,256,265,265,Algún campo sin dato,1,89b689db48a530b232118996c28a21aceb70e687f8024f5f13eaacf8f45d56c7,25/06/2023 23:49:11,ESCANER
2436,"Guatemala",1,"Chinautla",6,214,215,7,12,25,10,2,1,14,1,0,1,4,1,0,1,1,0,0,0,6,1,87,5,0,92,0,92,--,215,123,87,92,92,Algún campo sin dato,1,5b878fda160dedfc3e42525041bcb93f46e3dc3933c5f511a7ae972321a9fc9a,26/06/2023 00:10:55,ESCANER
2437,"Guatemala",1,"Chinautla",6,214,214,9,6,28,12,2,0,8,0,0,1,2,5,0,1,0,2,2,0,0,4,82,5,1,88,0,88,--,214,123,82,88,88,Algún campo sin dato,1,85899ff7a4122273448a624f42692c5307b25da547630646e673ff7991c1e495,25/06/2023 22:31:06,ESCANER
2438,"Guatemala",1,"Chinautla",6,215,400,,,,,,,,,,,,,,,,,,,,,,,,,,,,,,,,,,0,,,
2439,"Guatemala",1,"Chinautla",6,215,400,,,,,,,,,,,,,,,,,,,,,,,,,,,,,,,,,,0,,,
2440,"Guatemala",1,"Chinautla",6,215,400,,,,,,,,,,,,,,,,,,,,,,,,,,,,,,,,,,0,,,
2441,"Guatemala",1,"Chinautla",6,215,400,28,22,72,39,3,1,8,1,3,6,11,7,2,3,2,3,6,2,2,9,230,28,0,230,0,0,--,396,138,230,258,258,Sumas Asentadas sin cuadrar,1,20ea0c516993edd29b5e7576d024438f4b1282f2e3fec008ddca8496f5d492f7,26/06/2023 00:59:42,ESCANER
2442,"Guatemala",1,"Chinautla",6,215,400,46,14,58,38,2,3,11,1,2,4,11,9,2,2,2,4,4,1,10,8,232,16,0,248,0,248,--,400,152,232,248,248,Algún campo sin dato,1,46f6ba0be206d1ae5f5f4b55cf6752d876d4b33c66a7c6d47f42932e12865f3e,26/06/2023 02:34:52,ESCANER
2443,"Guatemala",1,"Chinautla",6,215,400,35,16,69,40,0,5,10,2,3,1,7,6,0,5,0,6,6,5,8,7,231,16,2,249,0,249,--,400,151,231,249,249,Algún campo sin dato,1,1f1bc0a1118d2b699a2890211fb94e28216903a6894442eae7a16521a9877657,26/06/2023 02:48:37,ESCANER
2444,"Guatemala",1,"Chinautla",6,215,400,21,17,77,36,4,0,13,0,4,3,7,3,0,3,1,6,2,4,9,12,222,16,2,240,0,240,--,400,160,222,240,240,Algún campo sin dato,1,3ba3acd43e2f8e41150825ed130e057ca3a1b72f0c29b22fc565d3afdba18853,26/06/2023 00:14:11,ESCANER
2445,"Guatemala",1,"Chinautla",6,215,400,,,,,,,,,,,,,,,,,,,,,,,,,,,,,,,,,,0,,,
2446,"Guatemala",1,"Chinautla",6,215,400,31,21,71,32,1,0,12,1,1,1,8,5,2,6,3,1,4,3,8,4,215,11,0,226,0,226,--,384,158,215,226,226,Algún campo sin dato,1,cfbac8aaefb9fdbe0fb071a1809c2981f4fce14616ef77a87cf435aebce57fa0,25/06/2023 23:32:35,ESCANER
2447,"Guatemala",1,"Chinautla",6,215,400,33,23,82,38,2,3,12,0,2,2,9,5,1,8,3,2,4,3,5,8,253,9,0,253,1,254,--,400,146,245,254,255,Sumas Asentadas sin cuadrar,1,2c7a37b3c7ed512f709b39c07101a4ce91878c99fcda86fa4579ffc397d728f6,26/06/2023 02:33:33,ESCANER
2448,"Guatemala",1,"Chinautla",6,215,400,,,,,,,,,,,,,,,,,,,,,,,,,,,,,,,,,,0,,,
2449,"Guatemala",1,"Chinautla",6,215,400,21,25,65,37,0,2,13,5,1,3,9,6,0,3,3,5,5,5,2,3,213,22,1,236,0,236,--,400,246,213,236,236,Algún campo sin dato,1,149f7e0c1de2daab9608b6027dd159380c7ae8829cab68728013174865b73ed8,25/06/2023 23:52:48,ESCANER
2450,"Guatemala",1,"Chinautla",6,215,400,,,,,,,,,,,,,,,,,,,,,,,,,,,,,,,,,,0,,,
2451,"Guatemala",1,"Chinautla",6,215,400,,,,,,,,,,,,,,,,,,,,,,,,,,,,,,,,,,0,,,
2452,"Guatemala",1,"Chinautla",6,215,400,22,22,97,30,0,0,14,3,4,2,9,3,0,6,0,3,4,4,6,6,235,11,0,246,0,246,--,400,154,235,246,246,Algún campo sin dato,1,7eaeea3f90473a8cc7e9717ca95f942d691e4eefae575d5c559523ee3fcdf558,26/06/2023 03:00:41,ESCANER
2453,"Guatemala",1,"Chinautla",6,215,400,36,17,83,34,1,1,10,0,1,3,9,6,1,6,3,6,4,0,3,5,229,17,2,248,0,248,--,401,153,229,248,248,Algún campo sin dato,1,284365df262641a29a2671079a2e42c7c7916bb00030c76a8d86a09333ed3ad0,26/06/2023 03:07:59,ESCANER
2454,"Guatemala",1,"Chinautla",6,215,400,,,,,,,,,,,,,,,,,,,,,,,,,,,,,,,,,,0,,,
2455,"Guatemala",1,"Chinautla",6,215,400,,,,,,,,,,,,,,,,,,,,,,,,,,,,,,,,,,0,,,
2456,"Guatemala",1,"Chinautla",6,215,400,23,18,64,39,0,0,8,2,2,1,10,3,0,11,2,3,10,1,2,5,204,13,0,217,0,217,--,400,183,204,217,217,Algún campo sin dato,1,f3671479715cf3d1727edab7bb6a204029b0047e7dca96e6abe4d5ebc171868b,26/06/2023 03:09:33,ESCANER
2457,"Guatemala",1,"Chinautla",6,215,400,23,16,78,47,0,1,16,1,1,3,7,3,1,5,2,4,3,2,6,7,226,11,2,239,0,239,--,400,161,226,239,239,Algún campo sin dato,1,0c5e2a3e3d9e00dc06cfedb6ea6e2cfacae3273d9c6a8f705faf0e7a05ea221b,26/06/2023 03:12:09,ESCANER
2458,"Guatemala",1,"Chinautla",6,215,400,,,,,,,,,,,,,,,,,,,,,,,,,,,,,,,,,,0,,,
2459,"Guatemala",1,"Chinautla",6,215,400,23,28,61,35,2,1,16,0,3,0,4,2,2,8,2,1,2,2,2,4,198,9,2,209,0,209,2,400,191,198,209,209,,1,367c8eebb03abd933117c546fc9afb43f02fdfa4bcbfb08107c73d72894d6a1e,25/06/2023 22:20:21,ESCANER
2460,"Guatemala",1,"Chinautla",6,215,400,,,,,,,,,,,,,,,,,,,,,,,,,,,,,,,,,,0,,,
2461,"Guatemala",1,"Chinautla",6,215,400,31,23,101,47,1,1,15,0,1,2,14,1,1,1,3,3,0,2,7,4,258,10,2,270,0,270,--,400,130,258,270,270,Algún campo sin dato,1,41756474a43aeddf6d83dc3762bd4d5fe446abb56072da55afde8be664278c2b,26/06/2023 00:36:35,ESCANER
2462,"Guatemala",1,"Chinautla",6,216,368,17,17,53,31,1,1,13,0,1,2,5,0,0,2,1,2,2,1,3,6,158,10,3,171,0,171,--,368,197,158,171,171,Algún campo sin dato,1,29bfc54f6e430fa99defaf4419f084c1e3205caf7d4b3c1ef330879521bd24d4,25/06/2023 23:01:39,ESCANER
2463,"Guatemala",1,"Chinautla",6,216,367,15,21,34,32,1,0,11,0,3,1,7,3,0,2,0,0,3,0,1,6,140,7,1,148,0,148,--,367,219,140,148,148,Algún campo sin dato,1,2bbfac81c3464994b7c5962926c4e2b639a4c5ef180d6fd35d7674e91a065d93,25/06/2023 23:51:19,ESCANER
2464,"Guatemala",1,"Chinautla",6,217,400,37,25,41,52,6,1,13,3,3,9,12,1,1,5,2,3,7,2,1,5,229,16,5,250,0,250,1,400,149,229,250,250,,1,56b46316470dfb506f227660e9d3ae07b2d033d84c12613609b7f2ffac84cc57,26/06/2023 00:37:36,ESCANER
2465,"Guatemala",1,"Chinautla",6,217,400,,,,,,,,,,,,,,,,,,,,,,,,,,,,,,,,,,0,,,
2466,"Guatemala",1,"Chinautla",6,217,400,35,32,55,43,3,2,8,3,3,3,11,3,2,1,1,2,6,1,3,10,227,16,1,244,0,244,--,400,156,227,244,244,Algún campo sin dato,1,2343fa87f099ebaef1846eee948cac860678ccd6d8308ba704d39f89980bf0c6,26/06/2023 00:31:44,ESCANER
2467,"Guatemala",1,"Chinautla",6,217,400,,,,,,,,,,,,,,,,,,,,,,,,,,,,,,,,,,0,,,
2468,"Guatemala",1,"Chinautla",6,217,400,,,,,,,,,,,,,,,,,,,,,,,,,,,,,,,,,,0,,,
2469,"Guatemala",1,"Chinautla",6,217,400,,,,,,,,,,,,,,,,,,,,,,,,,,,,,,,,,,0,,,
2470,"Guatemala",1,"Chinautla",6,217,400,,,,,,,,,,,,,,,,,,,,,,,,,,,,,,,,,,0,,,
2471,"Guatemala",1,"Chinautla",6,217,400,27,38,52,47,3,1,12,3,2,3,6,0,0,1,2,2,7,2,2,4,214,13,2,229,0,229,--,397,168,214,229,229,Algún campo sin dato,1,6a2f4dfeefd4e0df2a43c3bf4520b20a4f32479cebe8d690f50360b03561e9b6,25/06/2023 23:40:23,ESCANER
2472,"Guatemala",1,"Chinautla",6,217,400,,,,,,,,,,,,,,,,,,,,,,,,,,,,,,,,,,0,,,
2473,"Guatemala",1,"Chinautla",6,217,400,,,,,,,,,,,,,,,,,,,,,,,,,,,,,,,,,,0,,,
2474,"Guatemala",1,"Chinautla",6,218,400,39,20,50,45,5,1,11,1,4,6,10,2,1,8,3,6,7,3,5,10,237,16,1,254,0,254,--,400,146,237,254,254,Algún campo sin dato,1,d5d97081928def236d88b14bced7499197aa29f035dd926318496ad3005641d8,26/06/2023 02:43:51,ESCANER
2475,"Guatemala",1,"Chinautla",6,218,400,20,31,37,43,2,3,12,2,4,2,9,1,1,4,0,1,7,6,5,5,199,9,0,208,0,208,--,400,189,195,204,204,Sumas Asentadas sin cuadrar,1,5812a1a75de48eb8588f3737628d243f6ecd4d1b6ce18f5f6f7e446624ec9440,26/06/2023 02:36:15,ESCANER
2476,"Guatemala",1,"Chinautla",6,218,400,39,31,49,48,1,1,9,1,2,6,6,0,1,5,4,10,6,2,3,6,230,17,3,250,0,250,--,413,161,230,250,250,Algún campo sin dato,1,21175edb5f81e25f154d3b1c5d08c9ae0a88815ef6a2cf1c3894ac9e29d2e8e5,26/06/2023 01:33:38,ESCANER
2477,"Guatemala",1,"Chinautla",6,218,400,,,,,,,,,,,,,,,,,,,,,,,,,,,,,,,,,,0,,,
2478,"Guatemala",1,"Chinautla",6,218,400,35,30,45,49,1,2,9,2,0,5,6,1,2,6,3,1,7,0,2,13,219,20,0,239,0,239,--,400,161,219,239,239,Algún campo sin dato,1,d394a3a31e19d8897f8107b7b5f0acb73bebca3f8cc7b17863f376d9298f481c,26/06/2023 02:37:48,ESCANER
2479,"Guatemala",1,"Chinautla",6,218,400,42,23,45,46,5,2,10,0,4,6,8,3,0,4,2,3,13,2,4,8,230,12,1,243,13,243,--,400,157,230,243,256,Sumas Asentadas sin cuadrar,1,2881efe3967fe7ac3ec123492ee05372202a657e9210f37db29b3f412f4ff512,26/06/2023 00:51:15,ESCANER
2480,"Guatemala",1,"Chinautla",6,218,400,41,24,46,57,5,2,10,1,0,3,6,3,1,8,1,1,4,0,2,4,219,17,5,241,0,241,--,400,159,219,241,241,Algún campo sin dato,1,0957ae1d7fd2777fc94079948ed649a623b6b9f88acdbb3a9cfd5148509f345b,25/06/2023 23:26:31,ESCANER
2481,"Guatemala",1,"Chinautla",6,218,400,35,22,56,39,4,1,8,--,3,6,7,1,--,4,4,6,10,1,4,10,226,17,4,247,--,247,--,400,153,221,242,242,Sumas Asentadas sin cuadrar,1,0a964c208618e12f54b2a50d8a4329650323787e420a1b75c5f408ae5e20fed7,25/06/2023 22:33:50,ESCANER
2482,"Guatemala",1,"Chinautla",6,218,400,43,35,53,39,4,2,13,0,3,2,9,3,1,4,1,3,9,1,3,3,231,15,1,247,0,247,--,400,153,231,247,247,Algún campo sin dato,1,3d1cacc039bba4fa818860b91f564f0d2b64b45dfa3aebe509b28fa9c1b5ea9c,26/06/2023 01:30:39,ESCANER
2483,"Guatemala",1,"Chinautla",6,218,400,30,30,47,40,5,5,11,1,3,5,4,1,1,4,1,4,8,2,0,9,211,16,2,229,0,229,--,400,171,211,229,229,Algún campo sin dato,1,d648bb968bc7d6ddf0f4c5cce7a80a8046e230aa1219c39c6ec86a26f4b7ee6f,26/06/2023 02:12:39,ESCANER
2484,"Guatemala",1,"Chinautla",6,218,400,41,23,45,50,3,2,8,2,3,5,7,1,1,5,1,7,6,3,3,4,246,18,2,--,--,246,--,400,157,220,240,240,Sumas Asentadas sin cuadrar,1,bf2a9f426da92153e96e21617ae65e0715ce2b8fa8e1ea8e5a9334e13480aeb4,26/06/2023 01:18:47,ESCANER
2485,"Guatemala",1,"Chinautla",6,218,400,28,23,35,39,4,3,9,3,2,1,7,2,0,1,0,7,8,2,2,4,179,18,1,198,0,198,--,398,202,180,199,199,Sumas Asentadas sin cuadrar,1,6c9ea5632498c7238f4c93a76df88fa0a866892b759e554a4f88642721fd8134,26/06/2023 01:02:51,ESCANER
2486,"Guatemala",1,"Chinautla",6,218,400,31,30,34,45,10,1,8,3,1,3,7,1,1,2,3,1,5,0,5,5,196,26,1,223,0,223,--,399,176,196,223,223,Algún campo sin dato,1,992cffb536d4ca530e50a6974ccdd0f830ed27359dcdf6f4ffcdb5743c6f55d1,25/06/2023 23:48:51,ESCANER
2487,"Guatemala",1,"Chinautla",6,218,400,29,29,40,40,0,0,13,1,2,5,5,0,1,4,1,0,3,4,4,10,197,13,2,212,0,212,--,399,188,191,206,206,Sumas Asentadas sin cuadrar,1,5c5376866f21129301be0ef86ef7187d10acc11967867063ff5446fe126275d7,26/06/2023 01:48:34,ESCANER
2488,"Guatemala",1,"Chinautla",6,218,400,,,,,,,,,,,,,,,,,,,,,,,,,,,,,,,,,,0,,,
2489,"Guatemala",1,"Chinautla",6,218,400,,,,,,,,,,,,,,,,,,,,,,,,,,,,,,,,,,0,,,
2490,"Guatemala",1,"Chinautla",6,218,400,51,32,55,54,1,1,16,0,3,3,5,1,0,3,0,0,2,1,3,7,238,4,0,242,0,242,--,397,155,238,242,242,Algún campo sin dato,1,6a6e455c2b6847d40e057a6b93fe3a69664fa1ec16b70dfdcbc5adbb062b9cfe,25/06/2023 23:42:43,ESCANER
2491,"Guatemala",1,"Chinautla",6,218,400,32,19,50,38,4,2,7,1,1,1,7,1,2,2,2,3,5,3,3,6,189,8,0,197,0,197,--,398,201,189,197,197,Algún campo sin dato,1,839471d5b562635f2fa43f902e085b5b619ebcc0d068f9dcb96acea3ad7a0967,26/06/2023 00:34:31,ESCANER
2492,"Guatemala",1,"Chinautla",6,218,266,24,18,23,32,1,0,5,0,0,2,4,0,0,5,0,0,4,2,3,7,130,5,0,135,0,135,--,266,131,130,135,135,Algún campo sin dato,1,ff73bddbc85a7aa36fffcd902b388b9f986497128efad15d751f2f20a8b9f57f,25/06/2023 22:30:01,ESCANER
2493,"Guatemala",1,"Chinautla",6,218,266,15,15,25,27,0,1,10,0,1,2,4,0,0,0,1,0,2,0,4,4,111,3,0,114,0,114,--,266,152,111,114,114,Algún campo sin dato,1,c507c429e7adeadc4e24ce4c8178039cab434ab37c191829e31d23d7070cbd2a,25/06/2023 21:44:01,ESCANER
2494,"Guatemala",1,"Chinautla",6,219,400,17,23,53,70,1,4,7,1,1,0,3,0,1,5,2,0,11,1,4,29,233,28,136,397,0,397,--,--,--,233,397,397,Algún campo sin dato,1,e7596e89b3b9b2429085096b2c119fbaa4c47aa71d5a75d0092a6c539af7a767,26/06/2023 02:17:03,ESCANER
2495,"Guatemala",1,"Chinautla",6,219,400,10,24,50,75,2,3,8,0,3,1,3,1,0,3,5,1,6,0,5,31,231,10,4,245,0,245,--,400,155,231,245,245,Algún campo sin dato,1,5816b6e2d659ed24d0a546accf8956b7c29faa9c135dc09a33b4691a9c3b6226,26/06/2023 01:28:34,MOVIL
2496,"Guatemala",1,"Chinautla",6,219,400,21,23,53,60,4,2,11,1,4,2,5,1,1,2,3,2,9,2,2,29,237,18,4,259,0,259,--,396,137,237,259,259,Algún campo sin dato,1,d323e10bad22110f9788e5d290908f50c5b52947042010f3b6e626ff1875f1f8,26/06/2023 01:19:03,ESCANER
2497,"Guatemala",1,"Chinautla",6,219,400,,,,,,,,,,,,,,,,,,,,,,,,,,,,,,,,,,0,,,
2498,"Guatemala",1,"Chinautla",6,219,400,,,,,,,,,,,,,,,,,,,,,,,,,,,,,,,,,,0,,,
2499,"Guatemala",1,"Chinautla",6,219,400,,,,,,,,,,,,,,,,,,,,,,,,,,,,,,,,,,0,,,
2500,"Guatemala",1,"Chinautla",6,219,400,,,,,,,,,,,,,,,,,,,,,,,,,,,,,,,,,,0,,,
2501,"Guatemala",1,"Chinautla",6,219,400,15,25,44,57,0,2,8,0,0,2,5,3,1,5,4,3,11,3,5,30,223,21,4,248,0,248,--,--,--,223,248,248,Algún campo sin dato,1,29142b6ce6212c8951fc21a21a5275b5f07798fd24036a88f8845c0c5d6cf9ba,26/06/2023 02:44:23,ESCANER
2502,"Guatemala",1,"Chinautla",6,219,400,17,21,58,59,0,2,7,0,1,0,6,2,1,5,2,7,3,2,4,44,241,25,5,271,0,271,--,400,129,241,271,271,Algún campo sin dato,1,2bb560e5ebca8fbe5b8b4ac40860315afa6a55865581b1383ee23d491938761d,26/06/2023 02:35:35,ESCANER
2503,"Guatemala",1,"Chinautla",6,219,400,,,,,,,,,,,,,,,,,,,,,,,,,,,,,,,,,,0,,,
2504,"Guatemala",1,"Chinautla",6,219,400,,,,,,,,,,,,,,,,,,,,,,,,,,,,,,,,,,0,,,
2505,"Guatemala",1,"Chinautla",6,219,400,13,16,36,58,2,0,7,0,2,1,1,0,0,3,0,1,6,3,3,19,171,8,2,181,6,187,--,400,213,171,181,187,Algún campo sin dato,1,5da95bcf6cd99d0b65be8dbab97adc942f3c7b98224f2e9589093bd65b9e4edc,26/06/2023 02:53:35,ESCANER
2506,"Guatemala",1,"Chinautla",6,219,400,14,21,44,70,1,1,5,0,3,1,5,0,0,1,2,1,3,0,2,28,202,14,2,218,0,218,--,396,178,202,218,218,Algún campo sin dato,1,0a5cef96d5c9b8643a7b5a82e821fd18b86b0a85ef0b47afc2d6ece3e93a8c64,26/06/2023 02:26:15,ESCANER
2507,"Guatemala",1,"Chinautla",6,219,400,,,,,,,,,,,,,,,,,,,,,,,,,,,,,,,,,,0,,,
2508,"Guatemala",1,"Chinautla",6,219,304,12,12,29,51,0,0,5,1,0,1,1,0,0,3,1,1,3,0,2,27,149,4,0,153,0,153,--,301,148,149,153,153,Algún campo sin dato,1,964e6f88aa4c35502cc954a61dd2fae61d4eb3bb99709cea3f26032d3c4fe7bb,25/06/2023 22:59:17,ESCANER
2509,"Guatemala",1,"Chinautla",6,219,304,8,12,26,40,2,1,2,0,3,0,5,2,2,2,0,3,3,0,0,11,122,4,1,127,0,127,--,304,177,122,127,127,Algún campo sin dato,1,b00e50147accd4982fea43cacd9fc5b774f8276e82c9beacf07750e47f0c0b4e,25/06/2023 23:16:24,ESCANER
2510,"Guatemala",1,"Chinautla",6,220,400,28,10,37,32,0,1,2,0,1,8,2,12,2,1,2,9,8,0,8,6,169,19,6,194,1,195,5,119,101,169,194,195,,1,8a9dd2318be07580b868b557f9883e9ca749200e58a2f5dbe18f206cdefa5221,25/06/2023 23:13:51,ESCANER
2511,"Guatemala",1,"Chinautla",6,220,400,29,24,44,25,3,0,4,1,3,13,9,12,2,7,2,7,7,3,5,5,205,26,7,238,1,239,--,400,161,205,238,239,Algún campo sin dato,1,b15c22410ff79e4ca1dbd560baff536d349fa866c68406e1e679a6ac8833162b,25/06/2023 22:58:58,ESCANER
2512,"Guatemala",1,"Chinautla",6,220,400,34,28,37,42,0,4,5,4,1,3,15,2,0,4,1,6,6,4,2,8,206,16,5,227,0,227,--,413,182,206,227,227,Algún campo sin dato,1,f83229b995efec6286942bdc14d63b1473ce6a75071f186f494a1f61790b6366,25/06/2023 23:11:19,ESCANER
2513,"Guatemala",1,"Chinautla",6,221,400,28,22,47,30,2,3,10,4,1,6,7,6,0,2,1,11,4,4,5,7,200,20,3,223,23,223,--,400,177,200,223,246,Sumas Asentadas sin cuadrar,1,7e8a3d76a2f5206449acb1b1f54ca4ba49c8a269ae8404480b487ccc039cd7d2,26/06/2023 00:39:52,ESCANER
2514,"Guatemala",1,"Chinautla",6,221,400,32,21,46,44,4,3,7,0,3,2,13,6,2,3,2,9,6,3,8,4,218,15,3,236,0,236,--,--,--,218,236,236,Algún campo sin dato,1,cefa93a1a64435a4dc3615f20867a5b7dfe11ea79e83833a84da5d7b6d5769ad,26/06/2023 01:30:52,ESCANER
2515,"Guatemala",1,"Chinautla",6,221,400,24,22,45,37,5,2,6,0,4,7,6,4,0,2,0,8,6,3,2,10,193,15,2,210,0,210,--,400,190,193,210,210,Algún campo sin dato,1,582a3b6cf17ee4ca3ab2c1db69388f99f9245f6b9c9b3d1485fe908b2f5ca768,26/06/2023 00:34:08,ESCANER
2516,"Guatemala",1,"Chinautla",6,221,400,32,15,39,37,1,2,15,1,2,3,3,6,2,6,9,7,10,1,2,10,203,6,191,400,0,400,--,400,191,203,400,400,Algún campo sin dato,1,3361f71d3fe8427bac459c463c12357ac77f94b9eb3fade6f23f81d894cc6470,25/06/2023 23:36:33,ESCANER
2517,"Guatemala",1,"Chinautla",6,221,400,27,14,38,35,2,1,4,2,3,9,4,8,2,2,2,6,9,2,4,15,188,14,2,204,16,204,--,400,196,189,205,221,Sumas Asentadas sin cuadrar,1,a173d5ea3a5fbfb32ce8b3bd4edfeb2ac2399d29edc1096abbd9ca45da5dc4d7,26/06/2023 00:44:19,ESCANER
2518,"Guatemala",1,"Chinautla",6,221,400,27,13,62,32,5,3,4,3,0,2,11,4,0,3,1,5,3,2,4,12,196,22,1,219,0,219,--,400,181,196,219,219,Algún campo sin dato,1,5b25c259ed227b1f26dd554917372a18d336352ea9edf2f2c92dc63669141f29,26/06/2023 02:33:40,ESCANER
2519,"Guatemala",1,"Chinautla",6,221,400,22,17,53,35,4,1,10,0,0,6,9,3,0,4,3,7,5,3,4,6,192,25,4,221,0,221,--,400,155,192,221,221,Algún campo sin dato,1,6d7ef16ddd2c15880b2de869e1fcdae53ca1583ff3d0db900edca7ff7f2a0520,26/06/2023 01:21:24,ESCANER
2520,"Guatemala",1,"Chinautla",6,221,400,18,18,47,42,4,0,10,1,4,8,7,5,2,2,3,6,7,3,6,9,223,20,1,223,0,223,--,400,177,202,223,223,Sumas Asentadas sin cuadrar,1,8a46fffe0dc2c883ddee5e727405eb45e945e208293f77e927f8761d9b4a5436,25/06/2023 23:26:59,ESCANER
2521,"Guatemala",1,"Chinautla",6,221,400,19,19,47,38,1,5,16,2,6,6,6,4,2,2,3,9,4,2,11,8,210,16,2,228,0,228,--,400,172,210,228,228,Algún campo sin dato,1,a6ab424e39c99fe5b7af6eb1ea62adff74004863a89268fcac264b054631afb4,26/06/2023 01:06:47,ESCANER
2522,"Guatemala",1,"Chinautla",6,221,400,26,21,34,31,1,1,8,2,2,12,6,10,0,2,1,13,6,3,5,13,197,16,2,215,0,215,--,400,185,197,215,215,Algún campo sin dato,1,9bcd94b99f05e8f233e3e152e19cbc7b46355e3502eda84bbc7bcfb629f81fd8,25/06/2023 23:23:52,ESCANER
2523,"Guatemala",1,"Chinautla",6,221,400,20,14,30,35,2,1,7,1,0,10,5,9,1,5,2,12,4,3,6,10,177,16,2,195,0,195,--,400,205,177,195,195,Algún campo sin dato,1,d3b7a5084ff45afe1c1078afaef5cd8e53d5c35f16c887608c3d472efa0be5a4,26/06/2023 00:33:53,ESCANER
2524,"Guatemala",1,"Chinautla",6,221,400,,,,,,,,,,,,,,,,,,,,,,,,,,,,,,,,,,0,,,
2525,"Guatemala",1,"Chinautla",6,221,400,18,22,38,38,1,2,9,2,4,6,5,7,0,4,3,7,9,1,11,9,196,18,2,216,0,216,--,393,177,196,216,216,Algún campo sin dato,1,d161375004cd1cd69d8355f8bf984d39ed2039a90416ead4344fc99caa5bb558,26/06/2023 01:24:38,ESCANER
2526,"Guatemala",1,"Chinautla",6,221,400,,,,,,,,,,,,,,,,,,,,,,,,,,,,,,,,,,0,,,
2527,"Guatemala",1,"Chinautla",6,221,400,--,--,--,--,--,--,--,--,--,--,--,--,--,--,--,--,--,--,--,--,--,--,--,--,--,--,--,--,--,,,,Suma Excede Padrón,0,03f0a0afbd531685834f13d88133a5f723653a9a086bd599ee1cfaf60ccfeced,26/06/2023 01:40:34,ESCANER
2528,"Guatemala",1,"Chinautla",6,221,400,24,14,41,31,1,0,9,2,3,8,6,5,0,6,2,12,9,1,3,8,185,11,0,196,0,196,--,393,197,185,196,196,Algún campo sin dato,1,9f4ad771ebb68993e93a07138d189b327fc2e3b6a47ecda67280b8fddc4385c6,25/06/2023 22:26:10,ESCANER
2529,"Guatemala",1,"Chinautla",6,221,400,28,19,49,47,4,1,11,1,1,3,7,4,0,2,1,12,5,3,4,10,212,4,2,218,0,218,--,400,182,212,218,218,Algún campo sin dato,1,24d59d8f75c4281e3d0669070893643f3416320d0b5664ee5a52623ff0e0c888,26/06/2023 00:50:01,ESCANER
2530,"Guatemala",1,"Chinautla",6,221,400,41,35,66,51,3,3,12,0,2,3,10,4,0,2,1,2,3,0,3,8,249,5,0,254,0,254,--,400,146,249,254,254,Algún campo sin dato,1,13b22dbea611d5104a7367080896573d89b8d1b5cdacf6270d4fab2e547abffd,26/06/2023 00:10:59,ESCANER
2531,"Guatemala",1,"Chinautla",6,221,259,18,10,37,19,1,0,5,1,1,2,2,1,0,2,0,1,1,2,3,4,110,6,4,120,0,120,--,259,139,110,120,120,Algún campo sin dato,1,d7355ca6e0fbc130613ec0aefa82a4e05ffa9ff2dd11207f016c7dddb77dafd2,26/06/2023 00:43:31,ESCANER
2532,"Guatemala",1,"Chinautla",6,221,258,14,11,27,15,0,2,6,1,1,0,1,2,0,3,0,1,2,0,2,11,99,3,2,104,154,258,--,258,154,99,104,258,Algún campo sin dato,1,a78902b2c9ba70095bcc83b09e51b84d088e9469392234263a002160e17d6535,26/06/2023 01:34:21,ESCANER
2533,"Guatemala",1,"Chinautla",6,222,400,74,10,28,63,2,3,9,0,1,16,5,0,0,1,3,7,15,11,4,6,258,24,3,285,0,285,--,400,115,258,285,285,Algún campo sin dato,1,e67ea3a8a100f446274ad8d6067dd9611ec37f6a8c14b0462a589ae0866c71c6,26/06/2023 03:13:42,ESCANER
2534,"Guatemala",1,"Chinautla",6,222,400,72,7,21,64,2,1,8,0,3,11,7,2,0,5,0,4,8,11,5,2,233,13,10,256,0,256,--,400,144,233,256,256,Algún campo sin dato,1,918953d97a1d262915d648e65f905ff52be8093d62becd3258d862c579410cab,26/06/2023 00:09:43,ESCANER
2535,"Guatemala",1,"Chinautla",6,222,400,82,13,20,70,4,1,5,3,2,7,6,1,1,5,3,3,8,7,4,3,238,19,10,267,0,267,--,387,120,248,277,277,Sumas Asentadas sin cuadrar,1,fffcb56e0a69db0c67951aea5a5c812e51a4406f3430a6d9d847f014f883617e,26/06/2023 01:03:27,ESCANER
2536,"Guatemala",1,"Chinautla",6,222,400,81,7,21,62,0,2,7,1,2,16,4,2,0,6,1,2,9,14,6,6,249,17,4,270,0,270,--,398,128,249,270,270,Algún campo sin dato,1,b14f0c57881b2233082dc09d2ecfc6c0d301f5b8a663ed8fa62e1efeb2ccb978,26/06/2023 01:47:15,ESCANER
2537,"Guatemala",1,"Chinautla",6,222,400,70,14,21,37,4,0,5,1,3,15,9,2,1,2,2,3,11,8,5,7,220,25,4,249,0,249,--,400,151,220,249,249,Algún campo sin dato,1,bef34d0657d93189a3e36d729a9a580ae1c5f700e499af3b9b993f23a8b6bb8c,25/06/2023 23:16:27,ESCANER
2538,"Guatemala",1,"Chinautla",6,222,400,75,5,23,37,1,0,10,2,1,19,8,0,0,1,2,5,7,8,7,5,216,19,1,236,0,236,--,--,--,216,236,236,Algún campo sin dato,1,a62c091da4451f5562d2815efa8cd950016c2d0d7010b3505f8ca847c34b8a6e,25/06/2023 23:14:01,ESCANER
2539,"Guatemala",1,"Chinautla",6,222,400,69,14,27,48,3,0,8,1,2,14,5,1,2,0,2,4,5,9,4,1,219,14,4,237,0,237,--,400,163,219,237,237,Algún campo sin dato,1,0bd39583b40f2fc2d482846c3ff6746918e7ad4d664cd04571f2feed0aece94a,26/06/2023 00:01:26,ESCANER
2540,"Guatemala",1,"Chinautla",6,222,400,64,6,26,38,3,3,4,3,0,9,8,2,1,3,1,7,6,7,0,6,197,24,7,228,0,228,--,400,172,197,228,228,Algún campo sin dato,1,7b1a0f25d094fb3c688dc15f77fcf6feef78533a056593537ea6cff6146dce7b,25/06/2023 22:23:44,ESCANER
2541,"Guatemala",1,"Chinautla",6,222,400,64,13,31,45,3,1,7,2,3,12,5,1,1,4,0,1,5,13,3,9,223,17,1,241,0,241,--,400,159,223,241,241,Algún campo sin dato,1,a7cbebef9834870a4e4c105b0e52d2973fa1e58c9a84d1663d16d0c4c6cb88e4,25/06/2023 22:40:44,ESCANER
2542,"Guatemala",1,"Chinautla",6,222,400,81,10,18,57,1,3,12,1,3,9,6,0,0,2,3,6,5,6,3,3,229,18,4,251,0,251,--,400,149,229,251,251,Algún campo sin dato,1,1dd621dc70d037c8def1f58d3acfdd4ad80deff389d9c4a1563623dd362bd7cb,25/06/2023 23:11:29,ESCANER
2543,"Guatemala",1,"Chinautla",6,222,400,79,19,23,46,1,3,7,2,3,17,9,2,2,7,1,4,8,10,2,3,248,21,7,276,0,276,--,400,124,248,276,276,Algún campo sin dato,1,7fe84d8baf859c4b3c8461a577ce4b1f5dcedaacbe82c6d92316a616d5e6c7b4,25/06/2023 23:53:50,ESCANER
2544,"Guatemala",1,"Chinautla",6,222,400,,,,,,,,,,,,,,,,,,,,,,,,,,,,,,,,,,0,,,
2545,"Guatemala",1,"Chinautla",6,222,400,69,11,20,64,0,4,2,2,2,10,7,1,0,5,1,5,9,12,2,2,228,23,4,255,0,255,1,400,145,228,255,255,,1,a9d650e306038fd73d01d2697e7ed14bafff8f7462b7aef7a3383dc5438afdd9,26/06/2023 00:34:57,ESCANER
2546,"Guatemala",1,"Chinautla",6,222,400,67,9,29,55,2,4,4,1,2,11,1,0,1,3,2,3,9,10,5,7,225,28,5,258,0,258,--,400,142,225,258,258,Algún campo sin dato,1,021da90e9e67145ba961f5a4ab724143d2309a0f683dad5a7fa9fe8582b86709,25/06/2023 23:48:11,ESCANER
2547,"Guatemala",1,"Chinautla",6,222,400,72,13,28,46,2,2,7,1,5,8,6,2,1,1,0,3,9,12,2,5,225,17,3,245,0,245,--,400,155,225,245,245,Algún campo sin dato,1,cca4e35a34cbc8a3b84a6b3060d605b948a2c56c71df88d9dd41fd4a63c4cf32,25/06/2023 23:41:00,ESCANER
2548,"Guatemala",1,"Chinautla",6,222,400,70,7,29,48,4,2,4,3,3,7,7,0,1,4,4,1,6,7,0,2,209,25,6,240,159,396,--,400,156,209,240,399,Sumas Asentadas sin cuadrar,1,1bbfc24a80aeb5995a2a1a1e31b6a292a6e40dcf8b46f807d2b81d198a35ac12,26/06/2023 01:33:23,ESCANER
2549,"Guatemala",1,"Chinautla",6,223,400,64,12,15,68,1,0,10,2,3,12,4,1,0,4,5,5,8,9,2,2,227,21,4,252,0,252,--,400,148,227,252,252,Algún campo sin dato,1,31571258251e8c9eb54ec9526634ec7c5b6b4557c21e02a43ef9625476c564dd,25/06/2023 22:24:32,ESCANER
2550,"Guatemala",1,"Chinautla",6,223,400,70,13,20,63,0,1,6,2,0,12,6,3,1,2,1,1,4,6,3,5,219,15,2,236,0,236,--,400,164,219,236,236,Algún campo sin dato,1,d05c455303cf23b273069c060e391006f9cd6314ad7f08b316e198528426a7b8,26/06/2023 01:40:56,ESCANER
2551,"Guatemala",1,"Chinautla",6,223,400,59,11,38,64,2,4,15,0,1,10,5,6,3,6,2,3,2,8,2,2,243,8,1,252,0,252,--,400,148,243,252,252,Algún campo sin dato,1,94c8f8097114acb6fdae5c5b61f11e7f034bfa9499f15cc7ada3f50d6ab4a423,25/06/2023 23:39:18,ESCANER
2552,"Guatemala",1,"Chinautla",6,223,400,82,13,28,42,1,0,12,2,0,15,6,2,1,1,3,3,5,5,2,5,229,11,1,241,4,245,--,400,155,228,240,244,Sumas Asentadas sin cuadrar,1,9ba77d2a5fe4570075ab0e0f97e657c678947fd512e891f6938bac198a109642,25/06/2023 23:53:58,ESCANER
2553,"Guatemala",1,"Chinautla",6,223,359,66,8,29,47,2,1,9,1,2,7,4,0,1,3,2,3,2,6,4,4,201,10,1,212,0,212,--,359,147,201,212,212,Algún campo sin dato,1,c6bdca10365fc1df708f24e56571236bf734146db35e6091277e7585fa1b6a8f,26/06/2023 00:46:29,ESCANER
2554,"Guatemala",1,"Chinautla",6,223,359,58,11,22,30,0,0,9,3,1,11,3,1,0,3,0,2,4,5,2,2,167,7,1,175,0,175,--,359,184,167,175,175,Algún campo sin dato,1,eff2ce0388fe33664f9b3ae0ce56668ed49967c9d9112978bf101fc760db8ea1,25/06/2023 23:21:51,ESCANER
2555,"Guatemala",1,"Chinautla",6,224,400,81,9,7,67,3,2,11,3,4,10,4,1,5,4,2,1,5,7,3,6,235,20,0,255,0,255,--,400,145,235,255,255,Algún campo sin dato,1,345f5c8f4bf9ef5c7744a4fd6236938bcefbc503f844e973c65f929f43f0d6fe,25/06/2023 22:49:11,ESCANER
2556,"Guatemala",1,"Chinautla",6,224,400,66,12,16,62,1,1,9,3,3,4,9,1,2,9,2,2,9,10,7,15,243,14,2,259,0,259,--,400,143,243,259,259,Algún campo sin dato,1,5a40229e6494b5b512b8c5c46819bb8c2098461443be4c8a63b27f915fff2f20,25/06/2023 23:48:17,ESCANER
2557,"Guatemala",1,"Chinautla",6,224,400,71,12,17,68,0,2,11,4,0,15,7,1,1,3,0,3,16,4,9,8,247,24,1,272,0,272,--,400,128,252,277,277,Sumas Asentadas sin cuadrar,1,efa7dfae775819c6d793d9546368d8c8648be6c1448264e8bd862cd178008161,26/06/2023 02:12:52,ESCANER
2558,"Guatemala",1,"Chinautla",6,224,400,70,16,11,72,0,3,11,2,2,10,9,0,1,4,1,2,9,5,7,4,239,19,3,261,0,261,--,400,129,239,261,261,Algún campo sin dato,1,91dc2ab6d10c9e27790666c75f96fec26701fcc5cab17294572db35457696247,26/06/2023 01:33:04,ESCANER
2559,"Guatemala",1,"Chinautla",6,224,400,71,9,6,81,2,3,8,1,2,9,6,3,0,2,1,1,9,2,7,5,228,19,4,251,0,228,--,400,149,228,251,251,Sumas Asentadas sin cuadrar,1,dbbb4fd409c2ba97b19edba967338167add33d50ffce3d010f5ad3bc8bdab30f,26/06/2023 00:51:30,ESCANER
2560,"Guatemala",1,"Chinautla",6,224,400,64,11,11,86,1,1,11,5,1,10,6,4,2,--,4,3,9,4,7,4,244,18,2,264,0,264,--,400,136,244,264,264,Algún campo sin dato,1,50cab14979ddfbc867d04c5acb046c74a335207e9840375e0493e94efcb8415e,26/06/2023 00:43:34,ESCANER
2561,"Guatemala",1,"Chinautla",6,224,400,72,11,17,53,2,0,14,4,3,7,13,0,2,3,5,2,8,11,4,3,234,14,4,252,0,252,--,400,148,234,252,252,Algún campo sin dato,1,1a49926d84ee2e20297dc520ecc2134ddf90a756767bf0edbf44c53792cf1f8d,26/06/2023 00:20:15,ESCANER
2562,"Guatemala",1,"Chinautla",6,225,400,69,9,13,72,1,3,8,1,3,4,11,0,2,3,1,1,10,5,8,6,230,18,5,253,0,253,--,400,147,230,253,253,Algún campo sin dato,1,38f7411f88fbf8d300d934b22f44deaf0b46ec51d14ac36129443db906769a41,26/06/2023 00:37:46,ESCANER
2563,"Guatemala",1,"Chinautla",6,225,400,86,7,11,55,3,2,14,0,8,9,12,0,1,7,2,0,7,11,5,6,246,28,2,276,1,277,--,400,123,246,276,277,Algún campo sin dato,1,4dfcdef9dc5cfdf34472c4407ecd33c375034485879880faf119aa3a6e9cff67,26/06/2023 01:00:15,ESCANER
2564,"Guatemala",1,"Chinautla",6,225,400,82,8,11,64,2,3,18,3,0,6,10,2,0,2,4,3,9,6,3,8,244,15,3,262,5,267,--,400,133,244,262,267,Algún campo sin dato,1,b443cd508f017a38f805e8f88aa1a8bab5e81fc8bb8ff60b33e9bab9b6b900bb,26/06/2023 00:32:53,ESCANER
2565,"Guatemala",1,"Chinautla",6,225,400,81,13,15,48,6,1,13,2,1,11,9,4,0,7,7,1,10,4,4,9,246,14,4,264,0,264,--,400,136,246,264,264,Algún campo sin dato,1,77f49ba85bdeaa2b82bfbd7262dfad2f1525327a4a6571a78a4ec6bebf1336d9,26/06/2023 01:10:48,ESCANER
2566,"Guatemala",1,"Chinautla",6,225,400,74,6,6,60,2,0,7,4,3,8,10,0,1,3,1,2,9,4,9,11,220,21,2,243,0,243,--,400,157,220,243,243,Algún campo sin dato,1,724bd68459b2a643dc54ff2d3390e27f141177e7204dc6a4dd56d6afe3b4ae26,26/06/2023 01:43:14,ESCANER
2567,"Guatemala",1,"Chinautla",6,225,400,77,11,9,53,1,1,14,4,1,6,10,1,3,5,2,1,5,4,4,11,223,17,4,244,0,244,--,387,143,223,244,244,Algún campo sin dato,1,dbc20ad922726fe4531524852e827dd2e7a969e6e4d9ef55387b5d83ca28de18,26/06/2023 01:31:07,ESCANER
2568,"Guatemala",1,"Chinautla",6,225,400,80,8,9,62,0,1,21,0,0,6,3,3,2,5,7,4,5,3,5,5,229,13,3,245,0,245,--,400,155,229,245,245,Algún campo sin dato,1,7bc9458b5739cc31aebf37ed21390c39a2c10a3e13974f9e5a781ab8a1b4828a,26/06/2023 01:15:19,ESCANER
2569,"Guatemala",1,"Chinautla",6,225,400,92,9,14,81,5,2,17,4,2,9,13,1,2,0,2,2,3,1,3,6,268,6,2,276,0,276,--,400,124,268,276,276,Algún campo sin dato,1,3e87a7feaad239a082a08aae6a54e3a388c8da1f80f781fbc2bdba0679af80a0,26/06/2023 01:24:29,ESCANER
2570,"Guatemala",1,"Chinautla",6,225,398,80,7,14,46,1,2,8,3,0,4,7,1,2,2,1,1,4,3,3,5,194,10,0,204,0,204,--,395,191,194,204,204,Algún campo sin dato,1,ab9a5b3bb9ae6bb808fde2182593f9468491e30f71ab6809a81b3aee42948832,26/06/2023 00:00:00,ESCANER
2571,"Guatemala",1,"Chinautla",6,225,397,67,11,7,57,0,0,8,1,2,6,10,0,0,0,0,5,5,3,1,13,196,6,4,206,0,206,--,397,191,196,206,206,Algún campo sin dato,1,967ed42b67ed4b17b96cc437b0cdc839a06628ea2d59df98b5898e4f1792695b,26/06/2023 00:13:05,ESCANER
2572,"Guatemala",1,"Chinautla",6,226,380,20,1,4,20,2,2,19,1,5,4,5,2,3,4,2,7,4,0,2,80,187,23,4,214,1,215,1,380,165,187,214,215,,1,4705c758b251de427f19c2f0852a57fa48093c837f4b81148de4adf9a5b3e055,26/06/2023 02:24:54,ESCANER
2573,"Guatemala",1,"Chinautla",6,226,380,24,3,11,18,2,0,19,0,4,6,9,2,0,2,0,5,7,1,0,79,192,21,1,214,0,214,--,380,166,192,214,214,Algún campo sin dato,1,a91d934bf5ce80616f5669130d509f64536b7a31ba33493041dde9d854d71370,25/06/2023 23:48:04,ESCANER
2574,"Guatemala",1,"Chinautla",6,226,380,42,1,4,23,1,0,18,2,4,4,0,0,0,2,2,2,9,0,3,89,206,13,3,222,0,222,--,381,159,206,222,222,Algún campo sin dato,1,20cd1cf3a0504758f44d61b8326dc30b5c16ca16df004c7378f22116a79aa641,26/06/2023 02:56:42,ESCANER
2575,"Guatemala",1,"Chinautla",6,226,380,,,,,,,,,,,,,,,,,,,,,,,,,,,,,,,,,,0,,,
2576,"Guatemala",1,"Chinautla",6,226,380,18,3,7,16,0,3,23,0,2,7,1,2,0,2,3,5,3,1,2,76,174,16,1,191,0,191,--,377,186,174,191,191,Algún campo sin dato,1,767894ab01a789306617023638c367d332b38faf1a0a5e2f34457310151456fc,26/06/2023 02:01:14,ESCANER
2577,"Guatemala",1,"Chinautla",6,226,380,29,2,5,24,1,3,21,0,2,3,6,1,1,3,2,2,4,0,4,68,181,15,3,199,0,199,--,380,181,181,199,199,Algún campo sin dato,1,5938c44ed2b838e7e25ac1e6073cecdd7fbbb0df664ed1ebcc7809c921575b76,26/06/2023 02:44:31,ESCANER
2578,"Guatemala",1,"Chinautla",6,226,380,28,0,9,26,2,1,8,1,3,6,3,1,0,5,1,3,6,1,2,64,170,21,4,195,0,195,--,377,182,170,195,195,Algún campo sin dato,1,4a90045c70357888fc2030216ad3a85b5661410705ee13c511c8666be4c0e088,26/06/2023 02:06:40,ESCANER
2579,"Guatemala",1,"Chinautla",6,226,380,30,3,4,20,2,1,14,2,6,3,6,1,2,1,1,2,4,1,1,64,168,20,3,191,0,191,--,380,189,168,191,191,Algún campo sin dato,1,df3a534ee0f2a56d9d900726ce7a94929fe1fd3ba74edb87fa7b1a227a56e025,26/06/2023 01:53:58,ESCANER
2580,"Guatemala",1,"Chinautla",6,226,380,40,2,9,15,1,1,11,0,1,7,7,0,0,1,1,1,4,1,2,75,179,15,2,196,0,196,--,380,184,179,196,196,Algún campo sin dato,1,5dc0a4dbf86bfe1dfce871b745b1a7f72f95af6c22af71f31484ed50140c0978,26/06/2023 01:22:39,ESCANER
2581,"Guatemala",1,"Chinautla",6,226,375,16,1,8,17,1,0,12,0,4,9,2,2,1,1,0,1,1,1,1,68,146,7,0,153,0,153,--,375,222,146,153,153,Algún campo sin dato,1,05bbf0aecfc57269d0e2603dc9aefa247934c64f1de6df853ef02a9707c51500,26/06/2023 00:24:10,ESCANER
2582,"Guatemala",1,"Chinautla",6,226,375,25,3,13,9,2,1,13,0,1,3,3,1,0,2,1,0,3,1,1,51,133,12,1,146,0,146,--,375,229,133,146,146,Algún campo sin dato,1,bfd386e0cd172b21c0509fc9c511edff7bf5b52c64dd34de20cf77b8bb5ee243,26/06/2023 02:57:52,ESCANER
2583,"Guatemala",1,"Chinautla",6,227,380,71,19,31,24,1,1,7,1,2,3,8,3,1,--,5,3,8,3,27,8,226,32,5,263,--,263,--,380,117,226,263,263,Algún campo sin dato,1,0c0d159e071c6df3bfb648bfe72ea293c08fc4eed98b4d8a8b7d6964a2b03563,25/06/2023 22:44:43,ESCANER
2584,"Guatemala",1,"Chinautla",6,227,380,74,20,27,25,0,1,8,0,2,2,8,0,0,4,0,1,8,2,27,11,220,26,4,250,0,250,1,380,130,220,250,250,,1,f582a10f5dfe69886f0505c0f90ba5e41b4b3dd55c9c43e2dfe65a551ee45ca4,26/06/2023 00:20:16,ESCANER
2585,"Guatemala",1,"Chinautla",6,227,380,65,35,22,36,1,--,4,--,6,2,4,1,3,4,3,1,10,--,42,7,246,16,2,264,0,264,--,380,116,246,264,264,Algún campo sin dato,1,6c66df7b1b85a0527e604ccf94aa5bf670342b84b28f7c62d249ef7b6daa88b9,26/06/2023 00:50:56,ESCANER
2586,"Guatemala",1,"Chinautla",6,227,380,69,22,23,25,2,1,4,1,1,3,8,2,2,5,4,1,6,1,27,7,214,19,2,235,0,235,--,377,142,214,235,235,Algún campo sin dato,1,a697be5f4c454cccf42785ba54c9d3174a2dd3dcaf1c7e64023edfd749049b7e,25/06/2023 23:42:14,ESCANER
2587,"Guatemala",1,"Chinautla",6,227,380,55,19,37,11,3,1,7,1,1,1,7,1,1,1,0,1,4,2,20,9,182,17,1,200,0,200,--,380,180,182,200,200,Algún campo sin dato,1,f0c9bc3afc2211115ce42d8700264f2c7b0c1531106277947c0a87d5b3a016b2,26/06/2023 00:15:59,ESCANER
2588,"Guatemala",1,"Chinautla",6,227,380,72,24,21,19,3,1,6,1,0,1,10,3,0,4,1,2,8,3,24,8,211,17,1,229,0,229,--,380,151,211,229,229,Algún campo sin dato,1,7237a94af39dcb76e8a24829984d41019e1d1d7db6bac2f904149ca461051df3,26/06/2023 00:01:24,ESCANER
2589,"Guatemala",1,"Chinautla",6,227,380,52,26,24,20,2,0,5,3,1,3,6,0,0,4,4,1,9,1,21,4,186,21,1,208,0,208,--,380,172,186,208,208,Algún campo sin dato,1,0efd90d044987845bbf8bad656462096a4b654d5f0d71b0bb42b851b0a460bbd,25/06/2023 22:14:31,ESCANER
2590,"Guatemala",1,"Chinautla",6,227,380,64,17,22,35,2,2,3,0,2,0,4,1,0,5,2,4,11,3,19,2,198,19,4,221,0,221,--,380,159,198,221,221,Algún campo sin dato,1,2205119b3a28c37d221a016d00c4f396fdbd5343f1a6eb8129a18f14e2729335,25/06/2023 23:06:04,ESCANER
2591,"Guatemala",1,"Chinautla",6,227,380,57,18,25,30,1,2,3,1,4,1,5,3,0,4,1,2,7,1,23,9,197,26,5,228,0,228,--,380,152,197,228,228,Algún campo sin dato,1,d89246acc1c9ef8143a32c32e7f86a45c8a39d5624a0f61525988ef6d6a2e7f2,25/06/2023 22:36:34,ESCANER
2592,"Guatemala",1,"Chinautla",6,227,380,58,20,35,24,2,4,8,0,0,2,4,0,0,2,3,2,0,2,18,8,192,30,5,227,0,227,--,377,150,192,227,227,Algún campo sin dato,1,09b4ad28b9df1fe4bea7995b175068252093d7ad206fbbd459f8960af4e5de6e,26/06/2023 00:31:04,ESCANER
2593,"Guatemala",1,"Chinautla",6,227,380,70,19,22,21,1,2,5,0,1,2,4,0,0,5,0,1,5,1,28,7,194,18,7,219,0,219,--,380,161,194,219,219,Algún campo sin dato,1,4d4075cdd501315dfcdf21160e7b3ebd29fedc034fc7c682866354970ec7cd6f,25/06/2023 23:01:12,ESCANER
2594,"Guatemala",1,"Chinautla",6,227,380,62,22,22,31,3,2,6,1,2,2,2,0,0,3,0,0,6,0,21,9,194,15,4,213,0,213,--,380,167,194,213,213,Algún campo sin dato,1,733f10a939c9659506cb8fad8352bbad1016ad13410cdc5acfcb711898325b43,25/06/2023 22:33:11,ESCANER
2595,"Guatemala",1,"Chinautla",6,227,380,66,17,23,22,1,1,4,0,1,1,3,3,0,8,1,0,7,0,20,3,181,20,2,203,0,203,--,380,177,181,203,203,Algún campo sin dato,1,4dee01058b854f4f842df42c5d54425b74093d69cf36df5d60d97c82dd497a28,26/06/2023 01:02:16,ESCANER
2596,"Guatemala",1,"Chinautla",6,227,380,59,19,24,30,0,1,7,1,1,2,3,0,2,3,1,1,2,1,19,7,183,17,1,201,0,201,--,380,179,183,201,201,Algún campo sin dato,1,4e6748885c23c29b99171e8b44346d6dceb384e82a4e8453b5a7bc33c9a7fc43,25/06/2023 23:08:53,ESCANER
2597,"Guatemala",1,"Chinautla",6,227,380,48,20,21,34,0,1,11,0,0,0,3,0,1,7,1,2,3,2,35,5,194,7,2,203,0,203,--,376,173,194,203,203,Algún campo sin dato,1,7210a2244e970aa6a6acc0618f1b4372c185fb45dd5ba1b18a2dcb0b113130c2,26/06/2023 00:57:02,ESCANER
2598,"Guatemala",1,"Chinautla",6,227,380,68,19,24,18,0,0,7,0,0,0,5,0,1,6,2,0,5,1,24,3,183,7,0,190,0,190,--,380,190,183,190,190,Algún campo sin dato,1,a2d1c9b948f60b0daa3d44a95b793296ca19871e3390014c06f78c7e309838a7,25/06/2023 23:42:38,ESCANER
2599,"Guatemala",1,"Chinautla",6,227,232,38,10,11,15,0,0,3,0,0,0,2,0,2,4,1,0,3,0,14,3,106,9,5,120,0,120,--,232,112,106,120,120,Algún campo sin dato,1,2b1f419d469564ae7d6a9b3121f58a1c506acf822d868ace9f38eb9c4ee6ae89,25/06/2023 22:19:28,ESCANER
2600,"Guatemala",1,"Chinautla",6,227,231,34,6,19,8,0,0,1,1,0,0,1,1,0,2,0,2,4,0,10,1,90,8,3,101,0,101,--,231,130,90,101,101,Algún campo sin dato,1,a45f7fcf0ae4fbb1c4d14d859a65c51ebbf574b4971593277de834fedf5c545a,25/06/2023 21:43:00,ESCANER
2601,"Guatemala",1,"Chinautla",6,228,380,57,10,5,53,1,5,10,3,5,9,9,2,2,7,3,4,3,0,9,7,204,31,0,235,0,235,--,380,145,204,235,235,Algún campo sin dato,1,f200b551053c87a90089726b12f136096d8152572d5926648bd8531957b75623,25/06/2023 23:01:09,ESCANER
2602,"Guatemala",1,"Chinautla",6,228,380,66,6,7,41,1,6,11,2,4,3,7,4,1,3,4,9,6,0,13,4,198,28,6,232,0,232,--,380,148,198,232,232,Algún campo sin dato,1,e1c2ffe14ce331c397c87fa251ddb4e167666be53b6fa00b4e11f108f853ec1f,25/06/2023 23:18:37,ESCANER
2603,"Guatemala",1,"Chinautla",6,228,380,53,12,7,40,1,4,16,0,9,9,15,3,1,1,3,9,7,0,10,4,204,23,2,229,0,229,--,380,151,204,229,229,Algún campo sin dato,1,a1f3bd419def32b0d656eb0786d0fb028cfe443b2fe049c8432210c423d35cfe,25/06/2023 22:45:55,ESCANER
2604,"Guatemala",1,"Chinautla",6,228,380,65,12,9,50,0,1,7,0,10,5,11,2,1,1,1,4,11,3,18,4,215,32,2,249,0,249,--,380,131,215,249,249,Algún campo sin dato,1,0577d05091ad7b14dd96f13254cd45bced75b646e12c49e0be9c1a836029144a,25/06/2023 23:51:49,ESCANER
2605,"Guatemala",1,"Chinautla",6,228,380,51,5,10,55,0,0,12,0,4,11,10,2,0,3,3,8,12,0,8,4,204,27,1,232,0,232,--,--,--,198,226,226,Sumas Asentadas sin cuadrar,1,887667623423c4dbcd186b6658b4396cf844666417d396ef01a8c400fbe7c885,26/06/2023 00:12:03,ESCANER
2606,"Guatemala",1,"Chinautla",6,228,380,41,8,5,43,1,0,4,0,6,5,9,3,3,5,0,6,7,3,14,9,172,24,1,197,0,197,--,380,183,172,197,197,Algún campo sin dato,1,21f6c78723aee383570a41949fa6d0385d49e968b06ef8c32c83fe8501b6121c,26/06/2023 01:11:37,ESCANER
2607,"Guatemala",1,"Chinautla",6,228,380,53,5,4,39,1,1,27,2,2,4,9,2,1,6,3,6,6,1,19,5,196,21,0,217,0,217,--,380,163,196,217,217,Algún campo sin dato,1,6e549e23694e530950400ecc7925ad945457c5d7a9615f9644afdaea5a186731,26/06/2023 00:16:21,ESCANER
2608,"Guatemala",1,"Chinautla",6,228,276,37,5,8,29,2,0,19,2,4,0,5,3,0,1,0,5,3,2,12,4,141,15,0,156,0,156,--,273,117,141,156,156,Algún campo sin dato,1,e9495531132b0baa3f6d40c4e06cd02ce221436133c768a3248b3a3adaceb980,25/06/2023 23:27:05,ESCANER
2609,"Guatemala",1,"Chinautla",6,228,276,31,8,3,22,1,0,13,0,2,4,7,0,0,0,3,1,2,1,5,4,107,7,1,115,0,115,--,276,161,107,115,115,Algún campo sin dato,1,de333d3511363112c17272cad9f6a24f1d020c4ee53bd0c3e0e4794e08260bae,25/06/2023 21:32:56,ESCANER
2610,"Guatemala",1,"Chinautla",6,229,380,68,3,18,50,1,2,10,0,4,10,10,3,3,1,4,0,3,0,4,19,213,37,9,259,0,259,--,377,118,213,259,259,Algún campo sin dato,1,44f801fd7461d786dbae18b7e601ac4179a03c7a42587bac86121d07d8cde47d,26/06/2023 02:42:11,ESCANER
2611,"Guatemala",1,"Chinautla",6,229,380,53,1,13,55,2,0,10,3,5,14,4,1,1,1,2,1,8,1,9,21,205,24,4,233,0,233,--,380,147,205,233,233,Algún campo sin dato,1,b71cb95ba12d56a40b06ecbaa34b1dcc96f2b07a37b6d7eda3353da48fed9f7d,25/06/2023 23:54:27,ESCANER
2612,"Guatemala",1,"Chinautla",6,229,380,,,,,,,,,,,,,,,,,,,,,,,,,,,,,,,,,,0,,,
2613,"Guatemala",1,"Chinautla",6,229,380,62,3,19,54,1,1,8,1,1,10,9,3,1,2,2,1,6,0,6,31,221,18,3,242,0,242,--,380,138,221,242,242,Algún campo sin dato,1,a9d95141a107e3927161b35ac545e24f64e8c5895509d8df776bfb5bc6feeddc,26/06/2023 01:56:18,ESCANER
2614,"Guatemala",1,"Chinautla",6,229,380,39,4,14,42,1,3,6,1,0,11,5,0,2,2,4,2,5,2,2,14,159,28,11,198,0,198,--,380,182,159,198,198,Algún campo sin dato,1,24d5271f3d201411ae12628d2b9dd62e6e990f6b5c720fab92e02111aa2cb0f7,26/06/2023 02:29:43,ESCANER
2615,"Guatemala",1,"Chinautla",6,229,231,38,1,22,34,1,0,3,0,1,4,1,3,0,0,2,1,0,0,3,11,125,9,2,136,0,136,--,231,95,125,136,136,Algún campo sin dato,1,7f344b925ca6b05cacf7feba1d80caf47eddeff9a539309e59b8e052cbfcbd49,26/06/2023 00:52:24,ESCANER
2616,"Guatemala",1,"Chinautla",6,229,231,42,4,8,29,0,1,4,0,2,5,1,1,1,0,1,1,3,0,3,8,114,10,0,124,0,124,--,231,107,114,124,124,Algún campo sin dato,1,bf91638a4735ea60ac38154829641cd36ffacb5fffbe42ae0db6a1da30feb98e,25/06/2023 22:49:59,ESCANER
2617,"Guatemala",1,"Chinautla",6,230,380,52,7,65,20,2,5,4,1,4,3,8,1,0,5,13,2,5,3,1,38,239,18,1,258,122,380,--,380,122,239,258,380,Algún campo sin dato,1,d764e5470f5d5651ca1de38bf8f541799e259805cd7495403c2768a38a6b9e21,26/06/2023 02:13:47,ESCANER
2618,"Guatemala",1,"Chinautla",6,230,380,30,8,65,11,5,4,8,2,3,0,5,0,1,6,21,1,5,4,5,37,233,10,2,233,0,233,--,380,147,221,233,233,Sumas Asentadas sin cuadrar,1,b46f2d491b22500da50ebf2a372a3ec9b2875bc3435f2587d46d0b85677c6423,25/06/2023 23:57:43,ESCANER
2619,"Guatemala",1,"Chinautla",6,230,380,44,4,70,20,3,7,4,1,2,1,7,0,2,2,14,0,8,3,4,44,240,20,1,261,0,261,--,381,120,240,261,261,Algún campo sin dato,1,11debaf5a5e2fc49ce65c7bcf2a61a26a223eeb88311b9ae3eff7d6ff40a675e,26/06/2023 02:54:20,ESCANER
2620,"Guatemala",1,"Chinautla",6,230,380,38,5,85,12,0,6,6,2,3,0,7,3,1,1,16,1,8,0,5,26,225,19,3,247,0,247,--,380,130,225,247,247,Algún campo sin dato,1,8d148f9bb79b4eb3f64b7cdd6dc5007698677a3f3c69b43ae80c345937a7fb40,26/06/2023 02:37:39,ESCANER
2621,"Guatemala",1,"Chinautla",6,230,380,40,5,70,18,2,1,5,0,7,1,6,0,2,4,20,6,9,3,2,28,229,15,1,245,1,246,--,380,134,229,245,246,Algún campo sin dato,1,e85f4d2a35955d9eebfc6a0b66b732c0a3125e6818581e9ccf532e121c1a2c51,26/06/2023 01:07:42,ESCANER
2622,"Guatemala",1,"Chinautla",6,230,380,44,4,67,16,1,3,7,0,5,1,8,1,1,4,12,2,6,2,4,28,216,20,5,241,0,241,--,376,135,216,241,241,Algún campo sin dato,1,8de0dfc235695d64a31fcc2900c8423a6265f1f04598de2f189bf54efe83494b,26/06/2023 01:57:58,ESCANER
2623,"Guatemala",1,"Chinautla",6,230,380,37,6,67,10,0,2,10,0,2,1,4,0,1,1,17,0,2,1,4,40,205,14,0,219,0,219,--,377,158,205,219,219,Algún campo sin dato,1,952b85793b2437d3061a2def814f40f060cc5f8d73ba081671af4cccfbc76749,26/06/2023 01:25:03,ESCANER
2624,"Guatemala",1,"Chinautla",6,230,196,17,1,45,4,0,2,4,0,0,1,3,1,0,3,10,1,2,1,4,14,113,5,0,118,0,118,--,--,--,113,118,118,Algún campo sin dato,1,d6b730c0e264ae50647d0bb7aaae0eb572210c339ac675d698f284ecc67d33c4,26/06/2023 00:16:47,ESCANER
2625,"Guatemala",1,"Chinautla",6,230,196,12,3,22,3,3,1,9,1,1,4,4,1,1,2,3,0,4,1,2,11,88,10,0,98,0,98,--,193,95,88,98,98,Algún campo sin dato,1,83dfc4208888b673d49c67461a24d2e9562c502576ca0a2965b2fa161a1ccda8,26/06/2023 00:51:56,ESCANER
2626,"Guatemala",1,"Chinautla",6,231,600,17,9,25,23,2,0,7,2,4,1,13,2,2,2,2,5,14,2,6,10,148,8,3,159,0,159,--,600,441,148,159,159,Algún campo sin dato,1,7ab07e53c7f7d11803b818168f934652c509537218d77a1afff73adc0acad695,25/06/2023 23:22:33,ESCANER
2627,"Guatemala",1,"Chinautla",6,231,600,19,15,46,28,2,1,14,2,4,5,9,3,2,4,5,3,5,3,9,14,193,18,4,215,0,600,--,600,385,193,215,215,Sumas Asentadas sin cuadrar,1,39315c70fc5b8b7c8b823758095eb5b9529d9f20febd499b4c0e1b63a3cf040b,25/06/2023 23:51:38,ESCANER
2628,"Guatemala",1,"Chinautla",6,231,600,15,17,0,30,0,3,17,0,6,3,11,3,2,6,4,7,2,5,8,20,164,45,0,209,0,209,--,547,388,159,204,204,Sumas Asentadas sin cuadrar,1,5e441cbe3da0fe6047e695ee77189ca19a592d96d0d10fdbe63179b55688427a,26/06/2023 03:00:33,ESCANER
2629,"Guatemala",1,"Chinautla",6,231,600,18,21,37,25,2,0,13,3,3,4,7,5,0,6,2,4,5,6,10,13,184,18,4,206,1,207,--,600,393,184,206,207,Algún campo sin dato,1,b6b6e44ca5caecfce9b302e4d43fc6d82348a8d88b86ae02c20f22b0a7952bc9,26/06/2023 02:57:08,ESCANER
2630,"Guatemala",1,"Chinautla",6,231,600,10,7,37,16,3,2,6,2,2,2,2,1,1,5,3,4,3,3,3,7,112,16,5,133,0,133,--,600,464,119,140,140,Sumas Asentadas sin cuadrar,1,f0a62a145f0fbcd9db71d1e3f5c0fe3d832b7612dd439cc29e3c0b6e066a51ca,26/06/2023 02:50:34,ESCANER
2631,"Guatemala",1,"Chinautla",6,231,498,5,2,6,2,0,0,1,0,1,1,0,0,0,1,0,1,3,0,0,3,26,4,1,31,0,31,--,495,464,26,31,31,Algún campo sin dato,1,53bc9de13c560877d56c29b7bd5a88a884b8b2a331180d73bb52190e68bec772,25/06/2023 22:35:12,ESCANER
2632,"Guatemala",1,"Chinautla",6,231,497,7,3,5,3,0,0,0,0,1,2,0,0,0,0,0,0,0,0,0,1,21,1,0,22,0,22,--,495,473,22,23,23,Sumas Asentadas sin cuadrar,1,c06fd3062f9f92be551e8027866e9d604245cdf6e6f6b1d6b4eccdc9b9b089e4,25/06/2023 21:48:12,ESCANER