﻿TIPO_DE_ELECCIÓN:,CORPORACIÓN MUNICIPAL
26 junio 2023 03:36 (UTC -6)
ACTAS_ESPERADAS,ACTAS_CAPTURADAS,PORCENTAJE_ACTAS_CAPTURADAS,ACTAS_CONTABILIZADAS,PORCENTAJE_ACTAS_CONTABILIZADAS,ACTAS_NO_CONTABILIZADAS,LISTA_NOMINAL_ACTAS_CONTABILIZADAS,VOTOS_EMITIDOS_CONTABILIZADAS,PORCENTAJE_PARTICIPACIÓN_CIUDADANA
19,17,89.4736,17,89.4736,0,6566,4796,73.0429

MESA,DEPARTAMENTO,ID_DEPARTAMENTO,MUNICIPIO,ID_MUNICIPIO,CENTRO_DE_VOTACIÓN,PADRÓN,CABAL,MLP,UNE,AZUL,PPG,PPN,MI FAMILIA,VIVA,UR,VAMOS,VICTORIA,VALOR UNIONISTA,VÁLIDOS,NULOS,BLANCO,EMITIDOS,INVÁLIDOS,TOTAL,IMPUGNACIONES,PAPELETAS-RECIBIDAS,PAPELETAS-NO-USADAS,VALIDOS_CALCULADO,EMITIDOS_CALCULADO,TOTAL_CALCULADO,OBSERVACIONES,CONTABILIZADA,CÓDIGO_INTEGRIDAD,FECHA_HORA_PUBLICACIÓN,DIGITALIZACIÓN
5708,"Sacatepéquez",2,"Magdalena Milpas Altas",10,591,400,58,43,23,17,25,6,4,19,2,18,8,49,272,21,2,295,0,295,--,400,105,272,295,295,Algún campo sin dato,1,0203208dcf3c5a448029dc6a6a0fc4c3f88e1783f0a4f1bd4ac11fcc79667ec1,26/06/2023 01:42:36,ESCANER
5709,"Sacatepéquez",2,"Magdalena Milpas Altas",10,591,400,70,39,21,19,18,5,11,15,5,19,11,42,275,26,4,305,95,400,--,400,95,275,305,400,Algún campo sin dato,1,9452a1f57175f4c03e02e32b5d4738355a78e6e18255f1e94b8d3eaace5ec0d7,26/06/2023 01:16:15,ESCANER
5710,"Sacatepéquez",2,"Magdalena Milpas Altas",10,591,400,68,39,18,17,27,9,4,15,3,16,11,56,283,18,0,301,0,301,--,400,99,283,301,301,Algún campo sin dato,1,b50646f23c0254aa176c55da8f278983389c5373a5a4f7d6f60f34aabf607fd6,25/06/2023 23:39:38,ESCANER
5711,"Sacatepéquez",2,"Magdalena Milpas Altas",10,591,400,78,41,9,19,28,11,5,9,3,20,8,62,293,20,5,318,0,318,--,400,82,293,318,318,Algún campo sin dato,1,2ad85c175e7be1a2043c9aa0907cfedc1c1ef49b58d2f6efe249a0913fe590b5,26/06/2023 00:49:59,ESCANER
5712,"Sacatepéquez",2,"Magdalena Milpas Altas",10,591,400,94,38,15,17,35,12,7,5,5,8,6,59,301,13,3,317,0,317,--,400,83,301,317,317,Algún campo sin dato,1,6554619c531dc01f752f6eec724e6ea325fb92df9a9f7cc7547fb06f65237cd2,26/06/2023 00:35:30,ESCANER
5713,"Sacatepéquez",2,"Magdalena Milpas Altas",10,591,400,89,21,23,13,24,3,2,10,1,18,8,64,276,22,4,302,0,302,--,400,98,276,302,302,Algún campo sin dato,1,729ad54b493c8df7e97a7d6713e2158a13bc7a436518f46b8a9fb25f7bd05092,26/06/2023 00:44:30,ESCANER
5714,"Sacatepéquez",2,"Magdalena Milpas Altas",10,591,400,70,36,23,13,40,5,10,9,3,10,10,45,274,11,3,288,0,288,--,400,112,274,288,288,Algún campo sin dato,1,ab48f15143879f587cd1b4001a503be559c22aeb284d752af67292f9445d09f1,25/06/2023 23:49:16,ESCANER
5715,"Sacatepéquez",2,"Magdalena Milpas Altas",10,591,400,48,42,19,10,41,5,2,14,8,19,9,58,275,13,2,290,0,290,--,400,110,275,290,290,Algún campo sin dato,1,410f521f9a0275ba72fef192b65a4db686e5285c9be9f49e000c50df6233a2b4,26/06/2023 03:16:41,ESCANER
5716,"Sacatepéquez",2,"Magdalena Milpas Altas",10,591,400,66,35,23,15,36,5,8,17,3,18,12,59,297,7,1,305,0,305,--,400,95,297,305,305,Algún campo sin dato,1,89812015b0e1d2839c48c3ddb6a530479882f1f856a19fc0a75444b0af6189f7,26/06/2023 01:03:01,ESCANER
5717,"Sacatepéquez",2,"Magdalena Milpas Altas",10,591,400,75,26,14,12,32,10,5,20,4,19,7,52,276,8,3,287,0,287,--,400,113,276,287,287,Algún campo sin dato,1,32045dd95abc2ec57988aeb785ff433b9d07120c52c53bf69e271b1a8a205be4,25/06/2023 23:29:55,ESCANER
5718,"Sacatepéquez",2,"Magdalena Milpas Altas",10,591,400,60,30,22,12,29,8,4,15,2,20,7,47,256,20,2,278,0,278,--,400,122,256,278,278,Algún campo sin dato,1,5bb612271f3ee686632a8475820806912fb3cf879bde32ec5c26aa6580c97f70,26/06/2023 00:38:01,ESCANER
5719,"Sacatepéquez",2,"Magdalena Milpas Altas",10,591,400,75,42,17,20,22,8,7,5,3,13,4,60,276,16,1,293,0,293,--,400,107,276,293,293,Algún campo sin dato,1,ad9a59da66787e0bba2c16c24323f51d4a2083f558c6a6fbb6a66ddcd2537ced,26/06/2023 00:21:12,ESCANER
5720,"Sacatepéquez",2,"Magdalena Milpas Altas",10,591,400,57,43,21,15,31,6,9,9,3,14,6,73,287,14,0,301,0,301,--,400,99,287,301,301,Algún campo sin dato,1,bd1db675ca4c55c62ac1dd56f7099ff5114e10830d3de13397ae4dd1126d0339,26/06/2023 01:37:57,ESCANER
5721,"Sacatepéquez",2,"Magdalena Milpas Altas",10,591,244,,,,,,,,,,,,,,,,,,,,,,,,,,0,,,
5722,"Sacatepéquez",2,"Magdalena Milpas Altas",10,591,244,42,11,18,10,15,9,3,6,2,8,5,39,168,5,2,175,0,175,--,241,66,168,175,175,Algún campo sin dato,1,2681314036af7466ffa3627086d550392f619de6cea6f0bcb47be1ef97089120,25/06/2023 23:54:32,ESCANER
5723,"Sacatepéquez",2,"Magdalena Milpas Altas",10,592,380,,,,,,,,,,,,,,,,,,,,,,,,,,0,,,
5724,"Sacatepéquez",2,"Magdalena Milpas Altas",10,592,360,67,20,82,11,19,4,2,3,6,14,3,24,255,16,4,275,0,275,--,360,85,255,275,275,Algún campo sin dato,1,df49384b8a3e101f4c782999e2bf63e90b57d3161764b9dee44f45a1a43e1a11,26/06/2023 00:50:08,ESCANER
5725,"Sacatepéquez",2,"Magdalena Milpas Altas",10,592,359,66,11,94,14,14,4,2,4,2,16,0,19,246,4,2,252,0,252,--,359,107,246,252,252,Algún campo sin dato,1,120208072bedcb0862c6652f823706204bd794eaa04d6a5614b169041c0be75b,25/06/2023 23:36:33,ESCANER
5726,"Sacatepéquez",2,"Magdalena Milpas Altas",10,593,403,44,24,18,10,19,6,7,5,2,10,8,38,191,19,4,214,0,214,--,403,189,191,214,214,Algún campo sin dato,1,5d01b75535a2b9cbbc886ddcc4f08601b4ed8c1957b27be312c58d47b5104d58,26/06/2023 01:07:37,ESCANER