﻿TIPO_DE_ELECCIÓN:,CORPORACIÓN MUNICIPAL
26 junio 2023 03:36 (UTC -6)
ACTAS_ESPERADAS,ACTAS_CAPTURADAS,PORCENTAJE_ACTAS_CAPTURADAS,ACTAS_CONTABILIZADAS,PORCENTAJE_ACTAS_CONTABILIZADAS,ACTAS_NO_CONTABILIZADAS,LISTA_NOMINAL_ACTAS_CONTABILIZADAS,VOTOS_EMITIDOS_CONTABILIZADAS,PORCENTAJE_PARTICIPACIÓN_CIUDADANA
51,51,100.0000,51,100.0000,0,18245,9399,51.5154

MESA,DEPARTAMENTO,ID_DEPARTAMENTO,MUNICIPIO,ID_MUNICIPIO,CENTRO_DE_VOTACIÓN,PADRÓN,UNE,VAMOS,MLP,TODOS,CABAL,AZUL,SEMILLA,CAMBIO,VIVA,VALOR UNIONISTA,VÁLIDOS,NULOS,BLANCO,EMITIDOS,INVÁLIDOS,TOTAL,IMPUGNACIONES,PAPELETAS-RECIBIDAS,PAPELETAS-NO-USADAS,VALIDOS_CALCULADO,EMITIDOS_CALCULADO,TOTAL_CALCULADO,OBSERVACIONES,CONTABILIZADA,CÓDIGO_INTEGRIDAD,FECHA_HORA_PUBLICACIÓN,DIGITALIZACIÓN
21141,"Petén",17,"Las Cruces",13,3289,400,116,44,4,74,3,1,2,2,5,0,251,12,2,265,0,265,--,400,135,251,265,265,Algún campo sin dato,1,9e48b5c2fa88c059016930d9949f5f3f980e8b7d19d8409ebc2ada1ba5611a9f,26/06/2023 03:04:19,ESCANER
21142,"Petén",17,"Las Cruces",13,3289,400,104,54,1,88,2,1,5,0,4,2,261,8,5,274,0,274,--,396,122,261,274,274,Algún campo sin dato,1,bc7fb12a9fb6290f71dec0a6fdc2c954b527f90f0f7b950499c0c118f09991e1,25/06/2023 23:00:45,ESCANER
21143,"Petén",17,"Las Cruces",13,3289,400,129,46,1,83,1,3,3,0,8,2,276,7,3,286,0,286,--,400,114,276,286,286,Algún campo sin dato,1,1505b6eb21c9dd79668010195c5e79f6f472e6dc9742edb7540c1016c9648691,25/06/2023 23:35:51,ESCANER
21144,"Petén",17,"Las Cruces",13,3289,400,100,42,1,69,0,1,1,0,9,5,228,8,2,238,0,238,--,400,162,228,238,238,Algún campo sin dato,1,197931c2da62a4b35649bdf126087282c1113ac352cbbea9d8e93ffe3ffc5713,26/06/2023 00:35:55,ESCANER
21145,"Petén",17,"Las Cruces",13,3289,400,98,48,2,66,4,2,2,2,3,3,230,10,3,243,0,243,--,400,157,230,243,243,Algún campo sin dato,1,5d5eccd249dc641b27328f82ae57408dda17b982ee44599f911ca329d31c1d06,26/06/2023 00:44:35,ESCANER
21146,"Petén",17,"Las Cruces",13,3289,400,107,45,2,76,1,4,5,2,4,2,248,15,1,264,0,264,--,400,136,248,264,264,Algún campo sin dato,1,3bd814907b11d8afe4264abad139fbc46396f027db5500d1787f0d513d2ac058,26/06/2023 01:43:33,ESCANER
21147,"Petén",17,"Las Cruces",13,3289,400,117,47,2,61,3,0,2,5,4,1,242,11,2,255,0,255,--,400,145,242,255,255,Algún campo sin dato,1,a1f30499be1a435459175868657831f4c69b889f463477813ce859291717418a,26/06/2023 02:55:36,ESCANER
21148,"Petén",17,"Las Cruces",13,3289,400,103,47,1,58,5,1,1,1,6,4,227,9,3,239,0,239,--,400,161,227,239,239,Algún campo sin dato,1,045328cfca367020d78f93ab6d4ab148180b436af9b0abdb265ced8fc99d3bba,26/06/2023 00:29:59,ESCANER
21149,"Petén",17,"Las Cruces",13,3289,400,118,49,3,63,1,1,2,0,4,1,242,9,3,254,0,254,--,400,143,242,254,254,Algún campo sin dato,1,7f3d6a2fd45c31956fb6ab0edb244d295ed0ab7a5e3bdd1efe35b08c23ced642,26/06/2023 01:51:23,ESCANER
21150,"Petén",17,"Las Cruces",13,3289,400,106,47,1,48,1,4,2,2,6,2,219,7,3,229,0,229,--,400,117,219,229,229,Algún campo sin dato,1,926c0f3a4889d994bf6a1ca5250730ddc07af2574043c18867d7235d206eb892,25/06/2023 23:40:10,ESCANER
21151,"Petén",17,"Las Cruces",13,3289,400,114,28,0,54,2,1,1,2,6,3,211,5,1,217,0,217,--,400,183,211,217,217,Algún campo sin dato,1,c21a71374d5eb9ae443dfd8089a99107a2e14a7032c2b5c336290433205455b2,26/06/2023 00:50:56,ESCANER
21152,"Petén",17,"Las Cruces",13,3289,400,116,61,1,51,2,2,2,1,7,2,245,2,1,248,0,248,--,396,148,245,248,248,Algún campo sin dato,1,c2fa10e403b01d1be20bc3d50105d842edb04a132df094195f15315fe5a90461,26/06/2023 01:38:02,ESCANER
21153,"Petén",17,"Las Cruces",13,3289,339,89,34,0,46,2,2,0,1,5,1,180,1,4,185,0,185,1,339,154,180,185,185,,1,6218de391ac3699ca387f27e2631af21cc89b9f2841559d9df18f21872c0a0ec,26/06/2023 01:12:41,ESCANER
21154,"Petén",17,"Las Cruces",13,3289,338,68,22,2,44,2,2,0,1,1,1,143,0,3,146,1,147,--,338,191,143,146,147,Algún campo sin dato,1,f4b53d00f0d84596bcb5a6273e65ab60ea762bd685e51e52a6add8d3c21df8f5,26/06/2023 00:04:56,ESCANER
21155,"Petén",17,"Las Cruces",13,3290,366,70,54,2,58,1,2,0,1,1,2,191,11,6,208,0,208,1,366,157,191,208,208,,1,c001c7cf2917fadfe6610d59d8882bd870973c7eb150763218da5b4809844421,26/06/2023 01:38:18,ESCANER
21156,"Petén",17,"Las Cruces",13,3290,365,63,50,1,57,3,2,0,0,3,2,181,4,3,188,0,188,--,365,177,181,188,188,Algún campo sin dato,1,0587cf882231aee5ebce98f6b9878a3c4af050d51fcec02ba78e21c29dae3727,26/06/2023 02:28:13,ESCANER
21157,"Petén",17,"Las Cruces",13,3291,380,84,54,3,45,4,0,0,2,10,3,205,16,5,226,0,226,--,380,154,205,226,226,Algún campo sin dato,1,dd8f9a3c6985f65d1570e8b3ffe63b842b7b5a6f5f3edf6f5a16e104d438d847,25/06/2023 23:43:06,ESCANER
21158,"Petén",17,"Las Cruces",13,3291,380,55,36,19,52,2,0,0,3,11,0,178,14,5,197,0,197,--,376,179,178,197,197,Algún campo sin dato,1,822bd0e5a0ff7618da2ebd15bedbdadaff1352935f57bfb79768f5e120e2d692,26/06/2023 00:46:16,ESCANER
21159,"Petén",17,"Las Cruces",13,3291,380,42,42,6,45,4,1,1,2,8,4,155,13,0,168,0,168,--,380,212,155,168,168,Algún campo sin dato,1,b5ddecb16304c1ede8c122978aac53194e0fde58a4034961e98ebe049ee8ecdc,26/06/2023 02:02:46,ESCANER
21160,"Petén",17,"Las Cruces",13,3291,380,44,50,2,68,3,0,1,1,9,4,182,14,2,198,0,198,--,377,179,182,198,198,Algún campo sin dato,1,e0e54626a097de0f2e516ff12b27eaf098b865369193c7c0ad2075b7ebfb34f9,26/06/2023 02:37:36,ESCANER
21161,"Petén",17,"Las Cruces",13,3291,380,34,44,1,59,1,3,6,0,6,3,157,14,5,176,204,380,--,380,204,157,176,380,Algún campo sin dato,1,45bb89a487e9733ddddfd049878c5fa9da98f114f7d03a4cf7e77ba01d0830d8,26/06/2023 00:55:27,ESCANER
21162,"Petén",17,"Las Cruces",13,3291,380,48,58,2,53,5,0,0,0,7,0,173,11,6,190,0,190,--,380,190,173,190,190,Algún campo sin dato,1,c459d230bd920ad0b11b4f651af01ccface5d820e23cd84f819b9fe2200df4f2,26/06/2023 01:05:57,ESCANER
21163,"Petén",17,"Las Cruces",13,3291,380,47,41,4,63,2,1,0,1,6,1,166,11,3,180,0,180,--,380,200,166,180,180,Algún campo sin dato,1,c1b1d9a22858cdf9495615edd2f6e4815cfabd0d3c00f206687dca169d70d40e,26/06/2023 01:24:15,ESCANER
21164,"Petén",17,"Las Cruces",13,3291,380,56,31,4,55,1,1,0,1,3,4,156,1,0,157,0,157,--,380,223,156,157,157,Algún campo sin dato,1,b805191ace08711139dd88701a243dc657b878653fb7a656e08904e402569f2f,26/06/2023 02:44:07,ESCANER
21165,"Petén",17,"Las Cruces",13,3291,287,34,31,4,46,1,0,2,0,9,1,128,6,1,135,0,135,--,--,--,128,135,135,Algún campo sin dato,1,c75fe168308d054eefd5264ea16bb52398accb860248fcbb3122d9c68373af90,26/06/2023 00:21:40,ESCANER
21166,"Petén",17,"Las Cruces",13,3291,287,32,19,4,33,2,0,0,1,4,0,95,1,3,99,0,99,--,287,188,95,99,99,Algún campo sin dato,1,e8a52b4b937307fb34ae0462b3bce397489707ef53fccb351b247480a6eaf930,25/06/2023 22:41:09,ESCANER
21167,"Petén",17,"Las Cruces",13,3292,380,61,19,4,44,17,3,7,0,3,6,164,13,2,179,0,179,--,377,198,164,179,179,Algún campo sin dato,1,fde4679a23f5696d00d1f7395b52db4b02d03f46bf83cbe058f6d88c31972a12,26/06/2023 00:16:55,ESCANER
21168,"Petén",17,"Las Cruces",13,3292,380,60,17,2,44,28,1,2,0,1,2,157,16,3,176,0,176,--,380,204,157,176,176,Algún campo sin dato,1,45acffbb7cc0bd07e0bb181a128bc6800ec0d2cecde7bf189cf8d4fd2ec0fa4e,26/06/2023 00:07:25,ESCANER
21169,"Petén",17,"Las Cruces",13,3292,303,36,9,3,32,14,0,2,0,3,3,102,8,2,112,0,112,--,303,191,102,112,112,Algún campo sin dato,1,e3493eb218a6088372089626431385156bd364a24d40df83ecca174a6fcca1eb,26/06/2023 00:01:50,ESCANER
21170,"Petén",17,"Las Cruces",13,3292,303,41,13,0,32,11,0,2,0,3,1,103,4,2,109,0,109,--,303,194,103,109,109,Algún campo sin dato,1,40a3bd8d02a1678ad4d33b4981ed451f18abf87e9f797fed64f483c2e0b51336,25/06/2023 23:38:34,ESCANER
21171,"Petén",17,"Las Cruces",13,3293,380,36,71,7,41,3,3,1,1,2,3,168,17,2,187,0,187,--,380,193,168,187,187,Algún campo sin dato,1,22fa4a951c14e866d32956673e54e9ba83485621185ca2057539da47abb6c398,26/06/2023 03:06:17,ESCANER
21172,"Petén",17,"Las Cruces",13,3293,380,31,72,2,33,2,0,2,0,2,3,147,16,3,166,0,166,--,380,214,147,166,166,Algún campo sin dato,1,eb5fd7193e72b0f59df3dfb6d36fffd40240f3b0080bc0eac711a62745b920fd,26/06/2023 01:28:00,ESCANER
21173,"Petén",17,"Las Cruces",13,3293,380,37,71,2,47,3,1,2,0,1,6,170,11,1,182,0,182,--,380,198,170,182,182,Algún campo sin dato,1,c625e046a6cc79365c7154433ee464a9bac633beec453e26966e8d6d70c5feac,26/06/2023 02:34:42,ESCANER
21174,"Petén",17,"Las Cruces",13,3293,380,24,63,4,48,3,1,1,1,1,11,157,22,5,184,0,184,--,380,196,157,184,184,Algún campo sin dato,1,6455d512f99c5ce7c5039053146a89453c1286e088210e1d975487304261e150,26/06/2023 01:18:13,ESCANER
21175,"Petén",17,"Las Cruces",13,3293,380,27,55,3,28,3,1,1,0,1,9,128,20,6,154,0,154,--,380,226,128,154,154,Algún campo sin dato,1,6376336cfeca4cfd31df90cf6c0b003bca44822aae5636129f4bd29f81872206,26/06/2023 03:32:52,ESCANER
21176,"Petén",17,"Las Cruces",13,3293,380,41,74,3,42,0,1,2,0,2,4,169,8,2,179,0,179,--,380,201,169,179,179,Algún campo sin dato,1,f47658289a920036eb26ab1aeebb546baff4ea7b97279b1e371ad8763a703be4,26/06/2023 01:00:37,ESCANER
21177,"Petén",17,"Las Cruces",13,3293,231,17,45,1,27,0,0,0,0,0,2,92,3,2,97,0,97,1,231,134,92,97,97,,1,57a741eaadecdbc341c6a0c1db71413a55e95c69e24b489ec2159ca7c7375be1,26/06/2023 00:39:38,ESCANER
21178,"Petén",17,"Las Cruces",13,3293,230,15,28,3,20,1,0,1,0,0,3,71,15,4,90,0,90,--,230,140,71,90,90,Algún campo sin dato,1,45107344331e7f06b719c3b2a027642c0e9a0f19bd37efe2ab15b38d7ff83bcb,26/06/2023 01:41:36,ESCANER
21179,"Petén",17,"Las Cruces",13,3294,277,44,17,2,47,8,1,2,0,2,3,126,2,4,132,0,132,--,277,145,126,132,132,Algún campo sin dato,1,dd625df607c193c35da4955539b62929289ef2a9f44335a819da8f883a61733a,26/06/2023 00:07:32,ESCANER
21180,"Petén",17,"Las Cruces",13,3294,277,38,8,3,33,5,0,0,0,1,5,93,9,2,104,0,104,--,274,170,93,104,104,Algún campo sin dato,1,249f2d922b308ed5edf2760c9ff1a30961377e1bab443b9969d36b67a692df99,25/06/2023 23:07:46,ESCANER
21181,"Petén",17,"Las Cruces",13,3295,380,49,104,0,28,2,2,4,0,5,4,198,21,5,224,0,224,--,380,156,198,224,224,Algún campo sin dato,1,0abb892ead40a07c4895065ebb167104caf44e6cb7c530684901fd1830600c8a,26/06/2023 01:20:26,ESCANER
21182,"Petén",17,"Las Cruces",13,3295,380,48,95,1,32,2,2,2,0,1,6,189,14,4,207,0,207,--,380,173,189,207,207,Algún campo sin dato,1,b437d6e63a2c9d8517eb369b292ef936ff7efae9e0c27af3beeec235a115c590,26/06/2023 00:43:48,ESCANER
21183,"Petén",17,"Las Cruces",13,3295,380,46,102,0,22,4,1,2,0,0,2,179,18,2,199,0,199,--,380,181,179,199,199,Algún campo sin dato,1,4162cd65653c1f4deb99a1518644c698c4786201141c82140974981da698cf46,25/06/2023 22:04:18,ESCANER
21184,"Petén",17,"Las Cruces",13,3295,380,41,111,1,24,1,0,2,0,0,8,188,19,5,212,0,212,--,380,168,188,212,212,Algún campo sin dato,1,a5991fdb2b8d59de39afb0dbbc8dbec7543c052b6ccd3f5df7d78e5b4f8b9752,26/06/2023 03:09:58,ESCANER
21185,"Petén",17,"Las Cruces",13,3295,341,39,109,1,22,7,0,0,0,0,1,179,9,4,192,0,192,--,341,149,179,192,192,Algún campo sin dato,1,93610da57764c4c684d4106567b15cdae7cac502b206a17b3c8bf223c60da14e,26/06/2023 01:38:00,ESCANER
21186,"Petén",17,"Las Cruces",13,3295,341,31,71,0,27,4,1,0,0,3,6,143,6,2,151,0,151,--,341,190,143,151,151,Algún campo sin dato,1,766a3fa5aaed90618cdfa89d0f8d2a5cc635710db77012466c436af798ffb509,26/06/2023 01:47:42,ESCANER
21187,"Petén",17,"Las Cruces",13,3296,380,66,36,1,46,7,0,9,0,3,4,172,18,1,191,0,191,--,380,189,172,191,191,Algún campo sin dato,1,a1bc1d629335f7c772c757a3b8040ac7afde4000bd6c4e690d202150844f01c3,26/06/2023 01:01:57,ESCANER
21188,"Petén",17,"Las Cruces",13,3296,380,48,28,1,44,4,1,8,0,3,13,150,8,1,159,0,159,--,377,218,150,159,159,Algún campo sin dato,1,9f6896af495f98eb4d0ef31270c97712eeb839c3beea6b2537402103a88fa845,25/06/2023 23:40:29,ESCANER
21189,"Petén",17,"Las Cruces",13,3296,380,66,29,4,33,6,5,3,0,4,8,158,14,6,178,0,178,--,380,203,158,178,178,Algún campo sin dato,1,c6d5cc25d0cae26b463632849c23162204718e4b2c98d8287fbb82d063712831,26/06/2023 01:23:18,ESCANER
21190,"Petén",17,"Las Cruces",13,3296,210,33,15,2,24,4,0,3,0,2,6,89,3,0,92,0,92,--,210,118,89,92,92,Algún campo sin dato,1,be9f921d1d268d3e7b35926261b56ae545b3f8c3827fd6fd89b926e921f139ad,25/06/2023 21:34:20,ESCANER
21191,"Petén",17,"Las Cruces",13,3296,210,31,16,3,15,1,0,1,1,1,7,76,2,0,78,0,78,--,213,135,76,78,78,Algún campo sin dato,1,10f9caf661b4c9a8eb2aa8985b1e87a91d1aa85e9c3a00006aee553d3a65d597,25/06/2023 22:23:26,ESCANER