﻿TIPO_DE_ELECCIÓN:,CORPORACIÓN MUNICIPAL
26 junio 2023 03:36 (UTC -6)
ACTAS_ESPERADAS,ACTAS_CAPTURADAS,PORCENTAJE_ACTAS_CAPTURADAS,ACTAS_CONTABILIZADAS,PORCENTAJE_ACTAS_CONTABILIZADAS,ACTAS_NO_CONTABILIZADAS,LISTA_NOMINAL_ACTAS_CONTABILIZADAS,VOTOS_EMITIDOS_CONTABILIZADAS,PORCENTAJE_PARTICIPACIÓN_CIUDADANA
112,107,95.5357,107,95.5357,0,38218,20637,53.9981

MESA,DEPARTAMENTO,ID_DEPARTAMENTO,MUNICIPIO,ID_MUNICIPIO,CENTRO_DE_VOTACIÓN,PADRÓN,VIVA,UNE,CABRA,MLP,VAMOS,CABAL,TODOS,PPN,PHG,PODEMOS,CAMBIO,VALOR UNIONISTA,VÁLIDOS,NULOS,BLANCO,EMITIDOS,INVÁLIDOS,TOTAL,IMPUGNACIONES,PAPELETAS-RECIBIDAS,PAPELETAS-NO-USADAS,VALIDOS_CALCULADO,EMITIDOS_CALCULADO,TOTAL_CALCULADO,OBSERVACIONES,CONTABILIZADA,CÓDIGO_INTEGRIDAD,FECHA_HORA_PUBLICACIÓN,DIGITALIZACIÓN
20890,"Petén",17,"Sayaxché",10,3249,400,14,39,48,3,35,1,23,6,14,3,0,0,186,20,5,211,0,211,0,397,186,186,211,211,,1,f2952933a19cf28dffd1251f60a1432000aec1195b70db62acb53ad895790b77,26/06/2023 01:48:41,ESCANER
20891,"Petén",17,"Sayaxché",10,3249,400,20,48,65,3,42,3,16,3,9,2,0,2,213,7,0,220,0,220,--,400,180,213,220,220,Algún campo sin dato,1,cd9d3c930952eccbc77fc9d5b8b2d675be7f8f84bfb51d8d930f8c587fd80288,26/06/2023 02:58:08,ESCANER
20892,"Petén",17,"Sayaxché",10,3249,400,26,35,60,3,47,3,33,4,8,1,4,0,224,8,1,233,0,233,--,400,167,224,233,233,Algún campo sin dato,1,64087eef16a49921f629c91f281b20c351498f7de9991bf7e5ee604c41dc3718,25/06/2023 21:48:02,ESCANER
20893,"Petén",17,"Sayaxché",10,3249,400,27,50,60,0,43,4,15,10,9,2,2,0,222,17,4,243,0,243,--,400,157,222,243,243,Algún campo sin dato,1,98fe4def8c7756f9381d7b31c00398c9ec48ff1cbd4cc3c4fefa273fac7e4e07,25/06/2023 22:39:14,ESCANER
20894,"Petén",17,"Sayaxché",10,3249,400,23,37,63,1,38,1,23,2,11,2,0,0,201,17,1,219,0,219,--,400,181,201,219,219,Algún campo sin dato,1,2c9890af0bbe0534902a836a9e0b1ac874e19640c45dc3ef80a88625870ade06,26/06/2023 02:08:32,ESCANER
20895,"Petén",17,"Sayaxché",10,3249,400,13,33,72,2,41,2,21,6,16,3,1,4,214,11,5,230,0,230,--,400,170,214,230,230,Algún campo sin dato,1,fa2ff497676f33ddb3d8e87169046732bc2d4f333376586dd6541a2661140b4a,26/06/2023 01:36:12,ESCANER
20896,"Petén",17,"Sayaxché",10,3249,400,16,55,71,2,38,2,24,6,16,--,1,4,235,14,4,253,0,253,--,400,147,235,253,253,Algún campo sin dato,1,9f9fce6c266ac1582e266d2fede0fcc6be57b321d51b9bf4e8b8917f5db2e0fd,26/06/2023 00:23:25,ESCANER
20897,"Petén",17,"Sayaxché",10,3249,400,11,44,56,--,32,2,28,9,10,2,2,1,197,4,1,202,0,202,--,400,198,197,202,202,Algún campo sin dato,1,30e8a87be7330eded33d7c0d9151a7c156f1b273eb8c1f6e00ca154390ae3095,25/06/2023 21:55:42,ESCANER
20898,"Petén",17,"Sayaxché",10,3249,400,15,27,50,1,37,1,15,4,13,1,0,0,164,9,2,175,0,175,--,397,222,164,175,175,Algún campo sin dato,1,9888b27c287b55279a6bd51c076e5233198ece78412c00490694321fb9e4be08,25/06/2023 23:13:40,ESCANER
20899,"Petén",17,"Sayaxché",10,3249,400,15,42,56,2,43,2,16,1,13,1,0,1,192,11,1,204,0,204,--,400,196,192,204,204,Algún campo sin dato,1,30fd2aac62b373dfb07207ee40f4234655fe6492003e423e98f7f67f0ecd7c79,25/06/2023 23:45:05,ESCANER
20900,"Petén",17,"Sayaxché",10,3249,400,17,41,71,2,41,0,13,7,13,2,1,0,208,12,3,223,0,223,--,400,177,208,223,223,Algún campo sin dato,1,582d4c85038de2e18150899e8964a7cd3a1cce7ea894dd1da6e892b319d72568,26/06/2023 00:54:39,ESCANER
20901,"Petén",17,"Sayaxché",10,3249,400,23,31,56,2,49,4,13,3,13,1,0,0,195,10,0,205,1,206,--,400,194,195,205,206,Algún campo sin dato,1,e9021bc8762a5fbd258ed91134ea74f6dc9a8a57902c66f6c0552370dd7cc811,26/06/2023 00:59:45,ESCANER
20902,"Petén",17,"Sayaxché",10,3249,400,19,51,47,1,44,2,17,2,20,2,0,1,206,12,1,219,0,219,--,400,181,206,219,219,Algún campo sin dato,1,b8459cd8b96cd38bd1fc43d68a5cbba104e92db80fdf4249c0dfc7a57f8aa5f7,25/06/2023 22:56:18,ESCANER
20903,"Petén",17,"Sayaxché",10,3249,400,7,37,55,1,29,3,14,6,17,1,0,0,170,18,1,189,0,189,--,400,211,170,189,189,Algún campo sin dato,1,e1ece1283c05f2e860b53e32b1b0b71437783a4369d68fa87da3f12d140171c9,26/06/2023 01:33:27,ESCANER
20904,"Petén",17,"Sayaxché",10,3249,400,14,33,56,2,39,2,12,1,8,1,2,0,170,16,1,187,0,187,--,400,213,170,187,187,Algún campo sin dato,1,769b14b7f68ebd6d6355a0c22ae95b7796f3dcd164a6a6cc5ec138109052b9fd,25/06/2023 22:38:25,ESCANER
20905,"Petén",17,"Sayaxché",10,3249,400,19,29,59,1,48,0,17,8,7,1,0,0,189,1,0,190,4,194,0,400,206,189,190,194,,1,b9ad5965a26918e127474fbfc535b64b5a9f5cf747d9300b3b3383295febc5cc,26/06/2023 02:12:02,ESCANER
20906,"Petén",17,"Sayaxché",10,3249,400,24,40,68,1,38,0,14,4,15,4,2,0,210,7,1,218,0,218,--,401,183,210,218,218,Algún campo sin dato,1,86849b5c4d9eac4c893ad7cbc98e1f1fd56a3a09f72db8521e5fa21634fa46f3,25/06/2023 22:15:45,ESCANER
20907,"Petén",17,"Sayaxché",10,3249,400,25,40,66,4,36,1,15,4,17,1,1,0,210,4,0,214,0,214,0,400,186,210,214,214,,1,dac5d56dfee2ee7fd5187047af6a1055badfc45e2b44ad6a7d3876b5ec3d10b9,25/06/2023 22:44:06,ESCANER
20908,"Petén",17,"Sayaxché",10,3249,271,7,30,38,1,27,2,5,5,4,3,1,0,123,3,1,127,0,127,--,271,144,123,127,127,Algún campo sin dato,1,a17f6d8c2b34901151ba9d68bcfc7bef8afac906ccc2c46a84a9fe788397655e,25/06/2023 20:45:32,ESCANER
20909,"Petén",17,"Sayaxché",10,3249,270,12,24,28,1,26,1,12,1,11,1,0,0,117,9,1,127,0,127,--,270,143,117,127,127,Algún campo sin dato,1,fb3098dbf35765ad2455b824710246c4e37febe3b24ac0d18470b5c11a59db06,25/06/2023 21:39:50,ESCANER
20910,"Petén",17,"Sayaxché",10,3250,291,6,48,18,0,3,0,19,0,12,0,0,1,107,17,2,126,0,126,--,291,165,107,126,126,Algún campo sin dato,1,1a2d36b1df922617e21a2cbdb46c4f1654c9991e181c1813b1fc57af4ddbbf02,26/06/2023 01:02:03,ESCANER
20911,"Petén",17,"Sayaxché",10,3251,288,6,22,16,0,37,3,5,3,10,1,0,1,104,3,1,108,0,108,--,285,177,104,108,108,Algún campo sin dato,1,70613c9a4ae18eb7b3b630dfc83109fc78543c15a3b33c053ff566e33fb1acf0,25/06/2023 23:59:08,ESCANER
20912,"Petén",17,"Sayaxché",10,3252,330,10,40,33,0,26,2,11,1,18,1,0,0,142,17,6,165,0,165,--,330,165,142,165,165,Algún campo sin dato,1,55936250f94b6049a401174ca32e0e577cbf95f7b36b869d704cd5f2c2168ceb,25/06/2023 22:45:59,ESCANER
20913,"Petén",17,"Sayaxché",10,3252,329,8,22,36,0,26,3,7,1,14,1,0,0,118,10,4,132,0,132,--,328,196,118,132,132,Algún campo sin dato,1,836172c0992db55f51886a29fa338523e0c787451ba63a7f9eef66c515466402,26/06/2023 00:48:09,ESCANER
20914,"Petén",17,"Sayaxché",10,3253,254,9,21,15,0,43,0,9,0,6,0,2,0,105,16,4,125,0,125,--,254,129,105,125,125,Algún campo sin dato,1,60cafb4baee0981c11bd55d846d6f941500cce0e4bae87f37b3dff6fca88291c,25/06/2023 21:48:55,ESCANER
20915,"Petén",17,"Sayaxché",10,3253,254,5,14,15,0,37,0,6,0,7,0,3,0,87,4,3,94,0,94,--,251,157,87,94,94,Algún campo sin dato,1,cc6cc2e422eb38554af8e3b15df061530f9b969b80bd2be4208dbd0b97bfebe1,25/06/2023 22:29:16,ESCANER
20916,"Petén",17,"Sayaxché",10,3254,380,2,59,67,1,67,0,12,0,0,1,0,3,212,20,5,237,0,237,--,380,143,212,237,237,Algún campo sin dato,1,79b8c3c624cf77eb9cb85697de733683ef926b1a79767370532b956cfc18ab72,25/06/2023 22:48:40,ESCANER
20917,"Petén",17,"Sayaxché",10,3254,380,3,56,84,3,59,0,10,1,1,0,0,2,235,12,4,235,0,235,--,380,145,219,235,235,Sumas Asentadas sin cuadrar,1,a9552e9bd2f51b0c0021d679100841e2af8acc6b2f07df47ee1f354b8053606c,26/06/2023 02:20:42,ESCANER
20918,"Petén",17,"Sayaxché",10,3254,380,3,42,57,1,58,1,9,1,0,1,1,2,176,33,10,219,0,219,--,380,161,176,219,219,Algún campo sin dato,1,e077df93f7ac45e36bdb7303e12a63d424a15e6bf590cb407797e71d82f12dc2,26/06/2023 01:19:44,ESCANER
20919,"Petén",17,"Sayaxché",10,3254,380,1,53,69,1,62,0,8,0,1,2,0,2,199,30,3,232,0,232,--,380,148,199,232,232,Algún campo sin dato,1,0e4dfab841af102742acefcd31d1182626928f753a97786df6f6401d5bd228e2,26/06/2023 01:15:28,ESCANER
20920,"Petén",17,"Sayaxché",10,3254,380,,,,,,,,,,,,,,,,,,,,,,,,,,0,,,
20921,"Petén",17,"Sayaxché",10,3254,372,3,53,55,1,66,0,4,0,1,0,0,0,183,13,0,196,0,196,--,369,173,183,196,196,Algún campo sin dato,1,be1d647f68a46a76ab2452d655c824d4a4f72080f4affd9f50a3ec781d8fe955,26/06/2023 02:04:14,ESCANER
20922,"Petén",17,"Sayaxché",10,3254,371,6,42,56,2,47,1,4,1,2,0,1,1,163,18,3,184,0,184,--,368,184,163,184,184,Algún campo sin dato,1,c264b0d9c384a589b7f80af5754f284c77513a665135ad76152b3e163b675638,26/06/2023 01:50:32,ESCANER
20923,"Petén",17,"Sayaxché",10,3255,380,7,73,11,0,44,1,22,11,0,0,1,0,170,21,7,198,0,198,--,380,182,170,198,198,Algún campo sin dato,1,31a499835323009eaa60758c395d2827090e674867b71188dc9f00c1b426c7a9,26/06/2023 01:37:36,ESCANER
20924,"Petén",17,"Sayaxché",10,3255,380,12,61,6,0,54,2,29,5,0,0,0,0,169,17,11,197,0,197,--,370,173,169,197,197,Algún campo sin dato,1,aeddd4ff61793d6d1c0073deb3b31753c3c76a79bf1bd7de94fc6c5bc6ef54fc,25/06/2023 21:40:27,ESCANER
20925,"Petén",17,"Sayaxché",10,3255,380,5,68,12,2,47,2,38,0,1,0,1,1,177,19,7,203,0,203,--,377,174,177,203,203,Algún campo sin dato,1,8f2cbad02b7abac28d2ec3ba5104a3fef2bcfb891a51679e7cdefe03a0eef1fc,26/06/2023 01:19:40,ESCANER
20926,"Petén",17,"Sayaxché",10,3255,380,10,69,11,1,46,1,37,3,1,0,0,1,180,12,8,200,0,200,--,379,179,180,200,200,Algún campo sin dato,1,242b14d391d77a972003e66dd6cda7e25a890e20b7117b2671105c5adb8a707a,26/06/2023 02:06:14,ESCANER
20927,"Petén",17,"Sayaxché",10,3255,380,9,70,7,0,45,1,24,10,2,1,0,1,170,4,12,186,14,200,0,320,180,170,186,200,,1,e3d9627bd865a7fb98c4f59e3044f78ee96cf6e646537d7997665e08d7cf7c38,25/06/2023 22:49:06,ESCANER
20928,"Petén",17,"Sayaxché",10,3255,380,8,53,5,0,34,1,42,5,1,1,0,8,158,24,4,186,0,186,--,377,191,158,186,186,Algún campo sin dato,1,0e80c70d98fb475ee964ec97d9cddc7f814f0ca9538e495407e9fba7cd275950,26/06/2023 00:01:06,ESCANER
20929,"Petén",17,"Sayaxché",10,3255,380,13,55,8,0,36,4,22,3,2,1,0,1,145,19,9,173,0,145,--,380,207,145,173,173,Sumas Asentadas sin cuadrar,1,b9a2af92db5ffb2ec78023735788adad2269b7ae6f277d881f0fc208a4e5d955,26/06/2023 00:13:31,ESCANER
20930,"Petén",17,"Sayaxché",10,3255,380,11,50,7,0,37,3,30,4,0,0,1,0,143,10,1,154,0,154,0,377,223,143,154,154,,1,85831aec1294a7bb0d8e33d7f69383458601469aeebd33db481a95895c6997cc,25/06/2023 23:03:12,ESCANER
20931,"Petén",17,"Sayaxché",10,3255,311,8,39,7,1,49,0,39,5,2,0,0,1,151,7,0,158,0,158,--,311,153,151,158,158,Algún campo sin dato,1,c1267c0dd3b8cdf382bfe722b5799e84277c8eb87d1e20a797802087b85f5346,25/06/2023 23:23:51,ESCANER
20932,"Petén",17,"Sayaxché",10,3255,311,6,38,6,0,25,1,27,5,0,0,0,1,109,6,3,118,0,118,--,308,190,109,118,118,Algún campo sin dato,1,3d589b83a60153fd7b9962401a418c072d035f408982f7a039f6a66229badc7a,25/06/2023 20:56:58,ESCANER
20933,"Petén",17,"Sayaxché",10,3256,380,8,42,70,4,59,3,4,3,4,0,1,0,198,30,7,235,0,235,0,380,145,198,235,235,,1,15585708c9681a69625e967001d2e32cf5562109c01292b8a40f3d0a857c20f5,26/06/2023 02:14:41,ESCANER
20934,"Petén",17,"Sayaxché",10,3256,380,5,33,66,0,78,2,10,1,4,1,1,1,202,29,5,236,0,236,--,380,144,202,236,236,Algún campo sin dato,1,74956c6539a759eeff8f76163797fb0b467d412247d765e251bb6e81d2c035d2,26/06/2023 01:27:48,ESCANER
20935,"Petén",17,"Sayaxché",10,3256,380,7,41,75,3,63,4,10,6,1,0,2,1,213,35,132,248,0,380,--,380,127,213,380,380,Sumas Asentadas sin cuadrar,1,f0f49f0eef38ddeec9a825fa9b6f31eb5d5b1bbf068b5942bdd274b73df673a3,26/06/2023 02:16:19,ESCANER
20936,"Petén",17,"Sayaxché",10,3256,380,,,,,,,,,,,,,,,,,,,,,,,,,,0,,,
20937,"Petén",17,"Sayaxché",10,3256,380,11,33,78,1,61,4,9,5,4,0,1,1,208,12,3,223,0,223,--,380,157,208,223,223,Algún campo sin dato,1,87cb42cde6799bd2e052f7666369c421a6913f39786b83e174795ca71f0891eb,26/06/2023 01:46:14,ESCANER
20938,"Petén",17,"Sayaxché",10,3256,380,,,,,,,,,,,,,,,,,,,,,,,,,,0,,,
20939,"Petén",17,"Sayaxché",10,3256,380,6,38,63,0,68,6,10,3,2,0,1,0,197,11,2,210,0,210,--,380,170,197,210,210,Algún campo sin dato,1,8d75768edd753ba51725c9603df1a9629240350f4ed629aeac4d7a123373ef1d,26/06/2023 01:09:54,ESCANER
20940,"Petén",17,"Sayaxché",10,3256,380,5,28,87,0,67,3,13,3,1,0,2,2,211,24,3,238,0,238,0,380,142,211,238,238,,1,8f20875b80e4db650a2665afa1b84dc87f3a419a500fb1d4801130b2b2e60fec,26/06/2023 02:15:28,ESCANER
20941,"Petén",17,"Sayaxché",10,3257,380,8,19,60,1,66,5,10,4,0,0,0,0,173,24,7,204,176,380,--,380,176,173,204,380,Algún campo sin dato,1,4555fe068a8f3063156a4519d923044fa713af8476af795a10bd94a1c788b2c8,26/06/2023 01:57:34,ESCANER
20942,"Petén",17,"Sayaxché",10,3257,380,3,34,55,0,76,1,5,3,3,0,1,0,181,15,3,199,0,199,--,380,181,181,199,199,Algún campo sin dato,1,10f83970a50205afbe26b1f53aa31dfe243b9c064a2edb730150542d583b65bc,26/06/2023 01:34:25,ESCANER
20943,"Petén",17,"Sayaxché",10,3257,366,7,17,82,2,74,1,6,3,4,1,1,0,198,5,1,204,0,204,--,363,159,198,204,204,Algún campo sin dato,1,bb505cef23ba59e063d2487b81d602a99d5f884273001b0eec9a2bfeb73b4d9f,26/06/2023 00:02:59,ESCANER
20944,"Petén",17,"Sayaxché",10,3257,366,4,25,56,3,53,2,5,9,3,0,0,0,160,17,2,179,0,179,--,366,184,160,179,179,Algún campo sin dato,1,c743f6e532ee8d1718339946a527dfa40de013dd0b8b80fd17d9febd9bd28900,26/06/2023 02:14:13,ESCANER
20945,"Petén",17,"Sayaxché",10,3258,380,12,29,73,4,28,3,6,2,0,0,3,1,161,25,6,192,0,192,--,377,185,161,192,192,Algún campo sin dato,1,7b637d9f9f112840be0fcd93953aa46d2222d38d0e628173b7367c3f36655fa3,26/06/2023 01:29:28,ESCANER
20946,"Petén",17,"Sayaxché",10,3258,380,7,24,78,2,54,6,6,1,0,0,2,0,180,18,5,203,4,207,--,377,170,180,203,207,Algún campo sin dato,1,d609e1b3388dbc44f020d4e0fd032a1a33c4f24fae9ba387d29bba3f0cc581f1,26/06/2023 00:49:37,ESCANER
20947,"Petén",17,"Sayaxché",10,3258,380,4,25,88,1,42,10,8,0,0,0,0,1,179,19,6,203,0,203,0,380,177,179,204,204,Sumas Asentadas sin cuadrar,1,9556a12e92d8b01068932b4e581a772684e70d1505c02b893bd854f266c54607,25/06/2023 23:11:23,ESCANER
20948,"Petén",17,"Sayaxché",10,3258,380,6,34,76,4,33,7,9,1,0,1,2,0,173,17,7,197,0,197,--,380,183,173,197,197,Algún campo sin dato,1,b4533ea4def7807487596b6b958fc00508831e0d944215da52b9beabbc861d72,25/06/2023 22:23:01,ESCANER
20949,"Petén",17,"Sayaxché",10,3258,380,7,36,87,1,37,3,2,0,0,1,1,0,175,18,5,198,0,198,--,380,182,175,198,198,Algún campo sin dato,1,845419985db2b84a5285906239136a823669853791faf2dbc81e55d2b6fe7bb7,26/06/2023 01:24:14,ESCANER
20950,"Petén",17,"Sayaxché",10,3258,380,5,33,95,0,32,10,7,0,0,0,1,1,184,42,0,256,0,226,--,380,154,184,226,226,Sumas Asentadas sin cuadrar,1,cd2ff376b8b62a38b17177b409d0a6e82b85554964b36b0e62a62a8168ba31e7,26/06/2023 02:10:52,MOVIL
20951,"Petén",17,"Sayaxché",10,3258,380,8,17,80,4,35,5,4,1,0,0,3,0,157,27,5,189,0,189,--,380,191,157,189,189,Algún campo sin dato,1,a999ef6cb09d6615ab4eda1e1baeb890d535c657630b804b7bd8e7b6296c0ce3,26/06/2023 01:09:55,ESCANER
20952,"Petén",17,"Sayaxché",10,3258,380,1,26,82,2,32,8,6,2,0,0,1,0,160,20,5,185,0,185,--,380,195,160,185,185,Algún campo sin dato,1,e559f387d1cc420bfebbe357a4fe70ad6b8f8b79be8ca3bfdeef01e973caa883,25/06/2023 23:02:28,ESCANER
20953,"Petén",17,"Sayaxché",10,3258,380,8,19,78,2,34,6,14,0,0,1,0,0,162,17,7,186,194,380,--,380,194,162,186,380,Algún campo sin dato,1,dd181a0e36d76e8d9ac79511ec39d5ac3a748dc606df834eaa04227f27716ddc,25/06/2023 22:00:22,ESCANER
20954,"Petén",17,"Sayaxché",10,3258,380,8,23,62,4,29,7,10,0,0,0,0,0,143,1,5,149,22,171,--,380,209,143,149,171,Algún campo sin dato,1,fee91656f461829d74162fd564f7b00b10e1ef0e552b2bd056045ec810e4225f,26/06/2023 01:14:11,ESCANER
20955,"Petén",17,"Sayaxché",10,3258,380,10,23,78,4,44,3,8,0,1,0,0,0,171,10,5,186,0,186,0,380,194,171,186,186,,1,bf417ea0d032c2b84a55babf4b119d353988213fc6b3da270f2ad6d6e9400c7b,25/06/2023 23:27:11,ESCANER
20956,"Petén",17,"Sayaxché",10,3258,380,2,21,92,3,42,9,7,1,0,0,0,0,177,10,7,194,0,194,--,377,183,177,194,194,Algún campo sin dato,1,6a682de35a08db4506717f9dccc874989c57418beba4440b39d090ef87fcfecd,25/06/2023 23:44:15,ESCANER
20957,"Petén",17,"Sayaxché",10,3258,215,6,18,40,2,11,8,3,1,0,0,0,0,89,4,0,93,0,93,--,215,122,89,93,93,Algún campo sin dato,1,c0f07e9974f6c87940637ce417b66f19b9e89c582f3638ad66e11b5acc0aed1b,25/06/2023 23:58:42,ESCANER
20958,"Petén",17,"Sayaxché",10,3258,215,7,12,21,1,16,5,6,1,0,0,0,0,69,6,3,78,0,78,--,--,--,69,78,78,Algún campo sin dato,1,5a01582a2ab5394eaa4c8d04d3766909cef6ee0024f6cfa53b8aa6d3f5bb808c,25/06/2023 20:56:31,ESCANER
20959,"Petén",17,"Sayaxché",10,3259,380,74,24,18,0,52,1,22,3,2,0,0,0,213,13,4,213,0,213,--,380,167,196,213,213,Sumas Asentadas sin cuadrar,1,f4251bdb8d55c2df1d9a435e68c532c7a1d7a1543efa2c3bcb7b99aecbf7c692,26/06/2023 02:06:42,ESCANER
20960,"Petén",17,"Sayaxché",10,3259,380,69,18,23,0,35,1,29,0,0,1,0,1,177,6,0,183,0,183,0,380,197,177,183,183,,1,7bfb610b557c202143f89f140c5dcd1f30a25b97b3cf5abb5a047dbbb22d1a4a,25/06/2023 23:47:52,ESCANER
20961,"Petén",17,"Sayaxché",10,3259,380,67,7,19,0,44,5,18,0,1,0,0,0,173,10,2,173,0,173,--,380,207,161,173,173,Sumas Asentadas sin cuadrar,1,a015a51256bee6155cea9f7013ca145efeeb92c9c4de25227963b667fc0980a7,25/06/2023 22:24:11,ESCANER
20962,"Petén",17,"Sayaxché",10,3259,209,46,4,12,0,32,0,10,1,2,0,0,0,107,2,1,110,0,110,--,209,99,107,110,110,Algún campo sin dato,1,7c7958c343d428e669c5aed0c377af359062c6efd0ba1cf61f1c76c70d4da7dd,25/06/2023 21:21:22,ESCANER
20963,"Petén",17,"Sayaxché",10,3259,208,47,6,11,0,26,1,10,0,0,0,0,0,101,6,5,112,0,112,0,208,93,101,112,112,,1,83495edcb3272238e96eeb919da2df669e0766a275b38a9cd0acefd233d0523b,25/06/2023 23:04:07,ESCANER
20964,"Petén",17,"Sayaxché",10,3260,380,18,34,44,0,179,0,1,0,1,1,1,0,279,30,12,321,0,321,--,377,56,279,321,321,Algún campo sin dato,1,be23765cc5c672c7ee8c9de7be6bb38c09b46433c307b2c754e49e9bb63e74ad,26/06/2023 01:34:10,ESCANER
20965,"Petén",17,"Sayaxché",10,3260,380,20,19,58,0,191,0,4,3,1,0,0,0,296,19,8,323,0,323,--,380,57,296,323,323,Algún campo sin dato,1,8127d6a91390702081585bcc6187f7fd1847d64bed6e525a65cd31ca2398e521,26/06/2023 02:31:24,ESCANER
20966,"Petén",17,"Sayaxché",10,3260,380,,,,,,,,,,,,,,,,,,,,,,,,,,0,,,
20967,"Petén",17,"Sayaxché",10,3260,380,25,28,51,0,169,0,6,4,0,0,0,1,284,12,5,301,0,301,--,377,76,284,301,301,Algún campo sin dato,1,d05b935d58a20e77bd9c3b11837386d623604a353edb306608b4725d14ce1828,26/06/2023 03:27:07,ESCANER
20968,"Petén",17,"Sayaxché",10,3260,380,32,34,54,0,150,0,4,0,1,0,0,0,275,13,8,296,0,296,--,380,84,275,296,296,Algún campo sin dato,1,86fe9687e793215c4425e831505df4ad421e635ee553b883b631706f70f5b518,26/06/2023 02:33:55,ESCANER
20969,"Petén",17,"Sayaxché",10,3260,380,18,22,58,0,156,0,6,0,1,1,0,0,262,5,4,271,0,271,--,380,109,262,271,271,Algún campo sin dato,1,6e003d46dee78003d22b22e19733a8945c7ddaf7fb6ade5088282a343b090124,26/06/2023 01:42:18,ESCANER
20970,"Petén",17,"Sayaxché",10,3260,248,7,9,37,0,111,0,5,0,1,0,0,0,170,7,0,177,0,177,--,248,71,170,177,177,Algún campo sin dato,1,d7e7f678a01cac22d05a5e989268cb1d37e09676611f5dccf2b706d572bbd792,26/06/2023 03:29:37,ESCANER
20971,"Petén",17,"Sayaxché",10,3260,248,14,10,39,0,107,0,2,0,0,0,0,0,172,7,3,182,0,182,--,248,66,172,182,182,Algún campo sin dato,1,db13bca8d5e3944a98eea21482e26d1c43f49d9e2bc9d2b0ab9721c33255173a,25/06/2023 22:53:57,ESCANER
20972,"Petén",17,"Sayaxché",10,3261,380,12,95,16,9,9,1,11,2,6,3,0,0,164,24,7,195,0,195,0,380,185,164,195,195,,1,52a73d0e8f94883f6f1a96511729dabdb92af6bf4899db25fd53d50deb96f509,25/06/2023 23:42:09,ESCANER
20973,"Petén",17,"Sayaxché",10,3261,271,10,50,15,9,5,0,6,2,2,1,0,0,100,10,7,117,0,117,--,271,154,100,117,117,Algún campo sin dato,1,cd8565392792fc74889da00d027178837f05ccd255d30f235b9a1ad3d42966a5,25/06/2023 20:38:36,ESCANER
20974,"Petén",17,"Sayaxché",10,3261,271,8,67,10,3,8,0,6,5,7,3,1,1,119,7,2,128,0,128,--,271,143,119,128,128,Algún campo sin dato,1,97f2aff5504eee93033f533e62c4d22eb49306e05626afe140f3c6ff7167d2b9,25/06/2023 23:48:57,ESCANER
20975,"Petén",17,"Sayaxché",10,3262,380,2,66,57,1,77,1,7,1,5,0,0,1,218,29,13,260,0,260,--,380,120,218,260,260,Algún campo sin dato,1,68c4a9cab3561817806d9d68cda08aab7d33272c4e32e540af0a676f8d37bd49,26/06/2023 01:47:15,ESCANER
20976,"Petén",17,"Sayaxché",10,3262,380,6,78,69,0,60,2,6,1,3,0,0,0,225,33,6,264,0,264,--,377,116,225,264,264,Algún campo sin dato,1,57f553b32b60b58425db126d7ae652dd3204729d4e1acf33d70c6fe44fbe577e,26/06/2023 02:33:36,ESCANER
20977,"Petén",17,"Sayaxché",10,3262,380,4,75,61,1,64,2,3,3,4,0,1,0,218,28,8,36,0,254,--,377,123,218,254,254,Sumas Asentadas sin cuadrar,1,32f13fe042ad37983e04e4be6d4132cb87ee933c5777d6af179d60f2fd74bb0b,26/06/2023 00:49:58,ESCANER
20978,"Petén",17,"Sayaxché",10,3262,380,2,72,58,0,75,2,8,1,6,0,3,0,227,22,1,250,0,250,--,380,130,227,250,250,Algún campo sin dato,1,00ea013a66c6fc5238b0d6f3034fa0d3b1e5811c7644595ff83cde87e57a0e9a,26/06/2023 02:28:20,ESCANER
20979,"Petén",17,"Sayaxché",10,3262,380,7,59,60,0,60,2,2,2,7,0,1,2,202,24,5,231,0,231,--,377,146,202,231,231,Algún campo sin dato,1,a83cff7efa31fb757ebc3bff74ce6d828a86ff67edd3e2429b5f5c5651d30560,26/06/2023 03:11:35,ESCANER
20980,"Petén",17,"Sayaxché",10,3262,363,4,63,74,1,57,3,6,0,7,0,3,0,218,8,2,228,0,228,--,363,135,218,228,228,Algún campo sin dato,1,485588e6e3b759141c2fdd2a782e42d84c88472b651d91e67aa5bd45e9151125,26/06/2023 02:17:12,ESCANER
20981,"Petén",17,"Sayaxché",10,3262,363,5,80,57,0,48,0,3,1,6,0,0,2,202,7,3,212,0,--,--,363,151,202,212,212,Algún campo sin dato,1,3b43abe59f0d54b3d25fb58e396e8283178ce9180f4f88e66f2e0f038f07c793,25/06/2023 23:47:04,ESCANER
20982,"Petén",17,"Sayaxché",10,3263,380,33,31,56,0,38,2,28,0,0,0,0,0,188,16,5,209,0,209,0,380,171,188,209,209,,1,ee2c98dbe82df7e0bf2f4e9ca0dd8f16fc02ba1b4a1c5aadd829bcd773a474bd,26/06/2023 00:54:25,ESCANER
20983,"Petén",17,"Sayaxché",10,3263,380,32,39,47,2,24,5,19,2,0,2,0,1,173,18,1,192,0,192,--,376,184,173,192,192,Algún campo sin dato,1,db9e0ebf70f1ce378a2ac232d827159e8e6ad7ba0be46b7682f5bbab4f5be0f4,25/06/2023 23:46:50,ESCANER
20984,"Petén",17,"Sayaxché",10,3263,328,32,24,41,1,23,2,14,0,2,0,0,0,139,15,4,158,0,158,--,328,167,139,158,158,Algún campo sin dato,1,df2a25c40fe9fe99dbc5d6b690743592890b2a7b8bb7e51e25e954d687a12256,25/06/2023 22:58:12,ESCANER
20985,"Petén",17,"Sayaxché",10,3263,328,22,24,27,1,21,0,19,0,1,0,0,0,115,9,2,129,3,129,--,328,199,115,126,129,Sumas Asentadas sin cuadrar,1,dbb9966f15d51017969b1ab9a8aa449629363cd5317ba8bd5534194b7a72a208,25/06/2023 23:15:01,ESCANER
20986,"Petén",17,"Sayaxché",10,3264,380,5,52,75,0,35,2,10,3,7,2,0,0,191,30,7,228,0,228,--,380,152,191,228,228,Algún campo sin dato,1,4696ae9e5f0a639341270668dd0c74f7cdfcc9036d38827e4e71a5c0083a0758,26/06/2023 03:24:54,ESCANER
20987,"Petén",17,"Sayaxché",10,3264,380,9,57,66,0,42,2,3,2,4,2,0,0,187,26,5,218,0,218,--,379,161,187,218,218,Algún campo sin dato,1,504c3d63637af9954bf08e1a33d7bdf7e96f5aba5f78e28a30d5bad3c8e48003,26/06/2023 01:26:52,ESCANER
20988,"Petén",17,"Sayaxché",10,3264,380,,,,,,,,,,,,,,,,,,,,,,,,,,0,,,
20989,"Petén",17,"Sayaxché",10,3264,380,7,51,61,1,38,6,6,3,2,1,0,1,177,25,3,205,0,205,0,380,175,177,205,205,,1,fb0675821442a4048e0f4e4f1a686380343d14c6252e8da785ab569d193ac352,26/06/2023 02:51:39,ESCANER
20990,"Petén",17,"Sayaxché",10,3264,207,4,34,45,0,18,1,0,2,1,0,0,0,105,7,0,112,0,112,--,207,95,105,112,112,Algún campo sin dato,1,841c7ccd1d2e827dded55b0e97dcb3800a57167af8380d51cc5fbbed1cae4399,26/06/2023 01:09:19,ESCANER
20991,"Petén",17,"Sayaxché",10,3264,206,9,32,23,0,23,2,0,1,4,0,0,0,94,11,2,107,0,--,--,206,99,94,107,107,Algún campo sin dato,1,a51ddd93c692c1f385ae1409a52991811f04c4f90d275d4231b5c122c7b5d674,26/06/2023 01:17:20,ESCANER
20992,"Petén",17,"Sayaxché",10,3265,380,7,44,44,6,13,1,76,1,8,1,2,0,203,23,4,230,0,230,--,380,151,203,230,230,Algún campo sin dato,1,34201cfc033ee010d1209872d6acc910f0c1c058341bffd8de0d4ffcdd0feb41,26/06/2023 00:25:30,ESCANER
20993,"Petén",17,"Sayaxché",10,3265,380,8,29,39,2,19,2,72,2,8,2,1,0,184,18,3,205,0,205,--,380,175,184,205,205,Algún campo sin dato,1,9de601d179c97b9cac10aad01985b640d3444ccf8b4a0c893fb262832dc10a57,26/06/2023 01:40:09,ESCANER
20994,"Petén",17,"Sayaxché",10,3265,299,10,14,34,2,8,1,58,3,6,2,0,2,140,17,8,165,0,165,--,299,134,140,165,165,Algún campo sin dato,1,252f281099d8a56b98e77c42171bbdb2b0121c3b8f4e2968ee91801e6bb5dbe2,26/06/2023 01:36:30,ESCANER
20995,"Petén",17,"Sayaxché",10,3265,299,8,29,35,3,10,0,66,0,5,0,0,1,157,4,1,162,0,162,--,296,134,157,162,162,Algún campo sin dato,1,f31d7a4752cafc8096e2f4ed0c4bbd3e2fd7f2c360f1a17e6cabcb122ef24734,25/06/2023 22:27:10,ESCANER
20996,"Petén",17,"Sayaxché",10,3266,380,4,55,116,0,53,4,1,1,0,0,1,0,235,42,5,282,0,282,--,380,98,235,282,282,Algún campo sin dato,1,60960d7214f0d4f842e53ed8a7606071ccce6cf9a5008e59f1d19a94a686bf2f,26/06/2023 00:59:14,ESCANER
20997,"Petén",17,"Sayaxché",10,3266,263,1,36,75,0,40,1,1,0,1,0,0,0,155,15,8,178,0,178,--,263,85,155,178,178,Algún campo sin dato,1,f769d5fff1e80650054c01b9434b5a6b11e6785655e6f77e457bec7349531231,25/06/2023 23:46:23,ESCANER
20998,"Petén",17,"Sayaxché",10,3266,263,1,37,80,1,27,0,3,0,1,0,0,0,150,3,1,154,0,154,--,260,106,150,154,154,Algún campo sin dato,1,0a4d53bd094efb7033cc90ce2b615897e81d764b24f984a9a5d1c95b379a7c25,25/06/2023 21:18:14,ESCANER
20999,"Petén",17,"Sayaxché",10,3267,600,12,18,26,1,21,2,10,1,4,2,2,0,99,10,3,112,0,112,--,600,488,99,112,112,Algún campo sin dato,1,855ab499ea049ca2eb9672edc1b3454af503420db78fafb3b36674dee757a9ed,25/06/2023 21:18:51,ESCANER
21000,"Petén",17,"Sayaxché",10,3267,355,2,7,16,1,9,2,4,0,6,1,0,0,48,6,1,55,0,55,--,355,300,48,55,55,Algún campo sin dato,1,b27aad7525d219cc0a1c76ca135130c0c4fe2dac5638331633f03d47a19a4097,25/06/2023 21:00:47,ESCANER
21001,"Petén",17,"Sayaxché",10,3267,355,0,5,12,0,9,0,2,1,0,1,0,0,30,5,0,35,0,35,0,355,320,30,35,35,,1,b48f3d79bed84ebcd1458b20662a9b03f2a9331c3f275be5af3242c530776a64,25/06/2023 19:46:47,ESCANER