﻿TIPO_DE_ELECCIÓN:,CORPORACIÓN MUNICIPAL
26 junio 2023 03:36 (UTC -6)
ACTAS_ESPERADAS,ACTAS_CAPTURADAS,PORCENTAJE_ACTAS_CAPTURADAS,ACTAS_CONTABILIZADAS,PORCENTAJE_ACTAS_CONTABILIZADAS,ACTAS_NO_CONTABILIZADAS,LISTA_NOMINAL_ACTAS_CONTABILIZADAS,VOTOS_EMITIDOS_CONTABILIZADAS,PORCENTAJE_PARTICIPACIÓN_CIUDADANA
24,24,100.0000,24,100.0000,0,8142,4382,53.8197

MESA,DEPARTAMENTO,ID_DEPARTAMENTO,MUNICIPIO,ID_MUNICIPIO,CENTRO_DE_VOTACIÓN,PADRÓN,CAMBIO,UNE,VAMOS,WINAQ,VIVA,VALOR UNIONISTA,VÁLIDOS,NULOS,BLANCO,EMITIDOS,INVÁLIDOS,TOTAL,IMPUGNACIONES,PAPELETAS-RECIBIDAS,PAPELETAS-NO-USADAS,VALIDOS_CALCULADO,EMITIDOS_CALCULADO,TOTAL_CALCULADO,OBSERVACIONES,CONTABILIZADA,CÓDIGO_INTEGRIDAD,FECHA_HORA_PUBLICACIÓN,DIGITALIZACIÓN
21192,"Petén",17,"El Chal",14,3297,400,96,20,85,16,2,18,237,17,3,257,0,257,--,400,143,237,257,257,Algún campo sin dato,1,209e031f12f658dff6aedcc3161a2e33a4544b50b3349b599294d2ec1739eac5,26/06/2023 00:03:51,ESCANER
21193,"Petén",17,"El Chal",14,3297,400,84,29,81,19,1,14,228,6,5,239,0,239,--,400,161,228,239,239,Algún campo sin dato,1,3c8cdbda872b03003f9a46559983abfdef4856e76b267fbb8c2fbfb9f34e9d7d,25/06/2023 23:43:36,ESCANER
21194,"Petén",17,"El Chal",14,3297,400,82,24,92,20,2,12,232,12,8,252,0,252,--,400,148,232,252,252,Algún campo sin dato,1,2152ca00bfd9cb6fb717e54c25c14d59d0762b9673139fceb2e6b31ab1dcd45e,25/06/2023 23:12:34,ESCANER
21195,"Petén",17,"El Chal",14,3297,400,80,24,77,14,3,5,203,14,8,225,0,225,--,400,175,203,225,225,Algún campo sin dato,1,4483d98e714aee098b670c00b3a7cf584be0991b7136a04b9d1ec29f67876ac5,25/06/2023 23:44:05,ESCANER
21196,"Petén",17,"El Chal",14,3298,400,90,27,69,21,3,3,213,5,2,220,0,220,--,397,177,213,220,220,Algún campo sin dato,1,b71fdba69ac47f0c86952d2c49f57ba1cd85dc774b76f9f03af1267331d9b0f6,25/06/2023 23:21:45,ESCANER
21197,"Petén",17,"El Chal",14,3298,206,42,14,32,9,2,5,104,1,0,105,2,107,--,208,98,104,105,107,Algún campo sin dato,1,37197c5dbd3664dcfe14e4a4d8f9fd42ed05e3e4a4bd3f440a46560091191acc,25/06/2023 22:35:57,ESCANER
21198,"Petén",17,"El Chal",14,3298,205,30,7,31,8,1,6,83,11,3,97,0,97,--,205,108,83,97,97,Algún campo sin dato,1,70dbac4235d9f024449993a1258397737c28650149d176e7088235ba6f3b020e,25/06/2023 22:28:59,ESCANER
21199,"Petén",17,"El Chal",14,3299,400,79,31,71,7,7,6,201,26,2,229,0,229,--,400,171,201,229,229,Algún campo sin dato,1,9f18916537e69435b068dc72d5b8d3befe60c190ada2fb8fced9ce7e825d04f7,26/06/2023 00:04:55,ESCANER
21200,"Petén",17,"El Chal",14,3299,400,70,26,68,6,7,8,185,12,3,200,0,200,1,400,200,185,200,200,,1,b748aeaaecd4243fcacdab009927510474efa1b35829eb2db3c4d16e8a5f7176,26/06/2023 00:34:12,ESCANER
21201,"Petén",17,"El Chal",14,3299,400,87,19,51,3,11,5,176,13,2,191,0,191,--,400,209,176,191,191,Algún campo sin dato,1,a77aeae9ee287f287ac565917f2637047a971120074fe4fc863bf375a7f7b476,25/06/2023 23:45:41,ESCANER
21202,"Petén",17,"El Chal",14,3299,273,38,26,24,3,3,6,100,5,0,105,0,105,--,270,165,100,105,105,Algún campo sin dato,1,44acf3475731d0ebeb0a842917138907237ca2f258932ed5170ca70ec1555c94,25/06/2023 23:42:15,ESCANER
21203,"Petén",17,"El Chal",14,3299,272,48,15,23,2,5,6,99,3,2,104,0,104,--,--,--,99,104,104,Algún campo sin dato,1,42a15548296b376e45ac4a29f6b1aa2e6d90d2e005221417da73fa6ed8432f21,25/06/2023 22:47:12,ESCANER
21204,"Petén",17,"El Chal",14,3300,380,52,14,106,16,18,13,219,25,4,248,0,248,--,369,121,219,248,248,Algún campo sin dato,1,006144cda10b8e8e9e7b81502b97ad6ed958f73f64d5c18e14bb2121d9052672,26/06/2023 00:45:41,ESCANER
21205,"Petén",17,"El Chal",14,3300,380,63,15,81,15,17,8,199,10,5,214,0,214,--,369,155,199,214,214,Algún campo sin dato,1,fb033602f7db66f064f88cf99237189de5a1bed80293276cc5f355fd8972012c,26/06/2023 00:44:43,ESCANER
21206,"Petén",17,"El Chal",14,3300,380,47,24,70,8,17,13,179,5,9,193,0,193,1,369,175,179,193,193,,1,1586817c2f29e1d7d158b8b284e7c2ecee761160a99c9224030a4142470ab515,26/06/2023 01:22:42,ESCANER
21207,"Petén",17,"El Chal",14,3300,232,36,10,47,12,7,1,113,1,1,115,0,115,--,229,114,113,115,115,Algún campo sin dato,1,805d702ed1dafd6ca32d3fdfcf62d6d27386025726e0727f39d7325fd092cb52,25/06/2023 22:07:13,ESCANER
21208,"Petén",17,"El Chal",14,3300,232,28,12,43,9,7,7,106,1,2,109,0,109,--,232,123,106,109,109,Algún campo sin dato,1,3cae70485a6f97e5aa5c6e02f15db34a901b6228bd0827c6b72c36f95e97c329,25/06/2023 23:00:15,ESCANER
21209,"Petén",17,"El Chal",14,3301,380,62,21,45,7,12,17,164,21,6,191,0,191,--,369,178,164,191,191,Algún campo sin dato,1,3400b0ac6647ed05588513302beee6e73ce14ae51237b4cece70106428fa1fae,25/06/2023 23:46:53,ESCANER
21210,"Petén",17,"El Chal",14,3301,321,62,19,41,2,6,23,153,13,7,173,0,173,--,321,148,153,173,173,Algún campo sin dato,1,706ba1bc0cb932c55349636f736e04d1892899191c6e845a8a4576071aa69e62,25/06/2023 23:46:14,ESCANER
21211,"Petén",17,"El Chal",14,3301,321,71,12,39,8,2,22,154,7,3,164,0,164,--,318,154,154,164,164,Algún campo sin dato,1,0ef6d30c34e4791ebeaba706bdec7f206f973925df87319221b667a341675218,25/06/2023 22:56:30,ESCANER
21212,"Petén",17,"El Chal",14,3302,333,23,64,71,5,9,14,186,27,5,218,1,219,1,333,114,186,218,219,,1,4df07965f3b362f6e7fafea7eea9830926df70a4802d859b0c2d203602808ada,26/06/2023 02:49:14,ESCANER
21213,"Petén",17,"El Chal",14,3302,333,16,65,68,9,4,8,170,10,0,180,0,180,--,333,153,170,180,180,Algún campo sin dato,1,220f022339c310313ef89b459ff23b954c16f2590745e3b73f24f806f5fc0a03,26/06/2023 02:40:36,ESCANER
21214,"Petén",17,"El Chal",14,3303,347,36,7,144,9,3,2,201,3,4,208,7,215,--,347,132,201,208,215,Algún campo sin dato,1,948822b6f7735057d4cf0ce305182457c35d4043e7447d9d41d488fb6908544a,25/06/2023 22:20:51,ESCANER
21215,"Petén",17,"El Chal",14,3303,347,27,4,95,3,3,2,134,8,3,145,0,145,--,347,202,134,145,145,Algún campo sin dato,1,bb1217e4cbecf249a3043650ce1b5a9d56f5b687d1df99410177dc81f4eaee44,25/06/2023 23:08:33,ESCANER