﻿TIPO_DE_ELECCIÓN:,CORPORACIÓN MUNICIPAL
26 junio 2023 03:36 (UTC -6)
ACTAS_ESPERADAS,ACTAS_CAPTURADAS,PORCENTAJE_ACTAS_CAPTURADAS,ACTAS_CONTABILIZADAS,PORCENTAJE_ACTAS_CONTABILIZADAS,ACTAS_NO_CONTABILIZADAS,LISTA_NOMINAL_ACTAS_CONTABILIZADAS,VOTOS_EMITIDOS_CONTABILIZADAS,PORCENTAJE_PARTICIPACIÓN_CIUDADANA
49,40,81.6326,40,81.6326,0,13934,9039,64.8701

MESA,DEPARTAMENTO,ID_DEPARTAMENTO,MUNICIPIO,ID_MUNICIPIO,CENTRO_DE_VOTACIÓN,PADRÓN,VAMOS,UNE,CABAL,PHG,WINAQ,PODEMOS,VÁLIDOS,NULOS,BLANCO,EMITIDOS,INVÁLIDOS,TOTAL,IMPUGNACIONES,PAPELETAS-RECIBIDAS,PAPELETAS-NO-USADAS,VALIDOS_CALCULADO,EMITIDOS_CALCULADO,TOTAL_CALCULADO,OBSERVACIONES,CONTABILIZADA,CÓDIGO_INTEGRIDAD,FECHA_HORA_PUBLICACIÓN,DIGITALIZACIÓN
15776,"Huehuetenango",13,"San Miguel Acatán",13,2302,400,,,,,,,,,,,,,,,,,,,,0,,,
15777,"Huehuetenango",13,"San Miguel Acatán",13,2302,400,17,90,34,34,70,45,290,10,8,308,0,308,--,400,92,290,308,308,Algún campo sin dato,1,73dcb7728cce7b1ab664cf40b0555b02ffbb3af43f6d66bacceb3ac2bedaec76,25/06/2023 23:55:26,ESCANER
15778,"Huehuetenango",13,"San Miguel Acatán",13,2302,400,28,117,33,14,76,16,284,4,3,0,0,291,--,400,109,284,291,291,Algún campo sin dato,1,5ceaf14dca1ea0e29dcf4c4db501e471044e5dba8291c6d5b07641c1af9dfcf9,26/06/2023 01:56:49,ESCANER
15779,"Huehuetenango",13,"San Miguel Acatán",13,2302,400,35,81,24,16,65,34,255,2,4,261,0,261,--,400,139,255,261,261,Algún campo sin dato,1,ac9f9b28593919887de720a51c410baeb7ea95df8ceaf0b5b61e4b73e14f60d3,26/06/2023 00:33:11,ESCANER
15780,"Huehuetenango",13,"San Miguel Acatán",13,2302,400,,,,,,,,,,,,,,,,,,,,0,,,
15781,"Huehuetenango",13,"San Miguel Acatán",13,2302,400,22,88,31,15,80,37,273,1,2,276,--,--,--,400,124,273,276,276,Algún campo sin dato,1,227e4eb5ac44dbe17d62c3ccc6ac49a428355dea27a04a4c2fcd835ec41a107e,26/06/2023 01:33:12,ESCANER
15782,"Huehuetenango",13,"San Miguel Acatán",13,2302,304,16,79,21,12,64,29,221,0,0,221,0,221,--,304,83,221,221,221,Algún campo sin dato,1,cc14c352490a6a4e21985e062bb4f5d30ebca11f2133defdf34d0eded7d8ff61,25/06/2023 22:38:58,ESCANER
15783,"Huehuetenango",13,"San Miguel Acatán",13,2302,303,15,45,28,7,43,30,168,5,1,174,0,174,--,303,129,168,174,174,Algún campo sin dato,1,d65199cb7fb075a85f64147ea76f069cd231db5f88b3a7675b23c4100747a27a,25/06/2023 22:00:11,ESCANER
15784,"Huehuetenango",13,"San Miguel Acatán",13,2303,400,20,83,23,17,94,26,263,3,11,277,0,277,--,400,123,263,277,277,Algún campo sin dato,1,35254e59e0d1dea685c0e31f896f1de2a50d7f6666dcfd95e13aa1b087c012ee,26/06/2023 02:10:00,ESCANER
15785,"Huehuetenango",13,"San Miguel Acatán",13,2303,400,28,93,14,20,86,35,276,6,4,286,0,286,--,400,114,276,286,286,Algún campo sin dato,1,15fccf06d4a5ddc68174d41ec97541383ed54e8976ff614254d1a0c69f72b8bf,26/06/2023 02:13:28,ESCANER
15786,"Huehuetenango",13,"San Miguel Acatán",13,2303,400,21,86,15,25,87,22,256,5,5,266,0,266,--,397,131,256,266,266,Algún campo sin dato,1,f334b41fe114be5ef23f7fc90a75d22ffe4eaada76a07e37ef77d3d7c4571f62,26/06/2023 00:05:36,ESCANER
15787,"Huehuetenango",13,"San Miguel Acatán",13,2303,305,9,73,12,18,68,22,202,3,3,208,1,209,--,305,96,202,208,209,Algún campo sin dato,1,f628e4633d3ffb065bacff4c07a5c567ab900bd255c85d20c3684c7ac5fa2020,26/06/2023 01:13:52,ESCANER
15788,"Huehuetenango",13,"San Miguel Acatán",13,2303,304,10,72,17,17,92,25,233,3,4,240,0,240,--,304,64,233,240,240,Algún campo sin dato,1,e6e8f194aaee94b8443be116a26a939169383c4ca9ca9ce8805198a4ef2d22ef,26/06/2023 02:21:55,ESCANER
15789,"Huehuetenango",13,"San Miguel Acatán",13,2304,380,33,89,53,9,60,10,268,7,7,268,--,268,--,380,112,254,268,268,Sumas Asentadas sin cuadrar,1,788a034caa3d4eb6cf25fef1995f4c7dd7cc913445d569b98e8568a04be8deb8,25/06/2023 23:44:55,ESCANER
15790,"Huehuetenango",13,"San Miguel Acatán",13,2304,380,20,91,62,8,53,21,255,4,3,262,0,262,--,380,118,255,262,262,Algún campo sin dato,1,99901cf515f2c38508098fc1079a1cf76bfa3b7d0f0185a2c3ab618712ff41f5,26/06/2023 01:12:53,ESCANER
15791,"Huehuetenango",13,"San Miguel Acatán",13,2304,380,18,74,66,12,51,15,236,3,3,242,0,242,--,380,138,236,242,242,Algún campo sin dato,1,d1a7ad3892ccc02cdeda77afaf854db21a4a1d99e76148083e7219afeda649b4,26/06/2023 01:49:02,ESCANER
15792,"Huehuetenango",13,"San Miguel Acatán",13,2304,380,30,65,103,12,39,12,261,3,5,269,0,269,--,380,111,261,269,269,Algún campo sin dato,1,2aaa7f890f6b5568747932ed4cb4257d36592a30270a4aedac43fafd2fa17375,26/06/2023 01:27:21,ESCANER
15793,"Huehuetenango",13,"San Miguel Acatán",13,2304,380,14,77,51,14,87,15,258,2,7,267,0,267,--,380,113,258,267,267,Algún campo sin dato,1,28cdd033b69d2f8abb6304df0404dea5468987822a249fc81f8405763b060c1e,25/06/2023 23:52:44,ESCANER
15794,"Huehuetenango",13,"San Miguel Acatán",13,2304,380,16,81,63,7,67,17,251,3,5,259,0,259,--,380,118,251,259,259,Algún campo sin dato,1,6c8c3fc3c22e7d6da68dd81ad57f7f61b2a994b92bfd1f568221f27999c15772,26/06/2023 00:59:09,ESCANER
15795,"Huehuetenango",13,"San Miguel Acatán",13,2304,380,15,82,54,15,53,12,231,3,8,242,0,242,--,380,138,231,242,242,Algún campo sin dato,1,391fdf30d49e89d1975c7821f018696f1e6baab2ae8ae2764033f75f15871d03,26/06/2023 00:41:16,ESCANER
15796,"Huehuetenango",13,"San Miguel Acatán",13,2304,380,27,102,60,8,58,18,273,4,8,285,93,378,--,378,93,273,285,378,Algún campo sin dato,1,dd8cee8aa1a22f8828d8312371ddb064a1a48ed55c7514b1021cd15ff02f8306,26/06/2023 02:10:35,ESCANER
15797,"Huehuetenango",13,"San Miguel Acatán",13,2304,380,17,57,44,6,56,15,195,2,7,204,0,204,--,380,176,195,204,204,Algún campo sin dato,1,1eecbec784cbea01e193f3326ce8b7a221b3de9704d7bcaf431217c30808174a,25/06/2023 23:54:13,ESCANER
15798,"Huehuetenango",13,"San Miguel Acatán",13,2304,380,10,99,47,10,61,12,239,2,4,245,0,245,--,380,135,239,245,245,Algún campo sin dato,1,4644f5884694f43e71fa631137ed81951f713a4733e952027cbc4a6763258d00,25/06/2023 23:23:23,ESCANER
15799,"Huehuetenango",13,"San Miguel Acatán",13,2304,380,20,105,59,10,50,23,267,1,5,273,--,273,--,380,107,267,273,273,Algún campo sin dato,1,b760de130896340a6454501b0335f3584ba9f35b7224f196b92bb2fc3e87e1c6,26/06/2023 00:31:33,ESCANER
15800,"Huehuetenango",13,"San Miguel Acatán",13,2305,279,14,71,41,6,50,9,191,0,3,194,0,194,--,--,--,191,194,194,Algún campo sin dato,1,3a39fde3ba0ae385e6ea54503fa1f0fe1b3f64091ecf4c6ef3af8d6721695669,25/06/2023 22:33:49,ESCANER
15801,"Huehuetenango",13,"San Miguel Acatán",13,2305,279,13,40,42,5,35,7,142,3,4,149,0,149,--,279,127,142,149,149,Algún campo sin dato,1,e0b0d5af645a5f063157f5fee61dc6d6e7c78ebacd85df031e1e9b9147bd2f0a,26/06/2023 02:13:28,ESCANER
15802,"Huehuetenango",13,"San Miguel Acatán",13,2306,380,,,,,,,,,,,,,,,,,,,,0,,,
15803,"Huehuetenango",13,"San Miguel Acatán",13,2306,380,3,62,69,24,72,17,247,4,9,260,0,260,--,380,120,247,260,260,Algún campo sin dato,1,ba745d57607007cf98f60166aba9d18461c76f4da700e1ce35c81aa9eb985d5d,25/06/2023 23:50:44,ESCANER
15804,"Huehuetenango",13,"San Miguel Acatán",13,2306,380,,,,,,,,,,,,,,,,,,,,0,,,
15805,"Huehuetenango",13,"San Miguel Acatán",13,2306,380,,,,,,,,,,,,,,,,,,,,0,,,
15806,"Huehuetenango",13,"San Miguel Acatán",13,2306,380,,,,,,,,,,,,,,,,,,,,0,,,
15807,"Huehuetenango",13,"San Miguel Acatán",13,2306,380,5,59,51,13,48,20,196,4,5,205,0,205,--,380,175,196,205,205,Algún campo sin dato,1,4c51a43d08259270d1db2aced13eae113096c0a3ab84fbce4d87de06ce66fa5f,25/06/2023 22:54:50,ESCANER
15808,"Huehuetenango",13,"San Miguel Acatán",13,2306,380,,,,,,,,,,,,,,,,,,,,0,,,
15809,"Huehuetenango",13,"San Miguel Acatán",13,2306,193,4,43,41,4,26,19,137,0,1,138,0,138,--,190,52,137,138,138,Algún campo sin dato,1,201d25234c87120ffaaa2f915ed77ced246f90dfca10f856b56a6bee8c3d1add,26/06/2023 00:40:21,ESCANER
15810,"Huehuetenango",13,"San Miguel Acatán",13,2306,192,5,38,23,4,16,6,92,2,2,96,--,96,--,192,97,92,96,96,Algún campo sin dato,1,82115ae4a19619e70f6ccf8f4379606f902a84f0583e804f0a650550c74310ae,25/06/2023 23:29:38,ESCANER
15811,"Huehuetenango",13,"San Miguel Acatán",13,2307,380,3,63,13,23,86,65,253,0,8,261,4,265,--,380,115,253,261,265,Algún campo sin dato,1,7ec21905e6eafce4d18af688ceab9cfb00b95dac7f5cd852ab3790106024597f,26/06/2023 02:11:56,ESCANER
15812,"Huehuetenango",13,"San Miguel Acatán",13,2307,380,3,50,16,36,115,61,292,7,4,292,0,292,--,376,84,281,292,292,Sumas Asentadas sin cuadrar,1,a2a8c41977bf1775cd5fc78f031063cc3e1dca48404cb75753af049622adc4c7,26/06/2023 02:41:28,ESCANER
15813,"Huehuetenango",13,"San Miguel Acatán",13,2307,380,4,61,12,19,77,55,228,3,7,238,0,238,--,380,142,228,238,238,Algún campo sin dato,1,5fba7bac905b730e9d59a3e534002880e98470bd0013b0d6a59aad46457d1edb,26/06/2023 01:32:18,ESCANER
15814,"Huehuetenango",13,"San Miguel Acatán",13,2307,380,,,,,,,,,,,,,,,,,,,,0,,,
15815,"Huehuetenango",13,"San Miguel Acatán",13,2307,288,4,44,11,16,75,53,203,0,1,204,0,204,--,288,84,203,204,204,Algún campo sin dato,1,1bd6e8bc2dfcb36db3b40011f48c625d6f5d491f01ab705d39dd995bb1dded45,26/06/2023 01:27:51,ESCANER
15816,"Huehuetenango",13,"San Miguel Acatán",13,2307,287,4,40,5,17,57,57,180,1,4,185,0,185,--,288,103,180,185,185,Algún campo sin dato,1,2856bbc1918627b3d5c7e1e2b6b40dd2b0289eb76811d8415b1694e82d7a97b0,26/06/2023 02:58:15,ESCANER
15817,"Huehuetenango",13,"San Miguel Acatán",13,2308,380,28,62,22,12,72,11,207,1,8,216,0,216,--,380,164,207,216,216,Algún campo sin dato,1,89938ca5cbd51f7253e90fdec282d8727619790f85ad36904387e574e3bfa7be,26/06/2023 02:08:05,ESCANER
15818,"Huehuetenango",13,"San Miguel Acatán",13,2308,380,26,68,25,20,79,13,231,4,10,245,--,245,--,376,131,231,245,245,Algún campo sin dato,1,e2b5f41bdae1e8041fb995bb67cb65a15ab40548d5faf8e22b597035373a4e47,25/06/2023 23:12:37,ESCANER
15819,"Huehuetenango",13,"San Miguel Acatán",13,2308,245,8,52,11,16,42,16,145,4,5,154,0,154,--,245,91,145,154,154,Algún campo sin dato,1,ac205d7d9d748cab37feea7076704a64916fe8433dd7036ffccfcbe10f73174f,25/06/2023 23:45:38,ESCANER
15820,"Huehuetenango",13,"San Miguel Acatán",13,2308,245,13,43,10,11,54,12,143,1,6,150,0,150,--,242,92,143,150,150,Algún campo sin dato,1,62e9cb911cf7c76293ff3060508a8a453f348e981c56667045baf568c737f31c,26/06/2023 00:41:50,ESCANER
15821,"Huehuetenango",13,"San Miguel Acatán",13,2309,380,,,,,,,,,,,,,,,,,,,,0,,,
15822,"Huehuetenango",13,"San Miguel Acatán",13,2309,277,5,57,15,13,101,15,206,2,5,213,0,213,--,277,64,206,213,213,Algún campo sin dato,1,baf16be6b28e7a0df587f57041e204540c9a515e76bde996fde1c79b776dcc82,26/06/2023 01:33:05,ESCANER
15823,"Huehuetenango",13,"San Miguel Acatán",13,2309,276,4,68,7,4,100,11,194,0,0,194,0,194,--,276,82,194,194,194,Algún campo sin dato,1,6ad7fc65b3719a0469bb4d94b44c68b6fc2996da4c4518709e185496673d9c74,26/06/2023 00:41:54,ESCANER
15824,"Huehuetenango",13,"San Miguel Acatán",13,2310,517,2,8,2,0,7,2,21,0,0,21,0,21,--,517,496,21,21,21,Algún campo sin dato,1,9be52d327bc7ce980e85b0f4ae0441af608da7e4419f743f2ec7f327680229ab,25/06/2023 22:36:07,ESCANER