﻿TIPO_DE_ELECCIÓN:,CORPORACIÓN MUNICIPAL
26 junio 2023 03:36 (UTC -6)
ACTAS_ESPERADAS,ACTAS_CAPTURADAS,PORCENTAJE_ACTAS_CAPTURADAS,ACTAS_CONTABILIZADAS,PORCENTAJE_ACTAS_CONTABILIZADAS,ACTAS_NO_CONTABILIZADAS,LISTA_NOMINAL_ACTAS_CONTABILIZADAS,VOTOS_EMITIDOS_CONTABILIZADAS,PORCENTAJE_PARTICIPACIÓN_CIUDADANA
47,47,100.0000,47,100.0000,0,16938,11514,67.9773

MESA,DEPARTAMENTO,ID_DEPARTAMENTO,MUNICIPIO,ID_MUNICIPIO,CENTRO_DE_VOTACIÓN,PADRÓN,VAMOS,AZUL,WINAQ,CABAL,MLP,UNE,CCMT,CREO,VICTORIA,TODOS,VOS,VALOR UNIONISTA,VÁLIDOS,NULOS,BLANCO,EMITIDOS,INVÁLIDOS,TOTAL,IMPUGNACIONES,PAPELETAS-RECIBIDAS,PAPELETAS-NO-USADAS,VALIDOS_CALCULADO,EMITIDOS_CALCULADO,TOTAL_CALCULADO,OBSERVACIONES,CONTABILIZADA,CÓDIGO_INTEGRIDAD,FECHA_HORA_PUBLICACIÓN,DIGITALIZACIÓN
11050,"Quetzaltenango",9,"San Martín Sacatepéquez",12,1478,400,47,150,3,2,3,6,48,2,1,1,1,8,272,12,6,290,0,290,--,400,110,272,290,290,Algún campo sin dato,1,d811a11ba80aced4883dab2bfbe306ebb2fe269c26a51d701d0f7c012a865bcd,25/06/2023 23:39:48,ESCANER
11051,"Quetzaltenango",9,"San Martín Sacatepéquez",12,1478,400,42,163,3,3,2,17,81,0,0,2,0,6,319,12,1,332,0,332,--,400,68,319,332,332,Algún campo sin dato,1,b0cdb5afd0879df8413697ae71928a61bfa28af490825acbbbf7736a64e423c7,26/06/2023 00:37:48,ESCANER
11052,"Quetzaltenango",9,"San Martín Sacatepéquez",12,1478,400,49,169,1,2,5,13,50,1,0,3,1,3,297,5,11,313,0,313,--,400,87,297,313,313,Algún campo sin dato,1,e374b7df1a00f7f55a6f80fd7fe8b684f797d6f862416472d51bc18dfc111f1b,26/06/2023 00:42:45,ESCANER
11053,"Quetzaltenango",9,"San Martín Sacatepéquez",12,1478,400,111,93,2,0,9,1,37,1,0,0,1,25,280,3,6,289,0,289,--,400,111,280,289,289,Algún campo sin dato,1,c279a1e51283636ff8b7c495eeac75f09f32e8d40052659ac968407d2cd24f56,26/06/2023 00:56:41,ESCANER
11054,"Quetzaltenango",9,"San Martín Sacatepéquez",12,1479,400,71,118,1,1,7,6,35,1,0,0,0,13,253,1,2,256,0,256,--,400,144,253,256,256,Algún campo sin dato,1,fbe4ba0664ca4691eea3129f0c4ad2c16d1064bea705f816aa14e1048e2c4582,26/06/2023 00:16:10,ESCANER
11055,"Quetzaltenango",9,"San Martín Sacatepéquez",12,1479,400,51,137,2,1,2,12,42,0,0,1,1,9,258,6,2,266,0,266,--,400,134,258,266,266,Algún campo sin dato,1,825822ade1a9efebcac0b737b7d5a7d00148cbeee2ae5a45c37d2c06dc04fcd6,26/06/2023 00:55:30,ESCANER
11056,"Quetzaltenango",9,"San Martín Sacatepéquez",12,1479,299,42,94,1,2,6,3,30,0,0,1,0,9,188,1,2,191,0,191,--,299,108,188,191,191,Algún campo sin dato,1,dc21e3602369f32174e441882aee26dbe1e42b77401092728cc089e7ded8e786,25/06/2023 22:46:26,ESCANER
11057,"Quetzaltenango",9,"San Martín Sacatepéquez",12,1479,299,52,88,3,0,3,5,29,1,1,0,2,8,192,1,3,196,0,196,--,299,103,192,196,196,Algún campo sin dato,1,e43f2207b71f1630ce627e48a1ec67dcb96ad456ae7053adc60792201e164ab0,25/06/2023 23:18:24,ESCANER
11058,"Quetzaltenango",9,"San Martín Sacatepéquez",12,1480,380,99,27,1,3,1,8,8,6,1,2,2,67,225,16,9,250,0,250,--,379,129,225,250,250,Algún campo sin dato,1,65b6c5e44334a0f922fb352d55c539e8da09e13324b1e0d50ca86ad67af691b3,25/06/2023 22:49:10,ESCANER
11059,"Quetzaltenango",9,"San Martín Sacatepéquez",12,1480,380,108,35,0,4,0,11,7,5,3,3,1,78,255,16,7,278,0,278,--,379,101,255,278,278,Algún campo sin dato,1,993e01a444db2ad55cd2c585d387cf03668a74d81f2148035201a857c49a9f3d,25/06/2023 23:43:40,ESCANER
11060,"Quetzaltenango",9,"San Martín Sacatepéquez",12,1480,380,105,37,1,4,4,6,20,11,1,2,0,56,247,12,10,269,0,269,--,380,111,247,269,269,Algún campo sin dato,1,875e8a8688e12e9810b895fdc22d098fda2787c98b7b0a6a4aa6155497b6b137,25/06/2023 22:25:36,ESCANER
11061,"Quetzaltenango",9,"San Martín Sacatepéquez",12,1480,380,85,36,0,1,1,9,9,3,1,0,0,53,198,18,6,222,1,223,--,379,156,198,222,223,Algún campo sin dato,1,f051bb5817290f540b15d7b06374e01f8c702cb583391afab3f00cbb17396688,25/06/2023 22:39:46,ESCANER
11062,"Quetzaltenango",9,"San Martín Sacatepéquez",12,1480,380,103,31,0,0,0,2,12,4,0,0,0,56,208,15,3,226,0,226,--,378,152,208,226,226,Algún campo sin dato,1,48c806abd3c8447f395d9fc01b9f157bab32b230f83a219c1fef3c696081cd02,26/06/2023 00:37:22,ESCANER
11063,"Quetzaltenango",9,"San Martín Sacatepéquez",12,1480,380,107,23,2,0,2,4,7,5,2,0,1,46,199,8,6,213,0,213,--,380,167,199,213,213,Algún campo sin dato,1,18799e5a79208028b2fc90235dae9b72691bdf464d91802b1c03afaaa6d47da1,25/06/2023 23:02:56,ESCANER
11064,"Quetzaltenango",9,"San Martín Sacatepéquez",12,1480,380,86,35,0,3,0,5,10,7,0,0,0,54,200,9,7,216,0,216,--,379,163,200,216,216,Algún campo sin dato,1,3ac303f018f0f9e296b0a33768cfbe3cb4603bcd931131a53c3c315d9e5b069a,26/06/2023 00:31:26,ESCANER
11065,"Quetzaltenango",9,"San Martín Sacatepéquez",12,1480,380,100,38,0,0,0,6,6,6,1,0,0,49,206,5,0,211,0,211,--,380,169,206,211,211,Algún campo sin dato,1,a8d751b35cc0b13e878ca6ad26215c45546db75e519dc91960c859e4910759f7,25/06/2023 22:08:51,ESCANER
11066,"Quetzaltenango",9,"San Martín Sacatepéquez",12,1480,246,57,24,0,0,0,7,3,3,0,0,0,35,129,2,0,131,0,131,--,246,115,129,131,131,Algún campo sin dato,1,3e06714dd4a2248993dcf3d7e2cd3a4efa765e9fe08b86098d2f7e48bc644cfa,25/06/2023 23:17:49,ESCANER
11067,"Quetzaltenango",9,"San Martín Sacatepéquez",12,1480,245,62,13,0,1,3,3,3,6,0,0,1,33,125,3,3,131,0,131,--,245,114,125,131,131,Algún campo sin dato,1,a1fe008147b406c0120298a514e50412d3575ead010954517b204c9e333a3951,25/06/2023 23:36:21,ESCANER
11068,"Quetzaltenango",9,"San Martín Sacatepéquez",12,1481,380,86,70,3,4,5,3,45,0,1,2,2,11,232,11,5,248,0,248,--,380,132,232,248,248,Algún campo sin dato,1,cc4263d4362696f03315cce16ade1a880619d1add078037d4395fb80d1cc8a71,25/06/2023 23:56:37,ESCANER
11069,"Quetzaltenango",9,"San Martín Sacatepéquez",12,1481,380,51,69,7,0,11,1,53,0,0,1,2,26,221,10,6,237,0,237,--,380,143,221,237,237,Algún campo sin dato,1,2ba1485b60bd0e822628503e23576fd4820ce76c1b019ec618d86ff6e5597d5e,25/06/2023 23:06:07,ESCANER
11070,"Quetzaltenango",9,"San Martín Sacatepéquez",12,1481,380,134,107,2,11,1,3,6,0,1,0,7,12,284,14,9,307,0,307,--,380,73,284,307,307,Algún campo sin dato,1,7de6db3ed5844be2e06024e20fe0571a3fa8c6bebdbdcebcd1ffa6e63223e9a3,26/06/2023 00:16:38,ESCANER
11071,"Quetzaltenango",9,"San Martín Sacatepéquez",12,1481,380,119,83,5,6,3,1,17,0,0,0,1,5,240,4,11,255,0,255,--,380,125,240,255,255,Algún campo sin dato,1,6e947e284eb36852d9bcf0009c0eaada9b3e96dc7b289a2ad25e322edb49ab8c,25/06/2023 21:34:20,ESCANER
11072,"Quetzaltenango",9,"San Martín Sacatepéquez",12,1481,380,106,86,1,5,6,2,30,0,0,0,2,13,251,7,1,259,0,259,--,380,121,251,259,259,Algún campo sin dato,1,c65f33e69795732bbf1362cc06aea4a9178e5f170480477fd6b47f108f00a972,26/06/2023 00:09:56,ESCANER
11073,"Quetzaltenango",9,"San Martín Sacatepéquez",12,1481,365,135,64,3,2,2,1,14,0,0,0,3,11,235,2,0,237,0,237,--,365,128,235,237,237,Algún campo sin dato,1,f08488906421f340a89c59341298726586aa9d5394ca47eed0f2627bef96104f,25/06/2023 23:48:44,ESCANER
11074,"Quetzaltenango",9,"San Martín Sacatepéquez",12,1481,365,72,74,1,2,11,1,36,0,0,0,3,20,220,3,2,225,0,225,--,365,140,220,225,225,Algún campo sin dato,1,1a767bc54b4863e627ed22aff1b368287a3fe4114e27de1e0080a748c26156b8,25/06/2023 22:46:56,ESCANER
11075,"Quetzaltenango",9,"San Martín Sacatepéquez",12,1482,380,89,101,31,2,11,10,28,1,0,0,1,15,289,8,12,309,0,309,--,380,71,289,309,309,Algún campo sin dato,1,c5caa28d897b6d1295ac46208ddfcdaca4fbe07f436fe06d36bac21b43cbb603,26/06/2023 00:43:49,ESCANER
11076,"Quetzaltenango",9,"San Martín Sacatepéquez",12,1482,380,110,119,12,0,15,6,17,0,1,0,2,13,295,6,14,315,0,315,--,380,65,295,315,315,Algún campo sin dato,1,c8c2fb328df53965035d79f9b52d937afb898580a676c1448fbc8fa484c815f8,25/06/2023 23:16:46,ESCANER
11077,"Quetzaltenango",9,"San Martín Sacatepéquez",12,1482,380,80,112,0,1,12,7,58,2,0,1,1,16,290,8,11,309,0,309,--,380,71,290,309,309,Algún campo sin dato,1,74e8068f070e6402e26faad74ad359896d8a26c5841891a48bb6b1a2467824fc,25/06/2023 23:49:48,ESCANER
11078,"Quetzaltenango",9,"San Martín Sacatepéquez",12,1482,380,132,106,2,1,7,3,24,1,1,0,2,15,294,12,7,313,0,313,--,380,67,294,313,313,Algún campo sin dato,1,9b7e8a3919efe25ecba092cb1030529fbfff7b67423186d828cfe40b53c811f0,26/06/2023 01:31:44,ESCANER
11079,"Quetzaltenango",9,"San Martín Sacatepéquez",12,1482,380,87,137,0,1,9,1,29,3,0,1,1,11,280,9,11,300,0,300,--,379,79,280,300,300,Algún campo sin dato,1,ef7cb38412af2e82b1f0c30cf41be2f6a9e58828ea853e40ae60e81cd550307e,26/06/2023 01:30:23,ESCANER
11080,"Quetzaltenango",9,"San Martín Sacatepéquez",12,1482,380,90,88,11,0,8,7,29,0,0,1,1,22,257,1,7,265,0,265,--,380,115,257,265,265,Algún campo sin dato,1,f530426e1a88504b72b84f9c5ded5febfe383ffd8740d0d0b457b9433f339191,25/06/2023 22:58:57,ESCANER
11081,"Quetzaltenango",9,"San Martín Sacatepéquez",12,1482,380,88,106,7,0,11,6,26,0,0,0,3,13,260,3,3,266,0,266,--,380,114,260,266,266,Algún campo sin dato,1,40835a7917cc57c352c10f11bf245bb3b5f902632fbd6523ed8ecead34d12747,26/06/2023 01:25:46,ESCANER
11082,"Quetzaltenango",9,"San Martín Sacatepéquez",12,1482,380,77,110,8,0,5,2,27,0,0,2,1,26,258,2,1,261,0,261,--,379,118,258,261,261,Algún campo sin dato,1,e384097ff529bafcbf7f40e0e98a1d3378f631efb9b3e6452b1dde4fcd7c2651,25/06/2023 23:37:42,ESCANER
11083,"Quetzaltenango",9,"San Martín Sacatepéquez",12,1482,380,100,117,8,0,10,3,25,0,0,0,0,13,276,0,0,276,0,276,--,380,104,276,276,276,Algún campo sin dato,1,511ef8d1f2eaa55cd24a4df6311403931e2264c3d496f0d0d5efe75e85d5476a,25/06/2023 22:19:01,ESCANER
11084,"Quetzaltenango",9,"San Martín Sacatepéquez",12,1482,193,43,62,3,1,2,2,9,0,0,1,2,17,142,2,0,144,0,144,--,193,49,142,144,144,Algún campo sin dato,1,a67a09c645a905cb0f2de409b54c0f62f399d0886fea4a7f4d6d61e8cb5f0c20,25/06/2023 22:52:37,ESCANER
11085,"Quetzaltenango",9,"San Martín Sacatepéquez",12,1482,193,44,59,5,1,5,2,10,0,0,1,0,4,131,2,2,135,0,135,--,193,58,131,135,135,Algún campo sin dato,1,a2ed015bab011f1e3e2dfd5a6cf0b6d025be5b7f47f58a5d96dc5a7b9c5d2207,25/06/2023 22:17:25,ESCANER
11086,"Quetzaltenango",9,"San Martín Sacatepéquez",12,1483,380,171,72,1,2,16,4,5,0,0,0,4,17,292,13,8,313,0,313,--,380,67,292,313,313,Algún campo sin dato,1,98172824f30fd73e25070063497b4df11f32a98558fb5bcef7fb9d8a681c8ca1,25/06/2023 23:58:05,ESCANER
11087,"Quetzaltenango",9,"San Martín Sacatepéquez",12,1483,380,106,144,1,1,7,5,6,2,3,0,6,25,306,8,6,320,0,320,--,380,60,306,320,320,Algún campo sin dato,1,225ce324ade11f6abafdbdc52b5a03aa9762950283f32df867b55a137714998c,26/06/2023 00:38:04,ESCANER
11088,"Quetzaltenango",9,"San Martín Sacatepéquez",12,1483,380,70,104,0,3,72,4,6,0,1,1,3,16,280,8,13,301,0,301,--,379,78,280,301,301,Algún campo sin dato,1,02e2a2cb63cc0d539e861162908f1f38896ff1683f7d9093f30812da82c8dcfe,26/06/2023 00:31:03,ESCANER
11089,"Quetzaltenango",9,"San Martín Sacatepéquez",12,1483,380,119,83,0,0,27,1,2,0,0,0,5,27,264,6,2,272,0,272,--,379,107,264,272,272,Algún campo sin dato,1,86213628859ba9ca56b488f9cc68a3eba7b3ca9fe9e584db57af3559b7fbc07f,25/06/2023 23:44:39,ESCANER
11090,"Quetzaltenango",9,"San Martín Sacatepéquez",12,1483,277,86,71,0,0,16,3,3,0,2,0,1,10,192,0,0,192,0,192,--,277,85,192,192,192,Algún campo sin dato,1,0dea2d6e6cfc4ed5a4db812bb6d7ca2e042c8cc4af569673033b215124e24e71,26/06/2023 00:43:27,ESCANER
11091,"Quetzaltenango",9,"San Martín Sacatepéquez",12,1483,276,109,62,0,0,8,2,5,0,0,0,3,11,200,0,1,201,0,201,--,277,76,200,201,201,Algún campo sin dato,1,461cc13aa5fe3d608cc6bce32f21c401ebcc3a01bde64a9f9231cfc00caedaa6,26/06/2023 00:57:17,ESCANER
11092,"Quetzaltenango",9,"San Martín Sacatepéquez",12,1484,380,116,62,0,3,0,9,33,0,3,0,1,21,248,23,13,284,0,284,--,380,96,248,284,284,Algún campo sin dato,1,650e95a23955fd297fe487f212e864d687d3df4d7d87cd339d1ba7ca16d04de2,26/06/2023 01:11:27,ESCANER
11093,"Quetzaltenango",9,"San Martín Sacatepéquez",12,1484,317,106,45,0,2,0,9,21,0,3,0,0,14,200,12,4,216,0,216,--,317,101,200,216,216,Algún campo sin dato,1,c6ce0e94ab4bb40c2f2f5abc2cc1a3f8571d6636ad13faefdb26313d830a6a6b,26/06/2023 02:31:39,ESCANER
11094,"Quetzaltenango",9,"San Martín Sacatepéquez",12,1484,316,78,53,0,1,0,6,19,0,3,0,0,17,177,3,7,187,0,187,--,316,129,177,187,187,Algún campo sin dato,1,c096df459ee9f198a7e5906bcdcaf1b4ebbee5a7028984dbc4e4c66e77830b88,26/06/2023 00:29:02,ESCANER
11095,"Quetzaltenango",9,"San Martín Sacatepéquez",12,1485,444,38,74,8,3,2,7,13,3,0,1,1,9,159,7,6,172,0,172,--,444,272,159,172,172,Algún campo sin dato,1,420a586d0961b3183fcbb8b347cade2ff70d1b1837be8d566a87d94a5946598a,25/06/2023 23:58:46,ESCANER
11096,"Quetzaltenango",9,"San Martín Sacatepéquez",12,1485,443,36,45,0,0,2,3,11,0,1,2,1,6,107,3,5,115,0,115,--,443,328,107,115,115,Algún campo sin dato,1,931d963e1e12875d3918da7638a492f350bedf1741cee691bd0187a3f9e6a569,25/06/2023 23:13:16,ESCANER