﻿TIPO_DE_ELECCIÓN:,CORPORACIÓN MUNICIPAL
26 junio 2023 03:36 (UTC -6)
ACTAS_ESPERADAS,ACTAS_CAPTURADAS,PORCENTAJE_ACTAS_CAPTURADAS,ACTAS_CONTABILIZADAS,PORCENTAJE_ACTAS_CONTABILIZADAS,ACTAS_NO_CONTABILIZADAS,LISTA_NOMINAL_ACTAS_CONTABILIZADAS,VOTOS_EMITIDOS_CONTABILIZADAS,PORCENTAJE_PARTICIPACIÓN_CIUDADANA
52,49,94.2307,49,94.2307,0,18782,11609,61.8091

MESA,DEPARTAMENTO,ID_DEPARTAMENTO,MUNICIPIO,ID_MUNICIPIO,CENTRO_DE_VOTACIÓN,PADRÓN,VALOR,AZUL,VAMOS,UNE,VIVA,VICTORIA,VOS,TODOS,CAMBIO,ELEFANTE,CABAL,PR,VÁLIDOS,NULOS,BLANCO,EMITIDOS,INVÁLIDOS,TOTAL,IMPUGNACIONES,PAPELETAS-RECIBIDAS,PAPELETAS-NO-USADAS,VALIDOS_CALCULADO,EMITIDOS_CALCULADO,TOTAL_CALCULADO,OBSERVACIONES,CONTABILIZADA,CÓDIGO_INTEGRIDAD,FECHA_HORA_PUBLICACIÓN,DIGITALIZACIÓN
7534,"Escuintla",5,"La Democracia",3,848,400,1,5,68,91,18,35,3,0,0,1,28,2,254,16,3,273,0,254,0,400,127,252,271,271,Sumas Asentadas sin cuadrar,1,d74d2fe5e0d9c1ab3f5cf21bd3d53a40600ecf4bae330a2c2bccc72986d963d7,25/06/2023 23:37:17,ESCANER
7535,"Escuintla",5,"La Democracia",3,848,400,0,9,60,102,24,24,2,2,1,0,23,1,248,15,3,266,0,266,6,397,125,248,266,266,,1,31fdc8456e304625a4cbe5611169e6f0688c7ea237f4a662581da4279523ba95,26/06/2023 01:13:57,ESCANER
7536,"Escuintla",5,"La Democracia",3,848,400,,,,,,,,,,,,,,,,,,,,,,,,,,0,,,
7537,"Escuintla",5,"La Democracia",3,849,400,2,5,77,107,25,24,2,4,0,0,16,0,262,15,3,280,0,280,0,397,117,262,280,280,,1,39fc46ca303793f7cf1cd372833b9ae44f026743012d0b5abab0404cfbe5d46e,26/06/2023 00:57:54,ESCANER
7538,"Escuintla",5,"La Democracia",3,849,400,5,11,75,102,26,39,2,2,2,1,28,2,295,19,3,317,0,317,0,400,83,295,317,317,,1,8d73189345dae761283b62f3aeadf7c0567c158566668d2de477dd63dda56539,26/06/2023 01:12:51,ESCANER
7539,"Escuintla",5,"La Democracia",3,849,400,4,10,64,85,33,37,4,7,0,0,20,1,265,21,5,291,0,291,0,400,109,265,291,291,,1,05d8140ff7a7f80b5896538908ad11fa2040eb30a9e0bf7f9392ee74d166f2b1,25/06/2023 23:58:46,ESCANER
7540,"Escuintla",5,"La Democracia",3,849,400,2,6,77,83,17,31,1,4,1,--,17,--,240,13,2,255,--,255,--,388,133,239,254,254,Sumas Asentadas sin cuadrar,1,86c811e0d0ad705254dbe57a22c0477e7f74f6151e9c856cf589908ed8af9743,26/06/2023 02:09:04,ESCANER
7541,"Escuintla",5,"La Democracia",3,849,400,,,,,,,,,,,,,,,,,,,,,,,,,,0,,,
7542,"Escuintla",5,"La Democracia",3,849,400,4,4,60,83,16,31,0,4,2,2,17,0,223,11,3,237,0,237,0,400,163,223,237,237,,1,e4b118e68f9b51c0c3cee295c5dc1ac7e12adbc9eb1da6bb3f78162828279b3b,25/06/2023 22:31:49,ESCANER
7543,"Escuintla",5,"La Democracia",3,849,400,6,7,71,90,18,24,0,1,0,1,18,1,237,14,2,253,0,253,0,400,147,237,253,253,,1,26f4b8e77b8adee7dfd63d8fdee9cbe75d4e75a183ef80e2ad6934dd4d28540b,26/06/2023 00:19:38,ESCANER
7544,"Escuintla",5,"La Democracia",3,849,400,2,7,82,91,17,36,5,2,0,1,15,1,259,18,2,279,0,279,--,--,--,259,279,279,Algún campo sin dato,1,31dd35beee82a88ce2e54b25693125d74180e58b2177d6000497d5e0163b2a21,26/06/2023 00:53:58,ESCANER
7545,"Escuintla",5,"La Democracia",3,849,400,0,11,78,72,18,26,3,5,1,1,20,1,236,18,2,256,0,256,0,400,144,236,256,256,,1,74fe86ca784da06eeb717d7c1173a6b51eeb8ad90279ad73ad11ab19e5ac6764,26/06/2023 01:02:33,ESCANER
7546,"Escuintla",5,"La Democracia",3,849,400,2,6,55,93,25,22,3,1,0,0,14,2,223,24,1,248,0,248,--,396,148,223,248,248,Algún campo sin dato,1,90d2399e451e028b844f3dea45e1b355741eebaecb7ef9401d5f2cda45cb3d5f,26/06/2023 02:16:47,ESCANER
7547,"Escuintla",5,"La Democracia",3,850,400,3,7,63,94,19,27,1,5,1,0,14,0,238,12,1,251,0,251,--,397,146,234,247,247,Sumas Asentadas sin cuadrar,1,b979be8a152b3fbe86e60104162602874926b0cb810262d433351ce905eb4982,26/06/2023 02:22:25,ESCANER
7548,"Escuintla",5,"La Democracia",3,850,400,3,5,65,93,24,22,5,4,0,1,20,0,242,12,0,254,0,254,--,398,139,242,254,254,Algún campo sin dato,1,3a2a37ee21949667eff0b1600cfc2d6dead97a73b2ce63170580d8484b19ddbb,26/06/2023 01:41:40,ESCANER
7549,"Escuintla",5,"La Democracia",3,850,400,1,3,77,111,27,26,3,8,0,1,18,1,276,13,2,291,0,291,1,397,105,276,291,291,,1,5794f42994ab94adb2e2f96667826c9cdeb6f5a99c60f7529cd5698dadd7e3fe,26/06/2023 00:55:42,ESCANER
7550,"Escuintla",5,"La Democracia",3,851,361,5,8,56,100,23,25,1,4,0,3,12,0,--,--,--,--,--,--,--,--,--,237,237,237,Algún campo sin dato,1,913087e48e185ee87d64499642f9b6cf63a80e81f28ec256334a0715fdeb974f,25/06/2023 23:45:38,ESCANER
7551,"Escuintla",5,"La Democracia",3,851,361,0,8,53,72,21,19,2,5,0,0,13,2,209,11,3,209,0,209,0,361,152,195,209,209,Sumas Asentadas sin cuadrar,1,6059cc9288279b067dc2924ee1eef3d3525ec993bbefb684fe6a43ed6a6fe3eb,25/06/2023 22:55:46,ESCANER
7552,"Escuintla",5,"La Democracia",3,852,400,6,4,56,93,20,25,3,4,0,1,17,1,230,18,5,253,0,253,0,400,147,230,253,253,,1,ea233d7d189394b98cd48b6993b85433488d36de927b56ff42191ed66e3bc03e,26/06/2023 00:00:29,ESCANER
7553,"Escuintla",5,"La Democracia",3,852,400,5,9,62,111,20,25,5,13,0,0,6,2,258,22,6,286,0,286,0,397,111,258,286,286,,1,666fa5de2c7e12ed2bb958bb418d628b0913625df1cb8dd8c161f6761eb11598,26/06/2023 00:22:03,ESCANER
7554,"Escuintla",5,"La Democracia",3,852,400,4,12,72,87,17,17,5,5,0,0,11,0,230,26,4,260,0,260,--,401,140,230,260,260,Algún campo sin dato,1,300010766b14f89683e60249f6cbfea4fa4076dfa86fe5d807a0f894bdbc11f8,26/06/2023 02:34:19,ESCANER
7555,"Escuintla",5,"La Democracia",3,852,400,3,7,82,113,25,20,1,6,0,1,13,2,273,25,1,299,0,299,0,400,101,273,299,299,,1,573519e365c00049803c5d5ffda9fba0a79620936133d6fd1a09ee1b6483767b,26/06/2023 00:17:50,ESCANER
7556,"Escuintla",5,"La Democracia",3,852,400,3,9,59,130,25,29,2,8,0,2,11,2,280,19,5,304,0,304,0,400,96,280,304,304,,1,c9d8da41338f1a66f6e09e98e8ed9692b9f29ff551f2ed4b208228742c2b5603,26/06/2023 00:01:47,ESCANER
7557,"Escuintla",5,"La Democracia",3,852,400,4,8,73,114,16,23,3,3,1,1,12,1,259,25,4,288,0,288,0,400,112,259,288,288,,1,85d685bd28e98f9c928afec3f6dbed13564d8d94aa6ed032c48f654cb3432b08,26/06/2023 01:21:04,ESCANER
7558,"Escuintla",5,"La Democracia",3,852,400,3,5,77,112,20,22,3,6,3,1,9,2,263,27,6,296,0,296,0,400,104,263,296,296,,1,e9ea7d70721a3543d386d42daf55abe42c06ca8e00e87f390fbb48b0eb94e333,26/06/2023 00:38:41,ESCANER
7559,"Escuintla",5,"La Democracia",3,852,400,1,9,55,108,24,17,5,9,0,0,10,1,239,17,1,257,0,257,0,399,142,239,257,257,,1,236d5dedf6f191b44ec5dc90b004158ecb2be03a617a085d8afbcc7dbabbbf8e,26/06/2023 01:04:06,ESCANER
7560,"Escuintla",5,"La Democracia",3,852,400,5,3,64,90,16,19,0,4,0,2,10,0,213,15,3,231,0,231,0,400,169,213,231,231,,1,4d7b58e5f7ee593064ac8018af0b5232732b3da74654b1150f88a899ebcb714c,25/06/2023 23:35:05,ESCANER
7561,"Escuintla",5,"La Democracia",3,853,400,7,5,77,86,18,21,2,6,1,0,12,1,236,14,2,252,0,252,0,400,148,236,252,252,,1,8fd3a741986e5efd3d74dcb44af646bd287491c6876e908b7eba62e80b97d8f2,26/06/2023 01:14:26,ESCANER
7562,"Escuintla",5,"La Democracia",3,853,400,3,10,76,88,14,20,1,6,0,0,10,1,229,20,4,253,0,253,0,400,147,229,253,253,,1,6ce7643a41a9bdfecf6f6c34752d57dcf8b83bea90ab28cdf515b3ac83a217f6,26/06/2023 01:01:40,ESCANER
7563,"Escuintla",5,"La Democracia",3,853,400,1,4,69,78,13,28,3,6,0,0,13,0,215,15,5,235,0,235,0,380,145,215,235,235,,1,4b1b21a4c39a35b722e02a8ff62b76c9a751437a2c56d6dbe6c98dc37a7f1206,25/06/2023 23:39:27,ESCANER
7564,"Escuintla",5,"La Democracia",3,853,400,5,8,54,90,16,30,1,4,0,1,5,1,237,21,1,237,0,237,0,400,163,215,237,237,Sumas Asentadas sin cuadrar,1,3f09cca0ac05a5ff1b3964366f3d87e679497c943fedfb7c1b5411be2c1ccb45,26/06/2023 00:18:36,ESCANER
7565,"Escuintla",5,"La Democracia",3,853,400,6,9,58,84,17,15,2,7,1,0,11,4,214,14,2,230,0,230,0,400,170,214,230,230,,1,ab4d290f0d7d0e7e4c3abba6749a432331c29393270e8ceb0fba2c73e5338b9a,26/06/2023 00:52:21,ESCANER
7566,"Escuintla",5,"La Democracia",3,853,400,,,,,,,,,,,,,,,,,,,,,,,,,,0,,,
7567,"Escuintla",5,"La Democracia",3,853,400,3,5,76,107,16,25,1,3,0,1,12,1,250,17,2,269,0,269,0,400,131,250,269,269,,1,c75015990ea3aa0159767b0df951412db090083120b201a541c4f12c49b57bd2,25/06/2023 22:52:03,ESCANER
7568,"Escuintla",5,"La Democracia",3,853,400,0,4,63,136,17,21,0,4,0,0,10,1,256,17,0,273,--,273,--,399,126,256,273,273,Algún campo sin dato,1,34ac0ffaa7d92e863744b41fd3e7c58ece140387179255f268576c94c4a82722,26/06/2023 01:42:58,ESCANER
7569,"Escuintla",5,"La Democracia",3,854,280,4,1,42,73,16,12,1,7,0,0,5,0,161,7,0,168,0,168,0,280,112,161,168,168,,1,43d240f07638c94daf5b6542f02fee79b40b3407ebe5f6e220339bd62f324c45,26/06/2023 00:07:48,ESCANER
7570,"Escuintla",5,"La Democracia",3,854,280,1,2,42,60,9,12,1,3,0,1,5,0,136,3,1,140,0,140,0,280,140,136,140,140,,1,32f91516687a0e40e2887b9b038fd122b12d52f964e8ec839462d1ee3e91f188,26/06/2023 00:30:13,ESCANER
7571,"Escuintla",5,"La Democracia",3,855,380,1,12,66,80,15,14,4,7,0,1,7,0,207,18,3,228,0,228,1,379,150,207,228,228,,1,025530fa8769c9c7b6ee68dda3a9fb8788b1350a3d2f5ec53f5fc359c7422650,25/06/2023 23:46:19,ESCANER
7572,"Escuintla",5,"La Democracia",3,855,380,2,11,73,99,12,15,2,9,0,0,7,0,230,9,10,249,0,249,0,380,131,230,249,249,,1,ba919eb26a8b1c4dc1089293f288069d8be8c454d743608ec2d70b0541573488,26/06/2023 00:12:55,ESCANER
7573,"Escuintla",5,"La Democracia",3,855,380,2,24,52,118,15,14,2,6,0,0,8,2,243,21,5,269,0,269,0,380,108,243,269,269,,1,09da2c129be5904e7753c84b26707ffe84b758e7c910263fb9fd8869d6a1b8cf,26/06/2023 00:44:29,ESCANER
7574,"Escuintla",5,"La Democracia",3,855,380,5,27,49,85,19,17,4,10,0,0,13,0,229,20,9,258,0,258,4,380,122,229,258,258,,1,9f7caa41b1bd7106e596b515c57c5317b02abf9dc368e9d2ab942243dd6ee5e3,25/06/2023 23:49:17,ESCANER
7575,"Escuintla",5,"La Democracia",3,855,380,3,7,44,86,22,16,2,5,0,1,8,1,195,10,5,210,0,210,0,380,170,195,210,210,,1,c19f5432d3a4a3a2a2aecda7d661ad5db7632db9d55ac9520fd40e3e58a740df,25/06/2023 23:58:46,ESCANER
7576,"Escuintla",5,"La Democracia",3,855,380,5,14,45,58,8,15,4,8,1,0,6,0,164,10,2,176,0,176,0,380,204,164,176,176,,1,454506fb5dbc1b010e6723529f119bf181a6e8cb04b8fe9443fa03801d385d47,25/06/2023 22:04:18,ESCANER
7577,"Escuintla",5,"La Democracia",3,855,380,0,15,56,77,11,7,2,8,2,2,2,0,182,22,6,210,0,210,--,381,171,182,210,210,Algún campo sin dato,1,c162f481c251d6f7061fb70b64eea35969582b25a1f4b68f9d95512256c74291,26/06/2023 00:20:47,ESCANER
7578,"Escuintla",5,"La Democracia",3,855,380,4,10,47,87,8,6,1,8,0,0,6,0,177,9,3,189,0,189,0,377,188,177,189,189,,1,462ff3b91d73ea9dbf5afbf32988e76dd7cf6176eae9de620715f9878dcd5ba1,25/06/2023 23:40:16,ESCANER
7579,"Escuintla",5,"La Democracia",3,855,380,0,15,53,72,19,4,1,4,1,0,6,1,176,18,1,195,0,195,--,389,194,176,195,195,Algún campo sin dato,1,ea40c05638f393e6c0ee2ce0c0a24fb3e5b922019263a1f452c8c3b3590a16f7,26/06/2023 00:50:20,ESCANER
7580,"Escuintla",5,"La Democracia",3,855,380,1,13,62,96,16,11,4,9,0,0,5,0,217,12,1,230,0,230,0,380,150,217,230,230,,1,20977b29f2846161fd1d64e59096fb7f2053250e9430c0129c94feb886385255,25/06/2023 22:40:56,ESCANER
7581,"Escuintla",5,"La Democracia",3,855,380,5,14,56,133,11,18,1,11,0,0,0,0,249,9,1,259,0,259,0,381,122,249,259,259,,1,318c80655147ac7699cf0570e5c3c450bce142027ce7622a8da61a7079b0411b,25/06/2023 23:31:19,ESCANER
7582,"Escuintla",5,"La Democracia",3,855,215,0,3,37,67,11,8,0,6,0,1,5,0,138,4,1,143,0,143,--,215,72,138,143,143,Algún campo sin dato,1,5537dda94e9efb282f5d40ca3b70b1ac5da27286708ae5406754af72de201e5c,25/06/2023 21:23:50,ESCANER
7583,"Escuintla",5,"La Democracia",3,855,215,0,6,21,43,5,3,1,2,1,0,3,0,85,5,1,91,0,91,--,215,124,85,91,91,Algún campo sin dato,1,6e0d37423a8679faec1c030f802e73c60ae31135cfc60050d3bfd96ed38f0d95,25/06/2023 22:38:01,ESCANER
7584,"Escuintla",5,"La Democracia",3,856,445,5,2,29,30,8,15,0,8,0,2,8,1,108,6,1,115,0,115,0,445,330,108,115,115,,1,7c31a19a506487719edfa20c05b846cfcfc6857b39fdc5289c1ed81761f90125,25/06/2023 23:19:52,ESCANER
7585,"Escuintla",5,"La Democracia",3,856,445,1,4,15,18,3,5,1,5,1,0,6,0,59,5,2,66,0,66,0,445,379,59,66,66,,1,9055643a228ca9b709b591af614e89b0ce2510ed61c2517bbbbffe2566a6e75d,25/06/2023 22:03:24,ESCANER