﻿TIPO_DE_ELECCIÓN:,CORPORACIÓN MUNICIPAL
26 junio 2023 03:36 (UTC -6)
ACTAS_ESPERADAS,ACTAS_CAPTURADAS,PORCENTAJE_ACTAS_CAPTURADAS,ACTAS_CONTABILIZADAS,PORCENTAJE_ACTAS_CONTABILIZADAS,ACTAS_NO_CONTABILIZADAS,LISTA_NOMINAL_ACTAS_CONTABILIZADAS,VOTOS_EMITIDOS_CONTABILIZADAS,PORCENTAJE_PARTICIPACIÓN_CIUDADANA
39,37,94.8717,37,94.8717,0,13605,7883,57.9419

MESA,DEPARTAMENTO,ID_DEPARTAMENTO,MUNICIPIO,ID_MUNICIPIO,CENTRO_DE_VOTACIÓN,PADRÓN,TODOS,UNE,VAMOS,MLP,VICTORIA,U R N G - MAIZ,ELEFANTE,MI FAMILIA,CABAL,PHG,VALOR UNIONISTA,VÁLIDOS,NULOS,BLANCO,EMITIDOS,INVÁLIDOS,TOTAL,IMPUGNACIONES,PAPELETAS-RECIBIDAS,PAPELETAS-NO-USADAS,VALIDOS_CALCULADO,EMITIDOS_CALCULADO,TOTAL_CALCULADO,OBSERVACIONES,CONTABILIZADA,CÓDIGO_INTEGRIDAD,FECHA_HORA_PUBLICACIÓN,DIGITALIZACIÓN
18497,"Baja Verapaz",15,"San Jerónimo",7,2842,400,56,18,27,0,6,5,15,7,13,0,63,210,12,0,222,0,222,--,400,178,210,222,222,Algún campo sin dato,1,836700ae77d30beef1b6bdc542483a17bdeadd95269c707a62fb325282cc5028,26/06/2023 01:25:09,ESCANER
18498,"Baja Verapaz",15,"San Jerónimo",7,2842,400,65,23,38,0,4,9,32,3,18,3,55,250,8,4,262,0,262,--,400,138,250,262,262,Algún campo sin dato,1,71468f3df18ddc3b49462532b227570743adeb67b215b7b3eb892d66340ea55a,26/06/2023 00:27:23,ESCANER
18499,"Baja Verapaz",15,"San Jerónimo",7,2842,400,64,24,26,3,3,11,24,6,8,5,45,219,21,7,247,0,247,--,400,153,219,247,247,Algún campo sin dato,1,f2aa726055155fe6ad93161f84ab82c06ad41a94cd1898e079599aa3966b9d0b,25/06/2023 22:07:28,ESCANER
18500,"Baja Verapaz",15,"San Jerónimo",7,2842,400,63,37,31,0,3,6,34,6,13,1,51,245,12,3,260,0,260,--,400,140,245,260,260,Algún campo sin dato,1,59c9af02cef29a844c0e6a7d8068ec7e8e9ea47b391f5b35ae56cc874254f697,26/06/2023 00:50:24,ESCANER
18501,"Baja Verapaz",15,"San Jerónimo",7,2842,400,55,37,25,0,8,8,29,1,16,1,68,248,14,4,266,0,266,--,405,139,248,266,266,Algún campo sin dato,1,70ce75390d75fa106ebdc898fa52ec493e577807e427bbe3cfa621d6dcfa7003,26/06/2023 00:07:20,ESCANER
18502,"Baja Verapaz",15,"San Jerónimo",7,2842,400,51,23,16,0,4,10,12,0,12,2,50,180,9,1,190,0,190,--,400,210,180,190,190,Algún campo sin dato,1,6bf3f592ccf80a96d6bcf7cbc0f82cc666280d95f0b6bfc6b2426942da8bd156,25/06/2023 23:10:39,ESCANER
18503,"Baja Verapaz",15,"San Jerónimo",7,2842,400,56,17,25,0,10,10,17,3,15,3,69,225,12,3,240,0,240,--,405,165,225,240,240,Algún campo sin dato,1,7b01de01850212c10837eb84afb2c6a4f6ffb0bbc00c7fe77db802a9d51b0cbb,25/06/2023 23:54:39,ESCANER
18504,"Baja Verapaz",15,"San Jerónimo",7,2842,400,41,24,34,1,9,10,17,5,13,4,62,220,7,1,228,0,228,--,400,172,220,228,228,Algún campo sin dato,1,e2c94a02a464d583b2583f73acf66f6fbb5f79b4f180b7202ab380532a9f741e,26/06/2023 00:03:42,ESCANER
18505,"Baja Verapaz",15,"San Jerónimo",7,2843,400,51,28,37,2,2,5,22,2,11,1,69,230,5,0,235,0,235,--,400,165,230,235,235,Algún campo sin dato,1,950777c4baa8f2c7114f0a978781bcf84319ca13da31177ae46791235a2f7539,26/06/2023 01:05:19,ESCANER
18506,"Baja Verapaz",15,"San Jerónimo",7,2843,263,36,21,25,1,1,2,14,4,8,0,42,154,3,0,157,0,157,--,261,104,154,157,157,Algún campo sin dato,1,e23c14f49d2ee827303a670577085545c7c3d96340f98d4175cf36524ea8e7a5,25/06/2023 23:53:37,ESCANER
18507,"Baja Verapaz",15,"San Jerónimo",7,2843,262,20,15,17,0,5,3,7,4,5,0,37,113,2,0,115,0,115,--,261,146,113,115,115,Algún campo sin dato,1,2c2b3e0f2da109302e9a18174f155d83d165894f919a73b3a1036e7622ceb102,25/06/2023 22:36:18,ESCANER
18508,"Baja Verapaz",15,"San Jerónimo",7,2844,400,58,17,90,2,6,12,7,4,3,2,29,230,22,3,255,--,255,--,400,145,230,255,255,Algún campo sin dato,1,bda85f6794d3dc154e19a7163e9d634f2311168e13a820e75d0c941072661d15,26/06/2023 01:52:48,ESCANER
18509,"Baja Verapaz",15,"San Jerónimo",7,2844,400,59,17,97,3,4,15,6,4,9,2,33,249,17,1,267,0,267,--,405,138,249,267,267,Algún campo sin dato,1,79c461f666e37c2c3a9f8c07dd45f2ac7973ffcb87f46ac45143cb291255bca7,26/06/2023 02:10:50,ESCANER
18510,"Baja Verapaz",15,"San Jerónimo",7,2844,400,74,28,86,5,5,7,9,3,2,2,33,254,17,8,279,0,279,--,403,124,254,279,279,Algún campo sin dato,1,7f8e372e409d8ff05203d8e2afb8c679291f19c0587171ecf6528b0de0639e56,26/06/2023 02:02:30,ESCANER
18511,"Baja Verapaz",15,"San Jerónimo",7,2844,400,66,25,119,0,6,5,5,3,4,0,26,259,19,0,278,0,278,--,400,122,259,278,278,Algún campo sin dato,1,1079923468d149eb8a2dfe39cd6245e6914bcb6785da19b4a27b193efb72a0ef,26/06/2023 01:53:24,ESCANER
18512,"Baja Verapaz",15,"San Jerónimo",7,2844,400,68,15,52,5,8,15,7,1,8,0,31,210,16,4,230,0,230,1,400,170,210,230,230,,1,94ff4a8f1b9282f9f738d6452de9bd565375458ba262e58b72e4f6e0b1e8247a,25/06/2023 22:25:03,ESCANER
18513,"Baja Verapaz",15,"San Jerónimo",7,2844,400,38,15,61,4,5,9,9,0,8,1,32,182,14,4,200,0,200,--,405,205,182,200,200,Algún campo sin dato,1,b9562188ccf8ea444d7e4c7377179fe0b8a438782b53f7a1eb785f6e41c7fdaf,26/06/2023 00:21:06,ESCANER
18514,"Baja Verapaz",15,"San Jerónimo",7,2844,287,23,17,49,0,6,9,6,0,5,0,25,140,2,0,142,0,142,--,287,145,140,142,142,Algún campo sin dato,1,54770dce688cda8bfbb38207af722bea70c4a04617c677f3fa72c6007c0129cc,26/06/2023 02:15:13,ESCANER
18515,"Baja Verapaz",15,"San Jerónimo",7,2844,286,34,15,50,0,6,7,1,3,4,0,16,136,5,0,141,0,141,0,286,145,136,141,141,,1,308fc33f24fd72f0a788820d85a2988fc89ece71200c4519e233acbd40b7a1f2,25/06/2023 23:53:54,ESCANER
18516,"Baja Verapaz",15,"San Jerónimo",7,2845,380,,,,,,,,,,,,,,,,,,,,,,,,,0,,,
18517,"Baja Verapaz",15,"San Jerónimo",7,2845,380,,,,,,,,,,,,,,,,,,,,,,,,,0,,,
18518,"Baja Verapaz",15,"San Jerónimo",7,2845,380,48,12,77,1,16,34,2,1,9,9,15,224,28,7,259,0,259,--,380,121,224,259,259,Algún campo sin dato,1,1c61b8c0f4a9ce278ae4a401da95640237ed1f8d666441216e82f63fcf1cdda0,26/06/2023 03:01:38,ESCANER
18519,"Baja Verapaz",15,"San Jerónimo",7,2845,268,20,10,62,0,8,19,2,1,4,8,13,147,12,1,160,0,160,--,268,108,147,160,160,Algún campo sin dato,1,735d0ee30777c0bef700f3d62fff9c09c5715f973b34b410c010de5b03cef9a0,26/06/2023 00:22:57,ESCANER
18520,"Baja Verapaz",15,"San Jerónimo",7,2845,268,21,4,61,1,8,15,2,0,4,7,11,134,7,0,141,0,141,--,268,127,134,141,141,Algún campo sin dato,1,0df39d61ff6c983312c9aa98b1e8afc3809eec671da20aa87d93c048552e34e0,26/06/2023 00:28:57,ESCANER
18521,"Baja Verapaz",15,"San Jerónimo",7,2846,380,33,61,29,1,45,19,7,3,4,1,5,208,26,9,243,0,243,--,380,137,208,243,243,Algún campo sin dato,1,1da801629f07d0284ab57e335d2aa7cbd6519e022615ef0ed321f5521ad7340e,26/06/2023 01:38:21,ESCANER
18522,"Baja Verapaz",15,"San Jerónimo",7,2846,380,31,56,45,1,47,15,5,3,5,1,6,215,23,8,246,0,246,--,380,134,215,246,246,Algún campo sin dato,1,09be539b08f4e2e5d28a3f7069ffecf400cc4359779efc92e4bfbc766fe0b635,26/06/2023 01:57:03,ESCANER
18523,"Baja Verapaz",15,"San Jerónimo",7,2846,380,31,50,53,1,45,19,6,6,1,2,6,220,26,4,250,0,250,--,380,130,220,250,250,Algún campo sin dato,1,f10df3a09fb2f5592cd2aabc35b39b6aa8e8767591061be253c9953a7588da9f,25/06/2023 23:01:43,ESCANER
18524,"Baja Verapaz",15,"San Jerónimo",7,2846,380,47,57,37,3,35,7,8,5,9,0,10,218,15,10,243,0,243,--,380,137,218,243,243,Algún campo sin dato,1,23c70345cdb1e919c59bc94cccda8d300c374728479a969f4887aa61fcc409ac,26/06/2023 01:53:09,ESCANER
18525,"Baja Verapaz",15,"San Jerónimo",7,2846,380,22,57,33,1,48,12,5,3,2,0,12,195,20,4,219,0,219,--,380,161,195,219,219,Algún campo sin dato,1,68956446931d52272a6f56c063e27e58b5bd1aac75c3af7bf4742cc9d719a274,25/06/2023 22:31:25,ESCANER
18526,"Baja Verapaz",15,"San Jerónimo",7,2846,380,38,46,35,1,46,15,5,6,5,0,7,204,15,4,223,0,223,--,380,157,204,223,223,Algún campo sin dato,1,6edd5a567fc6db67f11756a94f042623b5fccdbc401fb401b384920192462132,25/06/2023 22:40:40,ESCANER
18527,"Baja Verapaz",15,"San Jerónimo",7,2846,380,22,44,42,1,34,14,7,5,1,1,9,180,16,6,202,0,202,--,380,178,180,202,202,Algún campo sin dato,1,2a2e169b6e23e6705983064fe269ac47d58b0bac12b49e93033a83506b973f04,25/06/2023 23:18:37,ESCANER
18528,"Baja Verapaz",15,"San Jerónimo",7,2846,336,15,46,37,1,32,12,9,6,7,0,7,172,2,1,175,0,175,--,336,161,172,175,175,Algún campo sin dato,1,14a6c4fc0994a3311cd32b74ad7741b7e9746a2b40ee78e90f76511c0cae2a09,26/06/2023 02:06:21,ESCANER
18529,"Baja Verapaz",15,"San Jerónimo",7,2846,335,16,42,26,0,33,10,3,0,1,0,5,136,3,2,141,0,141,--,335,194,136,141,141,Algún campo sin dato,1,62843035be7556d37d8255b94d26276964db840a4291ded0f28a15d4bc3766e4,25/06/2023 23:13:14,ESCANER
18530,"Baja Verapaz",15,"San Jerónimo",7,2847,380,47,45,39,7,4,57,2,0,2,2,29,234,16,4,254,0,254,--,380,126,234,254,254,Algún campo sin dato,1,fc56cb01c106ecd57cfef107913f985af830092decb1e8b5393f22f6a8c578f2,26/06/2023 00:29:50,ESCANER
18531,"Baja Verapaz",15,"San Jerónimo",7,2847,380,49,33,46,4,4,58,4,0,2,0,25,225,29,2,256,0,256,1,380,123,225,256,256,,1,c0d2df2dca77a9aaa5d589492dd06a11c0d6c6f11ae6337d6835c7f57a774b95,26/06/2023 01:59:54,ESCANER
18532,"Baja Verapaz",15,"San Jerónimo",7,2847,380,33,22,34,4,5,74,3,0,6,0,28,209,20,1,230,0,230,--,380,150,209,230,230,Algún campo sin dato,1,7b82e8af4242fbf45e68ab90c1b46575b73c3e7e55f168063344615decaf1159,25/06/2023 23:22:38,ESCANER
18533,"Baja Verapaz",15,"San Jerónimo",7,2847,276,33,14,23,3,2,35,4,0,2,0,19,135,8,0,143,0,143,--,276,133,135,143,143,Algún campo sin dato,1,4e4bbc364418a12290470d61364d1052ba764c97560c9bf66837ff75d759937f,25/06/2023 23:36:47,ESCANER
18534,"Baja Verapaz",15,"San Jerónimo",7,2847,276,30,18,26,2,1,52,2,1,1,0,11,144,9,1,154,0,154,--,276,119,144,154,154,Algún campo sin dato,1,f2353f27177dadb5061f5b6863de0a0fcb4b10e3d1ef8fb56604907e8b2e3557,26/06/2023 00:38:02,ESCANER
18535,"Baja Verapaz",15,"San Jerónimo",7,2848,568,25,15,23,1,7,12,7,2,7,0,21,120,8,2,130,0,130,--,568,438,120,130,130,Algún campo sin dato,1,58422be5529af144d2d2d79d9c90ecfe8449bda4ba4d289d445fd13abb4fc029,25/06/2023 23:33:15,ESCANER