﻿TIPO_DE_ELECCIÓN:,CORPORACIÓN MUNICIPAL
26 junio 2023 03:36 (UTC -6)
ACTAS_ESPERADAS,ACTAS_CAPTURADAS,PORCENTAJE_ACTAS_CAPTURADAS,ACTAS_CONTABILIZADAS,PORCENTAJE_ACTAS_CONTABILIZADAS,ACTAS_NO_CONTABILIZADAS,LISTA_NOMINAL_ACTAS_CONTABILIZADAS,VOTOS_EMITIDOS_CONTABILIZADAS,PORCENTAJE_PARTICIPACIÓN_CIUDADANA
20,20,100.0000,20,100.0000,0,7201,4918,68.2960

MESA,DEPARTAMENTO,ID_DEPARTAMENTO,MUNICIPIO,ID_MUNICIPIO,CENTRO_DE_VOTACIÓN,PADRÓN,UNE,CABAL,VAMOS,VICTORIA,UR,VIVA,PHG,VOS,VALOR UNIONISTA,VÁLIDOS,NULOS,BLANCO,EMITIDOS,INVÁLIDOS,TOTAL,IMPUGNACIONES,PAPELETAS-RECIBIDAS,PAPELETAS-NO-USADAS,VALIDOS_CALCULADO,EMITIDOS_CALCULADO,TOTAL_CALCULADO,OBSERVACIONES,CONTABILIZADA,CÓDIGO_INTEGRIDAD,FECHA_HORA_PUBLICACIÓN,DIGITALIZACIÓN
18477,"Baja Verapaz",15,"El Chol",6,2836,400,92,92,5,1,4,1,7,6,58,266,5,4,275,0,275,0,402,127,266,275,275,,1,e0f7a9c17cb9657546e881eb9ecd556cc664f16e5a0eabe5920c1ddfa089454c,25/06/2023 23:08:07,ESCANER
18478,"Baja Verapaz",15,"El Chol",6,2836,400,109,77,7,4,0,5,8,3,61,274,11,8,293,0,293,0,400,107,274,293,293,,1,f994ca7bcfc82941085cca816074b2aaad256063644d44055d6814ef2d607911,26/06/2023 00:40:02,ESCANER
18479,"Baja Verapaz",15,"El Chol",6,2836,400,95,86,4,3,0,1,5,3,101,298,2,3,303,0,303,0,400,97,298,303,303,,1,08e33d89d27d58519cf7a14f7c3398411da91714e3c0b65b0739f639eacc58dd,26/06/2023 00:44:47,ESCANER
18480,"Baja Verapaz",15,"El Chol",6,2836,400,96,104,5,1,1,3,6,2,69,287,15,5,307,0,307,0,400,93,287,307,307,,1,7ba55b6a9d94eea14785613e6135f9705b36a061939e3d5615d3480d60f157e3,25/06/2023 23:24:23,ESCANER
18481,"Baja Verapaz",15,"El Chol",6,2836,400,81,131,3,6,0,0,7,2,74,304,10,6,320,0,320,0,398,78,304,320,320,,1,abed29089491383632e2c56309d2ad80e16d1d382551c34c162876b6f46bf463,25/06/2023 23:17:18,ESCANER
18482,"Baja Verapaz",15,"El Chol",6,2836,400,69,101,0,2,0,0,5,2,75,263,8,1,272,0,272,0,400,137,254,263,263,Sumas Asentadas sin cuadrar,1,ad008234a85749fc5f7e0a2dff8948bd8f5ff085d40c671cc84f67ade8c8a67a,25/06/2023 23:06:34,ESCANER
18483,"Baja Verapaz",15,"El Chol",6,2837,400,79,102,3,1,2,0,7,3,68,265,5,2,272,0,272,0,400,128,265,272,272,,1,c8ec62785391b156935d6cd80fffa7e2bfb0827ccc7a944c7419ae2621f55feb,26/06/2023 00:45:39,ESCANER
18484,"Baja Verapaz",15,"El Chol",6,2837,400,85,81,2,2,0,1,8,1,79,259,2,0,261,1,262,1,400,138,259,261,262,,1,4712aac9514d053b34e88dcde0f0f4f450166501a2945a6479ba1191a6b34f0c,26/06/2023 01:00:11,ESCANER
18485,"Baja Verapaz",15,"El Chol",6,2837,400,89,90,2,1,0,0,2,0,83,267,2,0,269,0,269,0,400,131,267,269,269,,1,c593fdb07c79cd8fbbc01252a13db0fda786a7443862a96f5737d12f5ad07f20,26/06/2023 01:09:26,ESCANER
18486,"Baja Verapaz",15,"El Chol",6,2837,306,76,83,0,2,0,0,4,2,52,219,0,0,219,0,219,0,306,87,219,219,219,,1,0e0d526efd37457df35621b72f49a63f56cd3a09bea3294ad377f1a16c40fb02,26/06/2023 01:06:53,ESCANER
18487,"Baja Verapaz",15,"El Chol",6,2838,306,61,86,2,2,0,1,6,1,44,203,1,0,204,0,204,--,306,102,203,204,204,Algún campo sin dato,1,0c2922dad0f3fcd72158bd49ca7d754cfed1e7c9221776366f6926c386aeeb06,26/06/2023 00:42:10,ESCANER
18488,"Baja Verapaz",15,"El Chol",6,2839,380,142,73,1,2,0,3,0,1,30,252,14,6,272,0,272,0,380,108,252,272,272,,1,fb739553431188e1fe3a52440a5848b1388cef621d2061fb7dbbbf09f8a4453f,26/06/2023 01:17:15,ESCANER
18489,"Baja Verapaz",15,"El Chol",6,2839,380,180,61,2,0,0,0,1,0,47,291,12,0,303,0,303,0,380,77,291,303,303,,1,1a4299e9af3550b6b146c66933d10501db9576a230ea4886f223983881ee77e8,26/06/2023 00:52:46,ESCANER
18490,"Baja Verapaz",15,"El Chol",6,2839,380,128,39,1,2,1,0,0,0,73,244,7,2,253,0,253,0,380,127,244,253,253,,1,7a241481f568c70c3eb22d3b0caa2265be5055fa96c9d6befeac99e2d67dce2c,26/06/2023 01:43:48,ESCANER
18491,"Baja Verapaz",15,"El Chol",6,2839,380,123,61,1,0,0,0,0,1,54,240,4,0,244,0,244,0,380,136,240,244,244,,1,9ba06b4854fc2a21aa815444a01a9d0aee05a2611776af655fb740f3d133fbeb,26/06/2023 00:59:08,ESCANER
18492,"Baja Verapaz",15,"El Chol",6,2839,209,79,33,2,0,0,0,0,0,42,156,3,1,160,0,160,0,209,49,156,160,160,,1,99d94fd4e1abbfc68d244d50b6d6dc16315eaa9aaf49ecf8a4e0735ca9d69eee,26/06/2023 01:01:00,ESCANER
18493,"Baja Verapaz",15,"El Chol",6,2839,209,74,36,0,0,0,0,0,2,30,142,2,0,144,0,144,0,209,65,142,144,144,,1,9447468cc2bd3731783d99e54281f0d6977f4d64cdcce3ba3e881a01bd0c7827,26/06/2023 01:09:41,ESCANER
18494,"Baja Verapaz",15,"El Chol",6,2840,367,94,77,2,1,0,1,2,1,83,261,12,4,277,0,277,0,367,90,261,277,277,,1,e59b95b98513b6cbbc1dba59672a4a0b3bb542d099142a5c50c776c24d5d6bd8,26/06/2023 01:39:28,ESCANER
18495,"Baja Verapaz",15,"El Chol",6,2840,366,67,72,3,2,0,0,4,1,73,222,4,3,229,--,229,--,366,137,222,229,229,Algún campo sin dato,1,2cc2870b708ecf52a4c0cd47e371af98836979212ee9ff00c0487d0a9b6f8afd,26/06/2023 01:28:25,ESCANER
18496,"Baja Verapaz",15,"El Chol",6,2841,318,22,13,0,0,1,0,1,0,8,45,3,2,50,0,50,0,318,268,45,50,50,,1,86a4f05771271ff39dbb9f76ec7a25ff5829428c229a8024a9e2c0dd05fc86be,26/06/2023 00:47:39,ESCANER