﻿TIPO_DE_ELECCIÓN:,CORPORACIÓN MUNICIPAL
26 junio 2023 03:36 (UTC -6)
ACTAS_ESPERADAS,ACTAS_CAPTURADAS,PORCENTAJE_ACTAS_CAPTURADAS,ACTAS_CONTABILIZADAS,PORCENTAJE_ACTAS_CONTABILIZADAS,ACTAS_NO_CONTABILIZADAS,LISTA_NOMINAL_ACTAS_CONTABILIZADAS,VOTOS_EMITIDOS_CONTABILIZADAS,PORCENTAJE_PARTICIPACIÓN_CIUDADANA
28,28,100.0000,28,100.0000,0,10808,8221,76.0640

MESA,DEPARTAMENTO,ID_DEPARTAMENTO,MUNICIPIO,ID_MUNICIPIO,CENTRO_DE_VOTACIÓN,PADRÓN,M.U.P,CABAL,VAMOS,UNE,VÁLIDOS,NULOS,BLANCO,EMITIDOS,INVÁLIDOS,TOTAL,IMPUGNACIONES,PAPELETAS-RECIBIDAS,PAPELETAS-NO-USADAS,VALIDOS_CALCULADO,EMITIDOS_CALCULADO,TOTAL_CALCULADO,OBSERVACIONES,CONTABILIZADA,CÓDIGO_INTEGRIDAD,FECHA_HORA_PUBLICACIÓN,DIGITALIZACIÓN
5474,"Sacatepéquez",2,"Pastores",3,553,400,107,158,4,14,283,13,3,299,0,299,--,404,105,283,299,299,Algún campo sin dato,1,8cacc8144e598b82ba68d7a7a867216cf093e9651fd7e8f61fdf6dbd2999afd4,26/06/2023 00:25:37,ESCANER
5475,"Sacatepéquez",2,"Pastores",3,553,400,118,168,7,15,308,13,3,324,0,324,--,400,76,308,324,324,Algún campo sin dato,1,47016051422cac81cbbfd5f0ea95cdd783454d23fed7bbe2054815b871c4b447,25/06/2023 23:09:29,ESCANER
5476,"Sacatepéquez",2,"Pastores",3,553,400,117,162,10,13,302,20,2,324,0,324,--,400,76,302,324,324,Algún campo sin dato,1,77e9186a54a8c645af5e81bc07de991bf46201527bc64813f3d80a847f533280,26/06/2023 02:37:37,ESCANER
5477,"Sacatepéquez",2,"Pastores",3,553,400,114,186,4,10,314,6,0,320,0,320,--,400,80,314,320,320,Algún campo sin dato,1,9e75c5b45aeb6c1747c341ad7405cfb825425c8a759a4d3e579b4aeffc9dfd6b,25/06/2023 23:29:28,ESCANER
5478,"Sacatepéquez",2,"Pastores",3,554,400,106,169,4,30,309,11,1,321,0,321,--,400,79,309,321,321,Algún campo sin dato,1,5e8b6f109c7dee2a199968281982b7f005ea6a0c45faaf921467d69886d4c5b9,26/06/2023 00:41:02,ESCANER
5479,"Sacatepéquez",2,"Pastores",3,554,400,134,181,4,15,334,10,1,345,0,345,--,400,55,334,345,345,Algún campo sin dato,1,5c0411d58375574477fca2ddf6bc7789355b4185291b77b561fb9115ecbd53a0,26/06/2023 01:16:38,ESCANER
5480,"Sacatepéquez",2,"Pastores",3,554,400,138,167,2,17,324,9,4,337,0,337,--,400,63,324,337,337,Algún campo sin dato,1,4f86bae548c5af243fc3a4598ea2a2035fa67abae40ed013062e2d6aa792bee9,25/06/2023 23:06:42,ESCANER
5481,"Sacatepéquez",2,"Pastores",3,554,400,125,173,5,18,321,12,4,337,0,337,--,--,--,321,337,337,Algún campo sin dato,1,ce2ab3f701cb97de98a07406c1bda35502bc12a2f2cfb66538c9d73665957dc8,26/06/2023 00:27:50,ESCANER
5482,"Sacatepéquez",2,"Pastores",3,554,400,103,184,7,21,315,16,4,335,0,335,--,397,62,315,335,335,Algún campo sin dato,1,e14bd687da05a92195ef10a68f8eeb797465ad46d9eb9b24a9acdd5164832ce1,26/06/2023 01:18:02,ESCANER
5483,"Sacatepéquez",2,"Pastores",3,554,400,103,179,5,22,309,4,2,315,0,315,--,400,85,309,315,315,Algún campo sin dato,1,b526123cc78a9cc892c0a827203129a94faebae3246b67f2573fd9ab3d8ddf89,25/06/2023 23:20:53,ESCANER
5484,"Sacatepéquez",2,"Pastores",3,555,400,87,174,5,18,284,15,5,304,--,304,--,400,96,284,304,304,Algún campo sin dato,1,8a7b8d964d151ebab29fb6128d95a6e67592269f04468b0c3d0213895a2d7290,25/06/2023 23:42:53,ESCANER
5485,"Sacatepéquez",2,"Pastores",3,555,400,62,210,10,14,296,7,1,304,0,304,--,400,96,296,304,304,Algún campo sin dato,1,94baf6657b6c9a2417fb602358107dcdcb2393add9150a4ce48cb95a131cc32d,26/06/2023 00:32:29,ESCANER
5486,"Sacatepéquez",2,"Pastores",3,556,400,82,184,1,13,280,20,0,300,0,300,--,400,100,280,300,300,Algún campo sin dato,1,b0e1734896850a6e08e9a606b6cc299fbd7eb662226af14f57e95307ae60a131,26/06/2023 01:47:11,ESCANER
5487,"Sacatepéquez",2,"Pastores",3,556,400,93,189,4,6,292,6,3,301,0,301,--,400,99,292,301,301,Algún campo sin dato,1,c11c2fa928767c4ca515d4c36cf3fc3793a931649b3083f4670ef2b094c5ca0d,26/06/2023 00:56:25,ESCANER
5488,"Sacatepéquez",2,"Pastores",3,556,400,89,174,3,13,279,10,1,290,0,290,--,400,110,279,290,290,Algún campo sin dato,1,7ed8e96321fdae2d048d47e3695d177eb44e116451d52400cff23e31dd7ecfe3,26/06/2023 01:18:12,ESCANER
5489,"Sacatepéquez",2,"Pastores",3,556,400,106,170,3,6,285,8,3,296,0,296,--,400,104,285,296,296,Algún campo sin dato,1,864af1de1a795b0eb4826ee4a2c1a9f37964da2ea0b54a499409c66a4b7ec02e,26/06/2023 00:34:07,ESCANER
5490,"Sacatepéquez",2,"Pastores",3,557,400,115,159,7,6,287,10,1,298,0,298,--,400,102,287,298,298,Algún campo sin dato,1,494cff462cd65f133c37a977d0b25e05a1aca83b768316622b8c14aa5bffaf84,26/06/2023 01:34:08,ESCANER
5491,"Sacatepéquez",2,"Pastores",3,557,400,102,159,13,12,286,15,2,303,0,303,--,400,97,286,303,303,Algún campo sin dato,1,1696dbaf08a764a2d3eeefc8294dca81642b83507d28a4fb6ce69acec5c4ecdd,25/06/2023 23:46:54,ESCANER
5492,"Sacatepéquez",2,"Pastores",3,557,400,113,153,4,11,281,18,2,301,0,301,--,400,99,281,301,301,Algún campo sin dato,1,b6b4fb0e4662321f0970a87b702ee8466007c0b5c83be8c91d2a30c2eb701984,25/06/2023 23:55:38,ESCANER
5493,"Sacatepéquez",2,"Pastores",3,558,400,112,130,4,13,259,10,2,271,0,271,--,400,129,259,271,271,Algún campo sin dato,1,456e3632d85eec247fbf8282191df4b5bcc8c97115b011892cb71a04e75afd38,26/06/2023 01:05:12,ESCANER
5494,"Sacatepéquez",2,"Pastores",3,558,400,115,151,9,12,287,11,0,298,0,298,--,400,102,287,298,298,Algún campo sin dato,1,bc29ce6278136426b17060fb5c92ad5c67b13810ea7f4fedc6b922146f51ea79,26/06/2023 02:08:37,ESCANER
5495,"Sacatepéquez",2,"Pastores",3,558,400,118,157,3,10,288,13,2,303,0,303,--,400,97,288,303,303,Algún campo sin dato,1,838ef56de6dd73dabb7c66f73c03cb64912929a91651132112eaab8feca6710f,26/06/2023 01:23:17,ESCANER
5496,"Sacatepéquez",2,"Pastores",3,559,400,109,185,14,9,317,8,1,326,0,326,--,400,74,317,326,326,Algún campo sin dato,1,490e361ef365013d19dc1ae5eda21c5323531819db30aaa5f6f3f93bf97df6fc,26/06/2023 00:54:22,ESCANER
5497,"Sacatepéquez",2,"Pastores",3,559,400,128,150,3,10,291,9,2,302,0,302,--,400,98,291,302,302,Algún campo sin dato,1,51750d316efb73a8cbfa1193cee66baf5f326bc0e8b06592cd990fca1474af40,26/06/2023 01:01:11,ESCANER
5498,"Sacatepéquez",2,"Pastores",3,559,400,105,172,10,14,301,7,0,308,0,308,0,400,92,301,308,308,,1,ad16ff0e4a88ce083b73e96fdf78d55ad3cfc8f293ca9e5990a8083943de44a1,26/06/2023 01:01:46,ESCANER
5499,"Sacatepéquez",2,"Pastores",3,559,230,87,60,4,4,155,3,0,158,0,158,--,230,72,155,158,158,Algún campo sin dato,1,aa99eb346450fbdad59aa6ad0dba0eaf35c13caa406f909d83a437a79bbd15b0,25/06/2023 22:26:25,ESCANER
5500,"Sacatepéquez",2,"Pastores",3,559,229,63,79,2,6,150,5,1,156,0,156,--,229,73,150,156,156,Algún campo sin dato,1,4da35109b707ceaf3cb17fa46ab65c74b0c591f0c2f7b25cc0f87a6527a5b1b9,25/06/2023 22:42:05,ESCANER
5501,"Sacatepéquez",2,"Pastores",3,560,349,40,84,5,8,137,7,1,145,0,145,--,349,204,137,145,145,Algún campo sin dato,1,e6218cc6a94c6b1d31f39611ceb2cf5cb72bbbf0e5b7830f60c0b96196c1bd8f,26/06/2023 01:42:35,ESCANER