﻿TIPO_DE_ELECCIÓN:,CORPORACIÓN MUNICIPAL
26 junio 2023 03:36 (UTC -6)
ACTAS_ESPERADAS,ACTAS_CAPTURADAS,PORCENTAJE_ACTAS_CAPTURADAS,ACTAS_CONTABILIZADAS,PORCENTAJE_ACTAS_CONTABILIZADAS,ACTAS_NO_CONTABILIZADAS,LISTA_NOMINAL_ACTAS_CONTABILIZADAS,VOTOS_EMITIDOS_CONTABILIZADAS,PORCENTAJE_PARTICIPACIÓN_CIUDADANA
72,65,90.2777,65,90.2777,0,25686,15055,58.6116

MESA,DEPARTAMENTO,ID_DEPARTAMENTO,MUNICIPIO,ID_MUNICIPIO,CENTRO_DE_VOTACIÓN,PADRÓN,VAMOS,PHG,CABAL,MLP,TODOS,AZUL,CREO,UNE,BIEN,WINAQ,ELEFANTE,VIVA,UR,PR,VALOR,U R N G - MAIZ,VICTORIA,PPN,VÁLIDOS,NULOS,BLANCO,EMITIDOS,INVÁLIDOS,TOTAL,IMPUGNACIONES,PAPELETAS-RECIBIDAS,PAPELETAS-NO-USADAS,VALIDOS_CALCULADO,EMITIDOS_CALCULADO,TOTAL_CALCULADO,OBSERVACIONES,CONTABILIZADA,CÓDIGO_INTEGRIDAD,FECHA_HORA_PUBLICACIÓN,DIGITALIZACIÓN
14365,"San Marcos",12,"San Pablo",19,2015,400,62,10,7,3,37,11,20,6,51,2,3,1,0,1,1,3,0,2,220,27,3,250,0,250,--,400,150,220,250,250,Algún campo sin dato,1,be3aefcc30d779bb8c7eb5904dfba779f04cd05ce552dd48b2181314a72d1cf5,26/06/2023 00:48:57,ESCANER
14366,"San Marcos",12,"San Pablo",19,2015,400,79,9,4,1,75,11,16,15,12,2,2,2,2,0,2,0,2,1,235,29,14,278,0,278,--,400,122,235,278,278,Algún campo sin dato,1,1b7fec9d1e102092ed4d1a35d5c72ac45eba7199eda0e10f8dace1b6da0cea84,26/06/2023 02:22:30,ESCANER
14367,"San Marcos",12,"San Pablo",19,2015,400,57,20,16,0,54,15,12,13,20,3,0,1,1,1,--,--,--,--,217,31,11,259,0,259,--,400,141,213,255,255,Sumas Asentadas sin cuadrar,1,6247f7f3f391a247f09c5ad255f76548c30964f70f2161bc04bdf75e90642a44,26/06/2023 00:55:35,ESCANER
14368,"San Marcos",12,"San Pablo",19,2015,400,83,6,9,3,43,9,18,10,26,6,0,1,9,0,0,2,0,2,227,26,15,268,0,268,--,400,132,227,268,268,Algún campo sin dato,1,f0c9d3bcdbc176525715136d3facc4d9e3995a80e85025dc51bb118899d669ba,26/06/2023 01:55:36,ESCANER
14369,"San Marcos",12,"San Pablo",19,2015,400,91,5,10,3,37,15,23,11,14,2,0,2,3,0,0,1,3,4,224,39,12,275,0,275,--,400,125,224,275,275,Algún campo sin dato,1,676c661b8a60116f43252a718b9ce808f6e221ed86555a085189aa431787b5b4,26/06/2023 01:52:00,ESCANER
14370,"San Marcos",12,"San Pablo",19,2015,400,100,7,5,1,47,18,20,17,18,1,0,0,1,0,0,3,0,3,241,31,3,275,0,275,--,400,125,241,275,275,Algún campo sin dato,1,78a5e65aabbe272ebbddc046fe1e44703f5a06f51e144ffff65231077dbe8400,26/06/2023 01:21:12,ESCANER
14371,"San Marcos",12,"San Pablo",19,2015,400,67,11,7,6,40,17,21,22,28,3,2,2,0,1,1,1,0,2,231,37,5,273,0,273,--,400,124,231,273,273,Algún campo sin dato,1,21a450ebbfdfd0763ec4623c724c60c405ed6ef091d5ecc5d442083d4de73f79,26/06/2023 02:13:47,ESCANER
14372,"San Marcos",12,"San Pablo",19,2015,400,61,8,8,3,44,27,24,30,17,2,0,6,1,0,0,2,1,2,239,30,5,274,0,274,--,400,126,236,271,271,Sumas Asentadas sin cuadrar,1,41b6597b8e33f5707e2330ce356a2a41a0eee5bf9444c366135cc7c3bc07a71b,26/06/2023 01:01:35,ESCANER
14373,"San Marcos",12,"San Pablo",19,2016,400,61,11,9,4,37,15,15,37,16,3,2,1,1,1,1,2,0,1,217,24,10,251,0,251,--,400,149,217,251,251,Algún campo sin dato,1,4a39e4b90104f0bba59678949035b3b8a080d40f10828386c680eb4ad0c1a108,26/06/2023 01:28:40,ESCANER
14374,"San Marcos",12,"San Pablo",19,2016,400,45,7,9,5,71,13,26,22,9,6,1,4,4,0,2,1,0,0,227,25,2,254,0,254,--,400,146,225,252,252,Sumas Asentadas sin cuadrar,1,2119fad2c259f22b4c2d90fdae551f4c5e2f64542194c43f670e52e6785ab2c5,26/06/2023 01:53:59,ESCANER
14375,"San Marcos",12,"San Pablo",19,2016,400,68,6,16,1,26,50,19,18,16,2,1,7,0,1,0,2,0,0,233,31,8,272,0,272,--,--,--,233,272,272,Algún campo sin dato,1,13ba9958e2d9ce9cf279c7d36ca826c304918ca5baaf12af668111ea51d7f8cd,26/06/2023 02:55:35,ESCANER
14376,"San Marcos",12,"San Pablo",19,2016,400,78,9,17,0,45,10,33,12,31,2,5,2,1,0,1,3,2,2,285,27,5,285,0,0,--,400,115,253,285,285,Sumas Asentadas sin cuadrar,1,ab2c82e4ab7754338777d5c98ead6b1d3c2e95991567fde60d81e29ed3952330,26/06/2023 00:31:20,ESCANER
14377,"San Marcos",12,"San Pablo",19,2016,400,70,9,18,1,47,7,42,9,35,1,2,0,2,2,3,0,0,1,249,26,6,281,0,281,--,400,119,249,281,281,Algún campo sin dato,1,fb1945efd1b051b13bb257b8baf5e82e4acc30fd9a6a8374641b3d9e70c76a66,26/06/2023 01:24:58,ESCANER
14378,"San Marcos",12,"San Pablo",19,2016,400,63,10,8,6,22,5,67,9,36,1,3,3,4,1,0,4,0,2,244,33,3,280,0,280,--,397,117,244,280,280,Algún campo sin dato,1,3a2539c0e828840a4152f68f72c82ce0a48f39df8ddf69e1c9152b05c2638cb1,26/06/2023 02:31:08,ESCANER
14379,"San Marcos",12,"San Pablo",19,2016,400,62,11,7,1,16,15,60,17,40,2,2,2,1,0,1,8,0,1,246,26,7,279,0,279,--,400,121,246,279,279,Algún campo sin dato,1,fbc11be071a1b19ab45c9ba8227af220436df55cf97e5f2db4ba0ea5cf7aa547,26/06/2023 02:21:39,ESCANER
14380,"San Marcos",12,"San Pablo",19,2016,400,55,8,18,2,25,5,55,16,35,3,3,1,2,1,1,8,0,1,239,25,8,272,0,272,--,400,128,239,272,272,Algún campo sin dato,1,4f8293b5a5908724ff4b6b9ba18aac3a4a8582003a1b9a57dd21b1f077d9011f,26/06/2023 00:45:33,ESCANER
14381,"San Marcos",12,"San Pablo",19,2017,400,38,13,17,3,44,6,48,14,39,2,3,2,1,1,2,5,0,0,238,27,6,271,0,271,--,397,126,238,271,271,Algún campo sin dato,1,f47b1b5de94d0798cd1f27688482b3f30e7033e5f97967d943b178a93c2db174,26/06/2023 00:19:00,ESCANER
14382,"San Marcos",12,"San Pablo",19,2017,400,50,8,21,1,30,7,25,14,31,2,5,1,2,2,0,2,0,0,201,1,4,206,18,224,--,400,176,201,206,224,Algún campo sin dato,1,2c2d8a0e3226341480a84828fee33710ec322b29ffba003b5b1ce537c2b61976,25/06/2023 23:48:17,ESCANER
14383,"San Marcos",12,"San Pablo",19,2017,400,59,8,8,0,32,11,39,6,13,3,1,0,1,0,0,0,1,1,183,7,0,190,0,190,--,400,207,183,190,190,Algún campo sin dato,1,e3903f2025037424ccb0c482be4d2bf762dc906daac8cdc4be3ff19c1fda558f,25/06/2023 22:50:53,ESCANER
14384,"San Marcos",12,"San Pablo",19,2017,400,52,10,4,2,34,12,27,18,25,2,0,1,0,1,1,3,0,1,193,7,5,205,0,205,--,400,192,193,205,205,Algún campo sin dato,1,1b22e520daf76691a7e5822100efd74127e815d072dc747e916206d7f20ec901,26/06/2023 00:00:40,ESCANER
14385,"San Marcos",12,"San Pablo",19,2017,400,84,6,11,1,33,20,30,9,27,1,1,0,0,1,1,2,0,1,228,25,6,259,0,259,--,400,141,228,259,259,Algún campo sin dato,1,076aa946928b42354f98e5c80c0f8fd4ea3418e44de7014793bee96cac47a978,25/06/2023 23:53:36,ESCANER
14386,"San Marcos",12,"San Pablo",19,2017,400,57,12,13,0,49,6,28,12,22,4,0,0,2,0,0,2,1,0,208,14,8,230,0,0,--,400,170,208,230,230,Algún campo sin dato,1,a7452f3ffe13e88baae3c5f2d39535fa450b09acebb8af8cc41ce14aef6dd893,25/06/2023 23:41:59,ESCANER
14387,"San Marcos",12,"San Pablo",19,2017,400,54,8,17,3,44,9,31,15,21,3,0,1,0,0,1,2,0,1,210,14,8,232,0,232,--,400,168,210,232,232,Algún campo sin dato,1,5e2481037220e2c1185819484d29858af4b801bdbca3787d77007bb3515d15d0,25/06/2023 23:18:57,ESCANER
14388,"San Marcos",12,"San Pablo",19,2017,400,70,13,15,1,49,10,24,14,20,0,1,0,0,0,0,3,0,0,220,10,3,233,0,233,0,400,167,220,233,233,,1,d65fc83fb62d4caabbf15c9a5a5c6190f5777a54b48dbe97d4b41160527c580a,25/06/2023 22:10:06,ESCANER
14389,"San Marcos",12,"San Pablo",19,2017,400,53,18,11,0,41,13,27,14,36,1,0,3,2,0,2,1,1,1,224,10,3,239,0,239,--,400,161,224,237,237,Sumas Asentadas sin cuadrar,1,b1f35fa9ac321113bb442b85041a422b4f14334d568f3e7194c9ab2958602dec,26/06/2023 00:57:17,ESCANER
14390,"San Marcos",12,"San Pablo",19,2018,400,66,12,16,3,34,7,25,8,18,4,1,1,0,1,0,4,1,2,203,19,12,234,0,234,--,400,166,203,234,234,Algún campo sin dato,1,c1d49b3245bf023fdef6a350b9bbe765c24e8704ae595edf4f48e2a49bc05489,25/06/2023 23:17:23,ESCANER
14391,"San Marcos",12,"San Pablo",19,2018,400,65,8,16,0,38,14,30,7,36,1,1,1,0,1,3,2,0,1,224,8,5,237,0,237,--,400,163,224,237,237,Algún campo sin dato,1,ee32476f71da5aa0a2edcef733c9c185d250d63738c46332175c5b7afc8e2498,25/06/2023 23:36:17,ESCANER
14392,"San Marcos",12,"San Pablo",19,2018,400,74,17,10,1,21,8,34,10,23,0,3,1,0,1,3,5,0,0,211,20,6,237,0,237,--,399,162,211,237,237,Algún campo sin dato,1,c1345ea0929b6d7e97be2476fb8371f0b6c66273323e319934b6b17b565f4cb8,25/06/2023 22:43:25,ESCANER
14393,"San Marcos",12,"San Pablo",19,2018,400,64,12,11,2,29,6,28,11,28,3,0,2,1,1,0,11,1,2,212,10,6,228,0,228,--,400,169,212,228,228,Algún campo sin dato,1,3b838445d126b6490edef0a1848611236f4bebb48e668fdb74e0a188d553614a,26/06/2023 02:25:41,ESCANER
14394,"San Marcos",12,"San Pablo",19,2018,400,57,11,10,2,35,6,28,13,21,6,0,2,2,1,2,2,0,0,198,32,8,238,0,238,--,400,162,198,238,238,Algún campo sin dato,1,cd1a6077d52e8710a772c61b130b8d0dd82169fca34bcc000b89a7ba79b16519,26/06/2023 01:28:24,ESCANER
14395,"San Marcos",12,"San Pablo",19,2018,400,52,10,12,1,43,11,27,11,25,0,1,1,0,0,0,1,2,1,197,21,3,221,0,221,--,337,116,198,222,222,Sumas Asentadas sin cuadrar,1,7ad6c4a30876bedcd5561ca203b0b31957bd1093ebc229a50570d4c123df9c10,26/06/2023 00:17:12,ESCANER
14396,"San Marcos",12,"San Pablo",19,2018,400,57,13,11,0,35,8,31,7,19,0,0,0,2,0,1,1,0,1,187,21,6,214,0,214,--,400,186,186,213,213,Sumas Asentadas sin cuadrar,1,15a26236793cd17d20b5c47bbc0e1558c58819dd98706b57ca3efff1d5169de2,25/06/2023 22:50:44,ESCANER
14397,"San Marcos",12,"San Pablo",19,2018,400,55,9,11,2,40,12,42,8,33,3,5,0,0,2,0,5,2,1,230,11,1,242,0,242,--,400,158,230,242,242,Algún campo sin dato,1,64ab9157de747ecd3cf436da0ce9f0f5e8d5517b3a12455205be549c25f5d088,25/06/2023 22:20:25,ESCANER
14398,"San Marcos",12,"San Pablo",19,2018,400,58,5,3,1,39,18,24,6,24,0,1,0,1,2,0,1,0,0,183,16,2,201,0,201,--,400,199,183,201,201,Algún campo sin dato,1,1fe545077f8c6971d34405db63ab8ea9de43f432e0534fedeab1ae0cc4416a4f,26/06/2023 00:22:26,ESCANER
14399,"San Marcos",12,"San Pablo",19,2018,400,62,11,9,0,27,10,29,10,15,2,0,1,2,1,2,3,0,0,184,3,1,188,0,184,--,400,212,184,188,188,Sumas Asentadas sin cuadrar,1,60469147c4c802c0c1b87d4b2669079ca0ea410eb9e7a57e0e8da8c30cc21474,26/06/2023 00:11:10,ESCANER
14400,"San Marcos",12,"San Pablo",19,2019,400,61,10,9,2,37,7,29,4,22,1,0,0,1,0,2,3,0,0,188,2,0,190,0,190,--,400,210,188,190,190,Algún campo sin dato,1,aea101707becf6b2ddc412bb8217c6eb9efdcff4767631f5696f8187158c4c04,25/06/2023 23:57:50,ESCANER
14401,"San Marcos",12,"San Pablo",19,2019,400,62,13,19,2,38,6,41,5,21,0,0,1,0,0,1,0,0,0,209,6,1,--,0,216,--,400,184,209,216,216,Algún campo sin dato,1,9928d2eaf08d0e7304db1fc3e701604c8fff7ece9529df583dffd5390db6e645,25/06/2023 23:04:39,ESCANER
14402,"San Marcos",12,"San Pablo",19,2019,400,59,11,5,0,56,9,30,5,23,1,1,0,0,0,0,0,0,0,200,5,0,205,0,205,--,400,195,200,205,205,Algún campo sin dato,1,5ff3c88b8489bcf114add19f91c2b3e44136915fd86a9f2dc6a058ba365c4312,26/06/2023 00:08:26,ESCANER
14403,"San Marcos",12,"San Pablo",19,2019,400,65,5,6,1,43,27,31,6,29,1,0,1,0,0,3,2,0,1,221,4,1,226,0,226,--,400,174,221,226,226,Algún campo sin dato,1,0a258e5aeb59cb7d82f97273e2c9fed97e52f576b9e3d8cbd46e77cde0835fe4,25/06/2023 22:06:23,ESCANER
14404,"San Marcos",12,"San Pablo",19,2019,400,37,7,4,3,38,15,16,8,24,1,0,0,1,0,3,0,0,0,157,5,1,163,0,163,--,400,237,157,163,163,Algún campo sin dato,1,170c0060f8334fdae889a25b4227427e250b30223c26de94445c8197d455acc6,26/06/2023 02:08:37,ESCANER
14405,"San Marcos",12,"San Pablo",19,2019,400,45,9,7,1,46,10,18,7,20,4,0,0,0,0,0,2,0,0,169,18,1,188,0,188,--,400,212,169,188,188,Algún campo sin dato,1,a92c8f38f29c09ada977aa5f0a58a5cde32261b7f19bcd4b7f4e4733a3d64031,26/06/2023 01:23:30,ESCANER
14406,"San Marcos",12,"San Pablo",19,2019,303,36,7,6,1,34,10,17,8,14,0,0,1,0,1,0,2,1,0,138,11,5,154,0,154,--,303,146,138,154,154,Algún campo sin dato,1,427c947643f4a8ab4fea943ed1b4eea9ec199f2bc795858f88cbee89f9a21317,26/06/2023 01:18:19,ESCANER
14407,"San Marcos",12,"San Pablo",19,2019,302,35,3,6,0,26,7,12,7,12,1,0,0,0,0,1,1,0,2,103,9,5,127,0,127,--,302,175,113,127,127,Sumas Asentadas sin cuadrar,1,468e7b56dedea8cf7ee5162ed0bb444584b0764d22254cb33971fb4dc60bc376,26/06/2023 00:05:03,ESCANER
14408,"San Marcos",12,"San Pablo",19,2020,380,,,,,,,,,,,,,,,,,,,,,,,,,,,,,,,,0,,,
14409,"San Marcos",12,"San Pablo",19,2020,380,58,11,11,3,100,10,0,14,13,0,0,3,0,2,1,3,0,2,231,17,9,257,0,257,--,380,123,231,257,257,Algún campo sin dato,1,d164500802b69a0ee655137192f4c844b4c12eaf1774eafeaaf56068f073d2b2,26/06/2023 03:05:29,ESCANER
14410,"San Marcos",12,"San Pablo",19,2020,380,,,,,,,,,,,,,,,,,,,,,,,,,,,,,,,,0,,,
14411,"San Marcos",12,"San Pablo",19,2020,380,,,,,,,,,,,,,,,,,,,,,,,,,,,,,,,,0,,,
14412,"San Marcos",12,"San Pablo",19,2020,380,44,4,5,2,153,4,6,4,7,0,1,0,0,0,0,0,0,3,233,11,4,248,0,248,--,380,132,233,248,248,Algún campo sin dato,1,7abbcb87c734a9b1a698e95052b80528e0b709938e796ed96d6a14b14def5967,26/06/2023 02:30:23,ESCANER
14413,"San Marcos",12,"San Pablo",19,2021,380,,,,,,,,,,,,,,,,,,,,,,,,,,,,,,,,0,,,
14414,"San Marcos",12,"San Pablo",19,2021,380,27,2,6,0,121,5,6,9,2,0,0,0,0,1,1,0,1,0,181,16,5,202,0,202,--,380,178,181,202,202,Algún campo sin dato,1,0ecf53a22837cc74e8ec508d06f94d4f713396199e3c33ed153f16e00d6d5445,26/06/2023 03:05:45,ESCANER
14415,"San Marcos",12,"San Pablo",19,2021,380,,,,,,,,,,,,,,,,,,,,,,,,,,,,,,,,0,,,
14416,"San Marcos",12,"San Pablo",19,2021,380,28,2,3,8,146,3,9,5,0,0,0,0,0,0,0,1,0,5,210,12,2,224,0,224,--,380,156,210,224,224,Algún campo sin dato,1,8a5ac95f4545bef3d505efd57e1d4ab5a7921d4cb9e2a7d7cf85eebdfe28ca2c,26/06/2023 02:27:19,ESCANER
14417,"San Marcos",12,"San Pablo",19,2021,380,29,4,2,4,131,3,4,11,3,0,0,0,0,0,0,1,0,2,194,7,5,206,0,206,--,380,174,194,206,206,Algún campo sin dato,1,211f969d99c496f7a49cbde75488c500c2ba7bcfff8f47d6ec4b250fd06cbc57,26/06/2023 01:25:00,ESCANER
14418,"San Marcos",12,"San Pablo",19,2021,380,31,9,3,4,140,2,4,4,7,0,0,0,1,0,1,0,0,2,208,2,0,210,0,210,--,380,170,208,210,210,Algún campo sin dato,1,d092b42b6ef7abbad2a467f11ffe17c1e7d0d327ea8c9ef82dca3d71ba7c9232,26/06/2023 00:33:39,ESCANER
14419,"San Marcos",12,"San Pablo",19,2021,305,30,2,4,4,87,4,1,3,5,0,0,0,0,0,0,1,0,2,143,2,2,147,0,147,--,305,158,143,147,147,Algún campo sin dato,1,d56fb56edc93fe17d7087cfd1e939bb58dd7d95e4ae88e4907cabbc6aa15ba7b,25/06/2023 23:43:47,ESCANER
14420,"San Marcos",12,"San Pablo",19,2021,305,22,2,8,5,86,2,2,4,2,1,0,0,1,0,0,0,0,6,141,2,2,145,0,145,--,305,160,141,145,145,Algún campo sin dato,1,6f39f35f7190ea1a531985cfa1e055c4688c904786ff2ab61a280c5a613f1ffe,26/06/2023 01:59:45,ESCANER
14421,"San Marcos",12,"San Pablo",19,2022,380,97,2,15,4,65,10,7,7,23,2,0,2,0,0,2,1,1,0,243,26,3,272,0,272,--,371,99,238,267,267,Sumas Asentadas sin cuadrar,1,4c27db685eb11e390997595fa4d98cfac5f2851e4a2927d1bb20a64149f0d470,26/06/2023 00:46:31,ESCANER
14422,"San Marcos",12,"San Pablo",19,2022,380,119,2,15,7,58,39,7,7,3,1,0,1,0,0,0,1,0,2,262,28,3,293,1,294,--,380,86,262,293,294,Algún campo sin dato,1,e77d9265094e136298974363f9fc2def50f4518c9ac4b08b75449c42b4597078,26/06/2023 02:21:31,ESCANER
14423,"San Marcos",12,"San Pablo",19,2022,380,83,10,10,11,33,33,14,6,15,1,0,1,1,1,1,0,1,3,224,23,7,256,0,256,2,380,124,224,254,254,Sumas Asentadas sin cuadrar,1,72d432549c94c2791558f51ade1a85d69012afe4f9a39fcec09056eff28c3a71,26/06/2023 02:11:48,ESCANER
14424,"San Marcos",12,"San Pablo",19,2022,380,92,8,10,11,52,23,12,2,11,2,0,2,0,7,0,0,0,1,233,7,0,240,--,240,--,380,140,233,240,240,Algún campo sin dato,1,d14637311ac5263b349b71a6eafd8ddd4549cda15fb659ed650b1ab98ad16e54,26/06/2023 01:48:56,ESCANER
14425,"San Marcos",12,"San Pablo",19,2022,380,116,3,13,4,56,11,8,3,18,2,2,0,2,2,0,1,1,2,244,19,10,273,0,273,--,380,107,244,273,273,Algún campo sin dato,1,f8efb4adbcdf56609f4c7457b3360b7b62676c8a75cbed5b33c59a1203be6fb4,26/06/2023 01:04:09,ESCANER
14426,"San Marcos",12,"San Pablo",19,2022,380,102,8,15,6,56,13,11,6,16,1,0,0,0,2,2,3,0,3,244,18,3,265,0,265,--,380,115,244,265,265,Algún campo sin dato,1,7645f8c44b8847bfd12250a74742fcd181ab251d8329d4579756f3b900e5dfbb,26/06/2023 00:36:58,ESCANER
14427,"San Marcos",12,"San Pablo",19,2022,380,108,9,12,6,46,24,11,6,22,2,1,1,1,4,0,1,0,4,258,23,3,284,0,284,--,380,96,258,284,284,Algún campo sin dato,1,ccf5d1e9e5f837808e14fcb6a59185d091e54bbd4581a7154a4448788d797c0e,26/06/2023 02:22:06,ESCANER
14428,"San Marcos",12,"San Pablo",19,2023,380,,,,,,,,,,,,,,,,,,,,,,,,,,,,,,,,0,,,
14429,"San Marcos",12,"San Pablo",19,2023,380,103,4,11,5,42,20,8,4,20,0,0,0,0,2,1,0,0,2,222,13,5,240,140,380,--,380,140,222,240,380,Algún campo sin dato,1,516a9f692b46f548786519d679a59e9da0c5889af6a956ca24101505b6304a16,26/06/2023 01:24:21,ESCANER
14430,"San Marcos",12,"San Pablo",19,2023,380,104,14,13,7,47,21,9,1,20,0,0,0,0,1,0,1,0,2,240,5,0,245,0,245,--,380,135,240,245,245,Algún campo sin dato,1,8c177025183e062970fc78c58c3fafcd1d51c8626ee196046c2e914b0a8e1a82,26/06/2023 02:56:43,ESCANER
14431,"San Marcos",12,"San Pablo",19,2023,317,105,6,6,3,66,14,3,1,18,0,0,0,0,1,1,0,0,1,225,2,0,227,0,227,--,304,87,225,227,227,Algún campo sin dato,1,bcf4fdb1ee34a696cdbb8530b8090dc98ffaf4c977883e86c4c07a85ed9e3a0d,26/06/2023 03:01:36,ESCANER
14432,"San Marcos",12,"San Pablo",19,2023,317,,,,,,,,,,,,,,,,,,,,,,,,,,,,,,,,0,,,
14433,"San Marcos",12,"San Pablo",19,2024,600,71,5,16,0,47,14,17,15,29,1,1,0,2,0,1,4,2,1,226,23,13,262,0,262,--,600,338,226,262,262,Algún campo sin dato,1,a96f7481a75c0219150effb02393a1b103680de27385a332d505066a8c26ae9b,26/06/2023 01:29:28,ESCANER
14434,"San Marcos",12,"San Pablo",19,2024,600,64,5,18,2,42,10,21,7,28,2,1,2,2,1,3,2,1,3,214,24,4,242,--,242,--,600,358,214,242,242,Algún campo sin dato,1,3eda275ad044bc0022127dbb9b0a350745953044e77c1ae8bff9e84ec65c96b0,26/06/2023 01:02:58,ESCANER
14435,"San Marcos",12,"San Pablo",19,2024,427,36,6,13,2,34,4,11,2,14,0,1,0,2,1,0,2,2,2,132,16,9,157,0,157,--,427,270,132,157,157,Algún campo sin dato,1,750e35b3d34eac8b31f3fd864bd7661b99e7be53b8dd5d90a060445a17543c76,25/06/2023 23:47:31,ESCANER
14436,"San Marcos",12,"San Pablo",19,2024,427,15,3,3,1,22,4,6,2,6,0,0,0,0,0,2,4,0,1,69,6,3,78,0,78,--,427,349,69,78,78,Algún campo sin dato,1,b7514c13f375e49038abe2ed7f28b03cba65ae5724f963a5862204b6ee817c77,25/06/2023 23:22:54,ESCANER