﻿TIPO_DE_ELECCIÓN:,CORPORACIÓN MUNICIPAL
26 junio 2023 03:36 (UTC -6)
ACTAS_ESPERADAS,ACTAS_CAPTURADAS,PORCENTAJE_ACTAS_CAPTURADAS,ACTAS_CONTABILIZADAS,PORCENTAJE_ACTAS_CONTABILIZADAS,ACTAS_NO_CONTABILIZADAS,LISTA_NOMINAL_ACTAS_CONTABILIZADAS,VOTOS_EMITIDOS_CONTABILIZADAS,PORCENTAJE_PARTICIPACIÓN_CIUDADANA
49,47,95.9183,47,95.9183,0,17578,11113,63.2210

MESA,DEPARTAMENTO,ID_DEPARTAMENTO,MUNICIPIO,ID_MUNICIPIO,CENTRO_DE_VOTACIÓN,PADRÓN,CABAL,UNE,BIEN,VALOR,MLP,AZUL,VAMOS,TODOS,VIVA,PODEMOS,SEMILLA,VÁLIDOS,NULOS,BLANCO,EMITIDOS,INVÁLIDOS,TOTAL,IMPUGNACIONES,PAPELETAS-RECIBIDAS,PAPELETAS-NO-USADAS,VALIDOS_CALCULADO,EMITIDOS_CALCULADO,TOTAL_CALCULADO,OBSERVACIONES,CONTABILIZADA,CÓDIGO_INTEGRIDAD,FECHA_HORA_PUBLICACIÓN,DIGITALIZACIÓN
12739,"Retalhuleu",11,"San Sebastián",2,1738,400,68,31,0,32,1,38,28,3,1,2,18,222,27,3,252,0,252,--,400,148,222,252,252,Algún campo sin dato,1,fa2666bd36a920cb1a7c2c49620ce2c46d5a37ebb922d54b37a318062c2600cd,26/06/2023 01:56:06,ESCANER
12740,"Retalhuleu",11,"San Sebastián",2,1738,400,59,37,1,39,2,32,42,2,0,0,17,231,28,1,260,0,260,0,396,136,231,260,260,,1,9d10f2fabc34a85d3c6e8e3b2147dc5b6b276f07b34981a0a2c608648b354d93,26/06/2023 02:07:43,ESCANER
12741,"Retalhuleu",11,"San Sebastián",2,1738,400,76,36,0,46,3,27,43,6,2,1,29,269,19,7,295,0,295,--,400,105,269,295,295,Algún campo sin dato,1,1a73d9458b46446566b9d4ab493f905d3fddb6f5b9bb1404b8cd1be2f8083369,26/06/2023 03:22:52,ESCANER
12742,"Retalhuleu",11,"San Sebastián",2,1738,400,72,22,3,39,3,34,30,3,1,0,18,225,64,5,294,0,294,--,400,106,225,294,294,Algún campo sin dato,1,691110aeacfd0721559059d6fb7cf56c7c64414ba71626e2b105fb89f412abc3,26/06/2023 02:44:54,ESCANER
12743,"Retalhuleu",11,"San Sebastián",2,1738,400,60,35,2,45,10,44,39,1,2,0,4,242,55,1,298,0,298,--,400,102,242,298,298,Algún campo sin dato,1,55108c5dab3699568af047c166c4054f205da6f3b46dabd47c2396117b362024,26/06/2023 02:53:00,ESCANER
12744,"Retalhuleu",11,"San Sebastián",2,1738,400,73,32,3,43,5,32,50,3,1,0,11,253,35,2,290,0,290,--,400,110,253,290,290,Algún campo sin dato,1,7f89b5ffab8a7cb51404dff771378dda3141189e4d57fcc3d9897cfb74e857f2,26/06/2023 01:56:42,ESCANER
12745,"Retalhuleu",11,"San Sebastián",2,1738,400,55,24,4,28,1,41,33,3,1,0,11,201,34,0,235,0,235,--,400,165,201,235,235,Algún campo sin dato,1,71d8e094171c2223ae9ce8795dacc5e980c44852e94aeed61ce2e70e3b8cc8d7,26/06/2023 00:55:18,ESCANER
12746,"Retalhuleu",11,"San Sebastián",2,1738,400,62,22,2,31,1,41,33,5,2,1,18,218,29,1,248,0,248,--,400,152,218,248,248,Algún campo sin dato,1,0e54f5b18fd821c460d2455824699bd60e89d6ba05983362e9dff18c51f870e6,26/06/2023 01:05:27,ESCANER
12747,"Retalhuleu",11,"San Sebastián",2,1738,400,62,17,5,34,2,24,36,2,0,2,17,201,41,1,243,0,243,--,--,--,201,243,243,Algún campo sin dato,1,c2a06ad4778425db5f5255acbf4c3c3bef4f541439256b1b4a1b51a4b886cc8a,26/06/2023 00:08:37,ESCANER
12748,"Retalhuleu",11,"San Sebastián",2,1738,400,53,33,1,41,6,26,39,0,2,1,24,226,26,1,253,0,253,--,400,147,226,253,253,Algún campo sin dato,1,dcada383990d916668e66f0e0d185ee7d51cfa79bfddbf7ef2fe5f215e2bb1e2,26/06/2023 01:12:45,ESCANER
12749,"Retalhuleu",11,"San Sebastián",2,1738,400,66,33,1,35,2,30,41,3,0,0,10,221,36,3,260,0,260,--,400,140,221,260,260,Algún campo sin dato,1,80a9883976d0d6e40a9900cc15cb88cc475051ea6f772313705e199a74851078,26/06/2023 01:50:48,ESCANER
12750,"Retalhuleu",11,"San Sebastián",2,1738,400,56,19,1,29,3,28,37,2,0,1,13,189,35,2,227,0,227,1,100,173,189,226,226,Sumas Asentadas sin cuadrar,1,51ba6e4d8d6c0081b7b8087ac40847d2cb068f0a775195d8828cbda386e30cc2,26/06/2023 00:41:27,ESCANER
12751,"Retalhuleu",11,"San Sebastián",2,1738,400,66,25,2,34,5,32,30,5,0,1,22,222,25,0,247,0,247,--,400,153,222,247,247,Algún campo sin dato,1,bb1dafbea67c06a5fbb0ed23e582bcc24d13d35e47e7313304176fab16d53987,26/06/2023 02:50:55,ESCANER
12752,"Retalhuleu",11,"San Sebastián",2,1738,400,64,25,3,42,4,25,34,2,0,1,17,217,29,1,247,0,247,--,400,153,217,247,247,Algún campo sin dato,1,4462b4426650fcf9129fdc191c94a6941eb5276cd85a66849e2f8fadd4929ce7,26/06/2023 00:27:40,ESCANER
12753,"Retalhuleu",11,"San Sebastián",2,1738,400,81,17,0,28,8,28,45,0,0,0,19,226,28,0,254,0,254,--,400,146,226,254,254,Algún campo sin dato,1,6faf9dea737ee38462e6a0411db65b9bfb4367ff090a55d0f510a7692f01e438,26/06/2023 01:20:52,ESCANER
12754,"Retalhuleu",11,"San Sebastián",2,1738,240,44,11,0,21,1,16,24,0,0,0,11,128,19,0,147,0,147,--,240,93,128,147,147,Algún campo sin dato,1,21036735d009cc46160276837a409deaf074aecb53664de0a5a43ddffadc1982,26/06/2023 02:19:09,ESCANER
12755,"Retalhuleu",11,"San Sebastián",2,1738,240,29,12,1,18,1,16,24,1,0,0,12,114,15,1,130,1,131,1,240,106,114,130,131,,1,4492173c313b6b532b7a375c7a6fdf268abfe0f263f3ce7237f14a88c615191f,26/06/2023 01:09:38,ESCANER
12756,"Retalhuleu",11,"San Sebastián",2,1739,400,59,26,5,58,1,28,52,2,3,1,9,244,27,2,273,0,273,--,400,127,244,273,273,Algún campo sin dato,1,abe0c54dc45a15946628c6c92204f0b0bf514a20bf17e9cb2b5e252f184fa7bc,26/06/2023 02:50:14,ESCANER
12757,"Retalhuleu",11,"San Sebastián",2,1739,400,59,44,2,58,1,23,48,1,3,5,2,246,40,2,288,5,293,--,400,107,246,288,293,Algún campo sin dato,1,da14ebd57143d227d05f2b942bf1c5733b3ef0183b21508717fa316ed90c6925,26/06/2023 02:20:08,ESCANER
12758,"Retalhuleu",11,"San Sebastián",2,1739,400,57,39,2,55,2,28,48,3,1,1,4,240,22,0,262,0,262,--,400,138,240,262,262,Algún campo sin dato,1,ba07c408140ba98023eca4c450e5093976554d67ba31bd552a6d6300e66c3cae,26/06/2023 00:21:06,ESCANER
12759,"Retalhuleu",11,"San Sebastián",2,1739,400,72,37,0,55,2,23,34,2,2,1,5,233,25,4,262,2,264,--,400,136,233,262,264,Algún campo sin dato,1,33cf4f5f72bb58af399e62129c4b110337e06273f12f82dc9fc56162d3ec7013,25/06/2023 23:38:36,ESCANER
12760,"Retalhuleu",11,"San Sebastián",2,1739,400,57,37,0,42,7,20,27,0,1,3,7,201,37,2,240,0,240,--,400,160,201,240,240,Algún campo sin dato,1,f6ade82004c16021c17220354f47e4581037526ba33137dcf6836aaf438313c6,25/06/2023 23:45:45,ESCANER
12761,"Retalhuleu",11,"San Sebastián",2,1739,250,33,21,0,30,3,20,26,2,0,1,4,140,8,0,148,0,148,--,250,102,140,148,148,Algún campo sin dato,1,cc4a22dea3f8a8334121794c79124a312df628794cc772402fddc2aa5ee08f84,26/06/2023 00:35:19,ESCANER
12762,"Retalhuleu",11,"San Sebastián",2,1739,250,31,18,2,29,1,9,24,1,0,0,4,119,17,1,137,0,137,1,250,112,119,137,137,,1,de087afab1307d8009d0a67be46a51e42cdbd436612560567b9e2b09ddfcf538,25/06/2023 23:58:45,ESCANER
12763,"Retalhuleu",11,"San Sebastián",2,1740,400,58,49,7,38,0,14,39,5,0,0,3,213,25,8,246,0,246,--,400,154,213,246,246,Algún campo sin dato,1,fdfd9a4d6586a3fb6e7410d1eada107ad4dc1bb158792463bafff36bc505b531,26/06/2023 02:21:38,ESCANER
12764,"Retalhuleu",11,"San Sebastián",2,1740,400,94,40,5,29,2,17,55,5,2,1,7,257,19,2,278,0,278,0,400,122,257,278,278,,1,7ec44765004294aac1c799c905ff5a3c411a3dba48bbcd39780c4207b189160a,26/06/2023 00:47:12,ESCANER
12765,"Retalhuleu",11,"San Sebastián",2,1740,400,76,51,6,36,2,21,28,12,3,0,2,237,22,1,260,0,260,--,400,140,237,260,260,Algún campo sin dato,1,f04fd60c9d38efe384850dea99e28eaa46b5953c67ecda69a8f20b157d3bff65,26/06/2023 01:08:42,ESCANER
12766,"Retalhuleu",11,"San Sebastián",2,1740,331,44,41,1,34,2,14,37,1,1,2,2,179,15,2,196,0,196,--,331,135,179,196,196,Algún campo sin dato,1,be1750ea4964d11ab6dcc8eec789214b13b52e03a55011c4dc68e4079cbc7ed7,26/06/2023 00:54:18,ESCANER
12767,"Retalhuleu",11,"San Sebastián",2,1740,330,60,25,1,31,3,19,24,3,1,1,4,172,21,1,194,0,194,--,330,136,172,194,194,Algún campo sin dato,1,1df73f6848a8d67980de05db58f30f47779e1fce4ce5758a4d8db0713e410a00,26/06/2023 00:11:33,ESCANER
12768,"Retalhuleu",11,"San Sebastián",2,1741,380,90,22,9,42,0,12,53,3,6,1,2,240,29,4,273,0,273,--,380,107,240,273,273,Algún campo sin dato,1,d59a7eea8068bd4f8508b50dba89331276037cf153bfe1d7164fa60066b6bcd2,26/06/2023 01:50:54,ESCANER
12769,"Retalhuleu",11,"San Sebastián",2,1741,380,104,20,10,59,0,7,43,1,6,3,1,254,25,5,284,1,285,--,380,95,254,284,285,Algún campo sin dato,1,3500c1504d8ca2f6323ceea5f54a52c3a2b0bcddef4e2b742b1ed06939d90050,26/06/2023 03:15:57,ESCANER
12770,"Retalhuleu",11,"San Sebastián",2,1741,380,81,35,13,55,2,10,45,4,4,3,3,255,26,5,286,0,286,--,380,94,255,286,286,Algún campo sin dato,1,79d92a82c232bdd23da0334f78f7d11d06bd4decbe054a2404eeb1431427ac59,26/06/2023 02:37:37,ESCANER
12771,"Retalhuleu",11,"San Sebastián",2,1741,380,119,18,6,60,2,6,48,1,6,3,2,271,19,5,295,0,295,--,380,85,271,295,295,Algún campo sin dato,1,a59a6acf9ba19feed7f014b0e551aa26767659dd859c3319fa23761eb46cd9a3,26/06/2023 01:42:50,ESCANER
12772,"Retalhuleu",11,"San Sebastián",2,1741,380,,,,,,,,,,,,,,,,,,,,,,,,,0,,,
12773,"Retalhuleu",11,"San Sebastián",2,1741,380,93,20,20,49,1,3,31,1,1,5,1,225,23,4,252,0,252,--,380,128,225,252,252,Algún campo sin dato,1,a17757ace02f9fe3246e5724063a46a30ef60808445ebe3c65ef0732f26e7da4,26/06/2023 03:23:12,ESCANER
12774,"Retalhuleu",11,"San Sebastián",2,1741,380,96,30,12,53,2,5,32,2,3,3,0,238,11,2,251,0,251,--,380,129,238,251,251,Algún campo sin dato,1,974cd9214bc9637a8412be79921cc34aaeae970906855b673caca2510401b750,26/06/2023 03:32:51,ESCANER
12775,"Retalhuleu",11,"San Sebastián",2,1741,380,87,22,7,54,3,10,32,1,6,4,0,226,15,3,244,0,244,--,380,136,226,244,244,Algún campo sin dato,1,a244cc648e9c2b0572cc7b2c7b1b4f74666ac085474400ecc045b436383d9f82,26/06/2023 00:36:55,ESCANER
12776,"Retalhuleu",11,"San Sebastián",2,1741,380,64,33,8,58,0,10,3,43,3,3,2,227,32,4,263,0,263,--,380,117,227,263,263,Algún campo sin dato,1,c4bb0ba92cbaa74c8a9d890019b7f17830bfa0e76c9b9bff3b060451b9dc1b1b,26/06/2023 03:06:20,ESCANER
12777,"Retalhuleu",11,"San Sebastián",2,1741,380,,,,,,,,,,,,,,,,,,,,,,,,,0,,,
12778,"Retalhuleu",11,"San Sebastián",2,1741,380,87,24,11,40,1,19,36,1,2,6,3,230,7,1,238,0,238,--,376,138,230,238,238,Algún campo sin dato,1,aa600e0b365f43d5e32ffc9dc927cf8e5b7eaa4ae9748a518f0414cbc8744476,26/06/2023 02:17:19,ESCANER
12779,"Retalhuleu",11,"San Sebastián",2,1741,297,72,22,12,41,0,8,28,0,0,0,0,183,3,0,186,0,186,--,297,111,183,186,186,Algún campo sin dato,1,6e9aab17861e379334812742f6f47575627834db8faf6bdb107b07956a083c48,26/06/2023 02:05:26,ESCANER
12780,"Retalhuleu",11,"San Sebastián",2,1741,296,59,17,6,27,1,6,23,0,1,2,3,145,12,1,158,0,158,--,296,138,145,158,158,Algún campo sin dato,1,6df79ac5176cb8b0d99f26386e6b323e13819fdd2a9d15f828567846ecff8f30,26/06/2023 01:00:49,ESCANER
12781,"Retalhuleu",11,"San Sebastián",2,1742,380,59,48,6,66,3,14,19,2,4,0,7,228,37,4,269,0,269,--,380,111,228,269,269,Algún campo sin dato,1,31452f95c655b940c52d930678fe309a1406d00ff034e4964585ed957092820b,26/06/2023 01:18:35,ESCANER
12782,"Retalhuleu",11,"San Sebastián",2,1742,380,68,46,5,46,0,11,21,2,3,0,8,210,33,3,247,0,247,1,380,133,210,246,246,Sumas Asentadas sin cuadrar,1,72e60f9496be289fae62d0b582f4fd74fb1aefb14d427d6452641a6179231728,26/06/2023 01:55:03,ESCANER
12783,"Retalhuleu",11,"San Sebastián",2,1742,380,60,43,3,69,2,6,24,4,2,0,4,217,23,4,244,0,244,--,380,136,217,244,244,Algún campo sin dato,1,272e33078584dba6449a3482faeb18f956c85997466cf9386a6c2c80bae65a80,25/06/2023 23:50:01,ESCANER
12784,"Retalhuleu",11,"San Sebastián",2,1742,310,51,31,6,57,2,13,15,2,1,0,7,185,17,4,206,0,206,--,310,104,185,206,206,Algún campo sin dato,1,f9f9307387d7dd84badb938e73a87910494563ed79284957e0fb15487add944f,26/06/2023 00:49:34,ESCANER
12785,"Retalhuleu",11,"San Sebastián",2,1742,310,67,30,5,31,1,12,12,1,1,0,2,162,15,0,177,0,177,--,310,133,162,177,177,Algún campo sin dato,1,4bc1a8f06b7e6f2dec7060c677b24d8f4ac0729e9c09f0150ffaf0a8b8c11fd7,26/06/2023 00:07:57,ESCANER
12786,"Retalhuleu",11,"San Sebastián",2,1743,482,33,13,3,19,4,12,20,2,1,0,5,112,34,1,147,0,147,--,482,335,112,147,147,Algún campo sin dato,1,9edcbac4567eb331f7d6d2f5891b6295c8305784442ba4223dfb431fe38f748d,26/06/2023 01:49:55,ESCANER
12787,"Retalhuleu",11,"San Sebastián",2,1743,482,32,11,0,30,1,17,14,0,2,2,4,113,15,3,131,0,131,--,486,355,113,131,131,Algún campo sin dato,1,9a8faa5135cdc14e79d925c062835f1f634b13ded6d2dda28e14c7e1dce50461,26/06/2023 01:33:46,ESCANER