﻿TIPO_DE_ELECCIÓN:,CORPORACIÓN MUNICIPAL
26 junio 2023 03:36 (UTC -6)
ACTAS_ESPERADAS,ACTAS_CAPTURADAS,PORCENTAJE_ACTAS_CAPTURADAS,ACTAS_CONTABILIZADAS,PORCENTAJE_ACTAS_CONTABILIZADAS,ACTAS_NO_CONTABILIZADAS,LISTA_NOMINAL_ACTAS_CONTABILIZADAS,VOTOS_EMITIDOS_CONTABILIZADAS,PORCENTAJE_PARTICIPACIÓN_CIUDADANA
41,22,53.6585,22,53.6585,0,7018,4752,67.7115

MESA,DEPARTAMENTO,ID_DEPARTAMENTO,MUNICIPIO,ID_MUNICIPIO,CENTRO_DE_VOTACIÓN,PADRÓN,CABAL,UNE,PHG,VAMOS,PPN,CAMBIO,ELEFANTE,AZUL,VOS,VALOR,CREO,VÁLIDOS,NULOS,BLANCO,EMITIDOS,INVÁLIDOS,TOTAL,IMPUGNACIONES,PAPELETAS-RECIBIDAS,PAPELETAS-NO-USADAS,VALIDOS_CALCULADO,EMITIDOS_CALCULADO,TOTAL_CALCULADO,OBSERVACIONES,CONTABILIZADA,CÓDIGO_INTEGRIDAD,FECHA_HORA_PUBLICACIÓN,DIGITALIZACIÓN
20099,"Alta Verapaz",16,"Chahal",14,3120,400,,,,,,,,,,,,,,,,,,,,,,,,,0,,,
20100,"Alta Verapaz",16,"Chahal",14,3120,400,,,,,,,,,,,,,,,,,,,,,,,,,0,,,
20101,"Alta Verapaz",16,"Chahal",14,3120,400,,,,,,,,,,,,,,,,,,,,,,,,,0,,,
20102,"Alta Verapaz",16,"Chahal",14,3120,400,,,,,,,,,,,,,,,,,,,,,,,,,0,,,
20103,"Alta Verapaz",16,"Chahal",14,3120,400,,,,,,,,,,,,,,,,,,,,,,,,,0,,,
20104,"Alta Verapaz",16,"Chahal",14,3120,400,,,,,,,,,,,,,,,,,,,,,,,,,0,,,
20105,"Alta Verapaz",16,"Chahal",14,3121,400,,,,,,,,,,,,,,,,,,,,,,,,,0,,,
20106,"Alta Verapaz",16,"Chahal",14,3121,400,,,,,,,,,,,,,,,,,,,,,,,,,0,,,
20107,"Alta Verapaz",16,"Chahal",14,3121,400,,,,,,,,,,,,,,,,,,,,,,,,,0,,,
20108,"Alta Verapaz",16,"Chahal",14,3121,400,,,,,,,,,,,,,,,,,,,,,,,,,0,,,
20109,"Alta Verapaz",16,"Chahal",14,3121,400,,,,,,,,,,,,,,,,,,,,,,,,,0,,,
20110,"Alta Verapaz",16,"Chahal",14,3121,400,,,,,,,,,,,,,,,,,,,,,,,,,0,,,
20111,"Alta Verapaz",16,"Chahal",14,3122,311,36,4,42,16,9,5,0,44,0,2,5,163,4,3,170,0,170,--,308,138,163,170,170,Algún campo sin dato,1,e63a5d1c87f372d413f80b25e3b527184a23fd197da700e6e8d6d1dde5af40b2,26/06/2023 00:35:38,ESCANER
20112,"Alta Verapaz",16,"Chahal",14,3122,311,36,3,73,19,9,4,0,29,0,3,1,177,5,1,183,0,183,--,307,124,177,183,183,Algún campo sin dato,1,5ff8035b74a76067cc9b6f24e02acbc976341ee1e62119e1637beb40dc4062cc,26/06/2023 00:40:35,ESCANER
20113,"Alta Verapaz",16,"Chahal",14,3123,380,49,15,32,44,4,2,1,67,1,3,3,221,16,9,246,2,248,--,382,134,221,246,248,Algún campo sin dato,1,b0c831d61cc5e7058f7f1f616f23a0fb0d9e9679521752055006b98329b9e427,26/06/2023 00:29:23,ESCANER
20114,"Alta Verapaz",16,"Chahal",14,3124,380,,,,,,,,,,,,,,,,,,,,,,,,,0,,,
20115,"Alta Verapaz",16,"Chahal",14,3124,380,,,,,,,,,,,,,,,,,,,,,,,,,0,,,
20116,"Alta Verapaz",16,"Chahal",14,3124,380,,,,,,,,,,,,,,,,,,,,,,,,,0,,,
20117,"Alta Verapaz",16,"Chahal",14,3124,380,,,,,,,,,,,,,,,,,,,,,,,,,0,,,
20118,"Alta Verapaz",16,"Chahal",14,3124,380,,,,,,,,,,,,,,,,,,,,,,,,,0,,,
20119,"Alta Verapaz",16,"Chahal",14,3124,380,,,,,,,,,,,,,,,,,,,,,,,,,0,,,
20120,"Alta Verapaz",16,"Chahal",14,3124,380,,,,,,,,,,,,,,,,,,,,,,,,,0,,,
20121,"Alta Verapaz",16,"Chahal",14,3125,203,30,11,25,17,1,0,0,38,0,0,1,123,4,3,130,0,130,--,200,70,123,130,130,Algún campo sin dato,1,57ec15862704c93b937f88a8c565f43cc690fa685823bd3fb3af1152c8ff769d,26/06/2023 00:50:07,ESCANER
20122,"Alta Verapaz",16,"Chahal",14,3125,203,23,7,18,13,5,1,0,43,0,2,1,113,5,4,122,0,122,--,203,81,113,122,122,Algún campo sin dato,1,faffa89c0a79b0f12405080a3d1dd01a67dd7bad8ede4cf8ac1ffd320038d102,26/06/2023 00:56:49,ESCANER
20123,"Alta Verapaz",16,"Chahal",14,3126,380,62,23,13,28,31,3,0,92,1,0,2,255,29,14,298,0,298,0,375,77,255,298,298,,1,04c18b891391cfbb58509b7ef2355201f3425112262a92c133872c614d8ae69e,26/06/2023 02:59:23,ESCANER
20124,"Alta Verapaz",16,"Chahal",14,3126,380,24,19,25,23,20,1,1,118,0,3,0,234,27,15,276,0,276,--,380,104,234,276,276,Algún campo sin dato,1,80823e71031f19426a3a4bd5454c189ab04cd0b35bfd48e6a787e963aca17b8d,26/06/2023 02:39:27,ESCANER
20125,"Alta Verapaz",16,"Chahal",14,3126,380,19,14,26,19,14,2,3,113,0,0,2,212,16,7,235,0,235,--,383,148,212,235,235,Algún campo sin dato,1,b7db110d15d609b09db04b272e6c8a16bed9e41cd4ac0ca5c86e480b4b3865bb,26/06/2023 03:07:36,ESCANER
20126,"Alta Verapaz",16,"Chahal",14,3126,238,24,9,13,13,4,3,1,68,0,3,0,138,5,0,143,0,143,--,238,95,138,143,143,Algún campo sin dato,1,cc2a0dc6c49c79ded5655b72497d271d58b63acbba43309b2b6ed7a4d64becc8,26/06/2023 03:22:16,ESCANER
20127,"Alta Verapaz",16,"Chahal",14,3126,237,28,4,12,6,10,0,0,53,0,1,1,115,4,2,121,0,121,--,237,116,115,121,121,Algún campo sin dato,1,5f1b7b51e36b288acdef6195b88ced72d3951294011c1965d25c59c51de1755b,26/06/2023 02:25:44,ESCANER
20128,"Alta Verapaz",16,"Chahal",14,3127,380,47,28,74,29,28,1,0,44,0,1,2,254,34,6,294,0,294,--,380,86,254,294,294,Algún campo sin dato,1,16d4563fea095087b95c1fd36dce4afbef651eb19dd48d1417263156f41bd91c,26/06/2023 02:00:25,ESCANER
20129,"Alta Verapaz",16,"Chahal",14,3127,380,61,17,48,35,22,1,0,46,1,2,3,236,19,14,269,0,269,--,377,108,236,269,269,Algún campo sin dato,1,688536f856c8b820b67ae26468c74690611ffcd7752d3bc3f358f42ddbb7288f,26/06/2023 02:07:16,ESCANER
20130,"Alta Verapaz",16,"Chahal",14,3127,380,34,12,55,9,18,6,--,122,--,--,2,258,34,8,300,--,300,--,376,76,258,300,300,Algún campo sin dato,1,ab2d4370135a3ca71ca1bc41df2137ac2cf3918c14ed5c2d5bcbb176b67dd985,26/06/2023 02:16:44,ESCANER
20131,"Alta Verapaz",16,"Chahal",14,3128,380,45,12,65,15,26,6,0,76,0,1,5,251,6,6,263,0,263,--,380,115,251,263,263,Algún campo sin dato,1,c686f5f632cb5a3cdbcb226c5a3ec92e8f3e8ce7e0e048778cc24c5517441b6a,26/06/2023 02:06:29,ESCANER
20132,"Alta Verapaz",16,"Chahal",14,3128,285,33,7,42,9,25,1,0,49,0,1,1,168,7,2,177,0,177,--,282,105,168,177,177,Algún campo sin dato,1,3a0e93863471526163e1c435cb12148854ca3552a88c8f9f09d22b2c0ad53965,26/06/2023 02:21:35,ESCANER
20133,"Alta Verapaz",16,"Chahal",14,3128,285,27,6,55,6,16,3,0,51,0,1,2,167,3,2,172,0,172,--,285,110,167,172,172,Algún campo sin dato,1,bbf4358b772348f77a6f9f33895a25ba87311cf70e341fadababdf87dd069f31,26/06/2023 02:31:10,ESCANER
20134,"Alta Verapaz",16,"Chahal",14,3129,380,43,13,93,29,12,2,0,64,1,2,1,260,23,4,287,0,287,--,378,91,260,287,287,Algún campo sin dato,1,fbf8464c5d1040d38b3f22b13387673a564c6c9a0449c05cf6934dfb341f8365,26/06/2023 02:19:25,ESCANER
20135,"Alta Verapaz",16,"Chahal",14,3129,380,51,10,89,32,36,2,0,43,0,4,2,269,26,5,300,0,300,--,380,80,269,300,300,Algún campo sin dato,1,b69e4f3a48eacc1714d2dd836d8abb88d4419f71f8a0f02bb5352e67dfd4410f,26/06/2023 02:35:58,ESCANER
20136,"Alta Verapaz",16,"Chahal",14,3129,380,50,4,85,21,0,2,0,64,0,2,5,268,14,6,288,0,288,--,378,90,233,253,253,Sumas Asentadas sin cuadrar,1,139afcebfb1c583c0e7eb7d42799d9356fa5c27ff7fe8fe34fd7a5367db72ac5,26/06/2023 03:13:22,ESCANER
20137,"Alta Verapaz",16,"Chahal",14,3129,380,45,6,64,24,52,3,0,44,0,3,3,244,12,0,256,0,256,--,380,124,244,256,256,Algún campo sin dato,1,04d7253429bee6c6386cb9f001b23d6d9a55fcd479f4e9c70174a236d4110b78,26/06/2023 02:28:25,ESCANER
20138,"Alta Verapaz",16,"Chahal",14,3129,193,18,3,34,11,19,2,0,35,0,1,0,123,3,4,131,0,131,1,193,62,123,130,130,Sumas Asentadas sin cuadrar,1,a7d85068fa71a8b82d3d70a6ece6da796bd2fa7dec476116227c8b000a27eddd,26/06/2023 02:57:26,ESCANER
20139,"Alta Verapaz",16,"Chahal",14,3129,192,27,4,38,14,16,1,0,22,0,2,0,124,0,3,127,0,127,--,192,65,124,127,127,Algún campo sin dato,1,a20d6c434d72bc58c56018e543ab726b80b0f02fc1598252a3cdff8471b2a510,26/06/2023 02:45:53,ESCANER