﻿TIPO_DE_ELECCIÓN:,CORPORACIÓN MUNICIPAL
26 junio 2023 03:36 (UTC -6)
ACTAS_ESPERADAS,ACTAS_CAPTURADAS,PORCENTAJE_ACTAS_CAPTURADAS,ACTAS_CONTABILIZADAS,PORCENTAJE_ACTAS_CONTABILIZADAS,ACTAS_NO_CONTABILIZADAS,LISTA_NOMINAL_ACTAS_CONTABILIZADAS,VOTOS_EMITIDOS_CONTABILIZADAS,PORCENTAJE_PARTICIPACIÓN_CIUDADANA
89,27,30.3370,27,30.3370,0,9781,4698,48.0318

MESA,DEPARTAMENTO,ID_DEPARTAMENTO,MUNICIPIO,ID_MUNICIPIO,CENTRO_DE_VOTACIÓN,PADRÓN,MLP,PHG,UNE,VIVA,CAMBIO,VALOR,VAMOS,PODEMOS,CABAL,PPN,AZUL,WINAQ,U R N G - MAIZ,LI INUP,VÁLIDOS,NULOS,BLANCO,EMITIDOS,INVÁLIDOS,TOTAL,IMPUGNACIONES,PAPELETAS-RECIBIDAS,PAPELETAS-NO-USADAS,VALIDOS_CALCULADO,EMITIDOS_CALCULADO,TOTAL_CALCULADO,OBSERVACIONES,CONTABILIZADA,CÓDIGO_INTEGRIDAD,FECHA_HORA_PUBLICACIÓN,DIGITALIZACIÓN
20140,"Alta Verapaz",16,"Fray Bartolomé De Las Casas",15,3130,400,,,,,,,,,,,,,,,,,,,,,,,,,,,,0,,,
20141,"Alta Verapaz",16,"Fray Bartolomé De Las Casas",15,3130,400,,,,,,,,,,,,,,,,,,,,,,,,,,,,0,,,
20142,"Alta Verapaz",16,"Fray Bartolomé De Las Casas",15,3130,400,14,57,29,24,1,7,5,19,2,39,0,2,4,4,207,28,5,240,0,240,--,400,160,207,240,240,Algún campo sin dato,1,9881c7babdfb83f61ed0337f6164dc0ee826b254aa8a2704b71f833f23ad26ce,26/06/2023 02:51:45,ESCANER
20143,"Alta Verapaz",16,"Fray Bartolomé De Las Casas",15,3130,400,4,66,29,15,1,7,8,9,1,46,1,3,3,2,195,25,5,225,0,225,--,400,175,195,225,225,Algún campo sin dato,1,5f1b1417fb743f23cdbbf941787775747ff97becd37cc340188dc3b3a332025c,26/06/2023 02:17:17,ESCANER
20144,"Alta Verapaz",16,"Fray Bartolomé De Las Casas",15,3130,400,1,70,25,18,2,9,6,8,4,41,3,1,10,2,200,34,5,239,0,239,--,400,161,200,239,239,Algún campo sin dato,1,c8479c905229eacf46730f7512dffbaf9007971005060bdd47009d8ffc921c98,25/06/2023 21:07:19,ESCANER
20145,"Alta Verapaz",16,"Fray Bartolomé De Las Casas",15,3130,400,,,,,,,,,,,,,,,,,,,,,,,,,,,,0,,,
20146,"Alta Verapaz",16,"Fray Bartolomé De Las Casas",15,3130,400,,,,,,,,,,,,,,,,,,,,,,,,,,,,0,,,
20147,"Alta Verapaz",16,"Fray Bartolomé De Las Casas",15,3130,400,,,,,,,,,,,,,,,,,,,,,,,,,,,,0,,,
20148,"Alta Verapaz",16,"Fray Bartolomé De Las Casas",15,3130,400,1,64,27,12,4,2,26,19,4,33,1,0,9,4,206,30,5,241,0,241,--,400,159,206,241,241,Algún campo sin dato,1,faa75f2bb19dca0ab2edb5d5f785821eb073a0bfd9c6df673f776486e0e69e30,26/06/2023 02:35:09,ESCANER
20149,"Alta Verapaz",16,"Fray Bartolomé De Las Casas",15,3130,400,,,,,,,,,,,,,,,,,,,,,,,,,,,,0,,,
20150,"Alta Verapaz",16,"Fray Bartolomé De Las Casas",15,3130,400,,,,,,,,,,,,,,,,,,,,,,,,,,,,0,,,
20151,"Alta Verapaz",16,"Fray Bartolomé De Las Casas",15,3130,400,2,75,19,17,1,6,8,11,1,42,0,2,3,0,187,12,2,201,0,201,--,400,199,187,201,201,Algún campo sin dato,1,1e808eaf22da2491cfb6262302f0cd6b135c27964079c0fb319b0fc0de51df35,25/06/2023 23:24:04,ESCANER
20152,"Alta Verapaz",16,"Fray Bartolomé De Las Casas",15,3130,400,4,63,31,9,0,13,11,8,3,29,2,3,6,6,188,9,2,199,0,199,--,400,201,188,199,199,Algún campo sin dato,1,4a94cd6b8a10d1fa9e0a31a3fa514841dde280a64f91dae9ed2f957fe02cc88f,26/06/2023 02:53:00,ESCANER
20153,"Alta Verapaz",16,"Fray Bartolomé De Las Casas",15,3130,400,,,,,,,,,,,,,,,,,,,,,,,,,,,,0,,,
20154,"Alta Verapaz",16,"Fray Bartolomé De Las Casas",15,3130,400,,,,,,,,,,,,,,,,,,,,,,,,,,,,0,,,
20155,"Alta Verapaz",16,"Fray Bartolomé De Las Casas",15,3130,400,,,,,,,,,,,,,,,,,,,,,,,,,,,,0,,,
20156,"Alta Verapaz",16,"Fray Bartolomé De Las Casas",15,3130,400,,,,,,,,,,,,,,,,,,,,,,,,,,,,0,,,
20157,"Alta Verapaz",16,"Fray Bartolomé De Las Casas",15,3131,400,1,71,19,16,3,7,6,11,2,35,0,3,5,2,181,21,3,205,--,205,--,397,192,181,205,205,Algún campo sin dato,1,fd93c29cf167fc2176b7a1964d0fb844d7a009a22b364e2ef7f6a11c133151ad,26/06/2023 00:47:02,ESCANER
20158,"Alta Verapaz",16,"Fray Bartolomé De Las Casas",15,3131,400,0,79,14,13,3,4,5,13,4,61,0,0,2,8,206,8,0,214,0,214,--,400,186,206,214,214,Algún campo sin dato,1,efa6d6415d040de77029b04963c048461d3adc294e3ec1435e1c27cc6cccf3cb,26/06/2023 00:44:16,ESCANER
20159,"Alta Verapaz",16,"Fray Bartolomé De Las Casas",15,3131,400,,,,,,,,,,,,,,,,,,,,,,,,,,,,0,,,
20160,"Alta Verapaz",16,"Fray Bartolomé De Las Casas",15,3131,400,0,52,27,13,3,2,7,8,0,20,0,1,3,5,141,13,1,155,0,155,--,400,245,141,155,155,Algún campo sin dato,1,b6d910e0a3b44749185c1df7dcd843908587081c0ca078480de0f9f56a8b6ad0,26/06/2023 01:39:41,ESCANER
20161,"Alta Verapaz",16,"Fray Bartolomé De Las Casas",15,3131,400,0,75,18,15,0,4,10,6,2,31,1,2,5,1,170,2,0,172,0,172,--,397,225,170,172,172,Algún campo sin dato,1,d8f1f3df91a9744bde43d63014631dc3baaa3faab224183a712ee25906b8966a,26/06/2023 02:15:18,ESCANER
20162,"Alta Verapaz",16,"Fray Bartolomé De Las Casas",15,3132,400,1,55,31,20,2,15,12,11,2,36,0,0,2,1,188,11,0,199,0,199,--,397,198,188,199,199,Algún campo sin dato,1,38f0dc960af648f3ac61377cd2e256cdfa27f9243d62d909984bb43ed6cc32f5,25/06/2023 21:41:48,ESCANER
20163,"Alta Verapaz",16,"Fray Bartolomé De Las Casas",15,3132,400,1,77,15,12,5,0,6,8,2,29,0,1,4,0,160,3,3,166,0,166,--,400,234,160,166,166,Algún campo sin dato,1,ad77309db93ba98ea7db2eee02cef394637563b1d9ababcbec45fe9056b68c33,26/06/2023 00:50:21,ESCANER
20164,"Alta Verapaz",16,"Fray Bartolomé De Las Casas",15,3132,279,,,,,,,,,,,,,,,,,,,,,,,,,,,,0,,,
20165,"Alta Verapaz",16,"Fray Bartolomé De Las Casas",15,3132,279,2,40,15,13,4,0,2,8,4,18,0,1,1,1,109,6,4,119,0,119,--,278,159,109,119,119,Algún campo sin dato,1,8dd572f440e004e62e90fecc2bf058a4d9e616af39b5f078960065d48feb74ae,26/06/2023 01:16:49,ESCANER
20166,"Alta Verapaz",16,"Fray Bartolomé De Las Casas",15,3133,212,5,46,18,14,2,4,1,5,0,10,0,3,2,0,110,21,4,135,0,135,--,211,76,110,135,135,Algún campo sin dato,1,3f1f55fcc28ad3e2262d2e0ca437a128f662b6a0e0d262da61067401c5458f81,26/06/2023 00:02:51,ESCANER
20167,"Alta Verapaz",16,"Fray Bartolomé De Las Casas",15,3133,211,1,33,15,11,3,3,3,2,2,16,0,1,1,1,92,8,3,103,0,103,--,211,108,92,103,103,Algún campo sin dato,1,769f22f6881a48e1c19f4fda5d1d1b6a93667b5ef766b7d5cde7bbd1b242821e,25/06/2023 23:58:12,ESCANER
20168,"Alta Verapaz",16,"Fray Bartolomé De Las Casas",15,3134,400,1,58,26,31,1,19,24,7,0,25,0,3,9,0,204,24,6,234,0,234,--,400,166,204,234,234,Algún campo sin dato,1,9d5d43a4e755062666e6836148ff292040bbe38f55d9bef2afe25e5b96acdd8e,26/06/2023 02:59:54,ESCANER
20169,"Alta Verapaz",16,"Fray Bartolomé De Las Casas",15,3134,378,2,54,27,16,1,7,27,8,3,29,1,1,2,5,183,24,5,212,0,212,--,381,169,183,212,212,Algún campo sin dato,1,3a14bd59fffeefbe957f12bb7a486acf4ec0463fffe2fd3aa18145139cb33f8e,26/06/2023 01:13:21,ESCANER
20170,"Alta Verapaz",16,"Fray Bartolomé De Las Casas",15,3134,377,0,46,19,18,2,12,11,2,1,15,0,0,3,0,129,16,1,146,0,146,--,374,228,129,146,146,Algún campo sin dato,1,980acc169bc0aa43cb30f56e9b1fb01db18353cae8bcb602da58e001a0171d68,26/06/2023 02:23:11,ESCANER
20171,"Alta Verapaz",16,"Fray Bartolomé De Las Casas",15,3135,380,,,,,,,,,,,,,,,,,,,,,,,,,,,,0,,,
20172,"Alta Verapaz",16,"Fray Bartolomé De Las Casas",15,3135,380,,,,,,,,,,,,,,,,,,,,,,,,,,,,0,,,
20173,"Alta Verapaz",16,"Fray Bartolomé De Las Casas",15,3135,380,,,,,,,,,,,,,,,,,,,,,,,,,,,,0,,,
20174,"Alta Verapaz",16,"Fray Bartolomé De Las Casas",15,3135,380,,,,,,,,,,,,,,,,,,,,,,,,,,,,0,,,
20175,"Alta Verapaz",16,"Fray Bartolomé De Las Casas",15,3135,380,,,,,,,,,,,,,,,,,,,,,,,,,,,,0,,,
20176,"Alta Verapaz",16,"Fray Bartolomé De Las Casas",15,3135,295,,,,,,,,,,,,,,,,,,,,,,,,,,,,0,,,
20177,"Alta Verapaz",16,"Fray Bartolomé De Las Casas",15,3135,295,,,,,,,,,,,,,,,,,,,,,,,,,,,,0,,,
20178,"Alta Verapaz",16,"Fray Bartolomé De Las Casas",15,3136,380,,,,,,,,,,,,,,,,,,,,,,,,,,,,0,,,
20179,"Alta Verapaz",16,"Fray Bartolomé De Las Casas",15,3136,380,,,,,,,,,,,,,,,,,,,,,,,,,,,,0,,,
20180,"Alta Verapaz",16,"Fray Bartolomé De Las Casas",15,3136,380,,,,,,,,,,,,,,,,,,,,,,,,,,,,0,,,
20181,"Alta Verapaz",16,"Fray Bartolomé De Las Casas",15,3136,380,,,,,,,,,,,,,,,,,,,,,,,,,,,,0,,,
20182,"Alta Verapaz",16,"Fray Bartolomé De Las Casas",15,3136,230,,,,,,,,,,,,,,,,,,,,,,,,,,,,0,,,
20183,"Alta Verapaz",16,"Fray Bartolomé De Las Casas",15,3136,229,,,,,,,,,,,,,,,,,,,,,,,,,,,,0,,,
20184,"Alta Verapaz",16,"Fray Bartolomé De Las Casas",15,3137,380,,,,,,,,,,,,,,,,,,,,,,,,,,,,0,,,
20185,"Alta Verapaz",16,"Fray Bartolomé De Las Casas",15,3137,380,,,,,,,,,,,,,,,,,,,,,,,,,,,,0,,,
20186,"Alta Verapaz",16,"Fray Bartolomé De Las Casas",15,3137,380,,,,,,,,,,,,,,,,,,,,,,,,,,,,0,,,
20187,"Alta Verapaz",16,"Fray Bartolomé De Las Casas",15,3137,380,,,,,,,,,,,,,,,,,,,,,,,,,,,,0,,,
20188,"Alta Verapaz",16,"Fray Bartolomé De Las Casas",15,3137,380,,,,,,,,,,,,,,,,,,,,,,,,,,,,0,,,
20189,"Alta Verapaz",16,"Fray Bartolomé De Las Casas",15,3137,234,,,,,,,,,,,,,,,,,,,,,,,,,,,,0,,,
20190,"Alta Verapaz",16,"Fray Bartolomé De Las Casas",15,3137,234,,,,,,,,,,,,,,,,,,,,,,,,,,,,0,,,
20191,"Alta Verapaz",16,"Fray Bartolomé De Las Casas",15,3138,380,,,,,,,,,,,,,,,,,,,,,,,,,,,,0,,,
20192,"Alta Verapaz",16,"Fray Bartolomé De Las Casas",15,3138,380,,,,,,,,,,,,,,,,,,,,,,,,,,,,0,,,
20193,"Alta Verapaz",16,"Fray Bartolomé De Las Casas",15,3138,380,,,,,,,,,,,,,,,,,,,,,,,,,,,,0,,,
20194,"Alta Verapaz",16,"Fray Bartolomé De Las Casas",15,3138,380,,,,,,,,,,,,,,,,,,,,,,,,,,,,0,,,
20195,"Alta Verapaz",16,"Fray Bartolomé De Las Casas",15,3138,258,,,,,,,,,,,,,,,,,,,,,,,,,,,,0,,,
20196,"Alta Verapaz",16,"Fray Bartolomé De Las Casas",15,3138,257,0,38,14,17,0,2,2,3,0,27,0,2,0,0,105,1,1,107,0,107,--,254,147,105,107,107,Algún campo sin dato,1,3f727dbcb8224ee3534c4afbc6e89fb040f465ebd1e6ee9a868d7aa229dacffa,25/06/2023 21:36:09,ESCANER
20197,"Alta Verapaz",16,"Fray Bartolomé De Las Casas",15,3139,380,,,,,,,,,,,,,,,,,,,,,,,,,,,,0,,,
20198,"Alta Verapaz",16,"Fray Bartolomé De Las Casas",15,3139,380,,,,,,,,,,,,,,,,,,,,,,,,,,,,0,,,
20199,"Alta Verapaz",16,"Fray Bartolomé De Las Casas",15,3139,380,,,,,,,,,,,,,,,,,,,,,,,,,,,,0,,,
20200,"Alta Verapaz",16,"Fray Bartolomé De Las Casas",15,3139,380,,,,,,,,,,,,,,,,,,,,,,,,,,,,0,,,
20201,"Alta Verapaz",16,"Fray Bartolomé De Las Casas",15,3139,284,,,,,,,,,,,,,,,,,,,,,,,,,,,,0,,,
20202,"Alta Verapaz",16,"Fray Bartolomé De Las Casas",15,3139,283,,,,,,,,,,,,,,,,,,,,,,,,,,,,0,,,
20203,"Alta Verapaz",16,"Fray Bartolomé De Las Casas",15,3140,380,,,,,,,,,,,,,,,,,,,,,,,,,,,,0,,,
20204,"Alta Verapaz",16,"Fray Bartolomé De Las Casas",15,3140,380,,,,,,,,,,,,,,,,,,,,,,,,,,,,0,,,
20205,"Alta Verapaz",16,"Fray Bartolomé De Las Casas",15,3140,380,,,,,,,,,,,,,,,,,,,,,,,,,,,,0,,,
20206,"Alta Verapaz",16,"Fray Bartolomé De Las Casas",15,3140,380,,,,,,,,,,,,,,,,,,,,,,,,,,,,0,,,
20207,"Alta Verapaz",16,"Fray Bartolomé De Las Casas",15,3140,380,,,,,,,,,,,,,,,,,,,,,,,,,,,,0,,,
20208,"Alta Verapaz",16,"Fray Bartolomé De Las Casas",15,3140,380,,,,,,,,,,,,,,,,,,,,,,,,,,,,0,,,
20209,"Alta Verapaz",16,"Fray Bartolomé De Las Casas",15,3140,358,,,,,,,,,,,,,,,,,,,,,,,,,,,,0,,,
20210,"Alta Verapaz",16,"Fray Bartolomé De Las Casas",15,3140,357,,,,,,,,,,,,,,,,,,,,,,,,,,,,0,,,
20211,"Alta Verapaz",16,"Fray Bartolomé De Las Casas",15,3141,380,,,,,,,,,,,,,,,,,,,,,,,,,,,,0,,,
20212,"Alta Verapaz",16,"Fray Bartolomé De Las Casas",15,3141,380,,,,,,,,,,,,,,,,,,,,,,,,,,,,0,,,
20213,"Alta Verapaz",16,"Fray Bartolomé De Las Casas",15,3141,380,,,,,,,,,,,,,,,,,,,,,,,,,,,,0,,,
20214,"Alta Verapaz",16,"Fray Bartolomé De Las Casas",15,3141,349,,,,,,,,,,,,,,,,,,,,,,,,,,,,0,,,
20215,"Alta Verapaz",16,"Fray Bartolomé De Las Casas",15,3141,349,,,,,,,,,,,,,,,,,,,,,,,,,,,,0,,,
20216,"Alta Verapaz",16,"Fray Bartolomé De Las Casas",15,3142,380,1,84,19,30,0,8,6,20,1,13,1,1,4,0,188,19,6,213,0,213,--,380,167,188,213,213,Algún campo sin dato,1,356e00558366f5c68891ae12fdc90045680433cd80ab6eca84ba886ed3c87d2c,26/06/2023 00:04:19,ESCANER
20217,"Alta Verapaz",16,"Fray Bartolomé De Las Casas",15,3142,380,1,97,17,35,4,8,12,5,4,7,1,1,15,0,207,17,6,230,0,230,--,377,147,207,230,230,Algún campo sin dato,1,d6e85b7d353cbe24d97a63fec3ec73af413ec8cddc026c33be344c274aef28d7,26/06/2023 00:13:50,ESCANER
20218,"Alta Verapaz",16,"Fray Bartolomé De Las Casas",15,3142,380,3,89,27,31,3,9,5,14,1,14,0,0,18,0,214,22,13,249,0,249,--,380,131,214,249,249,Algún campo sin dato,1,27997ee23a36d9a4717c3c803d7b00d9a9297c8f37843f1cb33e6a88e18499ef,26/06/2023 00:30:12,ESCANER
20219,"Alta Verapaz",16,"Fray Bartolomé De Las Casas",15,3142,380,5,56,22,24,2,9,8,6,0,12,0,0,6,0,150,12,6,168,0,168,0,380,212,150,168,168,,1,f586887a27805fb8c5e6d33ec543d3398647c4799ca6a0125ccb8167d946bc77,26/06/2023 00:34:08,ESCANER
20220,"Alta Verapaz",16,"Fray Bartolomé De Las Casas",15,3142,322,1,40,21,11,0,6,5,2,1,4,1,0,6,0,98,17,7,122,0,122,--,322,200,98,122,122,Algún campo sin dato,1,8ed65c86287e6cf086fabf5a302d930cf036a95bb40b9d8e0045fce2a7b63692,26/06/2023 00:19:08,ESCANER
20221,"Alta Verapaz",16,"Fray Bartolomé De Las Casas",15,3142,321,1,68,13,11,3,8,0,5,0,6,0,0,8,0,123,1,3,127,0,127,--,323,196,123,127,127,Algún campo sin dato,1,6a63afec92548ea0d0e060ff174f2cc366202c2e98cecb57ec70e5d282f1a62d,26/06/2023 00:34:18,ESCANER
20222,"Alta Verapaz",16,"Fray Bartolomé De Las Casas",15,3143,380,,,,,,,,,,,,,,,,,,,,,,,,,,,,0,,,
20223,"Alta Verapaz",16,"Fray Bartolomé De Las Casas",15,3143,380,,,,,,,,,,,,,,,,,,,,,,,,,,,,0,,,
20224,"Alta Verapaz",16,"Fray Bartolomé De Las Casas",15,3143,380,,,,,,,,,,,,,,,,,,,,,,,,,,,,0,,,
20225,"Alta Verapaz",16,"Fray Bartolomé De Las Casas",15,3143,305,,,,,,,,,,,,,,,,,,,,,,,,,,,,0,,,
20226,"Alta Verapaz",16,"Fray Bartolomé De Las Casas",15,3143,305,,,,,,,,,,,,,,,,,,,,,,,,,,,,0,,,
20227,"Alta Verapaz",16,"Fray Bartolomé De Las Casas",15,3144,352,1,8,6,3,3,2,5,1,0,12,0,1,0,2,44,6,0,50,0,50,--,354,304,44,50,50,Algún campo sin dato,1,806182698183e71f1d71be92c34a4e6ef00e244917d52789fb4d52eaad921503,26/06/2023 00:13:30,ESCANER
20228,"Alta Verapaz",16,"Fray Bartolomé De Las Casas",15,3144,352,0,6,2,2,1,1,1,1,1,5,0,0,1,1,22,5,0,27,0,27,--,354,327,22,27,27,Algún campo sin dato,1,f0729cc950d580d79a2ee17d23a74daec38a767f0bd455dbfe53afa6a3c2aa2e,26/06/2023 00:12:51,ESCANER