﻿TIPO_DE_ELECCIÓN:,CORPORACIÓN MUNICIPAL
26 junio 2023 03:36 (UTC -6)
ACTAS_ESPERADAS,ACTAS_CAPTURADAS,PORCENTAJE_ACTAS_CAPTURADAS,ACTAS_CONTABILIZADAS,PORCENTAJE_ACTAS_CONTABILIZADAS,ACTAS_NO_CONTABILIZADAS,LISTA_NOMINAL_ACTAS_CONTABILIZADAS,VOTOS_EMITIDOS_CONTABILIZADAS,PORCENTAJE_PARTICIPACIÓN_CIUDADANA
68,68,100.0000,68,100.0000,0,25029,13946,55.7193

MESA,DEPARTAMENTO,ID_DEPARTAMENTO,MUNICIPIO,ID_MUNICIPIO,CENTRO_DE_VOTACIÓN,PADRÓN,VIVA,CABAL,CAMBIO,UNE,MLP,VALOR UNIONISTA,AZUL,VAMOS,PPN,TODOS,BIEN,VÁLIDOS,NULOS,BLANCO,EMITIDOS,INVÁLIDOS,TOTAL,IMPUGNACIONES,PAPELETAS-RECIBIDAS,PAPELETAS-NO-USADAS,VALIDOS_CALCULADO,EMITIDOS_CALCULADO,TOTAL_CALCULADO,OBSERVACIONES,CONTABILIZADA,CÓDIGO_INTEGRIDAD,FECHA_HORA_PUBLICACIÓN,DIGITALIZACIÓN
20339,"Petén",17,"Flores",1,3166,400,7,12,15,165,0,4,1,41,2,5,6,258,12,1,271,0,271,--,400,129,258,271,271,Algún campo sin dato,1,ebcf97e2c5060048a91daf6041e9e58d18d67957aaea3afd4868ce63516d1e36,26/06/2023 00:35:58,ESCANER
20340,"Petén",17,"Flores",1,3166,327,6,15,17,95,0,7,1,51,0,4,5,201,5,0,206,0,206,--,--,--,201,206,206,Algún campo sin dato,1,e305d588615b4c191eb2eb574f853c7ce462085f7837f5074b3f3a97a1a65b03,25/06/2023 22:47:22,ESCANER
20341,"Petén",17,"Flores",1,3166,326,3,14,18,93,4,5,0,35,0,4,12,188,12,0,200,0,200,--,326,126,188,200,200,Algún campo sin dato,1,9ab88ae67429038b6a37f355f4e1b79ffbaa31ab7aa4724e729abd4b69c091a6,25/06/2023 22:06:47,ESCANER
20342,"Petén",17,"Flores",1,3167,341,5,27,39,113,0,6,0,34,1,0,7,232,11,1,244,0,244,--,341,97,232,244,244,Algún campo sin dato,1,006f3196e1d98482643893e2f6f56449ca47bff1b448818f7a73ab3f7d759c7a,26/06/2023 01:14:48,ESCANER
20343,"Petén",17,"Flores",1,3167,340,3,48,40,88,0,6,1,27,1,2,10,226,8,1,235,0,235,--,340,105,226,235,235,Algún campo sin dato,1,d010dbdfbd1424149e455f6ce273084fa7cae60d8019b242b99814048ada7186,26/06/2023 00:56:02,ESCANER
20344,"Petén",17,"Flores",1,3168,380,3,30,48,57,1,21,2,30,1,3,10,223,16,1,223,0,223,--,377,154,206,223,223,Sumas Asentadas sin cuadrar,1,957a8df298c18388605ce83287265cecbc193b739213a670275b1edf291c279a,26/06/2023 03:33:25,ESCANER
20345,"Petén",17,"Flores",1,3168,380,9,26,45,63,2,25,0,33,0,1,14,218,18,1,237,0,237,--,380,143,218,237,237,Algún campo sin dato,1,c61c3b823714ffd13226534b3a59d16c1baea906fa076669c8f898dca9f12cf7,25/06/2023 22:59:22,ESCANER
20346,"Petén",17,"Flores",1,3168,380,8,41,48,43,1,19,1,35,0,0,12,208,24,2,234,0,234,--,369,145,208,234,234,Algún campo sin dato,1,7a7277f0714e648e2babd1aff70562973a3ce1224d6d407acad3dac01c7875a9,25/06/2023 23:38:26,ESCANER
20347,"Petén",17,"Flores",1,3168,380,12,33,46,65,1,19,3,26,1,3,9,218,22,3,243,0,243,--,377,134,218,243,243,Algún campo sin dato,1,66fdd4ffc83b62d0696fc9db9c9b13cd05e531d11e7d7db89ac36fa5bd01c202,26/06/2023 01:33:08,ESCANER
20348,"Petén",17,"Flores",1,3168,380,3,45,29,64,2,29,3,37,0,2,11,225,14,4,243,--,243,--,--,--,225,243,243,Algún campo sin dato,1,5a1b88b1f0ca4ab9181bff920d99c1b8c1e6364ba89cdab94b9ee317a69f9231,26/06/2023 01:34:15,ESCANER
20349,"Petén",17,"Flores",1,3168,380,8,33,50,57,4,19,3,38,3,3,10,223,19,3,245,0,245,--,380,135,228,250,250,Sumas Asentadas sin cuadrar,1,0e1f6fbdd6a9db85c1ae2691669916ee6486b6d292bf3f1812e93d2685ce3f1b,26/06/2023 01:31:01,ESCANER
20350,"Petén",17,"Flores",1,3168,380,6,30,43,62,2,16,2,43,1,3,18,226,21,0,247,0,247,--,380,133,226,247,247,Algún campo sin dato,1,b86b9f2beeb9d3d5b685ce3a5b1d093461595abe3fdd7779f67ca574e9a7e5a8,26/06/2023 00:24:09,ESCANER
20351,"Petén",17,"Flores",1,3168,380,9,34,54,77,3,18,3,43,1,2,7,251,18,2,271,0,271,--,380,109,251,271,271,Algún campo sin dato,1,3be898b4938273aa64cb1197405941e51fbf81f8f421e3aac803bccf2e89c5d8,26/06/2023 00:57:08,ESCANER
20352,"Petén",17,"Flores",1,3168,380,6,26,48,49,1,19,1,34,2,3,18,207,8,3,218,0,218,--,377,159,207,218,218,Algún campo sin dato,1,f74e5baeca9186ecfc4f2b95ed9b018a4d5a497140ed922c5f9202acdf6ae780,26/06/2023 01:14:50,ESCANER
20353,"Petén",17,"Flores",1,3168,380,7,30,48,42,1,18,3,32,1,2,14,212,14,0,212,0,212,--,377,165,198,212,212,Sumas Asentadas sin cuadrar,1,1835b408d940e5a14ae5c36758fd07b8a3d8f0abd56a74a2ffbfa5aae0d1d887,26/06/2023 01:23:03,ESCANER
20354,"Petén",17,"Flores",1,3168,380,10,37,32,41,3,14,2,37,9,3,12,200,19,2,221,0,221,--,380,159,200,221,221,Algún campo sin dato,1,bdd7bdecc9006c5b8da23eb13642b560b317a8f6c41f7dcec78e930b3ba58929,25/06/2023 23:21:40,ESCANER
20355,"Petén",17,"Flores",1,3168,380,5,36,46,43,1,22,1,30,1,1,9,195,16,2,213,0,213,--,380,167,195,213,213,Algún campo sin dato,1,3fb3411ddf12b632a1e702e69f8180cac91eaca2892ce1d01e5a9ed2fa19cbb4,26/06/2023 01:17:59,ESCANER
20356,"Petén",17,"Flores",1,3168,380,4,30,46,56,4,18,0,34,0,1,11,204,8,4,216,0,216,--,380,164,204,216,216,Algún campo sin dato,1,f23b8b3963e9c0e0de9e1f44579c64d629473cb994833b593b7d4484b6626a6a,25/06/2023 23:13:31,ESCANER
20357,"Petén",17,"Flores",1,3168,380,8,27,37,56,1,27,2,34,3,1,9,204,16,2,222,0,222,--,380,158,205,223,223,Sumas Asentadas sin cuadrar,1,c298b262933a02cb28f8472a9b7c28037e03779f5139ac6e5fa675871442423c,26/06/2023 01:19:15,ESCANER
20358,"Petén",17,"Flores",1,3169,380,6,26,55,64,2,21,2,35,1,3,10,225,5,3,233,1,234,1,380,146,225,233,234,,1,04827b005cf7503071150f8d61ba23ec308798bcb3da50faddf6b1464b7b7991,26/06/2023 01:26:56,ESCANER
20359,"Petén",17,"Flores",1,3169,380,7,31,47,49,1,22,0,31,2,1,6,197,11,0,208,0,208,--,380,172,197,208,208,Algún campo sin dato,1,fffbba5e7359cf71bf09f10fdc647e7421f6fad9d93ad0d66fe51cabcf470ec2,26/06/2023 01:37:46,ESCANER
20360,"Petén",17,"Flores",1,3169,380,7,30,51,44,2,24,1,23,2,0,10,194,16,6,216,0,216,--,380,164,194,216,216,Algún campo sin dato,1,26d8e431eb998a915a489b5ad2c618f770fe94b22edf54eb9fde28aa8fa20bc6,26/06/2023 01:25:22,ESCANER
20361,"Petén",17,"Flores",1,3169,380,6,27,51,47,1,17,1,29,2,1,7,189,10,2,201,0,201,--,380,179,189,201,201,Algún campo sin dato,1,fd41e2d33396cb3ba8762eb7c5080e3c173643040ff8899c333563e13218584d,26/06/2023 01:33:34,ESCANER
20362,"Petén",17,"Flores",1,3169,380,10,31,53,50,0,25,0,23,2,0,10,204,15,3,222,1,223,--,380,157,204,222,223,Algún campo sin dato,1,d60bf0c0fd9cb3ab183ef62f0ae857e30305c7742ef36cec9a9eb13bd27ae350,26/06/2023 01:30:25,ESCANER
20363,"Petén",17,"Flores",1,3169,380,6,30,42,30,5,20,4,19,3,3,9,171,12,2,185,0,185,--,380,195,171,185,185,Algún campo sin dato,1,4368cbbfc5c11c2181bcfd8e131f48f380213f26576108e86e1409dedfa4952e,25/06/2023 23:06:06,ESCANER
20364,"Petén",17,"Flores",1,3169,380,4,32,35,37,3,20,1,32,4,4,16,188,8,1,197,0,197,--,380,183,188,197,197,Algún campo sin dato,1,efa9076e5180ea1f0024da4392c380f551f582c5e2b7be63ac8031b9dba72edd,26/06/2023 00:01:15,ESCANER
20365,"Petén",17,"Flores",1,3169,380,6,24,51,39,0,14,0,21,4,2,11,172,10,1,183,0,183,--,380,197,172,183,183,Algún campo sin dato,1,52b096a1fa1a0ba92018bae345317a53c5899dd185d34fcf3aec3edf91d850e1,26/06/2023 00:18:49,ESCANER
20366,"Petén",17,"Flores",1,3169,380,9,28,48,39,5,22,0,45,3,0,24,223,2,1,226,0,226,--,350,154,223,226,226,Algún campo sin dato,1,f49db5a4ef0f1657b0503b53f42342213a7f57c23bedbef7639ea03f5de5e4b9,26/06/2023 01:19:19,ESCANER
20367,"Petén",17,"Flores",1,3169,380,6,25,48,58,0,13,1,23,2,3,16,195,11,174,380,0,380,--,380,174,195,380,380,Algún campo sin dato,1,056422a35b28fbefcc7c1fce4d589ea39937ab10b12a87a005412e2e061737a4,26/06/2023 01:34:58,ESCANER
20368,"Petén",17,"Flores",1,3169,380,7,26,45,32,1,15,1,24,1,1,19,172,3,0,175,0,175,--,380,205,172,175,175,Algún campo sin dato,1,bdcbaf7acc26794ed3e19d9fbd6c322e410177a11413662b3e8c422a85371bd0,26/06/2023 00:48:48,ESCANER
20369,"Petén",17,"Flores",1,3169,380,5,24,70,50,2,19,1,27,3,1,14,224,8,0,224,0,224,--,377,153,216,224,224,Sumas Asentadas sin cuadrar,1,75e6ab04ae621dc9ee933681f30d54df189bfbfee156a63e0a3200472bc6dec5,25/06/2023 23:57:38,ESCANER
20370,"Petén",17,"Flores",1,3169,274,4,20,32,35,3,13,0,16,2,0,9,134,5,1,140,0,140,--,274,134,134,140,140,Algún campo sin dato,1,0a4c2c4b0304c00e617138d13af59d21c7d289c6c746f466c47773c9e2e1896c,26/06/2023 01:25:22,ESCANER
20371,"Petén",17,"Flores",1,3169,274,8,8,23,18,1,3,0,17,2,0,6,86,0,0,86,0,86,--,274,188,86,86,86,Algún campo sin dato,1,b1a5be1743a3e38cfad6445a70e07107e942419a01ccd313081badc438fee180,25/06/2023 22:13:54,ESCANER
20372,"Petén",17,"Flores",1,3170,380,4,56,62,25,0,8,0,37,2,3,3,200,18,3,221,0,221,1,380,159,200,221,221,,1,f0030024a049a2331d63fcc3eb661a801de5133241abef3b7b74aa2a04084a35,25/06/2023 22:51:15,ESCANER
20373,"Petén",17,"Flores",1,3170,380,5,52,51,23,0,6,1,32,3,2,5,180,12,2,194,0,194,--,380,186,180,194,194,Algún campo sin dato,1,efa990bf10fbcbc7042ca5a40590063055a2269de07b912717f4f2b9e0ca38de,25/06/2023 23:07:06,ESCANER
20374,"Petén",17,"Flores",1,3170,380,3,34,57,31,1,5,1,38,1,2,2,175,8,6,189,0,189,--,381,192,175,189,189,Algún campo sin dato,1,d2d344c2590d9a88c3e7eb8791f3ec03e616bccfa120eef3e8a8d1a83ebfdc11,25/06/2023 22:34:49,ESCANER
20375,"Petén",17,"Flores",1,3170,380,3,41,47,36,1,3,0,39,2,2,1,175,14,9,198,0,198,--,380,182,175,198,198,Algún campo sin dato,1,52be1a6cadf3fc1d8a413e1667f9b708da9bbab9c19d1d6f7f67f262774c66ec,25/06/2023 23:31:52,ESCANER
20376,"Petén",17,"Flores",1,3170,380,5,49,57,30,3,1,0,40,4,1,2,192,17,3,212,0,212,--,380,168,192,212,212,Algún campo sin dato,1,97de71a15752a874c74071f3f22f5f3b3c48363807df8c395b82cf36e713ad18,25/06/2023 23:41:47,ESCANER
20377,"Petén",17,"Flores",1,3171,380,7,43,53,29,0,5,0,26,1,1,7,172,28,10,210,0,210,1,378,168,172,210,210,,1,bf82eb44134f8461c9ddecf78422a2a08fe71908fcbd317391d7060aa685146e,25/06/2023 23:47:09,ESCANER
20378,"Petén",17,"Flores",1,3171,380,5,31,43,28,2,3,2,31,2,0,2,149,15,5,169,0,169,3,380,208,149,169,169,,1,7888b5cb864ceb705c9658f6c185b0af2252a8f49b92d8f5277cd72a6ba8f6b7,25/06/2023 23:32:17,ESCANER
20379,"Petén",17,"Flores",1,3171,380,2,51,50,29,0,3,0,24,0,1,2,162,8,0,170,0,170,1,380,209,162,170,170,,1,dd304baa161d45f70b91f73210c268cf7b97c866ad131db34518654ce64f8565,25/06/2023 22:15:21,ESCANER
20380,"Petén",17,"Flores",1,3172,288,2,32,49,24,1,1,0,20,0,0,1,130,5,0,135,0,135,--,288,153,130,135,135,Algún campo sin dato,1,b7da5e18459e85cd9cac26b7ea113ea70cd06045eaf6793b570047783b741e7f,25/06/2023 23:42:49,ESCANER
20381,"Petén",17,"Flores",1,3172,288,2,19,34,21,1,2,0,12,1,1,2,95,10,4,110,0,110,1,288,178,95,109,109,Sumas Asentadas sin cuadrar,1,6873d6ec5980cea8aa78dd3179c54b1a3dad057271585508b92f1954198fa82a,26/06/2023 00:08:07,ESCANER
20382,"Petén",17,"Flores",1,3173,380,4,37,63,45,10,2,6,34,1,2,4,208,36,4,248,0,248,--,380,132,208,248,248,Algún campo sin dato,1,629bc214457061096d94f7e22a7b60072977f95cd734be2715bd6a4b18f0c9c1,26/06/2023 00:55:59,ESCANER
20383,"Petén",17,"Flores",1,3173,380,8,47,77,29,6,2,10,27,4,1,3,214,22,6,242,0,242,--,380,138,214,242,242,Algún campo sin dato,1,fd02b6100705369a7b04e3bbc272dd5d81e974f42f2a3a9bd0d3c896813fb7eb,26/06/2023 00:01:27,ESCANER
20384,"Petén",17,"Flores",1,3173,380,0,45,60,40,5,4,4,28,2,2,6,196,16,3,215,0,215,--,375,160,196,215,215,Algún campo sin dato,1,138f42a0a69205b02825074271f459e0071a9d2fbbc3babbd041e28021f9a2a1,26/06/2023 01:18:02,ESCANER
20385,"Petén",17,"Flores",1,3173,380,5,28,67,36,6,6,12,33,2,1,3,199,20,7,226,0,226,--,380,154,199,226,226,Algún campo sin dato,1,f6d477ffe1ca26b82f5bf17b0d0200649706dfb24942af2db327972521b3d765,26/06/2023 01:33:41,ESCANER
20386,"Petén",17,"Flores",1,3173,380,7,42,70,38,7,5,8,35,2,6,1,221,19,4,244,0,244,--,380,136,221,244,244,Algún campo sin dato,1,236d69bdacbc67af47df6fbcf28c6b4ad3201dd4d7daf4d34af540d28537ba02,25/06/2023 23:48:14,ESCANER
20387,"Petén",17,"Flores",1,3173,380,9,60,60,37,9,4,4,34,2,1,4,224,25,4,253,0,253,--,377,124,224,253,253,Algún campo sin dato,1,6b56b84f9dd0951b85f97a9899a1ae553572c7aff48ed2e7ba59793333591c7f,26/06/2023 01:31:28,ESCANER
20388,"Petén",17,"Flores",1,3173,380,6,39,57,26,6,2,9,34,4,3,4,170,16,6,212,0,212,--,380,168,190,212,212,Sumas Asentadas sin cuadrar,1,0bd13de034bdb4a5ada8940a1ad7143194ba048379d65088dd2b4358b9c52d90,25/06/2023 23:34:28,ESCANER
20389,"Petén",17,"Flores",1,3174,380,10,38,51,26,7,2,4,40,1,7,3,189,19,5,213,0,213,--,380,167,189,213,213,Algún campo sin dato,1,8919875c18af8c8c432c121119d1294b2e23e3d8e1cb652de04793deccb580a6,26/06/2023 01:23:44,ESCANER
20390,"Petén",17,"Flores",1,3174,380,3,35,42,20,7,3,13,33,1,0,6,163,21,4,188,0,0,--,380,189,163,188,188,Algún campo sin dato,1,16bdaa995f3c979096fc8d23d18d64391298c99fb7c054ef8c07ad9adba18f73,26/06/2023 01:27:05,ESCANER
20391,"Petén",17,"Flores",1,3174,380,6,40,64,41,1,2,9,37,0,2,2,204,5,1,210,0,210,0,380,170,204,210,210,,1,3980d1408f47190f336462e6916124514a40983239b3b0b285323a4912fed550,26/06/2023 01:02:57,ESCANER
20392,"Petén",17,"Flores",1,3174,380,4,43,61,56,6,1,9,28,0,0,8,216,4,0,220,0,0,--,380,160,216,220,220,Algún campo sin dato,1,3bfbc6a0cc5242f2bcac215639cda4a73a1070cd6262be7d54cea5e0c2dc871b,26/06/2023 00:31:35,ESCANER
20393,"Petén",17,"Flores",1,3174,302,3,43,58,28,1,1,9,24,1,0,1,169,5,1,175,0,175,--,302,127,169,175,175,Algún campo sin dato,1,9e17d9f074da09f7d4349be1b40910456503c9ce7a40625e6801e8d705290c1d,25/06/2023 22:59:30,ESCANER
20394,"Petén",17,"Flores",1,3174,301,2,26,42,28,3,0,1,18,1,2,8,131,8,2,141,0,141,--,298,157,131,141,141,Algún campo sin dato,1,2ff946fde80fcf262f4f05dafe2158fef2ae46d4c8abe7d88006c85edc10b043,25/06/2023 23:03:10,ESCANER
20395,"Petén",17,"Flores",1,3175,214,3,9,19,5,0,2,0,34,2,1,1,76,5,3,84,0,84,--,214,130,76,84,84,Algún campo sin dato,1,157ebd332fafd99c554bfdcddf991a805f0569eefcf0170f3d4b3314f312249c,25/06/2023 22:10:03,ESCANER
20396,"Petén",17,"Flores",1,3175,214,2,17,12,2,0,4,0,13,0,0,0,50,11,3,64,0,64,--,214,150,50,64,64,Algún campo sin dato,1,129f0ca105539c9b44539e9969d36a807236b2ea77e4f8a625f2322dc7d3f6af,25/06/2023 20:59:39,ESCANER
20397,"Petén",17,"Flores",1,3176,380,5,40,76,47,4,6,2,63,0,1,5,249,19,7,275,0,275,--,377,102,249,275,275,Algún campo sin dato,1,dcc876f4a4c906079f863cb1262d23fe8067cc2c594d95ef97041c5c654e1a7a,26/06/2023 02:44:18,ESCANER
20398,"Petén",17,"Flores",1,3176,380,0,40,71,39,2,3,1,44,1,0,5,206,15,6,227,0,227,--,380,153,206,227,227,Algún campo sin dato,1,8d992c869576e1a6ff25859715dfdd5696fbb2ad1d3b0d050953e60f89f998bb,26/06/2023 01:27:32,ESCANER
20399,"Petén",17,"Flores",1,3176,380,1,44,68,44,1,4,1,61,4,2,3,233,19,1,253,0,253,1,380,127,233,253,253,,1,368b4a01a5eaee62f6526f2c33b7af4f348c43792e26869944e32cac010968ea,26/06/2023 01:58:21,ESCANER
20400,"Petén",17,"Flores",1,3176,325,0,29,61,27,2,5,2,37,4,2,4,173,12,1,186,1,187,1,325,138,173,186,187,,1,97c4f16b1f8696585d19dffa4ec95fd2b604361ee3553aa7f6af4327a772bbdf,26/06/2023 01:37:00,ESCANER
20401,"Petén",17,"Flores",1,3176,325,1,28,64,24,0,2,1,41,2,0,3,166,9,0,175,0,175,--,325,150,166,175,175,Algún campo sin dato,1,9a487320bcaa6b71fe053409684168bc1c9f815a0689d0a3d38f77b5e6154cc5,26/06/2023 02:06:06,ESCANER
20402,"Petén",17,"Flores",1,3177,291,4,52,34,19,0,5,0,38,3,3,2,160,9,7,176,0,176,--,291,115,160,176,176,Algún campo sin dato,1,b8d2aa26f68f825013cd0f5aff3e41c07b642aae4d54e131e4ebd2e37a37922d,25/06/2023 22:40:07,ESCANER
20403,"Petén",17,"Flores",1,3177,290,3,49,42,16,0,0,1,28,3,0,3,145,9,2,156,0,156,--,287,131,145,156,156,Algún campo sin dato,1,7f9de889e06c41f3e69feaa9b0b311c5b11b8ef66535f28748e817a1b7f51457,25/06/2023 23:45:20,ESCANER
20404,"Petén",17,"Flores",1,3178,600,6,30,36,55,2,10,1,36,3,1,4,184,21,2,207,0,207,--,600,393,184,207,207,Algún campo sin dato,1,7d733d2359f08265a0f53b171154755811cf91af51b296b12c7b241e4b90f375,26/06/2023 01:42:59,ESCANER
20405,"Petén",17,"Flores",1,3178,535,4,30,33,74,3,9,2,27,0,0,4,186,15,1,202,0,202,--,535,333,186,202,202,Algún campo sin dato,1,4b75b9c84367957bdb804050e3a05a1e82eac75f11922e1d7cdf1ae36d281a95,26/06/2023 01:18:04,ESCANER
20406,"Petén",17,"Flores",1,3178,534,5,7,8,18,1,4,1,13,0,0,0,64,6,1,64,0,64,0,534,470,57,64,64,Sumas Asentadas sin cuadrar,1,63038fd77cba93585bfb794ae37dc5c6be73088e544f23440b2267577d6d50c2,25/06/2023 21:38:53,ESCANER