﻿TIPO_DE_ELECCIÓN:,CORPORACIÓN MUNICIPAL
26 junio 2023 03:36 (UTC -6)
ACTAS_ESPERADAS,ACTAS_CAPTURADAS,PORCENTAJE_ACTAS_CAPTURADAS,ACTAS_CONTABILIZADAS,PORCENTAJE_ACTAS_CONTABILIZADAS,ACTAS_NO_CONTABILIZADAS,LISTA_NOMINAL_ACTAS_CONTABILIZADAS,VOTOS_EMITIDOS_CONTABILIZADAS,PORCENTAJE_PARTICIPACIÓN_CIUDADANA
47,46,97.8723,46,97.8723,0,17507,14135,80.7391

MESA,DEPARTAMENTO,ID_DEPARTAMENTO,MUNICIPIO,ID_MUNICIPIO,CENTRO_DE_VOTACIÓN,PADRÓN,TODOS,VAMOS,MLP,UNE,SEMILLA,VICTORIA,VIVA,AZUL,PPN,VALOR UNIONISTA,VÁLIDOS,NULOS,BLANCO,EMITIDOS,INVÁLIDOS,TOTAL,IMPUGNACIONES,PAPELETAS-RECIBIDAS,PAPELETAS-NO-USADAS,VALIDOS_CALCULADO,EMITIDOS_CALCULADO,TOTAL_CALCULADO,OBSERVACIONES,CONTABILIZADA,CÓDIGO_INTEGRIDAD,FECHA_HORA_PUBLICACIÓN,DIGITALIZACIÓN
17388,"Quiché",14,"San Juan Cotzal",11,2634,400,131,83,0,2,1,5,20,3,1,82,328,3,4,335,0,335,0,400,65,328,335,335,,1,5a8255bc8959c0ec87cd7caee09d5195fc0929d83b870f4ed9e07e19d35571a4,26/06/2023 01:25:23,ESCANER
17389,"Quiché",14,"San Juan Cotzal",11,2635,400,116,72,1,4,1,5,19,2,1,78,299,7,4,310,0,310,0,400,310,299,310,310,,1,e3672958492cb2f20e185385e314f79f8f62eac4671ba5339dc11026724628e9,25/06/2023 23:47:21,ESCANER
17390,"Quiché",14,"San Juan Cotzal",11,2635,400,122,81,1,5,4,3,20,0,1,80,317,10,4,331,0,331,0,400,69,317,331,331,,1,ee240c82631270765b5b6a5ce1a04f691eaf767f153e14d2e4ea0c8b8cef50d7,26/06/2023 00:21:32,ESCANER
17391,"Quiché",14,"San Juan Cotzal",11,2636,400,124,91,0,2,3,1,20,3,0,95,339,11,2,352,0,352,0,400,48,339,352,352,,1,a7784518fefe07066a399680061cb73bf873f15c5b95b65c3a2751820f002e3a,26/06/2023 00:56:01,ESCANER
17392,"Quiché",14,"San Juan Cotzal",11,2636,400,128,89,0,2,1,2,16,2,1,94,335,5,6,346,54,400,0,400,54,335,346,400,,1,537e3d7657aefc732cae3b73220aa8271a5d521002f9b359694bc4e52d4a5c30,26/06/2023 01:41:02,ESCANER
17393,"Quiché",14,"San Juan Cotzal",11,2636,400,115,85,1,7,5,0,32,2,2,88,337,8,2,347,0,347,0,398,51,337,347,347,,1,89929be95d37bb44c3847effdadcf4fca5483800ee6d9a922931f78847ed48e7,26/06/2023 01:09:14,ESCANER
17394,"Quiché",14,"San Juan Cotzal",11,2637,400,150,78,1,1,1,1,25,1,2,89,353,4,0,353,0,353,0,400,44,349,353,353,Sumas Asentadas sin cuadrar,1,d055d45aed851fbbc016950ff5fbd1d6445b195084c454eb7c45c39f5db986d4,26/06/2023 01:32:59,ESCANER
17395,"Quiché",14,"San Juan Cotzal",11,2637,400,127,76,0,3,2,1,12,2,1,71,295,6,2,303,0,303,--,400,97,295,303,303,Algún campo sin dato,1,94ff8ec8d7257d5842258af14a89d314e9b274fbce3d3fa134a2f05efd50d491,26/06/2023 01:36:47,ESCANER
17396,"Quiché",14,"San Juan Cotzal",11,2637,400,105,83,1,3,1,2,26,1,2,78,302,11,2,315,0,315,0,400,85,302,315,315,,1,cb471e8f451b1286ca7ea2d4be3b418a0b02daaddc0ef98ed8977840a57a4f33,26/06/2023 01:10:43,ESCANER
17397,"Quiché",14,"San Juan Cotzal",11,2638,400,113,70,5,0,4,3,17,2,0,77,292,5,2,7,0,299,--,397,98,291,298,298,Sumas Asentadas sin cuadrar,1,86813bf67700b91024d47b8cb92ce2649a30d1fa1806b5d3de8e426f4ff21bc9,26/06/2023 01:10:22,ESCANER
17398,"Quiché",14,"San Juan Cotzal",11,2638,400,95,86,3,4,5,3,16,2,0,76,290,5,4,299,0,299,--,400,101,290,299,299,Algún campo sin dato,1,6546e3bced7b385d423dc878c53ca52327ace8617feeaa484fdb25def4a1859d,26/06/2023 01:38:48,ESCANER
17399,"Quiché",14,"San Juan Cotzal",11,2639,400,114,93,1,4,2,1,21,0,1,79,316,2,1,319,4,323,0,400,77,316,319,323,,1,092ec3eba0775be079c57d682e64e8d797f656a815200d272004d6787c5f1929,25/06/2023 23:57:42,ESCANER
17400,"Quiché",14,"San Juan Cotzal",11,2639,400,110,74,3,4,1,5,21,2,2,71,293,6,3,302,0,302,0,400,98,293,302,302,,1,4daf45d55d827d6e9e4ab58906747a2184f63fecdf14dfe04073cd2fcecc861d,26/06/2023 00:20:48,ESCANER
17401,"Quiché",14,"San Juan Cotzal",11,2639,400,129,65,0,3,1,1,23,0,0,78,300,3,0,303,0,303,0,400,97,300,303,303,,1,caae618a3d94dc564faaf274e7bc0d88f98986f9e8188c06850b994e55c7bbf9,25/06/2023 23:39:05,ESCANER
17402,"Quiché",14,"San Juan Cotzal",11,2639,400,126,64,0,2,0,3,13,1,0,78,287,1,0,288,0,288,0,400,112,287,288,288,,1,8e4cd715eef6b7fd7e8201fbb377b6609bf986f3990b82361022fc034de1b81e,25/06/2023 22:41:07,ESCANER
17403,"Quiché",14,"San Juan Cotzal",11,2639,400,147,72,0,2,0,0,19,1,1,65,307,2,0,309,1,310,0,400,90,307,309,310,,1,d2d54436885ab86fac2e87e3614920907adb0ca434bb46bfbd70eb63e3465b7f,26/06/2023 00:53:30,ESCANER
17404,"Quiché",14,"San Juan Cotzal",11,2640,400,123,65,0,1,1,0,19,1,3,96,309,0,0,309,0,309,0,400,91,309,309,309,,1,02097d9ad694b1e84f260126861a9b90e847904b42628772a936de7deabd6d78,26/06/2023 00:32:05,ESCANER
17405,"Quiché",14,"San Juan Cotzal",11,2641,340,135,54,0,1,0,0,8,2,1,65,266,2,0,268,0,268,0,340,72,266,268,268,,1,fec6d05a9a45bd7d3bc8d433717420d3834fcc5c84f3528ee3e3a9056b1f6c14,26/06/2023 01:57:33,ESCANER
17406,"Quiché",14,"San Juan Cotzal",11,2641,340,84,63,0,0,0,1,17,1,2,52,220,5,2,227,0,227,0,340,113,220,227,227,,1,632b6ee215b312de6ff2d41b68e4311373a06f7bc80c1e8b9f3baf1cfbbb2f8c,26/06/2023 02:01:33,ESCANER
17407,"Quiché",14,"San Juan Cotzal",11,2642,400,99,101,1,4,1,3,12,0,0,104,325,9,3,337,0,337,0,402,65,325,337,337,,1,25bfb052cf299cb2bf347d306882612f57bb75417e36f780ac0e74bbbccab2d1,26/06/2023 01:11:11,ESCANER
17408,"Quiché",14,"San Juan Cotzal",11,2642,400,95,113,0,3,1,2,3,0,2,114,333,9,7,349,16,349,0,400,51,333,349,365,Sumas Asentadas sin cuadrar,1,89309c00576854be7ffae4892e9313f72494ec752561ef23129e10763b7feab4,26/06/2023 01:29:56,ESCANER
17409,"Quiché",14,"San Juan Cotzal",11,2642,400,136,76,4,2,9,1,16,2,1,115,362,6,2,370,0,370,0,401,31,362,370,370,,1,434ba6ecb82bbc724b4806d66c6a0974bc7e98681ddf5ac3cf92a8e25c1a610a,26/06/2023 01:39:19,ESCANER
17410,"Quiché",14,"San Juan Cotzal",11,2643,400,95,104,3,2,2,3,21,2,0,101,333,5,4,342,0,342,0,400,58,333,342,342,,1,0f660f26778cb938e06677874a7c2e0ec2a33e9edf291460242a114db461862b,26/06/2023 01:47:23,ESCANER
17411,"Quiché",14,"San Juan Cotzal",11,2643,400,89,101,0,2,1,0,26,1,0,98,318,5,0,323,0,323,0,380,57,318,323,323,,1,e2f02fcf56987d87155793a498d34f0b87054eb7ef05d5599a396b9e06b3fa09,26/06/2023 00:00:46,ESCANER
17412,"Quiché",14,"San Juan Cotzal",11,2643,400,108,89,2,2,2,0,11,0,0,107,321,0,1,322,0,322,--,--,--,321,322,322,Algún campo sin dato,1,0155e2adc046034bccabb56be021a1996eaa061a534ca60be4252b0c60447acf,26/06/2023 01:58:15,ESCANER
17413,"Quiché",14,"San Juan Cotzal",11,2643,379,96,82,1,1,2,0,17,1,1,95,296,2,0,298,0,298,0,379,81,296,298,298,,1,a20c3560bd1027c226bd3c6e705077935257c56e00cbeed7fe0f552c1ba34de0,26/06/2023 01:50:46,ESCANER
17414,"Quiché",14,"San Juan Cotzal",11,2643,378,96,110,1,3,1,0,15,0,1,72,299,3,1,303,0,303,0,378,75,299,303,303,,1,2c7707739f835f34ea2d3230a10e43bf2bea0a5ce41171b01f7e735da2404934,25/06/2023 23:55:34,ESCANER
17415,"Quiché",14,"San Juan Cotzal",11,2644,380,77,62,1,1,1,2,13,1,0,141,299,7,4,310,0,310,--,377,67,299,310,310,Algún campo sin dato,1,2bd8b1fb4f35c7dca764dcfe4d486e83e15eec54ff538e812866bfd9cf374dbf,26/06/2023 00:44:24,ESCANER
17416,"Quiché",14,"San Juan Cotzal",11,2644,380,70,53,4,1,0,0,18,1,0,145,292,12,6,310,0,310,0,380,70,292,310,310,,1,765580adb5d8b93120b1d471e6be735b75aec6ae0fe1442cb2fa8f96eaff5b0b,26/06/2023 00:14:26,ESCANER
17417,"Quiché",14,"San Juan Cotzal",11,2644,380,86,53,2,6,0,0,23,0,0,136,306,12,6,324,0,324,--,380,56,306,324,324,Algún campo sin dato,1,bc23123affb7ea3173223b16f4e7aa9e7c4898fa07729d75990307c10e866813,26/06/2023 00:38:23,ESCANER
17418,"Quiché",14,"San Juan Cotzal",11,2644,380,66,50,2,4,2,2,16,0,0,168,310,7,6,323,0,323,0,380,57,310,323,323,,1,d693409d26bf913993dd95aec69bff123de99ae4ebfc0754b7dcdc03623ab09d,26/06/2023 00:34:26,ESCANER
17419,"Quiché",14,"San Juan Cotzal",11,2644,380,59,58,0,3,1,1,16,2,0,174,314,7,2,323,0,323,--,323,54,314,323,323,Algún campo sin dato,1,b3c46be0d8695ba53b98d3ad7ea4ba8e7c8c424c0a25b16e91584ab67ca45f5a,26/06/2023 00:53:10,ESCANER
17420,"Quiché",14,"San Juan Cotzal",11,2645,380,85,52,6,3,3,2,8,1,0,168,328,7,5,340,0,340,0,380,40,328,340,340,,1,606937f0a8b1d04342c00ee01812e6dcb18a0af2fc5611a3aa41d1611d0168b2,26/06/2023 03:06:32,ESCANER
17421,"Quiché",14,"San Juan Cotzal",11,2645,380,105,36,2,6,0,1,3,0,1,194,348,3,4,355,0,355,0,377,22,348,355,355,,1,8c9f3b057430dd871d257a9b2ac2f3bdc6fbfb23e3edf7457b155baa2de074e7,26/06/2023 01:53:09,ESCANER
17422,"Quiché",14,"San Juan Cotzal",11,2645,380,70,61,2,4,1,1,7,5,1,178,330,9,4,343,0,382,--,382,39,330,343,343,Sumas Asentadas sin cuadrar,1,417381d520942c37f91598d7ff67db375f6846e0887c7323d53a6dad944e666f,26/06/2023 01:34:50,ESCANER
17423,"Quiché",14,"San Juan Cotzal",11,2645,380,95,39,2,5,0,0,15,0,0,179,335,11,1,347,0,347,--,380,33,335,347,347,Algún campo sin dato,1,b6cd0dfe98790ea6a88de9bf73d4ec44f871374949e916d668f5c1a8bc0a32e8,26/06/2023 00:48:15,ESCANER
17424,"Quiché",14,"San Juan Cotzal",11,2645,380,82,31,4,1,0,0,13,0,0,155,286,6,1,293,0,293,--,380,87,286,293,293,Algún campo sin dato,1,c612580f873f3961322b288ce0cafb2c00fa0c99bf674de54627a5316013c4bc,26/06/2023 01:00:17,ESCANER
17425,"Quiché",14,"San Juan Cotzal",11,2645,380,76,48,5,2,1,0,9,1,0,138,280,3,2,285,0,285,0,380,95,280,285,285,,1,aa488fe41d3460fb591114319e1147803a56aa7eb3b279f3da37d08c0132b3eb,26/06/2023 00:17:50,ESCANER
17426,"Quiché",14,"San Juan Cotzal",11,2645,380,,,,,,,,,,,,,,,,,,,,,,,,0,,,
17427,"Quiché",14,"San Juan Cotzal",11,2645,380,74,49,3,4,0,2,12,0,0,138,282,6,3,291,0,291,0,380,89,282,291,291,,1,88b77754b954aebf726b95d9e6a4815eed8ee2c1c28a421388f0a0f1a97c623b,26/06/2023 00:28:05,ESCANER
17428,"Quiché",14,"San Juan Cotzal",11,2645,380,68,50,4,2,0,0,13,2,0,142,281,10,1,292,0,292,--,380,88,281,292,292,Algún campo sin dato,1,9c7f04cedcc5c73066d67abbeb9638d705a19dfc7012a3a48f0833fc94a2da30,26/06/2023 01:38:23,ESCANER
17429,"Quiché",14,"San Juan Cotzal",11,2645,380,76,37,6,1,0,0,6,2,0,161,289,0,0,289,0,289,0,380,91,289,289,289,,1,6ca3e4fc575f427642707632a609eba457c7bbecd6763a56094fd1d5babe7c21,25/06/2023 23:23:52,ESCANER
17430,"Quiché",14,"San Juan Cotzal",11,2645,380,80,38,2,0,1,0,18,1,0,145,285,0,0,285,1,286,0,380,94,285,285,286,,1,1a75f5570a30fb0f0428dac0e35cf87deb42c0eccfd29b3d4bbb21c5c9b2d7e1,26/06/2023 00:18:15,ESCANER
17431,"Quiché",14,"San Juan Cotzal",11,2645,380,89,42,0,3,0,0,8,0,0,145,287,0,1,288,0,288,0,373,85,287,288,288,,1,dd8b8c19c0d0d69af890cfa05354151201f32a1a9a952a8c571a3ef7c8354ea7,25/06/2023 23:48:26,ESCANER
17432,"Quiché",14,"San Juan Cotzal",11,2645,380,79,35,2,0,0,0,6,1,0,154,277,1,3,281,0,281,0,380,99,277,281,281,,1,cf09e2bc72af9d6a4feb10fb0f4b2c8c1340d3a72f433449cdabdfe7c72b289a,25/06/2023 23:51:05,ESCANER
17433,"Quiché",14,"San Juan Cotzal",11,2645,205,35,23,0,0,0,0,5,0,0,88,152,0,1,152,0,152,0,202,50,151,152,152,Sumas Asentadas sin cuadrar,1,fe879b0ceb23cec764fdd18d6812ef2abdae182733614c865fc675147bf89d53,26/06/2023 00:07:35,ESCANER
17434,"Quiché",14,"San Juan Cotzal",11,2645,205,47,16,1,0,0,0,3,1,0,77,145,1,0,146,0,146,--,205,59,145,146,146,Algún campo sin dato,1,879869dd2b75ddc9162c1784426f369096d9b5d21896682cae9e4fbeb4451f27,25/06/2023 22:35:58,ESCANER