﻿TIPO_DE_ELECCIÓN:,CORPORACIÓN MUNICIPAL
26 junio 2023 03:36 (UTC -6)
ACTAS_ESPERADAS,ACTAS_CAPTURADAS,PORCENTAJE_ACTAS_CAPTURADAS,ACTAS_CONTABILIZADAS,PORCENTAJE_ACTAS_CONTABILIZADAS,ACTAS_NO_CONTABILIZADAS,LISTA_NOMINAL_ACTAS_CONTABILIZADAS,VOTOS_EMITIDOS_CONTABILIZADAS,PORCENTAJE_PARTICIPACIÓN_CIUDADANA
66,18,27.2727,18,27.2727,0,6509,4804,73.8055

MESA,DEPARTAMENTO,ID_DEPARTAMENTO,MUNICIPIO,ID_MUNICIPIO,CENTRO_DE_VOTACIÓN,PADRÓN,FCN-NACION,UNE,VAMOS,CAMBIO,PPN,VICTORIA,CABAL,WINAQ,VIVA,AZUL,VALOR,CREO,PHG,VÁLIDOS,NULOS,BLANCO,EMITIDOS,INVÁLIDOS,TOTAL,IMPUGNACIONES,PAPELETAS-RECIBIDAS,PAPELETAS-NO-USADAS,VALIDOS_CALCULADO,EMITIDOS_CALCULADO,TOTAL_CALCULADO,OBSERVACIONES,CONTABILIZADA,CÓDIGO_INTEGRIDAD,FECHA_HORA_PUBLICACIÓN,DIGITALIZACIÓN
19139,"Alta Verapaz",16,"Tucurú",6,2934,400,,,,,,,,,,,,,,,,,,,,,,,,,,,0,,,
19140,"Alta Verapaz",16,"Tucurú",6,2934,400,,,,,,,,,,,,,,,,,,,,,,,,,,,0,,,
19141,"Alta Verapaz",16,"Tucurú",6,2935,400,,,,,,,,,,,,,,,,,,,,,,,,,,,0,,,
19142,"Alta Verapaz",16,"Tucurú",6,2935,400,,,,,,,,,,,,,,,,,,,,,,,,,,,0,,,
19143,"Alta Verapaz",16,"Tucurú",6,2936,400,16,57,138,0,3,70,0,0,17,0,23,0,0,324,11,4,339,0,339,--,400,61,324,339,339,Algún campo sin dato,1,8ee1f54f2c0efcf12f83b186985f4779ae993501ba4784a77b360d78fc3ca960,26/06/2023 02:52:09,ESCANER
19144,"Alta Verapaz",16,"Tucurú",6,2936,400,15,62,84,0,12,104,0,0,11,1,21,1,2,313,14,1,328,0,328,--,400,72,313,328,328,Algún campo sin dato,1,df2e5b55c34be9af1899352446a1211fa4cbc96690d43dc981d573d8af834b13,26/06/2023 02:57:10,ESCANER
19145,"Alta Verapaz",16,"Tucurú",6,2937,400,,,,,,,,,,,,,,,,,,,,,,,,,,,0,,,
19146,"Alta Verapaz",16,"Tucurú",6,2937,400,,,,,,,,,,,,,,,,,,,,,,,,,,,0,,,
19147,"Alta Verapaz",16,"Tucurú",6,2937,400,,,,,,,,,,,,,,,,,,,,,,,,,,,0,,,
19148,"Alta Verapaz",16,"Tucurú",6,2937,400,,,,,,,,,,,,,,,,,,,,,,,,,,,0,,,
19149,"Alta Verapaz",16,"Tucurú",6,2937,400,,,,,,,,,,,,,,,,,,,,,,,,,,,0,,,
19150,"Alta Verapaz",16,"Tucurú",6,2937,400,,,,,,,,,,,,,,,,,,,,,,,,,,,0,,,
19151,"Alta Verapaz",16,"Tucurú",6,2937,400,,,,,,,,,,,,,,,,,,,,,,,,,,,0,,,
19152,"Alta Verapaz",16,"Tucurú",6,2937,400,,,,,,,,,,,,,,,,,,,,,,,,,,,0,,,
19153,"Alta Verapaz",16,"Tucurú",6,2938,400,18,41,79,2,7,66,3,2,10,0,19,4,3,254,12,6,272,0,272,--,400,128,254,272,272,Algún campo sin dato,1,ea6c92fad954073af7293c16a94ee30e2179f601fd590471ec72426dde0d57ab,26/06/2023 01:37:18,ESCANER
19154,"Alta Verapaz",16,"Tucurú",6,2938,400,22,49,94,0,13,54,2,0,15,0,28,1,0,278,5,3,286,0,286,--,400,114,278,286,286,Algún campo sin dato,1,6a502641bd87f4fe4b08b97e5319bcdba96f439a3c4a3f2e6493d13102197c78,26/06/2023 01:46:10,ESCANER
19155,"Alta Verapaz",16,"Tucurú",6,2938,400,18,58,83,0,5,77,1,0,8,0,15,0,1,266,3,0,269,0,269,--,400,131,266,269,269,Algún campo sin dato,1,1b47df7f7f871d0e5b3ee2333640a904dee466fef8b6bd23285d033ecf142e33,26/06/2023 01:49:02,ESCANER
19156,"Alta Verapaz",16,"Tucurú",6,2938,400,15,42,70,0,7,105,1,1,20,0,21,1,1,284,3,0,287,0,287,--,400,113,284,287,287,Algún campo sin dato,1,2928dd935eb08472eeee6e1c0cff05dae337cb7e4c1866dc53c89e926d7216df,26/06/2023 01:56:33,ESCANER
19157,"Alta Verapaz",16,"Tucurú",6,2938,400,7,40,98,0,4,116,1,0,15,0,17,2,0,300,2,0,302,0,302,--,400,98,300,302,302,Algún campo sin dato,1,711fe144b3aff6fbac630d91b38516bf9398e8e75fd9392f5bc78d5a06b91318,26/06/2023 02:08:27,ESCANER
19158,"Alta Verapaz",16,"Tucurú",6,2938,400,8,21,87,1,6,142,2,0,24,0,12,0,1,304,1,0,305,0,305,--,400,95,304,305,305,Algún campo sin dato,1,026f8527f08ff104cc186f072191b5a32efd048ba96f141843a38d3b7b128c44,26/06/2023 02:16:56,ESCANER
19159,"Alta Verapaz",16,"Tucurú",6,2938,257,10,20,52,1,3,99,0,0,6,0,11,1,0,203,1,0,204,0,204,--,254,50,203,204,204,Algún campo sin dato,1,6775b676e3f42be7b6bbee416721f7c2b8b81a209b8f198c080db195c0d786bf,26/06/2023 02:21:51,ESCANER
19160,"Alta Verapaz",16,"Tucurú",6,2938,257,13,23,48,0,5,61,2,0,14,0,16,0,1,183,5,3,191,0,191,--,257,66,183,191,191,Algún campo sin dato,1,d9072d8cc75b8381588f3e6deb29aea33cc41a72b42c4feedd5dd6c0d469982f,26/06/2023 02:32:14,ESCANER
19161,"Alta Verapaz",16,"Tucurú",6,2939,400,,,,,,,,,,,,,,,,,,,,,,,,,,,0,,,
19162,"Alta Verapaz",16,"Tucurú",6,2939,400,,,,,,,,,,,,,,,,,,,,,,,,,,,0,,,
19163,"Alta Verapaz",16,"Tucurú",6,2939,400,,,,,,,,,,,,,,,,,,,,,,,,,,,0,,,
19164,"Alta Verapaz",16,"Tucurú",6,2939,400,,,,,,,,,,,,,,,,,,,,,,,,,,,0,,,
19165,"Alta Verapaz",16,"Tucurú",6,2939,400,,,,,,,,,,,,,,,,,,,,,,,,,,,0,,,
19166,"Alta Verapaz",16,"Tucurú",6,2939,400,,,,,,,,,,,,,,,,,,,,,,,,,,,0,,,
19167,"Alta Verapaz",16,"Tucurú",6,2940,387,33,52,77,1,21,30,3,0,1,0,27,0,0,245,2,2,249,0,249,--,384,135,245,249,249,Algún campo sin dato,1,a0857a8f931b40f8f5dab61e6c6f516d0d480d10052ef69ec8198320534b3061,26/06/2023 00:13:40,ESCANER
19168,"Alta Verapaz",16,"Tucurú",6,2940,386,33,66,82,1,11,29,0,0,1,0,28,0,1,252,2,3,257,0,257,--,386,129,252,257,257,Algún campo sin dato,1,d48d3b841ddcf99883a8b9979a68aa05c82951e639abccf566aeb90aaf8a3345,26/06/2023 00:19:58,ESCANER
19169,"Alta Verapaz",16,"Tucurú",6,2941,380,,,,,,,,,,,,,,,,,,,,,,,,,,,0,,,
19170,"Alta Verapaz",16,"Tucurú",6,2941,380,,,,,,,,,,,,,,,,,,,,,,,,,,,0,,,
19171,"Alta Verapaz",16,"Tucurú",6,2941,380,,,,,,,,,,,,,,,,,,,,,,,,,,,0,,,
19172,"Alta Verapaz",16,"Tucurú",6,2941,364,,,,,,,,,,,,,,,,,,,,,,,,,,,0,,,
19173,"Alta Verapaz",16,"Tucurú",6,2941,363,,,,,,,,,,,,,,,,,,,,,,,,,,,0,,,
19174,"Alta Verapaz",16,"Tucurú",6,2942,380,,,,,,,,,,,,,,,,,,,,,,,,,,,0,,,
19175,"Alta Verapaz",16,"Tucurú",6,2942,380,,,,,,,,,,,,,,,,,,,,,,,,,,,0,,,
19176,"Alta Verapaz",16,"Tucurú",6,2942,380,,,,,,,,,,,,,,,,,,,,,,,,,,,0,,,
19177,"Alta Verapaz",16,"Tucurú",6,2942,380,,,,,,,,,,,,,,,,,,,,,,,,,,,0,,,
19178,"Alta Verapaz",16,"Tucurú",6,2942,295,,,,,,,,,,,,,,,,,,,,,,,,,,,0,,,
19179,"Alta Verapaz",16,"Tucurú",6,2942,295,,,,,,,,,,,,,,,,,,,,,,,,,,,0,,,
19180,"Alta Verapaz",16,"Tucurú",6,2943,380,,,,,,,,,,,,,,,,,,,,,,,,,,,0,,,
19181,"Alta Verapaz",16,"Tucurú",6,2943,380,,,,,,,,,,,,,,,,,,,,,,,,,,,0,,,
19182,"Alta Verapaz",16,"Tucurú",6,2943,380,,,,,,,,,,,,,,,,,,,,,,,,,,,0,,,
19183,"Alta Verapaz",16,"Tucurú",6,2943,380,,,,,,,,,,,,,,,,,,,,,,,,,,,0,,,
19184,"Alta Verapaz",16,"Tucurú",6,2943,380,,,,,,,,,,,,,,,,,,,,,,,,,,,0,,,
19185,"Alta Verapaz",16,"Tucurú",6,2943,233,,,,,,,,,,,,,,,,,,,,,,,,,,,0,,,
19186,"Alta Verapaz",16,"Tucurú",6,2943,232,,,,,,,,,,,,,,,,,,,,,,,,,,,0,,,
19187,"Alta Verapaz",16,"Tucurú",6,2944,380,,,,,,,,,,,,,,,,,,,,,,,,,,,0,,,
19188,"Alta Verapaz",16,"Tucurú",6,2944,380,,,,,,,,,,,,,,,,,,,,,,,,,,,0,,,
19189,"Alta Verapaz",16,"Tucurú",6,2944,380,,,,,,,,,,,,,,,,,,,,,,,,,,,0,,,
19190,"Alta Verapaz",16,"Tucurú",6,2944,279,,,,,,,,,,,,,,,,,,,,,,,,,,,0,,,
19191,"Alta Verapaz",16,"Tucurú",6,2944,278,,,,,,,,,,,,,,,,,,,,,,,,,,,0,,,
19192,"Alta Verapaz",16,"Tucurú",6,2945,380,42,97,109,0,14,25,0,3,6,0,21,0,3,320,6,4,330,0,330,--,380,50,320,330,330,Algún campo sin dato,1,7f009cf09c1276620cd9ae4abc4778895f1123a9fe45da5e4d72ceb4b0212106,26/06/2023 03:08:18,ESCANER
19193,"Alta Verapaz",16,"Tucurú",6,2945,380,29,73,131,1,10,25,0,0,6,1,14,0,2,292,7,1,300,0,300,--,381,81,292,300,300,Algún campo sin dato,1,7283183baf71ac9ce73d1102d220780973f420eccd567227057563fd9ce7529e,26/06/2023 03:00:26,ESCANER
19194,"Alta Verapaz",16,"Tucurú",6,2945,380,,,,,,,,,,,,,,,,,,,,,,,,,,,0,,,
19195,"Alta Verapaz",16,"Tucurú",6,2945,282,15,50,86,1,10,16,0,0,3,0,13,0,0,194,7,1,202,0,202,--,279,77,194,202,202,Algún campo sin dato,1,9d8d5e7a292295fe50860c0c7325fedae6932cdc23c2e7ec5d95e9b933e43018,26/06/2023 03:24:43,ESCANER
19196,"Alta Verapaz",16,"Tucurú",6,2945,281,,,,,,,,,,,,,,,,,,,,,,,,,,,0,,,
19197,"Alta Verapaz",16,"Tucurú",6,2946,380,,,,,,,,,,,,,,,,,,,,,,,,,,,0,,,
19198,"Alta Verapaz",16,"Tucurú",6,2946,228,,,,,,,,,,,,,,,,,,,,,,,,,,,0,,,
19199,"Alta Verapaz",16,"Tucurú",6,2946,228,,,,,,,,,,,,,,,,,,,,,,,,,,,0,,,
19200,"Alta Verapaz",16,"Tucurú",6,2947,380,53,83,107,2,4,38,16,0,9,0,5,0,0,317,11,1,329,0,329,--,380,51,317,329,329,Algún campo sin dato,1,3189ba5e786a0a63358ed6c1de87ea9a5f8ff944df6134c04307fb96dc149836,26/06/2023 03:09:25,ESCANER
19201,"Alta Verapaz",16,"Tucurú",6,2947,380,41,69,120,0,8,29,8,0,13,1,8,1,0,298,7,2,307,0,307,--,380,73,298,307,307,Algún campo sin dato,1,40d18c862cdcda31731f5f8f1e85645cf3362f8d15c388686a12a457579056c7,26/06/2023 03:28:10,ESCANER
19202,"Alta Verapaz",16,"Tucurú",6,2947,290,,,,,,,,,,,,,,,,,,,,,,,,,,,0,,,
19203,"Alta Verapaz",16,"Tucurú",6,2947,289,,,,,,,,,,,,,,,,,,,,,,,,,,,0,,,
19204,"Alta Verapaz",16,"Tucurú",6,2948,220,5,8,8,1,2,11,1,0,1,0,3,0,2,42,5,0,47,0,47,--,220,173,42,47,47,Algún campo sin dato,1,67662ac661c5ded0150378a53dfcfa108a04b6826d3b7d4b86ebf71a39361c8f,25/06/2023 21:56:14,ESCANER